{
"type": "FeatureCollection",
"name": "buildings_centroids",
"crs": { "type": "name", "properties": { "name": "urn:ogc:def:crs:OGC:1.3:CRS84" } },
"features": [
{ "type": "Feature", "properties": { "osm_id": "way/4487669", "building": "civic" }, "geometry": { "type": "Point", "coordinates": [ -3.6953548, 40.4195625 ] } },
{ "type": "Feature", "properties": { "osm_id": "way/16322055", "building": "public" }, "geometry": { "type": "Point", "coordinates": [ -3.6919388, 40.4188437 ] } },
{ "type": "Feature", "properties": { "osm_id": "way/23595002", "building": "public" }, "geometry": { "type": "Point", "coordinates": [ -3.6819828, 40.4151922 ] } },
{ "type": "Feature", "properties": { "osm_id": "way/23596451", "building": "greenhouse" }, "geometry": { "type": "Point", "coordinates": [ -3.682057, 40.4135924 ] } },
{ "type": "Feature", "properties": { "osm_id": "way/23596468", "building": "civic" }, "geometry": { "type": "Point", "coordinates": [ -3.6840988, 40.4192106 ] } },
{ "type": "Feature", "properties": { "osm_id": "way/28684061", "building": "public" }, "geometry": { "type": "Point", "coordinates": [ -3.6903414, 40.4089024 ] } },
{ "type": "Feature", "properties": { "osm_id": "way/28952199", "building": "apartments" }, "geometry": { "type": "Point", "coordinates": [ -3.6954217, 40.4056393 ] } },
{ "type": "Feature", "properties": { "osm_id": "way/28952200", "building": "retail" }, "geometry": { "type": "Point", "coordinates": [ -3.6951855, 40.40602 ] } },
{ "type": "Feature", "properties": { "osm_id": "way/28952202", "building": "apartments" }, "geometry": { "type": "Point", "coordinates": [ -3.6940058, 40.4054771 ] } },
{ "type": "Feature", "properties": { "osm_id": "way/28953575", "building": "apartments" }, "geometry": { "type": "Point", "coordinates": [ -3.6951056, 40.4051667 ] } },
{ "type": "Feature", "properties": { "osm_id": "way/28953579", "building": "apartments" }, "geometry": { "type": "Point", "coordinates": [ -3.6924592, 40.4049997 ] } },
{ "type": "Feature", "properties": { "osm_id": "way/28953596", "building": "apartments" }, "geometry": { "type": "Point", "coordinates": [ -3.6955237, 40.4046501 ] } },
{ "type": "Feature", "properties": { "osm_id": "way/28996211", "building": "industrial" }, "geometry": { "type": "Point", "coordinates": [ -3.6953782, 40.4039318 ] } },
{ "type": "Feature", "properties": { "osm_id": "way/28996597", "building": "apartments" }, "geometry": { "type": "Point", "coordinates": [ -3.6903219, 40.4045816 ] } },
{ "type": "Feature", "properties": { "osm_id": "way/29452034", "building": "civic" }, "geometry": { "type": "Point", "coordinates": [ -3.6838195, 40.4062068 ] } },
{ "type": "Feature", "properties": { "osm_id": "way/29471325", "building": "public" }, "geometry": { "type": "Point", "coordinates": [ -3.6875966, 40.4084419 ] } },
{ "type": "Feature", "properties": { "osm_id": "way/29993106", "building": "school" }, "geometry": { "type": "Point", "coordinates": [ -3.6943493, 40.4093718 ] } },
{ "type": "Feature", "properties": { "osm_id": "way/30759665", "building": "apartments" }, "geometry": { "type": "Point", "coordinates": [ -3.6827109, 40.4051524 ] } },
{ "type": "Feature", "properties": { "osm_id": "way/38755268", "building": "church" }, "geometry": { "type": "Point", "coordinates": [ -3.6834974, 40.4055859 ] } },
{ "type": "Feature", "properties": { "osm_id": "way/85518565", "building": "public" }, "geometry": { "type": "Point", "coordinates": [ -3.6908389, 40.4149575 ] } },
{ "type": "Feature", "properties": { "osm_id": "way/85518599", "building": "public" }, "geometry": { "type": "Point", "coordinates": [ -3.6909429, 40.4141987 ] } },
{ "type": "Feature", "properties": { "osm_id": "way/85817355", "building": "civic" }, "geometry": { "type": "Point", "coordinates": [ -3.6896066, 40.4152553 ] } },
{ "type": "Feature", "properties": { "osm_id": "way/85817364", "building": "kiosk" }, "geometry": { "type": "Point", "coordinates": [ -3.6850178, 40.419456 ] } },
{ "type": "Feature", "properties": { "osm_id": "way/90884429", "building": "public" }, "geometry": { "type": "Point", "coordinates": [ -3.6903396, 40.4157927 ] } },
{ "type": "Feature", "properties": { "osm_id": "way/108878845", "building": "office" }, "geometry": { "type": "Point", "coordinates": [ -3.6862181, 40.405676 ] } },
{ "type": "Feature", "properties": { "osm_id": "way/108878847", "building": "civic" }, "geometry": { "type": "Point", "coordinates": [ -3.6893637, 40.4092887 ] } },
{ "type": "Feature", "properties": { "osm_id": "way/108878859", "building": "civic" }, "geometry": { "type": "Point", "coordinates": [ -3.686166, 40.4072691 ] } },
{ "type": "Feature", "properties": { "osm_id": "way/108878891", "building": "church" }, "geometry": { "type": "Point", "coordinates": [ -3.692559, 40.4045381 ] } },
{ "type": "Feature", "properties": { "osm_id": "way/108878896", "building": "office" }, "geometry": { "type": "Point", "coordinates": [ -3.6870537, 40.4059084 ] } },
{ "type": "Feature", "properties": { "osm_id": "way/108878912", "building": "office" }, "geometry": { "type": "Point", "coordinates": [ -3.6843144, 40.4051612 ] } },
{ "type": "Feature", "properties": { "osm_id": "way/108878928", "building": "public" }, "geometry": { "type": "Point", "coordinates": [ -3.6925895, 40.4074639 ] } },
{ "type": "Feature", "properties": { "osm_id": "way/108878946", "building": "office" }, "geometry": { "type": "Point", "coordinates": [ -3.6853856, 40.4054534 ] } },
{ "type": "Feature", "properties": { "osm_id": "way/112478143", "building": "public" }, "geometry": { "type": "Point", "coordinates": [ -3.6921954, 40.4178448 ] } },
{ "type": "Feature", "properties": { "osm_id": "way/113624223", "building": "hotel" }, "geometry": { "type": "Point", "coordinates": [ -3.6830949, 40.4070615 ] } },
{ "type": "Feature", "properties": { "osm_id": "way/121788436", "building": "yes" }, "geometry": { "type": "Point", "coordinates": [ -3.6829789, 40.4175037 ] } },
{ "type": "Feature", "properties": { "osm_id": "way/146498512", "building": "office" }, "geometry": { "type": "Point", "coordinates": [ -3.6898316, 40.420813 ] } },
{ "type": "Feature", "properties": { "osm_id": "way/146498993", "building": "civic" }, "geometry": { "type": "Point", "coordinates": [ -3.6909592, 40.4214456 ] } },
{ "type": "Feature", "properties": { "osm_id": "way/149310773", "building": "commercial" }, "geometry": { "type": "Point", "coordinates": [ -3.6941786, 40.4116403 ] } },
{ "type": "Feature", "properties": { "osm_id": "way/149310777", "building": "apartments" }, "geometry": { "type": "Point", "coordinates": [ -3.694505, 40.4116607 ] } },
{ "type": "Feature", "properties": { "osm_id": "way/158854571", "building": "civic" }, "geometry": { "type": "Point", "coordinates": [ -3.6920656, 40.4146157 ] } },
{ "type": "Feature", "properties": { "osm_id": "way/158854572", "building": "civic" }, "geometry": { "type": "Point", "coordinates": [ -3.691721, 40.4130476 ] } },
{ "type": "Feature", "properties": { "osm_id": "way/162497672", "building": "yes" }, "geometry": { "type": "Point", "coordinates": [ -3.6807139, 40.4159697 ] } },
{ "type": "Feature", "properties": { "osm_id": "way/174805987", "building": "triumphal_arch" }, "geometry": { "type": "Point", "coordinates": [ -3.6887244, 40.4199868 ] } },
{ "type": "Feature", "properties": { "osm_id": "way/179434571", "building": "residential" }, "geometry": { "type": "Point", "coordinates": [ -3.677536, 40.415707 ] } },
{ "type": "Feature", "properties": { "osm_id": "way/179434572", "building": "residential" }, "geometry": { "type": "Point", "coordinates": [ -3.6775478, 40.4158867 ] } },
{ "type": "Feature", "properties": { "osm_id": "way/179434576", "building": "residential" }, "geometry": { "type": "Point", "coordinates": [ -3.6775972, 40.4160213 ] } },
{ "type": "Feature", "properties": { "osm_id": "way/179749163", "building": "residential" }, "geometry": { "type": "Point", "coordinates": [ -3.6776146, 40.4161283 ] } },
{ "type": "Feature", "properties": { "osm_id": "way/179749164", "building": "residential" }, "geometry": { "type": "Point", "coordinates": [ -3.6777182, 40.4168138 ] } },
{ "type": "Feature", "properties": { "osm_id": "way/179749169", "building": "residential" }, "geometry": { "type": "Point", "coordinates": [ -3.6779488, 40.4168008 ] } },
{ "type": "Feature", "properties": { "osm_id": "way/179749171", "building": "residential" }, "geometry": { "type": "Point", "coordinates": [ -3.6776497, 40.4162748 ] } },
{ "type": "Feature", "properties": { "osm_id": "way/179749172", "building": "residential" }, "geometry": { "type": "Point", "coordinates": [ -3.677744, 40.4166464 ] } },
{ "type": "Feature", "properties": { "osm_id": "way/179749174", "building": "residential" }, "geometry": { "type": "Point", "coordinates": [ -3.6776929, 40.4164622 ] } },
{ "type": "Feature", "properties": { "osm_id": "way/179749175", "building": "residential" }, "geometry": { "type": "Point", "coordinates": [ -3.6774769, 40.4166906 ] } },
{ "type": "Feature", "properties": { "osm_id": "way/181359242", "building": "church" }, "geometry": { "type": "Point", "coordinates": [ -3.6774733, 40.4174146 ] } },
{ "type": "Feature", "properties": { "osm_id": "way/181359250", "building": "public" }, "geometry": { "type": "Point", "coordinates": [ -3.6773534, 40.4171971 ] } },
{ "type": "Feature", "properties": { "osm_id": "way/181359254", "building": "apartments" }, "geometry": { "type": "Point", "coordinates": [ -3.6776383, 40.4176334 ] } },
{ "type": "Feature", "properties": { "osm_id": "way/181359279", "building": "apartments" }, "geometry": { "type": "Point", "coordinates": [ -3.6776233, 40.4177888 ] } },
{ "type": "Feature", "properties": { "osm_id": "way/183204360", "building": "public" }, "geometry": { "type": "Point", "coordinates": [ -3.6867602, 40.407665 ] } },
{ "type": "Feature", "properties": { "osm_id": "way/183204444", "building": "public" }, "geometry": { "type": "Point", "coordinates": [ -3.6864432, 40.4081657 ] } },
{ "type": "Feature", "properties": { "osm_id": "way/183206076", "building": "civic" }, "geometry": { "type": "Point", "coordinates": [ -3.6870956, 40.4080137 ] } },
{ "type": "Feature", "properties": { "osm_id": "way/183206078", "building": "civic" }, "geometry": { "type": "Point", "coordinates": [ -3.6867598, 40.4078315 ] } },
{ "type": "Feature", "properties": { "osm_id": "way/183213417", "building": "civic" }, "geometry": { "type": "Point", "coordinates": [ -3.6860698, 40.408607 ] } },
{ "type": "Feature", "properties": { "osm_id": "way/186321488", "building": "public" }, "geometry": { "type": "Point", "coordinates": [ -3.6878109, 40.4090966 ] } },
{ "type": "Feature", "properties": { "osm_id": "way/186321489", "building": "public" }, "geometry": { "type": "Point", "coordinates": [ -3.6864399, 40.4092365 ] } },
{ "type": "Feature", "properties": { "osm_id": "way/186321490", "building": "civic" }, "geometry": { "type": "Point", "coordinates": [ -3.6856102, 40.4076432 ] } },
{ "type": "Feature", "properties": { "osm_id": "way/186321491", "building": "public" }, "geometry": { "type": "Point", "coordinates": [ -3.6871648, 40.4094074 ] } },
{ "type": "Feature", "properties": { "osm_id": "way/186321492", "building": "public" }, "geometry": { "type": "Point", "coordinates": [ -3.6871349, 40.4090581 ] } },
{ "type": "Feature", "properties": { "osm_id": "way/194085488", "building": "apartments" }, "geometry": { "type": "Point", "coordinates": [ -3.6900981, 40.4144363 ] } },
{ "type": "Feature", "properties": { "osm_id": "way/194085491", "building": "apartments" }, "geometry": { "type": "Point", "coordinates": [ -3.6908987, 40.4162294 ] } },
{ "type": "Feature", "properties": { "osm_id": "way/194085493", "building": "apartments" }, "geometry": { "type": "Point", "coordinates": [ -3.6894862, 40.4149112 ] } },
{ "type": "Feature", "properties": { "osm_id": "way/194085499", "building": "apartments" }, "geometry": { "type": "Point", "coordinates": [ -3.6912779, 40.4156956 ] } },
{ "type": "Feature", "properties": { "osm_id": "way/194085502", "building": "apartments" }, "geometry": { "type": "Point", "coordinates": [ -3.6897541, 40.4162728 ] } },
{ "type": "Feature", "properties": { "osm_id": "way/194085508", "building": "apartments" }, "geometry": { "type": "Point", "coordinates": [ -3.6906998, 40.4154671 ] } },
{ "type": "Feature", "properties": { "osm_id": "way/194086845", "building": "commercial" }, "geometry": { "type": "Point", "coordinates": [ -3.6949368, 40.4134811 ] } },
{ "type": "Feature", "properties": { "osm_id": "way/194088938", "building": "greenhouse" }, "geometry": { "type": "Point", "coordinates": [ -3.6901575, 40.4123424 ] } },
{ "type": "Feature", "properties": { "osm_id": "way/194088940", "building": "public" }, "geometry": { "type": "Point", "coordinates": [ -3.6894049, 40.4112844 ] } },
{ "type": "Feature", "properties": { "osm_id": "way/194089629", "building": "civic" }, "geometry": { "type": "Point", "coordinates": [ -3.6901008, 40.4093955 ] } },
{ "type": "Feature", "properties": { "osm_id": "way/194089631", "building": "civic" }, "geometry": { "type": "Point", "coordinates": [ -3.689704, 40.4091111 ] } },
{ "type": "Feature", "properties": { "osm_id": "way/194089636", "building": "apartments" }, "geometry": { "type": "Point", "coordinates": [ -3.6891999, 40.4088196 ] } },
{ "type": "Feature", "properties": { "osm_id": "way/194091524", "building": "apartments" }, "geometry": { "type": "Point", "coordinates": [ -3.6883092, 40.4076842 ] } },
{ "type": "Feature", "properties": { "osm_id": "way/194853751", "building": "yes" }, "geometry": { "type": "Point", "coordinates": [ -3.6785986, 40.4091725 ] } },
{ "type": "Feature", "properties": { "osm_id": "way/194853752", "building": "civic" }, "geometry": { "type": "Point", "coordinates": [ -3.6792645, 40.4159064 ] } },
{ "type": "Feature", "properties": { "osm_id": "way/194853753", "building": "yes" }, "geometry": { "type": "Point", "coordinates": [ -3.6777215, 40.4117319 ] } },
{ "type": "Feature", "properties": { "osm_id": "way/201039148", "building": "apartments" }, "geometry": { "type": "Point", "coordinates": [ -3.6782733, 40.4187143 ] } },
{ "type": "Feature", "properties": { "osm_id": "way/201039149", "building": "apartments" }, "geometry": { "type": "Point", "coordinates": [ -3.6786002, 40.419022 ] } },
{ "type": "Feature", "properties": { "osm_id": "way/201039153", "building": "school" }, "geometry": { "type": "Point", "coordinates": [ -3.6781078, 40.4190549 ] } },
{ "type": "Feature", "properties": { "osm_id": "way/201039160", "building": "apartments" }, "geometry": { "type": "Point", "coordinates": [ -3.6781332, 40.4193365 ] } },
{ "type": "Feature", "properties": { "osm_id": "way/201039163", "building": "apartments" }, "geometry": { "type": "Point", "coordinates": [ -3.6786625, 40.4193323 ] } },
{ "type": "Feature", "properties": { "osm_id": "way/201039164", "building": "apartments" }, "geometry": { "type": "Point", "coordinates": [ -3.6786589, 40.4187618 ] } },
{ "type": "Feature", "properties": { "osm_id": "way/201039167", "building": "apartments" }, "geometry": { "type": "Point", "coordinates": [ -3.6780995, 40.418616 ] } },
{ "type": "Feature", "properties": { "osm_id": "way/201039171", "building": "apartments" }, "geometry": { "type": "Point", "coordinates": [ -3.6784762, 40.4193368 ] } },
{ "type": "Feature", "properties": { "osm_id": "way/201039174", "building": "apartments" }, "geometry": { "type": "Point", "coordinates": [ -3.6788603, 40.4193829 ] } },
{ "type": "Feature", "properties": { "osm_id": "way/201039178", "building": "apartments" }, "geometry": { "type": "Point", "coordinates": [ -3.6783038, 40.4193437 ] } },
{ "type": "Feature", "properties": { "osm_id": "way/201039181", "building": "apartments" }, "geometry": { "type": "Point", "coordinates": [ -3.6780132, 40.4188105 ] } },
{ "type": "Feature", "properties": { "osm_id": "way/201039185", "building": "apartments" }, "geometry": { "type": "Point", "coordinates": [ -3.6779376, 40.419292 ] } },
{ "type": "Feature", "properties": { "osm_id": "way/201039188", "building": "apartments" }, "geometry": { "type": "Point", "coordinates": [ -3.6785459, 40.4186284 ] } },
{ "type": "Feature", "properties": { "osm_id": "way/201039191", "building": "yes" }, "geometry": { "type": "Point", "coordinates": [ -3.677951, 40.4186069 ] } },
{ "type": "Feature", "properties": { "osm_id": "way/214455966", "building": "yes" }, "geometry": { "type": "Point", "coordinates": [ -3.6931044, 40.4209559 ] } },
{ "type": "Feature", "properties": { "osm_id": "way/214455968", "building": "yes" }, "geometry": { "type": "Point", "coordinates": [ -3.6937633, 40.4203702 ] } },
{ "type": "Feature", "properties": { "osm_id": "way/214455979", "building": "hotel" }, "geometry": { "type": "Point", "coordinates": [ -3.6932903, 40.4205136 ] } },
{ "type": "Feature", "properties": { "osm_id": "way/214455981", "building": "apartments" }, "geometry": { "type": "Point", "coordinates": [ -3.6954342, 40.4204949 ] } },
{ "type": "Feature", "properties": { "osm_id": "way/214455984", "building": "yes" }, "geometry": { "type": "Point", "coordinates": [ -3.6954532, 40.4207318 ] } },
{ "type": "Feature", "properties": { "osm_id": "way/214455992", "building": "apartments" }, "geometry": { "type": "Point", "coordinates": [ -3.6954027, 40.4200108 ] } },
{ "type": "Feature", "properties": { "osm_id": "way/214455993", "building": "apartments" }, "geometry": { "type": "Point", "coordinates": [ -3.6954189, 40.4202504 ] } },
{ "type": "Feature", "properties": { "osm_id": "way/214455997", "building": "government" }, "geometry": { "type": "Point", "coordinates": [ -3.693223, 40.4207124 ] } },
{ "type": "Feature", "properties": { "osm_id": "way/214456016", "building": "yes" }, "geometry": { "type": "Point", "coordinates": [ -3.6950958, 40.4193932 ] } },
{ "type": "Feature", "properties": { "osm_id": "way/219016719", "building": "public" }, "geometry": { "type": "Point", "coordinates": [ -3.6935882, 40.4104464 ] } },
{ "type": "Feature", "properties": { "osm_id": "way/219016954", "building": "hotel" }, "geometry": { "type": "Point", "coordinates": [ -3.6936612, 40.4100411 ] } },
{ "type": "Feature", "properties": { "osm_id": "way/219016969", "building": "apartments" }, "geometry": { "type": "Point", "coordinates": [ -3.6934685, 40.4108135 ] } },
{ "type": "Feature", "properties": { "osm_id": "way/220667816", "building": "school" }, "geometry": { "type": "Point", "coordinates": [ -3.6958948, 40.405875 ] } },
{ "type": "Feature", "properties": { "osm_id": "way/220667827", "building": "school" }, "geometry": { "type": "Point", "coordinates": [ -3.6958415, 40.4054804 ] } },
{ "type": "Feature", "properties": { "osm_id": "way/220667836", "building": "school" }, "geometry": { "type": "Point", "coordinates": [ -3.6961755, 40.4062919 ] } },
{ "type": "Feature", "properties": { "osm_id": "way/225095967", "building": "apartments" }, "geometry": { "type": "Point", "coordinates": [ -3.6961441, 40.4048624 ] } },
{ "type": "Feature", "properties": { "osm_id": "way/225095987", "building": "apartments" }, "geometry": { "type": "Point", "coordinates": [ -3.6960774, 40.4049376 ] } },
{ "type": "Feature", "properties": { "osm_id": "way/225095997", "building": "apartments" }, "geometry": { "type": "Point", "coordinates": [ -3.6959664, 40.4050064 ] } },
{ "type": "Feature", "properties": { "osm_id": "way/236871353", "building": "apartments" }, "geometry": { "type": "Point", "coordinates": [ -3.6824293, 40.404584 ] } },
{ "type": "Feature", "properties": { "osm_id": "way/238608526", "building": "construction" }, "geometry": { "type": "Point", "coordinates": [ -3.6846091, 40.4048113 ] } },
{ "type": "Feature", "properties": { "osm_id": "way/238608535", "building": "office" }, "geometry": { "type": "Point", "coordinates": [ -3.6849428, 40.4049049 ] } },
{ "type": "Feature", "properties": { "osm_id": "way/238608541", "building": "yes" }, "geometry": { "type": "Point", "coordinates": [ -3.684251, 40.404689 ] } },
{ "type": "Feature", "properties": { "osm_id": "way/238608543", "building": "yes" }, "geometry": { "type": "Point", "coordinates": [ -3.6844043, 40.4047312 ] } },
{ "type": "Feature", "properties": { "osm_id": "way/238608550", "building": "yes" }, "geometry": { "type": "Point", "coordinates": [ -3.6866307, 40.4054801 ] } },
{ "type": "Feature", "properties": { "osm_id": "way/238608553", "building": "civic" }, "geometry": { "type": "Point", "coordinates": [ -3.6839926, 40.40466 ] } },
{ "type": "Feature", "properties": { "osm_id": "way/238608557", "building": "commercial" }, "geometry": { "type": "Point", "coordinates": [ -3.6851711, 40.4049674 ] } },
{ "type": "Feature", "properties": { "osm_id": "way/239205919", "building": "apartments" }, "geometry": { "type": "Point", "coordinates": [ -3.6924276, 40.4058533 ] } },
{ "type": "Feature", "properties": { "osm_id": "way/239205920", "building": "school" }, "geometry": { "type": "Point", "coordinates": [ -3.6914301, 40.4055827 ] } },
{ "type": "Feature", "properties": { "osm_id": "way/239205923", "building": "apartments" }, "geometry": { "type": "Point", "coordinates": [ -3.6909294, 40.4043654 ] } },
{ "type": "Feature", "properties": { "osm_id": "way/239205930", "building": "apartments" }, "geometry": { "type": "Point", "coordinates": [ -3.6937222, 40.4058242 ] } },
{ "type": "Feature", "properties": { "osm_id": "way/239205931", "building": "apartments" }, "geometry": { "type": "Point", "coordinates": [ -3.6926882, 40.4066325 ] } },
{ "type": "Feature", "properties": { "osm_id": "way/243207328", "building": "yes" }, "geometry": { "type": "Point", "coordinates": [ -3.6787116, 40.4107903 ] } },
{ "type": "Feature", "properties": { "osm_id": "way/243207330", "building": "yes" }, "geometry": { "type": "Point", "coordinates": [ -3.677633, 40.411266 ] } },
{ "type": "Feature", "properties": { "osm_id": "way/243207332", "building": "yes" }, "geometry": { "type": "Point", "coordinates": [ -3.6775464, 40.411473 ] } },
{ "type": "Feature", "properties": { "osm_id": "way/243207334", "building": "ruins" }, "geometry": { "type": "Point", "coordinates": [ -3.6779884, 40.4110342 ] } },
{ "type": "Feature", "properties": { "osm_id": "way/243351604", "building": "commercial" }, "geometry": { "type": "Point", "coordinates": [ -3.6831768, 40.4157873 ] } },
{ "type": "Feature", "properties": { "osm_id": "way/243351605", "building": "commercial" }, "geometry": { "type": "Point", "coordinates": [ -3.6838015, 40.4156474 ] } },
{ "type": "Feature", "properties": { "osm_id": "way/243351606", "building": "retail" }, "geometry": { "type": "Point", "coordinates": [ -3.6806984, 40.4163461 ] } },
{ "type": "Feature", "properties": { "osm_id": "way/243489391", "building": "apartments" }, "geometry": { "type": "Point", "coordinates": [ -3.6776846, 40.4083349 ] } },
{ "type": "Feature", "properties": { "osm_id": "way/243489394", "building": "apartments" }, "geometry": { "type": "Point", "coordinates": [ -3.6774434, 40.4089534 ] } },
{ "type": "Feature", "properties": { "osm_id": "way/243489398", "building": "apartments" }, "geometry": { "type": "Point", "coordinates": [ -3.6775803, 40.4087576 ] } },
{ "type": "Feature", "properties": { "osm_id": "way/243489404", "building": "apartments" }, "geometry": { "type": "Point", "coordinates": [ -3.6777114, 40.408565 ] } },
{ "type": "Feature", "properties": { "osm_id": "way/243489463", "building": "apartments" }, "geometry": { "type": "Point", "coordinates": [ -3.6773716, 40.4081928 ] } },
{ "type": "Feature", "properties": { "osm_id": "way/243489464", "building": "apartments" }, "geometry": { "type": "Point", "coordinates": [ -3.6778597, 40.4084411 ] } },
{ "type": "Feature", "properties": { "osm_id": "way/243492394", "building": "apartments" }, "geometry": { "type": "Point", "coordinates": [ -3.6779649, 40.4066928 ] } },
{ "type": "Feature", "properties": { "osm_id": "way/243492395", "building": "apartments" }, "geometry": { "type": "Point", "coordinates": [ -3.6780932, 40.4067448 ] } },
{ "type": "Feature", "properties": { "osm_id": "way/243492396", "building": "yes" }, "geometry": { "type": "Point", "coordinates": [ -3.6778593, 40.4077575 ] } },
{ "type": "Feature", "properties": { "osm_id": "way/243492397", "building": "apartments" }, "geometry": { "type": "Point", "coordinates": [ -3.6779075, 40.4065535 ] } },
{ "type": "Feature", "properties": { "osm_id": "way/243492398", "building": "yes" }, "geometry": { "type": "Point", "coordinates": [ -3.6777942, 40.4080819 ] } },
{ "type": "Feature", "properties": { "osm_id": "way/243492399", "building": "apartments" }, "geometry": { "type": "Point", "coordinates": [ -3.6782176, 40.4067957 ] } },
{ "type": "Feature", "properties": { "osm_id": "way/243584891", "building": "apartments" }, "geometry": { "type": "Point", "coordinates": [ -3.6778394, 40.4071297 ] } },
{ "type": "Feature", "properties": { "osm_id": "way/243584892", "building": "apartments" }, "geometry": { "type": "Point", "coordinates": [ -3.6776418, 40.4070119 ] } },
{ "type": "Feature", "properties": { "osm_id": "way/243584896", "building": "apartments" }, "geometry": { "type": "Point", "coordinates": [ -3.6775604, 40.4071638 ] } },
{ "type": "Feature", "properties": { "osm_id": "way/243584897", "building": "apartments" }, "geometry": { "type": "Point", "coordinates": [ -3.6774449, 40.4069176 ] } },
{ "type": "Feature", "properties": { "osm_id": "way/244217368", "building": "apartments" }, "geometry": { "type": "Point", "coordinates": [ -3.6784892, 40.4063359 ] } },
{ "type": "Feature", "properties": { "osm_id": "way/244217369", "building": "apartments" }, "geometry": { "type": "Point", "coordinates": [ -3.6785961, 40.4061527 ] } },
{ "type": "Feature", "properties": { "osm_id": "way/244217370", "building": "apartments" }, "geometry": { "type": "Point", "coordinates": [ -3.678641, 40.4060167 ] } },
{ "type": "Feature", "properties": { "osm_id": "way/244217371", "building": "apartments" }, "geometry": { "type": "Point", "coordinates": [ -3.678426, 40.4058886 ] } },
{ "type": "Feature", "properties": { "osm_id": "way/244217372", "building": "apartments" }, "geometry": { "type": "Point", "coordinates": [ -3.6774924, 40.4064851 ] } },
{ "type": "Feature", "properties": { "osm_id": "way/244217376", "building": "apartments" }, "geometry": { "type": "Point", "coordinates": [ -3.6783448, 40.4059891 ] } },
{ "type": "Feature", "properties": { "osm_id": "way/244217379", "building": "roof" }, "geometry": { "type": "Point", "coordinates": [ -3.6783583, 40.4061216 ] } },
{ "type": "Feature", "properties": { "osm_id": "way/244217382", "building": "apartments" }, "geometry": { "type": "Point", "coordinates": [ -3.6781433, 40.4062487 ] } },
{ "type": "Feature", "properties": { "osm_id": "way/244217387", "building": "apartments" }, "geometry": { "type": "Point", "coordinates": [ -3.6781984, 40.406653 ] } },
{ "type": "Feature", "properties": { "osm_id": "way/244217388", "building": "apartments" }, "geometry": { "type": "Point", "coordinates": [ -3.6783401, 40.4062945 ] } },
{ "type": "Feature", "properties": { "osm_id": "way/244217389", "building": "apartments" }, "geometry": { "type": "Point", "coordinates": [ -3.6779987, 40.4063718 ] } },
{ "type": "Feature", "properties": { "osm_id": "way/244217390", "building": "apartments" }, "geometry": { "type": "Point", "coordinates": [ -3.6779694, 40.4064832 ] } },
{ "type": "Feature", "properties": { "osm_id": "way/244217391", "building": "apartments" }, "geometry": { "type": "Point", "coordinates": [ -3.6784572, 40.4060969 ] } },
{ "type": "Feature", "properties": { "osm_id": "way/244217392", "building": "apartments" }, "geometry": { "type": "Point", "coordinates": [ -3.6782828, 40.4065288 ] } },
{ "type": "Feature", "properties": { "osm_id": "way/244217393", "building": "apartments" }, "geometry": { "type": "Point", "coordinates": [ -3.6783879, 40.4064573 ] } },
{ "type": "Feature", "properties": { "osm_id": "way/245028054", "building": "yes" }, "geometry": { "type": "Point", "coordinates": [ -3.6951494, 40.4064421 ] } },
{ "type": "Feature", "properties": { "osm_id": "way/245391999", "building": "apartments" }, "geometry": { "type": "Point", "coordinates": [ -3.6927356, 40.4088698 ] } },
{ "type": "Feature", "properties": { "osm_id": "way/245392000", "building": "apartments" }, "geometry": { "type": "Point", "coordinates": [ -3.6926188, 40.4090367 ] } },
{ "type": "Feature", "properties": { "osm_id": "way/245392001", "building": "apartments" }, "geometry": { "type": "Point", "coordinates": [ -3.6929109, 40.4087548 ] } },
{ "type": "Feature", "properties": { "osm_id": "way/245392002", "building": "hotel" }, "geometry": { "type": "Point", "coordinates": [ -3.6930783, 40.4085291 ] } },
{ "type": "Feature", "properties": { "osm_id": "way/245544265", "building": "apartments" }, "geometry": { "type": "Point", "coordinates": [ -3.6786372, 40.4049168 ] } },
{ "type": "Feature", "properties": { "osm_id": "way/245544266", "building": "apartments" }, "geometry": { "type": "Point", "coordinates": [ -3.6785071, 40.4050345 ] } },
{ "type": "Feature", "properties": { "osm_id": "way/245544267", "building": "apartments" }, "geometry": { "type": "Point", "coordinates": [ -3.6780758, 40.405387 ] } },
{ "type": "Feature", "properties": { "osm_id": "way/245544268", "building": "apartments" }, "geometry": { "type": "Point", "coordinates": [ -3.6784196, 40.4051503 ] } },
{ "type": "Feature", "properties": { "osm_id": "way/245544270", "building": "apartments" }, "geometry": { "type": "Point", "coordinates": [ -3.6780679, 40.4058179 ] } },
{ "type": "Feature", "properties": { "osm_id": "way/245544271", "building": "apartments" }, "geometry": { "type": "Point", "coordinates": [ -3.6779611, 40.4057754 ] } },
{ "type": "Feature", "properties": { "osm_id": "way/245544272", "building": "apartments" }, "geometry": { "type": "Point", "coordinates": [ -3.6783159, 40.4052614 ] } },
{ "type": "Feature", "properties": { "osm_id": "way/245544273", "building": "apartments" }, "geometry": { "type": "Point", "coordinates": [ -3.6778626, 40.4057306 ] } },
{ "type": "Feature", "properties": { "osm_id": "way/245544274", "building": "apartments" }, "geometry": { "type": "Point", "coordinates": [ -3.6777551, 40.4056885 ] } },
{ "type": "Feature", "properties": { "osm_id": "way/245544275", "building": "apartments" }, "geometry": { "type": "Point", "coordinates": [ -3.6783178, 40.405422 ] } },
{ "type": "Feature", "properties": { "osm_id": "way/245544276", "building": "apartments" }, "geometry": { "type": "Point", "coordinates": [ -3.677613, 40.4056553 ] } },
{ "type": "Feature", "properties": { "osm_id": "way/245544277", "building": "apartments" }, "geometry": { "type": "Point", "coordinates": [ -3.6782286, 40.4055285 ] } },
{ "type": "Feature", "properties": { "osm_id": "way/245544278", "building": "apartments" }, "geometry": { "type": "Point", "coordinates": [ -3.6774594, 40.405591 ] } },
{ "type": "Feature", "properties": { "osm_id": "way/245544280", "building": "apartments" }, "geometry": { "type": "Point", "coordinates": [ -3.6778305, 40.4059224 ] } },
{ "type": "Feature", "properties": { "osm_id": "way/245544282", "building": "apartments" }, "geometry": { "type": "Point", "coordinates": [ -3.6777575, 40.4060184 ] } },
{ "type": "Feature", "properties": { "osm_id": "way/245544283", "building": "apartments" }, "geometry": { "type": "Point", "coordinates": [ -3.6776857, 40.4061126 ] } },
{ "type": "Feature", "properties": { "osm_id": "way/245544284", "building": "apartments" }, "geometry": { "type": "Point", "coordinates": [ -3.6776369, 40.4062191 ] } },
{ "type": "Feature", "properties": { "osm_id": "way/245544285", "building": "apartments" }, "geometry": { "type": "Point", "coordinates": [ -3.6773622, 40.4062626 ] } },
{ "type": "Feature", "properties": { "osm_id": "way/245548301", "building": "apartments" }, "geometry": { "type": "Point", "coordinates": [ -3.6778392, 40.4044077 ] } },
{ "type": "Feature", "properties": { "osm_id": "way/245548302", "building": "apartments" }, "geometry": { "type": "Point", "coordinates": [ -3.6785225, 40.404696 ] } },
{ "type": "Feature", "properties": { "osm_id": "way/245548303", "building": "apartments" }, "geometry": { "type": "Point", "coordinates": [ -3.6783572, 40.4046307 ] } },
{ "type": "Feature", "properties": { "osm_id": "way/245548306", "building": "apartments" }, "geometry": { "type": "Point", "coordinates": [ -3.678182, 40.4045727 ] } },
{ "type": "Feature", "properties": { "osm_id": "way/245548308", "building": "apartments" }, "geometry": { "type": "Point", "coordinates": [ -3.6780128, 40.4044965 ] } },
{ "type": "Feature", "properties": { "osm_id": "way/245548312", "building": "apartments" }, "geometry": { "type": "Point", "coordinates": [ -3.6777066, 40.4045759 ] } },
{ "type": "Feature", "properties": { "osm_id": "way/245719667", "building": "apartments" }, "geometry": { "type": "Point", "coordinates": [ -3.6775165, 40.4048304 ] } },
{ "type": "Feature", "properties": { "osm_id": "way/245719669", "building": "apartments" }, "geometry": { "type": "Point", "coordinates": [ -3.6778201, 40.4052796 ] } },
{ "type": "Feature", "properties": { "osm_id": "way/245729003", "building": "apartments" }, "geometry": { "type": "Point", "coordinates": [ -3.6825443, 40.4071325 ] } },
{ "type": "Feature", "properties": { "osm_id": "way/245729004", "building": "apartments" }, "geometry": { "type": "Point", "coordinates": [ -3.6823276, 40.4071864 ] } },
{ "type": "Feature", "properties": { "osm_id": "way/245729007", "building": "apartments" }, "geometry": { "type": "Point", "coordinates": [ -3.680292, 40.4043562 ] } },
{ "type": "Feature", "properties": { "osm_id": "way/245729008", "building": "apartments" }, "geometry": { "type": "Point", "coordinates": [ -3.6801358, 40.4042941 ] } },
{ "type": "Feature", "properties": { "osm_id": "way/245729010", "building": "apartments" }, "geometry": { "type": "Point", "coordinates": [ -3.6797192, 40.4042085 ] } },
{ "type": "Feature", "properties": { "osm_id": "way/245729011", "building": "apartments" }, "geometry": { "type": "Point", "coordinates": [ -3.6799774, 40.4042331 ] } },
{ "type": "Feature", "properties": { "osm_id": "way/245729012", "building": "apartments" }, "geometry": { "type": "Point", "coordinates": [ -3.6798182, 40.4040774 ] } },
{ "type": "Feature", "properties": { "osm_id": "way/245729017", "building": "apartments" }, "geometry": { "type": "Point", "coordinates": [ -3.6827408, 40.4071191 ] } },
{ "type": "Feature", "properties": { "osm_id": "way/245901714", "building": "yes" }, "geometry": { "type": "Point", "coordinates": [ -3.6787586, 40.406952 ] } },
{ "type": "Feature", "properties": { "osm_id": "way/245901715", "building": "apartments" }, "geometry": { "type": "Point", "coordinates": [ -3.678548, 40.4069533 ] } },
{ "type": "Feature", "properties": { "osm_id": "way/245903163", "building": "apartments" }, "geometry": { "type": "Point", "coordinates": [ -3.6784311, 40.4069059 ] } },
{ "type": "Feature", "properties": { "osm_id": "way/245903165", "building": "apartments" }, "geometry": { "type": "Point", "coordinates": [ -3.6785406, 40.4068275 ] } },
{ "type": "Feature", "properties": { "osm_id": "way/245903168", "building": "apartments" }, "geometry": { "type": "Point", "coordinates": [ -3.6785711, 40.4067671 ] } },
{ "type": "Feature", "properties": { "osm_id": "way/245904047", "building": "apartments" }, "geometry": { "type": "Point", "coordinates": [ -3.6786667, 40.40661 ] } },
{ "type": "Feature", "properties": { "osm_id": "way/245904048", "building": "apartments" }, "geometry": { "type": "Point", "coordinates": [ -3.6788033, 40.4063939 ] } },
{ "type": "Feature", "properties": { "osm_id": "way/245904049", "building": "apartments" }, "geometry": { "type": "Point", "coordinates": [ -3.6786218, 40.4067029 ] } },
{ "type": "Feature", "properties": { "osm_id": "way/245904050", "building": "apartments" }, "geometry": { "type": "Point", "coordinates": [ -3.6789726, 40.4061616 ] } },
{ "type": "Feature", "properties": { "osm_id": "way/246052145", "building": "apartments" }, "geometry": { "type": "Point", "coordinates": [ -3.6775195, 40.4042842 ] } },
{ "type": "Feature", "properties": { "osm_id": "way/246052146", "building": "apartments" }, "geometry": { "type": "Point", "coordinates": [ -3.6774031, 40.4042218 ] } },
{ "type": "Feature", "properties": { "osm_id": "way/246058955", "building": "residential" }, "geometry": { "type": "Point", "coordinates": [ -3.6794065, 40.407838 ] } },
{ "type": "Feature", "properties": { "osm_id": "way/246059972", "building": "apartments" }, "geometry": { "type": "Point", "coordinates": [ -3.6810185, 40.4062346 ] } },
{ "type": "Feature", "properties": { "osm_id": "way/246236965", "building": "apartments" }, "geometry": { "type": "Point", "coordinates": [ -3.6799454, 40.4048861 ] } },
{ "type": "Feature", "properties": { "osm_id": "way/246236966", "building": "apartments" }, "geometry": { "type": "Point", "coordinates": [ -3.6801348, 40.4049624 ] } },
{ "type": "Feature", "properties": { "osm_id": "way/246236967", "building": "apartments" }, "geometry": { "type": "Point", "coordinates": [ -3.6801792, 40.4047947 ] } },
{ "type": "Feature", "properties": { "osm_id": "way/246236968", "building": "apartments" }, "geometry": { "type": "Point", "coordinates": [ -3.6802409, 40.4046979 ] } },
{ "type": "Feature", "properties": { "osm_id": "way/246236969", "building": "apartments" }, "geometry": { "type": "Point", "coordinates": [ -3.6797546, 40.4048165 ] } },
{ "type": "Feature", "properties": { "osm_id": "way/246236970", "building": "apartments" }, "geometry": { "type": "Point", "coordinates": [ -3.6803048, 40.4045995 ] } },
{ "type": "Feature", "properties": { "osm_id": "way/246236971", "building": "apartments" }, "geometry": { "type": "Point", "coordinates": [ -3.6795735, 40.4047318 ] } },
{ "type": "Feature", "properties": { "osm_id": "way/246236972", "building": "apartments" }, "geometry": { "type": "Point", "coordinates": [ -3.6797724, 40.4044984 ] } },
{ "type": "Feature", "properties": { "osm_id": "way/246237388", "building": "apartments" }, "geometry": { "type": "Point", "coordinates": [ -3.6817243, 40.4067005 ] } },
{ "type": "Feature", "properties": { "osm_id": "way/246237389", "building": "apartments" }, "geometry": { "type": "Point", "coordinates": [ -3.6817382, 40.4068114 ] } },
{ "type": "Feature", "properties": { "osm_id": "way/246237390", "building": "apartments" }, "geometry": { "type": "Point", "coordinates": [ -3.6814554, 40.4061477 ] } },
{ "type": "Feature", "properties": { "osm_id": "way/246237391", "building": "apartments" }, "geometry": { "type": "Point", "coordinates": [ -3.6816688, 40.4065559 ] } },
{ "type": "Feature", "properties": { "osm_id": "way/246237872", "building": "apartments" }, "geometry": { "type": "Point", "coordinates": [ -3.6792072, 40.4081703 ] } },
{ "type": "Feature", "properties": { "osm_id": "way/246237874", "building": "apartments" }, "geometry": { "type": "Point", "coordinates": [ -3.6787335, 40.4080824 ] } },
{ "type": "Feature", "properties": { "osm_id": "way/246355305", "building": "apartments" }, "geometry": { "type": "Point", "coordinates": [ -3.6790898, 40.4065402 ] } },
{ "type": "Feature", "properties": { "osm_id": "way/246355306", "building": "apartments" }, "geometry": { "type": "Point", "coordinates": [ -3.6795305, 40.4058495 ] } },
{ "type": "Feature", "properties": { "osm_id": "way/246355307", "building": "apartments" }, "geometry": { "type": "Point", "coordinates": [ -3.6791942, 40.406322 ] } },
{ "type": "Feature", "properties": { "osm_id": "way/246355309", "building": "apartments" }, "geometry": { "type": "Point", "coordinates": [ -3.6789485, 40.4067297 ] } },
{ "type": "Feature", "properties": { "osm_id": "way/246355310", "building": "apartments" }, "geometry": { "type": "Point", "coordinates": [ -3.6794312, 40.4060011 ] } },
{ "type": "Feature", "properties": { "osm_id": "way/246367975", "building": "apartments" }, "geometry": { "type": "Point", "coordinates": [ -3.6793901, 40.4050649 ] } },
{ "type": "Feature", "properties": { "osm_id": "way/246367976", "building": "apartments" }, "geometry": { "type": "Point", "coordinates": [ -3.679653, 40.4051705 ] } },
{ "type": "Feature", "properties": { "osm_id": "way/246377192", "building": "apartments" }, "geometry": { "type": "Point", "coordinates": [ -3.6821833, 40.4050225 ] } },
{ "type": "Feature", "properties": { "osm_id": "way/246377193", "building": "apartments" }, "geometry": { "type": "Point", "coordinates": [ -3.6820331, 40.404994 ] } },
{ "type": "Feature", "properties": { "osm_id": "way/246377194", "building": "apartments" }, "geometry": { "type": "Point", "coordinates": [ -3.6818893, 40.4048937 ] } },
{ "type": "Feature", "properties": { "osm_id": "way/246377195", "building": "apartments" }, "geometry": { "type": "Point", "coordinates": [ -3.6817427, 40.4052275 ] } },
{ "type": "Feature", "properties": { "osm_id": "way/246377196", "building": "apartments" }, "geometry": { "type": "Point", "coordinates": [ -3.6818225, 40.4049905 ] } },
{ "type": "Feature", "properties": { "osm_id": "way/246377197", "building": "apartments" }, "geometry": { "type": "Point", "coordinates": [ -3.6825566, 40.4052298 ] } },
{ "type": "Feature", "properties": { "osm_id": "way/246377198", "building": "apartments" }, "geometry": { "type": "Point", "coordinates": [ -3.6817751, 40.4053312 ] } },
{ "type": "Feature", "properties": { "osm_id": "way/246377199", "building": "apartments" }, "geometry": { "type": "Point", "coordinates": [ -3.6817509, 40.4050972 ] } },
{ "type": "Feature", "properties": { "osm_id": "way/246377200", "building": "apartments" }, "geometry": { "type": "Point", "coordinates": [ -3.6823112, 40.4052238 ] } },
{ "type": "Feature", "properties": { "osm_id": "way/246377201", "building": "apartments" }, "geometry": { "type": "Point", "coordinates": [ -3.6825093, 40.4050881 ] } },
{ "type": "Feature", "properties": { "osm_id": "way/246377202", "building": "apartments" }, "geometry": { "type": "Point", "coordinates": [ -3.6820548, 40.4052406 ] } },
{ "type": "Feature", "properties": { "osm_id": "way/246377203", "building": "apartments" }, "geometry": { "type": "Point", "coordinates": [ -3.6823435, 40.4050656 ] } },
{ "type": "Feature", "properties": { "osm_id": "way/247116563", "building": "apartments" }, "geometry": { "type": "Point", "coordinates": [ -3.6794053, 40.4040058 ] } },
{ "type": "Feature", "properties": { "osm_id": "way/247116566", "building": "apartments" }, "geometry": { "type": "Point", "coordinates": [ -3.6792509, 40.4039157 ] } },
{ "type": "Feature", "properties": { "osm_id": "way/247116568", "building": "apartments" }, "geometry": { "type": "Point", "coordinates": [ -3.6791862, 40.4041346 ] } },
{ "type": "Feature", "properties": { "osm_id": "way/247116569", "building": "apartments" }, "geometry": { "type": "Point", "coordinates": [ -3.6791133, 40.4042527 ] } },
{ "type": "Feature", "properties": { "osm_id": "way/247116570", "building": "apartments" }, "geometry": { "type": "Point", "coordinates": [ -3.6790547, 40.4044782 ] } },
{ "type": "Feature", "properties": { "osm_id": "way/248379683", "building": "apartments" }, "geometry": { "type": "Point", "coordinates": [ -3.6908074, 40.4193588 ] } },
{ "type": "Feature", "properties": { "osm_id": "way/248801936", "building": "yes" }, "geometry": { "type": "Point", "coordinates": [ -3.6931843, 40.4112925 ] } },
{ "type": "Feature", "properties": { "osm_id": "way/248801937", "building": "apartments" }, "geometry": { "type": "Point", "coordinates": [ -3.6946871, 40.4114687 ] } },
{ "type": "Feature", "properties": { "osm_id": "way/248801938", "building": "apartments" }, "geometry": { "type": "Point", "coordinates": [ -3.6944838, 40.4107148 ] } },
{ "type": "Feature", "properties": { "osm_id": "way/248801939", "building": "apartments" }, "geometry": { "type": "Point", "coordinates": [ -3.6955225, 40.4117167 ] } },
{ "type": "Feature", "properties": { "osm_id": "way/248802068", "building": "apartments" }, "geometry": { "type": "Point", "coordinates": [ -3.6951064, 40.4114828 ] } },
{ "type": "Feature", "properties": { "osm_id": "way/248802069", "building": "apartments" }, "geometry": { "type": "Point", "coordinates": [ -3.6953663, 40.411114 ] } },
{ "type": "Feature", "properties": { "osm_id": "way/248802972", "building": "hotel" }, "geometry": { "type": "Point", "coordinates": [ -3.69428, 40.4103398 ] } },
{ "type": "Feature", "properties": { "osm_id": "way/248802973", "building": "apartments" }, "geometry": { "type": "Point", "coordinates": [ -3.6937584, 40.4094942 ] } },
{ "type": "Feature", "properties": { "osm_id": "way/250857346", "building": "apartments" }, "geometry": { "type": "Point", "coordinates": [ -3.6789097, 40.4044042 ] } },
{ "type": "Feature", "properties": { "osm_id": "way/250857347", "building": "apartments" }, "geometry": { "type": "Point", "coordinates": [ -3.678765, 40.4043699 ] } },
{ "type": "Feature", "properties": { "osm_id": "way/250857348", "building": "apartments" }, "geometry": { "type": "Point", "coordinates": [ -3.6786239, 40.4043133 ] } },
{ "type": "Feature", "properties": { "osm_id": "way/250857356", "building": "apartments" }, "geometry": { "type": "Point", "coordinates": [ -3.6781027, 40.4040695 ] } },
{ "type": "Feature", "properties": { "osm_id": "way/250857357", "building": "apartments" }, "geometry": { "type": "Point", "coordinates": [ -3.6780986, 40.4041862 ] } },
{ "type": "Feature", "properties": { "osm_id": "way/255246387", "building": "public" }, "geometry": { "type": "Point", "coordinates": [ -3.6914084, 40.4070621 ] } },
{ "type": "Feature", "properties": { "osm_id": "way/255246391", "building": "train_station" }, "geometry": { "type": "Point", "coordinates": [ -3.6880869, 40.4053057 ] } },
{ "type": "Feature", "properties": { "osm_id": "way/255839209", "building": "church" }, "geometry": { "type": "Point", "coordinates": [ -3.6862028, 40.4208841 ] } },
{ "type": "Feature", "properties": { "osm_id": "way/258989972", "building": "apartments" }, "geometry": { "type": "Point", "coordinates": [ -3.6814475, 40.4084061 ] } },
{ "type": "Feature", "properties": { "osm_id": "way/258990148", "building": "apartments" }, "geometry": { "type": "Point", "coordinates": [ -3.6817363, 40.4073365 ] } },
{ "type": "Feature", "properties": { "osm_id": "way/258990149", "building": "apartments" }, "geometry": { "type": "Point", "coordinates": [ -3.681412, 40.4073913 ] } },
{ "type": "Feature", "properties": { "osm_id": "way/259114310", "building": "apartments" }, "geometry": { "type": "Point", "coordinates": [ -3.6807009, 40.4076717 ] } },
{ "type": "Feature", "properties": { "osm_id": "way/259114311", "building": "apartments" }, "geometry": { "type": "Point", "coordinates": [ -3.6810767, 40.4076071 ] } },
{ "type": "Feature", "properties": { "osm_id": "way/259114312", "building": "apartments" }, "geometry": { "type": "Point", "coordinates": [ -3.6803362, 40.4075675 ] } },
{ "type": "Feature", "properties": { "osm_id": "way/259281016", "building": "school" }, "geometry": { "type": "Point", "coordinates": [ -3.6856039, 40.4084402 ] } },
{ "type": "Feature", "properties": { "osm_id": "way/259281017", "building": "school" }, "geometry": { "type": "Point", "coordinates": [ -3.6842638, 40.4085046 ] } },
{ "type": "Feature", "properties": { "osm_id": "way/259281018", "building": "school" }, "geometry": { "type": "Point", "coordinates": [ -3.6849326, 40.4086601 ] } },
{ "type": "Feature", "properties": { "osm_id": "way/259281021", "building": "school" }, "geometry": { "type": "Point", "coordinates": [ -3.6840634, 40.4081477 ] } },
{ "type": "Feature", "properties": { "osm_id": "way/259281025", "building": "school" }, "geometry": { "type": "Point", "coordinates": [ -3.6845665, 40.4080628 ] } },
{ "type": "Feature", "properties": { "osm_id": "way/259583570", "building": "apartments" }, "geometry": { "type": "Point", "coordinates": [ -3.6920848, 40.4159054 ] } },
{ "type": "Feature", "properties": { "osm_id": "way/259583573", "building": "apartments" }, "geometry": { "type": "Point", "coordinates": [ -3.6917643, 40.4158201 ] } },
{ "type": "Feature", "properties": { "osm_id": "way/259583574", "building": "apartments" }, "geometry": { "type": "Point", "coordinates": [ -3.6920443, 40.4154952 ] } },
{ "type": "Feature", "properties": { "osm_id": "way/259583575", "building": "apartments" }, "geometry": { "type": "Point", "coordinates": [ -3.691733, 40.4156676 ] } },
{ "type": "Feature", "properties": { "osm_id": "way/259583576", "building": "apartments" }, "geometry": { "type": "Point", "coordinates": [ -3.6919189, 40.4161816 ] } },
{ "type": "Feature", "properties": { "osm_id": "way/259583577", "building": "civic" }, "geometry": { "type": "Point", "coordinates": [ -3.6922447, 40.4157759 ] } },
{ "type": "Feature", "properties": { "osm_id": "way/259583578", "building": "apartments" }, "geometry": { "type": "Point", "coordinates": [ -3.6917391, 40.4159929 ] } },
{ "type": "Feature", "properties": { "osm_id": "way/259583579", "building": "apartments" }, "geometry": { "type": "Point", "coordinates": [ -3.6917504, 40.4154655 ] } },
{ "type": "Feature", "properties": { "osm_id": "way/261740067", "building": "apartments" }, "geometry": { "type": "Point", "coordinates": [ -3.6794601, 40.4069878 ] } },
{ "type": "Feature", "properties": { "osm_id": "way/261740068", "building": "apartments" }, "geometry": { "type": "Point", "coordinates": [ -3.6811679, 40.4059582 ] } },
{ "type": "Feature", "properties": { "osm_id": "way/261740071", "building": "apartments" }, "geometry": { "type": "Point", "coordinates": [ -3.6799671, 40.4070685 ] } },
{ "type": "Feature", "properties": { "osm_id": "way/261740073", "building": "apartments" }, "geometry": { "type": "Point", "coordinates": [ -3.679378, 40.4071552 ] } },
{ "type": "Feature", "properties": { "osm_id": "way/261740078", "building": "apartments" }, "geometry": { "type": "Point", "coordinates": [ -3.6798106, 40.4070642 ] } },
{ "type": "Feature", "properties": { "osm_id": "way/261740080", "building": "apartments" }, "geometry": { "type": "Point", "coordinates": [ -3.6796836, 40.4067357 ] } },
{ "type": "Feature", "properties": { "osm_id": "way/261740083", "building": "apartments" }, "geometry": { "type": "Point", "coordinates": [ -3.6796041, 40.4068788 ] } },
{ "type": "Feature", "properties": { "osm_id": "way/261740086", "building": "apartments" }, "geometry": { "type": "Point", "coordinates": [ -3.6801043, 40.4068678 ] } },
{ "type": "Feature", "properties": { "osm_id": "way/261740087", "building": "apartments" }, "geometry": { "type": "Point", "coordinates": [ -3.6801437, 40.4067756 ] } },
{ "type": "Feature", "properties": { "osm_id": "way/261740088", "building": "apartments" }, "geometry": { "type": "Point", "coordinates": [ -3.6800384, 40.4069538 ] } },
{ "type": "Feature", "properties": { "osm_id": "way/261740093", "building": "apartments" }, "geometry": { "type": "Point", "coordinates": [ -3.6802266, 40.4066121 ] } },
{ "type": "Feature", "properties": { "osm_id": "way/261740095", "building": "apartments" }, "geometry": { "type": "Point", "coordinates": [ -3.6802171, 40.4067017 ] } },
{ "type": "Feature", "properties": { "osm_id": "way/261740097", "building": "apartments" }, "geometry": { "type": "Point", "coordinates": [ -3.6797133, 40.4065935 ] } },
{ "type": "Feature", "properties": { "osm_id": "way/261740099", "building": "apartments" }, "geometry": { "type": "Point", "coordinates": [ -3.6799871, 40.4066079 ] } },
{ "type": "Feature", "properties": { "osm_id": "way/261740101", "building": "school" }, "geometry": { "type": "Point", "coordinates": [ -3.6801928, 40.406177 ] } },
{ "type": "Feature", "properties": { "osm_id": "way/261756387", "building": "apartments" }, "geometry": { "type": "Point", "coordinates": [ -3.6822795, 40.4045262 ] } },
{ "type": "Feature", "properties": { "osm_id": "way/261756388", "building": "apartments" }, "geometry": { "type": "Point", "coordinates": [ -3.6821312, 40.4044688 ] } },
{ "type": "Feature", "properties": { "osm_id": "way/261756389", "building": "apartments" }, "geometry": { "type": "Point", "coordinates": [ -3.6819809, 40.4044113 ] } },
{ "type": "Feature", "properties": { "osm_id": "way/261756392", "building": "apartments" }, "geometry": { "type": "Point", "coordinates": [ -3.6812313, 40.4041739 ] } },
{ "type": "Feature", "properties": { "osm_id": "way/261756393", "building": "apartments" }, "geometry": { "type": "Point", "coordinates": [ -3.6814662, 40.405761 ] } },
{ "type": "Feature", "properties": { "osm_id": "way/261756395", "building": "apartments" }, "geometry": { "type": "Point", "coordinates": [ -3.6803451, 40.4057236 ] } },
{ "type": "Feature", "properties": { "osm_id": "way/261756396", "building": "apartments" }, "geometry": { "type": "Point", "coordinates": [ -3.6804062, 40.4056083 ] } },
{ "type": "Feature", "properties": { "osm_id": "way/261756399", "building": "apartments" }, "geometry": { "type": "Point", "coordinates": [ -3.6805022, 40.4054814 ] } },
{ "type": "Feature", "properties": { "osm_id": "way/261756400", "building": "apartments" }, "geometry": { "type": "Point", "coordinates": [ -3.681481, 40.4059374 ] } },
{ "type": "Feature", "properties": { "osm_id": "way/261756403", "building": "apartments" }, "geometry": { "type": "Point", "coordinates": [ -3.6812829, 40.4057757 ] } },
{ "type": "Feature", "properties": { "osm_id": "way/261971788", "building": "apartments" }, "geometry": { "type": "Point", "coordinates": [ -3.6780762, 40.4181405 ] } },
{ "type": "Feature", "properties": { "osm_id": "way/261971789", "building": "yes" }, "geometry": { "type": "Point", "coordinates": [ -3.6780367, 40.4179242 ] } },
{ "type": "Feature", "properties": { "osm_id": "way/261971790", "building": "apartments" }, "geometry": { "type": "Point", "coordinates": [ -3.6781533, 40.4175417 ] } },
{ "type": "Feature", "properties": { "osm_id": "way/261971791", "building": "apartments" }, "geometry": { "type": "Point", "coordinates": [ -3.6781691, 40.4176868 ] } },
{ "type": "Feature", "properties": { "osm_id": "way/261971792", "building": "apartments" }, "geometry": { "type": "Point", "coordinates": [ -3.678253, 40.4178056 ] } },
{ "type": "Feature", "properties": { "osm_id": "way/261971794", "building": "apartments" }, "geometry": { "type": "Point", "coordinates": [ -3.6783579, 40.4180654 ] } },
{ "type": "Feature", "properties": { "osm_id": "way/261971795", "building": "apartments" }, "geometry": { "type": "Point", "coordinates": [ -3.6783111, 40.417935 ] } },
{ "type": "Feature", "properties": { "osm_id": "way/261971796", "building": "apartments" }, "geometry": { "type": "Point", "coordinates": [ -3.6783886, 40.4181811 ] } },
{ "type": "Feature", "properties": { "osm_id": "way/261988477", "building": "apartments" }, "geometry": { "type": "Point", "coordinates": [ -3.6789586, 40.4197198 ] } },
{ "type": "Feature", "properties": { "osm_id": "way/261988478", "building": "apartments" }, "geometry": { "type": "Point", "coordinates": [ -3.6789936, 40.4198969 ] } },
{ "type": "Feature", "properties": { "osm_id": "way/261988479", "building": "apartments" }, "geometry": { "type": "Point", "coordinates": [ -3.6787226, 40.4203197 ] } },
{ "type": "Feature", "properties": { "osm_id": "way/261988480", "building": "apartments" }, "geometry": { "type": "Point", "coordinates": [ -3.6789048, 40.420329 ] } },
{ "type": "Feature", "properties": { "osm_id": "way/261988481", "building": "apartments" }, "geometry": { "type": "Point", "coordinates": [ -3.6785451, 40.420311 ] } },
{ "type": "Feature", "properties": { "osm_id": "way/261988482", "building": "apartments" }, "geometry": { "type": "Point", "coordinates": [ -3.6790651, 40.420103 ] } },
{ "type": "Feature", "properties": { "osm_id": "way/261988483", "building": "apartments" }, "geometry": { "type": "Point", "coordinates": [ -3.6791732, 40.4203419 ] } },
{ "type": "Feature", "properties": { "osm_id": "way/261988485", "building": "office" }, "geometry": { "type": "Point", "coordinates": [ -3.6783366, 40.4203005 ] } },
{ "type": "Feature", "properties": { "osm_id": "way/261990916", "building": "apartments" }, "geometry": { "type": "Point", "coordinates": [ -3.6781174, 40.4202988 ] } },
{ "type": "Feature", "properties": { "osm_id": "way/261990917", "building": "apartments" }, "geometry": { "type": "Point", "coordinates": [ -3.67787, 40.4201618 ] } },
{ "type": "Feature", "properties": { "osm_id": "way/261990918", "building": "apartments" }, "geometry": { "type": "Point", "coordinates": [ -3.6778677, 40.4203107 ] } },
{ "type": "Feature", "properties": { "osm_id": "way/261996017", "building": "apartments" }, "geometry": { "type": "Point", "coordinates": [ -3.6779217, 40.4196916 ] } },
{ "type": "Feature", "properties": { "osm_id": "way/261996018", "building": "apartments" }, "geometry": { "type": "Point", "coordinates": [ -3.6778837, 40.4200123 ] } },
{ "type": "Feature", "properties": { "osm_id": "way/261996019", "building": "apartments" }, "geometry": { "type": "Point", "coordinates": [ -3.6778977, 40.4198629 ] } },
{ "type": "Feature", "properties": { "osm_id": "way/262148234", "building": "apartments" }, "geometry": { "type": "Point", "coordinates": [ -3.6793087, 40.4208056 ] } },
{ "type": "Feature", "properties": { "osm_id": "way/262150709", "building": "apartments" }, "geometry": { "type": "Point", "coordinates": [ -3.6788341, 40.4206367 ] } },
{ "type": "Feature", "properties": { "osm_id": "way/262151650", "building": "apartments" }, "geometry": { "type": "Point", "coordinates": [ -3.6786557, 40.42071 ] } },
{ "type": "Feature", "properties": { "osm_id": "way/262151729", "building": "apartments" }, "geometry": { "type": "Point", "coordinates": [ -3.6784837, 40.420679 ] } },
{ "type": "Feature", "properties": { "osm_id": "way/262156541", "building": "apartments" }, "geometry": { "type": "Point", "coordinates": [ -3.6778218, 40.4205788 ] } },
{ "type": "Feature", "properties": { "osm_id": "way/262156543", "building": "apartments" }, "geometry": { "type": "Point", "coordinates": [ -3.6780007, 40.42064 ] } },
{ "type": "Feature", "properties": { "osm_id": "way/262156545", "building": "apartments" }, "geometry": { "type": "Point", "coordinates": [ -3.6781465, 40.4206632 ] } },
{ "type": "Feature", "properties": { "osm_id": "way/262156548", "building": "apartments" }, "geometry": { "type": "Point", "coordinates": [ -3.6783157, 40.4206719 ] } },
{ "type": "Feature", "properties": { "osm_id": "way/262159512", "building": "office" }, "geometry": { "type": "Point", "coordinates": [ -3.6786983, 40.4197425 ] } },
{ "type": "Feature", "properties": { "osm_id": "way/262159513", "building": "apartments" }, "geometry": { "type": "Point", "coordinates": [ -3.678138, 40.4196721 ] } },
{ "type": "Feature", "properties": { "osm_id": "way/262159777", "building": "apartments" }, "geometry": { "type": "Point", "coordinates": [ -3.6783412, 40.4197369 ] } },
{ "type": "Feature", "properties": { "osm_id": "way/262159883", "building": "apartments" }, "geometry": { "type": "Point", "coordinates": [ -3.6783265, 40.41967 ] } },
{ "type": "Feature", "properties": { "osm_id": "way/262166780", "building": "apartments" }, "geometry": { "type": "Point", "coordinates": [ -3.6778458, 40.4208304 ] } },
{ "type": "Feature", "properties": { "osm_id": "way/262166781", "building": "apartments" }, "geometry": { "type": "Point", "coordinates": [ -3.6778086, 40.4206966 ] } },
{ "type": "Feature", "properties": { "osm_id": "way/262166782", "building": "apartments" }, "geometry": { "type": "Point", "coordinates": [ -3.6778324, 40.4209818 ] } },
{ "type": "Feature", "properties": { "osm_id": "way/262298649", "building": "public" }, "geometry": { "type": "Point", "coordinates": [ -3.6775252, 40.4196472 ] } },
{ "type": "Feature", "properties": { "osm_id": "way/262298651", "building": "apartments" }, "geometry": { "type": "Point", "coordinates": [ -3.6775152, 40.4197889 ] } },
{ "type": "Feature", "properties": { "osm_id": "way/262298653", "building": "apartments" }, "geometry": { "type": "Point", "coordinates": [ -3.6774835, 40.4201006 ] } },
{ "type": "Feature", "properties": { "osm_id": "way/262484840", "building": "apartments" }, "geometry": { "type": "Point", "coordinates": [ -3.678712, 40.4210226 ] } },
{ "type": "Feature", "properties": { "osm_id": "way/262484860", "building": "apartments" }, "geometry": { "type": "Point", "coordinates": [ -3.6787259, 40.4208895 ] } },
{ "type": "Feature", "properties": { "osm_id": "way/262485215", "building": "apartments" }, "geometry": { "type": "Point", "coordinates": [ -3.6788253, 40.4207611 ] } },
{ "type": "Feature", "properties": { "osm_id": "way/263177863", "building": "apartments" }, "geometry": { "type": "Point", "coordinates": [ -3.6773724, 40.4205705 ] } },
{ "type": "Feature", "properties": { "osm_id": "way/263177866", "building": "apartments" }, "geometry": { "type": "Point", "coordinates": [ -3.6773617, 40.420714 ] } },
{ "type": "Feature", "properties": { "osm_id": "way/263177867", "building": "apartments" }, "geometry": { "type": "Point", "coordinates": [ -3.6772647, 40.4208485 ] } },
{ "type": "Feature", "properties": { "osm_id": "way/263301652", "building": "apartments" }, "geometry": { "type": "Point", "coordinates": [ -3.6773806, 40.4185836 ] } },
{ "type": "Feature", "properties": { "osm_id": "way/263301656", "building": "apartments" }, "geometry": { "type": "Point", "coordinates": [ -3.6776388, 40.4185631 ] } },
{ "type": "Feature", "properties": { "osm_id": "way/263302202", "building": "apartments" }, "geometry": { "type": "Point", "coordinates": [ -3.6773995, 40.4191294 ] } },
{ "type": "Feature", "properties": { "osm_id": "way/263302242", "building": "apartments" }, "geometry": { "type": "Point", "coordinates": [ -3.6776218, 40.4187381 ] } },
{ "type": "Feature", "properties": { "osm_id": "way/263302669", "building": "apartments" }, "geometry": { "type": "Point", "coordinates": [ -3.6776349, 40.4181489 ] } },
{ "type": "Feature", "properties": { "osm_id": "way/263303604", "building": "yes" }, "geometry": { "type": "Point", "coordinates": [ -3.6774584, 40.4180188 ] } },
{ "type": "Feature", "properties": { "osm_id": "way/265903386", "building": "apartments" }, "geometry": { "type": "Point", "coordinates": [ -3.6865052, 40.4207572 ] } },
{ "type": "Feature", "properties": { "osm_id": "way/265903387", "building": "apartments" }, "geometry": { "type": "Point", "coordinates": [ -3.6866972, 40.4207215 ] } },
{ "type": "Feature", "properties": { "osm_id": "way/265903388", "building": "apartments" }, "geometry": { "type": "Point", "coordinates": [ -3.6868694, 40.4206512 ] } },
{ "type": "Feature", "properties": { "osm_id": "way/265903389", "building": "apartments" }, "geometry": { "type": "Point", "coordinates": [ -3.6870502, 40.4206513 ] } },
{ "type": "Feature", "properties": { "osm_id": "way/265903390", "building": "apartments" }, "geometry": { "type": "Point", "coordinates": [ -3.6869945, 40.4208442 ] } },
{ "type": "Feature", "properties": { "osm_id": "way/265903391", "building": "apartments" }, "geometry": { "type": "Point", "coordinates": [ -3.6869639, 40.420983 ] } },
{ "type": "Feature", "properties": { "osm_id": "way/265903392", "building": "apartments" }, "geometry": { "type": "Point", "coordinates": [ -3.6866516, 40.4209368 ] } },
{ "type": "Feature", "properties": { "osm_id": "way/266077838", "building": "apartments" }, "geometry": { "type": "Point", "coordinates": [ -3.6848289, 40.4211674 ] } },
{ "type": "Feature", "properties": { "osm_id": "way/266077843", "building": "apartments" }, "geometry": { "type": "Point", "coordinates": [ -3.6850401, 40.42109 ] } },
{ "type": "Feature", "properties": { "osm_id": "way/266077844", "building": "apartments" }, "geometry": { "type": "Point", "coordinates": [ -3.6852195, 40.4210503 ] } },
{ "type": "Feature", "properties": { "osm_id": "way/266077845", "building": "apartments" }, "geometry": { "type": "Point", "coordinates": [ -3.6854166, 40.4210094 ] } },
{ "type": "Feature", "properties": { "osm_id": "way/266077846", "building": "apartments" }, "geometry": { "type": "Point", "coordinates": [ -3.6856207, 40.4208918 ] } },
{ "type": "Feature", "properties": { "osm_id": "way/267163998", "building": "apartments" }, "geometry": { "type": "Point", "coordinates": [ -3.6879177, 40.4209563 ] } },
{ "type": "Feature", "properties": { "osm_id": "way/267164000", "building": "apartments" }, "geometry": { "type": "Point", "coordinates": [ -3.6881086, 40.4210086 ] } },
{ "type": "Feature", "properties": { "osm_id": "way/267164065", "building": "public" }, "geometry": { "type": "Point", "coordinates": [ -3.6878662, 40.4204985 ] } },
{ "type": "Feature", "properties": { "osm_id": "way/267164104", "building": "apartments" }, "geometry": { "type": "Point", "coordinates": [ -3.6883032, 40.4210144 ] } },
{ "type": "Feature", "properties": { "osm_id": "way/279218159", "building": "apartments" }, "geometry": { "type": "Point", "coordinates": [ -3.6805813, 40.4068466 ] } },
{ "type": "Feature", "properties": { "osm_id": "way/279218161", "building": "apartments" }, "geometry": { "type": "Point", "coordinates": [ -3.6815315, 40.4068077 ] } },
{ "type": "Feature", "properties": { "osm_id": "way/279218162", "building": "apartments" }, "geometry": { "type": "Point", "coordinates": [ -3.6813547, 40.4068708 ] } },
{ "type": "Feature", "properties": { "osm_id": "way/279218164", "building": "apartments" }, "geometry": { "type": "Point", "coordinates": [ -3.6809085, 40.4068046 ] } },
{ "type": "Feature", "properties": { "osm_id": "way/279218165", "building": "apartments" }, "geometry": { "type": "Point", "coordinates": [ -3.6804643, 40.4070063 ] } },
{ "type": "Feature", "properties": { "osm_id": "way/279218166", "building": "school" }, "geometry": { "type": "Point", "coordinates": [ -3.6813562, 40.4065843 ] } },
{ "type": "Feature", "properties": { "osm_id": "way/279218167", "building": "apartments" }, "geometry": { "type": "Point", "coordinates": [ -3.6806664, 40.4069998 ] } },
{ "type": "Feature", "properties": { "osm_id": "way/286816147", "building": "civic" }, "geometry": { "type": "Point", "coordinates": [ -3.6935688, 40.4111065 ] } },
{ "type": "Feature", "properties": { "osm_id": "way/286816149", "building": "apartments" }, "geometry": { "type": "Point", "coordinates": [ -3.6930512, 40.4103869 ] } },
{ "type": "Feature", "properties": { "osm_id": "way/286816150", "building": "apartments" }, "geometry": { "type": "Point", "coordinates": [ -3.6931166, 40.4098874 ] } },
{ "type": "Feature", "properties": { "osm_id": "way/286816153", "building": "hotel" }, "geometry": { "type": "Point", "coordinates": [ -3.6928093, 40.4097967 ] } },
{ "type": "Feature", "properties": { "osm_id": "way/288780662", "building": "apartments" }, "geometry": { "type": "Point", "coordinates": [ -3.6873327, 40.4071768 ] } },
{ "type": "Feature", "properties": { "osm_id": "way/288780663", "building": "apartments" }, "geometry": { "type": "Point", "coordinates": [ -3.6871959, 40.4068536 ] } },
{ "type": "Feature", "properties": { "osm_id": "way/288780664", "building": "apartments" }, "geometry": { "type": "Point", "coordinates": [ -3.6878122, 40.407159 ] } },
{ "type": "Feature", "properties": { "osm_id": "way/288780665", "building": "apartments" }, "geometry": { "type": "Point", "coordinates": [ -3.6883508, 40.4075655 ] } },
{ "type": "Feature", "properties": { "osm_id": "way/288780666", "building": "apartments" }, "geometry": { "type": "Point", "coordinates": [ -3.6867376, 40.4067703 ] } },
{ "type": "Feature", "properties": { "osm_id": "way/288780667", "building": "apartments" }, "geometry": { "type": "Point", "coordinates": [ -3.6870226, 40.4068725 ] } },
{ "type": "Feature", "properties": { "osm_id": "way/288780668", "building": "apartments" }, "geometry": { "type": "Point", "coordinates": [ -3.688002, 40.4075407 ] } },
{ "type": "Feature", "properties": { "osm_id": "way/288780669", "building": "apartments" }, "geometry": { "type": "Point", "coordinates": [ -3.6865857, 40.4066724 ] } },
{ "type": "Feature", "properties": { "osm_id": "way/288780670", "building": "apartments" }, "geometry": { "type": "Point", "coordinates": [ -3.6874974, 40.4069459 ] } },
{ "type": "Feature", "properties": { "osm_id": "way/288994040", "building": "civic" }, "geometry": { "type": "Point", "coordinates": [ -3.6947314, 40.4074641 ] } },
{ "type": "Feature", "properties": { "osm_id": "way/288994041", "building": "apartments" }, "geometry": { "type": "Point", "coordinates": [ -3.6890496, 40.4082067 ] } },
{ "type": "Feature", "properties": { "osm_id": "way/288994042", "building": "apartments" }, "geometry": { "type": "Point", "coordinates": [ -3.6894509, 40.4083965 ] } },
{ "type": "Feature", "properties": { "osm_id": "way/288994044", "building": "apartments" }, "geometry": { "type": "Point", "coordinates": [ -3.6893486, 40.4086001 ] } },
{ "type": "Feature", "properties": { "osm_id": "way/288994045", "building": "apartments" }, "geometry": { "type": "Point", "coordinates": [ -3.6961001, 40.4080275 ] } },
{ "type": "Feature", "properties": { "osm_id": "way/288994047", "building": "apartments" }, "geometry": { "type": "Point", "coordinates": [ -3.6960274, 40.4081161 ] } },
{ "type": "Feature", "properties": { "osm_id": "way/288994048", "building": "apartments" }, "geometry": { "type": "Point", "coordinates": [ -3.6890301, 40.4080154 ] } },
{ "type": "Feature", "properties": { "osm_id": "way/288994049", "building": "apartments" }, "geometry": { "type": "Point", "coordinates": [ -3.6957663, 40.4081039 ] } },
{ "type": "Feature", "properties": { "osm_id": "way/288994050", "building": "apartments" }, "geometry": { "type": "Point", "coordinates": [ -3.6891316, 40.4089566 ] } },
{ "type": "Feature", "properties": { "osm_id": "way/288994051", "building": "apartments" }, "geometry": { "type": "Point", "coordinates": [ -3.6959177, 40.4079362 ] } },
{ "type": "Feature", "properties": { "osm_id": "way/288994052", "building": "apartments" }, "geometry": { "type": "Point", "coordinates": [ -3.692876, 40.4089303 ] } },
{ "type": "Feature", "properties": { "osm_id": "way/288994053", "building": "apartments" }, "geometry": { "type": "Point", "coordinates": [ -3.6958416, 40.4080241 ] } },
{ "type": "Feature", "properties": { "osm_id": "way/288994054", "building": "apartments" }, "geometry": { "type": "Point", "coordinates": [ -3.6959557, 40.4082075 ] } },
{ "type": "Feature", "properties": { "osm_id": "way/288994055", "building": "apartments" }, "geometry": { "type": "Point", "coordinates": [ -3.6927543, 40.4090942 ] } },
{ "type": "Feature", "properties": { "osm_id": "way/288994056", "building": "apartments" }, "geometry": { "type": "Point", "coordinates": [ -3.6895432, 40.4083141 ] } },
{ "type": "Feature", "properties": { "osm_id": "way/288994057", "building": "apartments" }, "geometry": { "type": "Point", "coordinates": [ -3.6889965, 40.4087591 ] } },
{ "type": "Feature", "properties": { "osm_id": "way/288994059", "building": "apartments" }, "geometry": { "type": "Point", "coordinates": [ -3.6894517, 40.4080259 ] } },
{ "type": "Feature", "properties": { "osm_id": "way/288994060", "building": "apartments" }, "geometry": { "type": "Point", "coordinates": [ -3.689767, 40.408188 ] } },
{ "type": "Feature", "properties": { "osm_id": "way/288994061", "building": "civic" }, "geometry": { "type": "Point", "coordinates": [ -3.6961126, 40.4077456 ] } },
{ "type": "Feature", "properties": { "osm_id": "way/288994062", "building": "apartments" }, "geometry": { "type": "Point", "coordinates": [ -3.6896274, 40.4081125 ] } },
{ "type": "Feature", "properties": { "osm_id": "way/288994063", "building": "apartments" }, "geometry": { "type": "Point", "coordinates": [ -3.6890833, 40.4084538 ] } },
{ "type": "Feature", "properties": { "osm_id": "way/288994064", "building": "civic" }, "geometry": { "type": "Point", "coordinates": [ -3.6954901, 40.4074034 ] } },
{ "type": "Feature", "properties": { "osm_id": "way/289333926", "building": "apartments" }, "geometry": { "type": "Point", "coordinates": [ -3.6913177, 40.4162082 ] } },
{ "type": "Feature", "properties": { "osm_id": "way/289333927", "building": "apartments" }, "geometry": { "type": "Point", "coordinates": [ -3.6909341, 40.4186956 ] } },
{ "type": "Feature", "properties": { "osm_id": "way/289333931", "building": "apartments" }, "geometry": { "type": "Point", "coordinates": [ -3.6901849, 40.4149648 ] } },
{ "type": "Feature", "properties": { "osm_id": "way/289333934", "building": "apartments" }, "geometry": { "type": "Point", "coordinates": [ -3.6911144, 40.4162213 ] } },
{ "type": "Feature", "properties": { "osm_id": "way/289333936", "building": "apartments" }, "geometry": { "type": "Point", "coordinates": [ -3.6909406, 40.4190656 ] } },
{ "type": "Feature", "properties": { "osm_id": "way/289333938", "building": "apartments" }, "geometry": { "type": "Point", "coordinates": [ -3.6907912, 40.4183889 ] } },
{ "type": "Feature", "properties": { "osm_id": "way/289333939", "building": "apartments" }, "geometry": { "type": "Point", "coordinates": [ -3.6910975, 40.4183915 ] } },
{ "type": "Feature", "properties": { "osm_id": "way/289333940", "building": "apartments" }, "geometry": { "type": "Point", "coordinates": [ -3.689958, 40.4149081 ] } },
{ "type": "Feature", "properties": { "osm_id": "way/289333941", "building": "apartments" }, "geometry": { "type": "Point", "coordinates": [ -3.6897228, 40.4149097 ] } },
{ "type": "Feature", "properties": { "osm_id": "way/289333943", "building": "apartments" }, "geometry": { "type": "Point", "coordinates": [ -3.6892441, 40.4149126 ] } },
{ "type": "Feature", "properties": { "osm_id": "way/289333944", "building": "apartments" }, "geometry": { "type": "Point", "coordinates": [ -3.6906865, 40.4162374 ] } },
{ "type": "Feature", "properties": { "osm_id": "way/289333945", "building": "apartments" }, "geometry": { "type": "Point", "coordinates": [ -3.6912864, 40.4160031 ] } },
{ "type": "Feature", "properties": { "osm_id": "way/290774204", "building": "apartments" }, "geometry": { "type": "Point", "coordinates": [ -3.693121, 40.4053869 ] } },
{ "type": "Feature", "properties": { "osm_id": "way/290774205", "building": "apartments" }, "geometry": { "type": "Point", "coordinates": [ -3.6928427, 40.4053675 ] } },
{ "type": "Feature", "properties": { "osm_id": "way/290774206", "building": "apartments" }, "geometry": { "type": "Point", "coordinates": [ -3.6924907, 40.4055139 ] } },
{ "type": "Feature", "properties": { "osm_id": "way/290774207", "building": "apartments" }, "geometry": { "type": "Point", "coordinates": [ -3.6925358, 40.4053482 ] } },
{ "type": "Feature", "properties": { "osm_id": "way/290774208", "building": "apartments" }, "geometry": { "type": "Point", "coordinates": [ -3.6922562, 40.4054997 ] } },
{ "type": "Feature", "properties": { "osm_id": "way/290774210", "building": "apartments" }, "geometry": { "type": "Point", "coordinates": [ -3.6922087, 40.4057897 ] } },
{ "type": "Feature", "properties": { "osm_id": "way/290774212", "building": "apartments" }, "geometry": { "type": "Point", "coordinates": [ -3.6930806, 40.4057417 ] } },
{ "type": "Feature", "properties": { "osm_id": "way/290774213", "building": "hotel" }, "geometry": { "type": "Point", "coordinates": [ -3.6922189, 40.4056747 ] } },
{ "type": "Feature", "properties": { "osm_id": "way/291796042", "building": "apartments" }, "geometry": { "type": "Point", "coordinates": [ -3.6929768, 40.4067382 ] } },
{ "type": "Feature", "properties": { "osm_id": "way/291796045", "building": "apartments" }, "geometry": { "type": "Point", "coordinates": [ -3.692787, 40.4067727 ] } },
{ "type": "Feature", "properties": { "osm_id": "way/291796047", "building": "apartments" }, "geometry": { "type": "Point", "coordinates": [ -3.6925168, 40.4065119 ] } },
{ "type": "Feature", "properties": { "osm_id": "way/291796048", "building": "apartments" }, "geometry": { "type": "Point", "coordinates": [ -3.6929358, 40.406953 ] } },
{ "type": "Feature", "properties": { "osm_id": "way/291935620", "building": "apartments" }, "geometry": { "type": "Point", "coordinates": [ -3.6944888, 40.4112003 ] } },
{ "type": "Feature", "properties": { "osm_id": "way/291935622", "building": "apartments" }, "geometry": { "type": "Point", "coordinates": [ -3.694366, 40.4116521 ] } },
{ "type": "Feature", "properties": { "osm_id": "way/291935624", "building": "apartments" }, "geometry": { "type": "Point", "coordinates": [ -3.6946587, 40.4116668 ] } },
{ "type": "Feature", "properties": { "osm_id": "way/291935625", "building": "apartments" }, "geometry": { "type": "Point", "coordinates": [ -3.6945099, 40.4113962 ] } },
{ "type": "Feature", "properties": { "osm_id": "way/291935626", "building": "apartments" }, "geometry": { "type": "Point", "coordinates": [ -3.6961142, 40.4110953 ] } },
{ "type": "Feature", "properties": { "osm_id": "way/291935627", "building": "apartments" }, "geometry": { "type": "Point", "coordinates": [ -3.6961804, 40.411432 ] } },
{ "type": "Feature", "properties": { "osm_id": "way/291935629", "building": "apartments" }, "geometry": { "type": "Point", "coordinates": [ -3.6949248, 40.4116518 ] } },
{ "type": "Feature", "properties": { "osm_id": "way/291935630", "building": "apartments" }, "geometry": { "type": "Point", "coordinates": [ -3.6943757, 40.4111824 ] } },
{ "type": "Feature", "properties": { "osm_id": "way/291935631", "building": "apartments" }, "geometry": { "type": "Point", "coordinates": [ -3.694911, 40.4117443 ] } },
{ "type": "Feature", "properties": { "osm_id": "way/291935632", "building": "apartments" }, "geometry": { "type": "Point", "coordinates": [ -3.6954285, 40.4117568 ] } },
{ "type": "Feature", "properties": { "osm_id": "way/291935633", "building": "apartments" }, "geometry": { "type": "Point", "coordinates": [ -3.6954313, 40.4116725 ] } },
{ "type": "Feature", "properties": { "osm_id": "way/291935634", "building": "apartments" }, "geometry": { "type": "Point", "coordinates": [ -3.6958504, 40.4109452 ] } },
{ "type": "Feature", "properties": { "osm_id": "way/291935635", "building": "apartments" }, "geometry": { "type": "Point", "coordinates": [ -3.6939613, 40.4110643 ] } },
{ "type": "Feature", "properties": { "osm_id": "way/291935636", "building": "apartments" }, "geometry": { "type": "Point", "coordinates": [ -3.6953471, 40.4117081 ] } },
{ "type": "Feature", "properties": { "osm_id": "way/291935638", "building": "apartments" }, "geometry": { "type": "Point", "coordinates": [ -3.6957613, 40.4114726 ] } },
{ "type": "Feature", "properties": { "osm_id": "way/291935639", "building": "apartments" }, "geometry": { "type": "Point", "coordinates": [ -3.695761, 40.4115512 ] } },
{ "type": "Feature", "properties": { "osm_id": "way/291935640", "building": "apartments" }, "geometry": { "type": "Point", "coordinates": [ -3.6958116, 40.4113102 ] } },
{ "type": "Feature", "properties": { "osm_id": "way/291935642", "building": "apartments" }, "geometry": { "type": "Point", "coordinates": [ -3.6959704, 40.4109892 ] } },
{ "type": "Feature", "properties": { "osm_id": "way/291935643", "building": "apartments" }, "geometry": { "type": "Point", "coordinates": [ -3.6957492, 40.4108898 ] } },
{ "type": "Feature", "properties": { "osm_id": "way/291935644", "building": "apartments" }, "geometry": { "type": "Point", "coordinates": [ -3.6945496, 40.4114428 ] } },
{ "type": "Feature", "properties": { "osm_id": "way/291935645", "building": "apartments" }, "geometry": { "type": "Point", "coordinates": [ -3.6958148, 40.4111975 ] } },
{ "type": "Feature", "properties": { "osm_id": "way/291935646", "building": "apartments" }, "geometry": { "type": "Point", "coordinates": [ -3.695109, 40.411691 ] } },
{ "type": "Feature", "properties": { "osm_id": "way/291935647", "building": "apartments" }, "geometry": { "type": "Point", "coordinates": [ -3.6939446, 40.4113822 ] } },
{ "type": "Feature", "properties": { "osm_id": "way/291935648", "building": "apartments" }, "geometry": { "type": "Point", "coordinates": [ -3.6952, 40.4117023 ] } },
{ "type": "Feature", "properties": { "osm_id": "way/291935649", "building": "apartments" }, "geometry": { "type": "Point", "coordinates": [ -3.694708, 40.4113684 ] } },
{ "type": "Feature", "properties": { "osm_id": "way/291935650", "building": "apartments" }, "geometry": { "type": "Point", "coordinates": [ -3.6942359, 40.4111604 ] } },
{ "type": "Feature", "properties": { "osm_id": "way/291935651", "building": "apartments" }, "geometry": { "type": "Point", "coordinates": [ -3.6960451, 40.4115284 ] } },
{ "type": "Feature", "properties": { "osm_id": "way/291935652", "building": "apartments" }, "geometry": { "type": "Point", "coordinates": [ -3.6939492, 40.4112751 ] } },
{ "type": "Feature", "properties": { "osm_id": "way/291935653", "building": "apartments" }, "geometry": { "type": "Point", "coordinates": [ -3.6959082, 40.4115319 ] } },
{ "type": "Feature", "properties": { "osm_id": "way/291935654", "building": "apartments" }, "geometry": { "type": "Point", "coordinates": [ -3.6958243, 40.4110869 ] } },
{ "type": "Feature", "properties": { "osm_id": "way/291935655", "building": "hotel" }, "geometry": { "type": "Point", "coordinates": [ -3.6943237, 40.4113792 ] } },
{ "type": "Feature", "properties": { "osm_id": "way/291935656", "building": "apartments" }, "geometry": { "type": "Point", "coordinates": [ -3.694135, 40.4113619 ] } },
{ "type": "Feature", "properties": { "osm_id": "way/291935657", "building": "apartments" }, "geometry": { "type": "Point", "coordinates": [ -3.694686, 40.4112133 ] } },
{ "type": "Feature", "properties": { "osm_id": "way/291935658", "building": "apartments" }, "geometry": { "type": "Point", "coordinates": [ -3.6939725, 40.4111819 ] } },
{ "type": "Feature", "properties": { "osm_id": "way/291935659", "building": "apartments" }, "geometry": { "type": "Point", "coordinates": [ -3.6941078, 40.4110855 ] } },
{ "type": "Feature", "properties": { "osm_id": "way/291935660", "building": "apartments" }, "geometry": { "type": "Point", "coordinates": [ -3.6958104, 40.4114098 ] } },
{ "type": "Feature", "properties": { "osm_id": "way/291952397", "building": "apartments" }, "geometry": { "type": "Point", "coordinates": [ -3.6916986, 40.4199294 ] } },
{ "type": "Feature", "properties": { "osm_id": "way/291952398", "building": "apartments" }, "geometry": { "type": "Point", "coordinates": [ -3.6914934, 40.4199458 ] } },
{ "type": "Feature", "properties": { "osm_id": "way/291952400", "building": "apartments" }, "geometry": { "type": "Point", "coordinates": [ -3.6911344, 40.4199611 ] } },
{ "type": "Feature", "properties": { "osm_id": "way/291952401", "building": "apartments" }, "geometry": { "type": "Point", "coordinates": [ -3.6906051, 40.4200535 ] } },
{ "type": "Feature", "properties": { "osm_id": "way/291952402", "building": "apartments" }, "geometry": { "type": "Point", "coordinates": [ -3.6901787, 40.4201124 ] } },
{ "type": "Feature", "properties": { "osm_id": "way/291952403", "building": "apartments" }, "geometry": { "type": "Point", "coordinates": [ -3.6898934, 40.4201069 ] } },
{ "type": "Feature", "properties": { "osm_id": "way/291952405", "building": "apartments" }, "geometry": { "type": "Point", "coordinates": [ -3.6898108, 40.4145548 ] } },
{ "type": "Feature", "properties": { "osm_id": "way/291952406", "building": "apartments" }, "geometry": { "type": "Point", "coordinates": [ -3.6900861, 40.4141009 ] } },
{ "type": "Feature", "properties": { "osm_id": "way/291952407", "building": "apartments" }, "geometry": { "type": "Point", "coordinates": [ -3.6895576, 40.4141519 ] } },
{ "type": "Feature", "properties": { "osm_id": "way/291952408", "building": "apartments" }, "geometry": { "type": "Point", "coordinates": [ -3.6892624, 40.4161088 ] } },
{ "type": "Feature", "properties": { "osm_id": "way/291952410", "building": "apartments" }, "geometry": { "type": "Point", "coordinates": [ -3.6894656, 40.4163373 ] } },
{ "type": "Feature", "properties": { "osm_id": "way/291952412", "building": "apartments" }, "geometry": { "type": "Point", "coordinates": [ -3.6895752, 40.4145517 ] } },
{ "type": "Feature", "properties": { "osm_id": "way/291952413", "building": "apartments" }, "geometry": { "type": "Point", "coordinates": [ -3.6894031, 40.41452 ] } },
{ "type": "Feature", "properties": { "osm_id": "way/291952414", "building": "apartments" }, "geometry": { "type": "Point", "coordinates": [ -3.6892702, 40.4163367 ] } },
{ "type": "Feature", "properties": { "osm_id": "way/291952422", "building": "apartments" }, "geometry": { "type": "Point", "coordinates": [ -3.6901038, 40.4146006 ] } },
{ "type": "Feature", "properties": { "osm_id": "way/291952424", "building": "apartments" }, "geometry": { "type": "Point", "coordinates": [ -3.6902384, 40.4162537 ] } },
{ "type": "Feature", "properties": { "osm_id": "way/291952431", "building": "apartments" }, "geometry": { "type": "Point", "coordinates": [ -3.6900471, 40.4162605 ] } },
{ "type": "Feature", "properties": { "osm_id": "way/291952433", "building": "apartments" }, "geometry": { "type": "Point", "coordinates": [ -3.6892245, 40.4145601 ] } },
{ "type": "Feature", "properties": { "osm_id": "way/291952434", "building": "apartments" }, "geometry": { "type": "Point", "coordinates": [ -3.6900921, 40.4142694 ] } },
{ "type": "Feature", "properties": { "osm_id": "way/291952435", "building": "apartments" }, "geometry": { "type": "Point", "coordinates": [ -3.689456, 40.4161024 ] } },
{ "type": "Feature", "properties": { "osm_id": "way/291952438", "building": "apartments" }, "geometry": { "type": "Point", "coordinates": [ -3.6897969, 40.4142235 ] } },
{ "type": "Feature", "properties": { "osm_id": "way/291952442", "building": "apartments" }, "geometry": { "type": "Point", "coordinates": [ -3.6892642, 40.4141581 ] } },
{ "type": "Feature", "properties": { "osm_id": "way/291958823", "building": "apartments" }, "geometry": { "type": "Point", "coordinates": [ -3.6891023, 40.4207809 ] } },
{ "type": "Feature", "properties": { "osm_id": "way/291958824", "building": "apartments" }, "geometry": { "type": "Point", "coordinates": [ -3.6888728, 40.4208285 ] } },
{ "type": "Feature", "properties": { "osm_id": "way/291973300", "building": "apartments" }, "geometry": { "type": "Point", "coordinates": [ -3.6942246, 40.4069173 ] } },
{ "type": "Feature", "properties": { "osm_id": "way/291973301", "building": "apartments" }, "geometry": { "type": "Point", "coordinates": [ -3.6950743, 40.4046051 ] } },
{ "type": "Feature", "properties": { "osm_id": "way/291973303", "building": "apartments" }, "geometry": { "type": "Point", "coordinates": [ -3.6944826, 40.4048923 ] } },
{ "type": "Feature", "properties": { "osm_id": "way/291973304", "building": "apartments" }, "geometry": { "type": "Point", "coordinates": [ -3.6943048, 40.4058699 ] } },
{ "type": "Feature", "properties": { "osm_id": "way/291973305", "building": "apartments" }, "geometry": { "type": "Point", "coordinates": [ -3.6939145, 40.4043322 ] } },
{ "type": "Feature", "properties": { "osm_id": "way/291973306", "building": "apartments" }, "geometry": { "type": "Point", "coordinates": [ -3.6946287, 40.404577 ] } },
{ "type": "Feature", "properties": { "osm_id": "way/291973307", "building": "apartments" }, "geometry": { "type": "Point", "coordinates": [ -3.6960384, 40.4041214 ] } },
{ "type": "Feature", "properties": { "osm_id": "way/291973309", "building": "apartments" }, "geometry": { "type": "Point", "coordinates": [ -3.6943638, 40.4057781 ] } },
{ "type": "Feature", "properties": { "osm_id": "way/291973311", "building": "apartments" }, "geometry": { "type": "Point", "coordinates": [ -3.6953521, 40.4068131 ] } },
{ "type": "Feature", "properties": { "osm_id": "way/291973312", "building": "apartments" }, "geometry": { "type": "Point", "coordinates": [ -3.6931017, 40.405563 ] } },
{ "type": "Feature", "properties": { "osm_id": "way/291973314", "building": "apartments" }, "geometry": { "type": "Point", "coordinates": [ -3.693817, 40.4048744 ] } },
{ "type": "Feature", "properties": { "osm_id": "way/291973315", "building": "apartments" }, "geometry": { "type": "Point", "coordinates": [ -3.694358, 40.40704 ] } },
{ "type": "Feature", "properties": { "osm_id": "way/291973316", "building": "hotel" }, "geometry": { "type": "Point", "coordinates": [ -3.6956241, 40.406596 ] } },
{ "type": "Feature", "properties": { "osm_id": "way/291973317", "building": "apartments" }, "geometry": { "type": "Point", "coordinates": [ -3.6926828, 40.405982 ] } },
{ "type": "Feature", "properties": { "osm_id": "way/291973318", "building": "apartments" }, "geometry": { "type": "Point", "coordinates": [ -3.694525, 40.406999 ] } },
{ "type": "Feature", "properties": { "osm_id": "way/291973319", "building": "apartments" }, "geometry": { "type": "Point", "coordinates": [ -3.6959991, 40.4039652 ] } },
{ "type": "Feature", "properties": { "osm_id": "way/291973320", "building": "apartments" }, "geometry": { "type": "Point", "coordinates": [ -3.6943288, 40.4068214 ] } },
{ "type": "Feature", "properties": { "osm_id": "way/291973321", "building": "apartments" }, "geometry": { "type": "Point", "coordinates": [ -3.6948757, 40.4043793 ] } },
{ "type": "Feature", "properties": { "osm_id": "way/291973322", "building": "apartments" }, "geometry": { "type": "Point", "coordinates": [ -3.6945669, 40.4065868 ] } },
{ "type": "Feature", "properties": { "osm_id": "way/291973323", "building": "apartments" }, "geometry": { "type": "Point", "coordinates": [ -3.6930457, 40.4060423 ] } },
{ "type": "Feature", "properties": { "osm_id": "way/291973324", "building": "apartments" }, "geometry": { "type": "Point", "coordinates": [ -3.6946524, 40.4043664 ] } },
{ "type": "Feature", "properties": { "osm_id": "way/291973325", "building": "apartments" }, "geometry": { "type": "Point", "coordinates": [ -3.695098, 40.404392 ] } },
{ "type": "Feature", "properties": { "osm_id": "way/291973326", "building": "apartments" }, "geometry": { "type": "Point", "coordinates": [ -3.693064, 40.4058991 ] } },
{ "type": "Feature", "properties": { "osm_id": "way/291973327", "building": "apartments" }, "geometry": { "type": "Point", "coordinates": [ -3.6944728, 40.4067263 ] } },
{ "type": "Feature", "properties": { "osm_id": "way/291973329", "building": "apartments" }, "geometry": { "type": "Point", "coordinates": [ -3.6944284, 40.4043675 ] } },
{ "type": "Feature", "properties": { "osm_id": "way/291973330", "building": "apartments" }, "geometry": { "type": "Point", "coordinates": [ -3.694208, 40.4043537 ] } },
{ "type": "Feature", "properties": { "osm_id": "way/291973331", "building": "apartments" }, "geometry": { "type": "Point", "coordinates": [ -3.6941429, 40.4051606 ] } },
{ "type": "Feature", "properties": { "osm_id": "way/291973332", "building": "apartments" }, "geometry": { "type": "Point", "coordinates": [ -3.693618, 40.4063381 ] } },
{ "type": "Feature", "properties": { "osm_id": "way/291973333", "building": "apartments" }, "geometry": { "type": "Point", "coordinates": [ -3.6958689, 40.4065914 ] } },
{ "type": "Feature", "properties": { "osm_id": "way/291973334", "building": "apartments" }, "geometry": { "type": "Point", "coordinates": [ -3.6946915, 40.4048949 ] } },
{ "type": "Feature", "properties": { "osm_id": "way/291973336", "building": "apartments" }, "geometry": { "type": "Point", "coordinates": [ -3.6935371, 40.4067383 ] } },
{ "type": "Feature", "properties": { "osm_id": "way/291973338", "building": "apartments" }, "geometry": { "type": "Point", "coordinates": [ -3.6950931, 40.4048987 ] } },
{ "type": "Feature", "properties": { "osm_id": "way/291973339", "building": "apartments" }, "geometry": { "type": "Point", "coordinates": [ -3.6937456, 40.4066588 ] } },
{ "type": "Feature", "properties": { "osm_id": "way/291973341", "building": "apartments" }, "geometry": { "type": "Point", "coordinates": [ -3.6944676, 40.4040277 ] } },
{ "type": "Feature", "properties": { "osm_id": "way/291973344", "building": "apartments" }, "geometry": { "type": "Point", "coordinates": [ -3.6949136, 40.4040452 ] } },
{ "type": "Feature", "properties": { "osm_id": "way/291973346", "building": "apartments" }, "geometry": { "type": "Point", "coordinates": [ -3.6948185, 40.4055436 ] } },
{ "type": "Feature", "properties": { "osm_id": "way/291973347", "building": "apartments" }, "geometry": { "type": "Point", "coordinates": [ -3.6936075, 40.4064322 ] } },
{ "type": "Feature", "properties": { "osm_id": "way/291973348", "building": "apartments" }, "geometry": { "type": "Point", "coordinates": [ -3.6936621, 40.4062448 ] } },
{ "type": "Feature", "properties": { "osm_id": "way/291973349", "building": "apartments" }, "geometry": { "type": "Point", "coordinates": [ -3.6937871, 40.4065823 ] } },
{ "type": "Feature", "properties": { "osm_id": "way/291973350", "building": "apartments" }, "geometry": { "type": "Point", "coordinates": [ -3.6940404, 40.4040315 ] } },
{ "type": "Feature", "properties": { "osm_id": "way/291973351", "building": "apartments" }, "geometry": { "type": "Point", "coordinates": [ -3.6952919, 40.4046639 ] } },
{ "type": "Feature", "properties": { "osm_id": "way/291973353", "building": "apartments" }, "geometry": { "type": "Point", "coordinates": [ -3.6936998, 40.4060569 ] } },
{ "type": "Feature", "properties": { "osm_id": "way/291973356", "building": "apartments" }, "geometry": { "type": "Point", "coordinates": [ -3.6937522, 40.4054478 ] } },
{ "type": "Feature", "properties": { "osm_id": "way/291973358", "building": "apartments" }, "geometry": { "type": "Point", "coordinates": [ -3.6935535, 40.4065711 ] } },
{ "type": "Feature", "properties": { "osm_id": "way/291973360", "building": "apartments" }, "geometry": { "type": "Point", "coordinates": [ -3.6937304, 40.4056359 ] } },
{ "type": "Feature", "properties": { "osm_id": "way/291973362", "building": "construction" }, "geometry": { "type": "Point", "coordinates": [ -3.6946621, 40.4051627 ] } },
{ "type": "Feature", "properties": { "osm_id": "way/291973364", "building": "apartments" }, "geometry": { "type": "Point", "coordinates": [ -3.6944549, 40.4051571 ] } },
{ "type": "Feature", "properties": { "osm_id": "way/291973368", "building": "roof" }, "geometry": { "type": "Point", "coordinates": [ -3.6952622, 40.4058232 ] } },
{ "type": "Feature", "properties": { "osm_id": "way/291973370", "building": "apartments" }, "geometry": { "type": "Point", "coordinates": [ -3.6936171, 40.4068139 ] } },
{ "type": "Feature", "properties": { "osm_id": "way/291973372", "building": "apartments" }, "geometry": { "type": "Point", "coordinates": [ -3.6941815, 40.404844 ] } },
{ "type": "Feature", "properties": { "osm_id": "way/291973374", "building": "apartments" }, "geometry": { "type": "Point", "coordinates": [ -3.6938454, 40.4045373 ] } },
{ "type": "Feature", "properties": { "osm_id": "way/291973379", "building": "apartments" }, "geometry": { "type": "Point", "coordinates": [ -3.6937231, 40.4059643 ] } },
{ "type": "Feature", "properties": { "osm_id": "way/291973382", "building": "apartments" }, "geometry": { "type": "Point", "coordinates": [ -3.6938983, 40.4064506 ] } },
{ "type": "Feature", "properties": { "osm_id": "way/291973384", "building": "apartments" }, "geometry": { "type": "Point", "coordinates": [ -3.6941153, 40.4045559 ] } },
{ "type": "Feature", "properties": { "osm_id": "way/291973385", "building": "apartments" }, "geometry": { "type": "Point", "coordinates": [ -3.6941018, 40.4070834 ] } },
{ "type": "Feature", "properties": { "osm_id": "way/291973386", "building": "apartments" }, "geometry": { "type": "Point", "coordinates": [ -3.6953278, 40.4049541 ] } },
{ "type": "Feature", "properties": { "osm_id": "way/291973387", "building": "hotel" }, "geometry": { "type": "Point", "coordinates": [ -3.6937938, 40.4051013 ] } },
{ "type": "Feature", "properties": { "osm_id": "way/291973388", "building": "apartments" }, "geometry": { "type": "Point", "coordinates": [ -3.6940154, 40.4062957 ] } },
{ "type": "Feature", "properties": { "osm_id": "way/291973389", "building": "apartments" }, "geometry": { "type": "Point", "coordinates": [ -3.6942476, 40.4039814 ] } },
{ "type": "Feature", "properties": { "osm_id": "way/291973390", "building": "apartments" }, "geometry": { "type": "Point", "coordinates": [ -3.6946202, 40.4057115 ] } },
{ "type": "Feature", "properties": { "osm_id": "way/291973391", "building": "commercial" }, "geometry": { "type": "Point", "coordinates": [ -3.6943821, 40.4045738 ] } },
{ "type": "Feature", "properties": { "osm_id": "way/291973392", "building": "apartments" }, "geometry": { "type": "Point", "coordinates": [ -3.6956317, 40.4061072 ] } },
{ "type": "Feature", "properties": { "osm_id": "way/291973393", "building": "apartments" }, "geometry": { "type": "Point", "coordinates": [ -3.6949702, 40.40607 ] } },
{ "type": "Feature", "properties": { "osm_id": "way/291973394", "building": "apartments" }, "geometry": { "type": "Point", "coordinates": [ -3.6942869, 40.4060413 ] } },
{ "type": "Feature", "properties": { "osm_id": "way/291973395", "building": "apartments" }, "geometry": { "type": "Point", "coordinates": [ -3.6948659, 40.4051768 ] } },
{ "type": "Feature", "properties": { "osm_id": "way/291973396", "building": "apartments" }, "geometry": { "type": "Point", "coordinates": [ -3.6948513, 40.4045913 ] } },
{ "type": "Feature", "properties": { "osm_id": "way/291973397", "building": "apartments" }, "geometry": { "type": "Point", "coordinates": [ -3.6936731, 40.4061509 ] } },
{ "type": "Feature", "properties": { "osm_id": "way/291973398", "building": "apartments" }, "geometry": { "type": "Point", "coordinates": [ -3.6950703, 40.4052406 ] } },
{ "type": "Feature", "properties": { "osm_id": "way/291973399", "building": "apartments" }, "geometry": { "type": "Point", "coordinates": [ -3.6941686, 40.4061504 ] } },
{ "type": "Feature", "properties": { "osm_id": "way/291973400", "building": "apartments" }, "geometry": { "type": "Point", "coordinates": [ -3.6947642, 40.4063311 ] } },
{ "type": "Feature", "properties": { "osm_id": "way/291973401", "building": "yes" }, "geometry": { "type": "Point", "coordinates": [ -3.6953901, 40.4062354 ] } },
{ "type": "Feature", "properties": { "osm_id": "way/291973402", "building": "apartments" }, "geometry": { "type": "Point", "coordinates": [ -3.6947097, 40.4038931 ] } },
{ "type": "Feature", "properties": { "osm_id": "way/291973403", "building": "apartments" }, "geometry": { "type": "Point", "coordinates": [ -3.6951621, 40.405083 ] } },
{ "type": "Feature", "properties": { "osm_id": "way/291973404", "building": "apartments" }, "geometry": { "type": "Point", "coordinates": [ -3.6948923, 40.4049425 ] } },
{ "type": "Feature", "properties": { "osm_id": "way/291978093", "building": "apartments" }, "geometry": { "type": "Point", "coordinates": [ -3.6918763, 40.40496 ] } },
{ "type": "Feature", "properties": { "osm_id": "way/291978094", "building": "apartments" }, "geometry": { "type": "Point", "coordinates": [ -3.6916011, 40.4041985 ] } },
{ "type": "Feature", "properties": { "osm_id": "way/291978095", "building": "apartments" }, "geometry": { "type": "Point", "coordinates": [ -3.6917964, 40.404766 ] } },
{ "type": "Feature", "properties": { "osm_id": "way/291978096", "building": "apartments" }, "geometry": { "type": "Point", "coordinates": [ -3.6918132, 40.4046352 ] } },
{ "type": "Feature", "properties": { "osm_id": "way/291978097", "building": "apartments" }, "geometry": { "type": "Point", "coordinates": [ -3.691826, 40.4045033 ] } },
{ "type": "Feature", "properties": { "osm_id": "way/291978098", "building": "apartments" }, "geometry": { "type": "Point", "coordinates": [ -3.6910945, 40.404178 ] } },
{ "type": "Feature", "properties": { "osm_id": "way/291978099", "building": "apartments" }, "geometry": { "type": "Point", "coordinates": [ -3.6915123, 40.4049378 ] } },
{ "type": "Feature", "properties": { "osm_id": "way/291978100", "building": "apartments" }, "geometry": { "type": "Point", "coordinates": [ -3.691845, 40.4043679 ] } },
{ "type": "Feature", "properties": { "osm_id": "way/291978101", "building": "apartments" }, "geometry": { "type": "Point", "coordinates": [ -3.6913331, 40.4049112 ] } },
{ "type": "Feature", "properties": { "osm_id": "way/291978103", "building": "apartments" }, "geometry": { "type": "Point", "coordinates": [ -3.691606, 40.4042899 ] } },
{ "type": "Feature", "properties": { "osm_id": "way/291978104", "building": "apartments" }, "geometry": { "type": "Point", "coordinates": [ -3.6912027, 40.4041998 ] } },
{ "type": "Feature", "properties": { "osm_id": "way/291978105", "building": "apartments" }, "geometry": { "type": "Point", "coordinates": [ -3.6909291, 40.4049552 ] } },
{ "type": "Feature", "properties": { "osm_id": "way/291978106", "building": "apartments" }, "geometry": { "type": "Point", "coordinates": [ -3.6917647, 40.4042022 ] } },
{ "type": "Feature", "properties": { "osm_id": "way/291978107", "building": "apartments" }, "geometry": { "type": "Point", "coordinates": [ -3.6916944, 40.4049459 ] } },
{ "type": "Feature", "properties": { "osm_id": "way/291978108", "building": "apartments" }, "geometry": { "type": "Point", "coordinates": [ -3.6909402, 40.4048262 ] } },
{ "type": "Feature", "properties": { "osm_id": "way/291978109", "building": "apartments" }, "geometry": { "type": "Point", "coordinates": [ -3.6909646, 40.4045475 ] } },
{ "type": "Feature", "properties": { "osm_id": "way/291978110", "building": "apartments" }, "geometry": { "type": "Point", "coordinates": [ -3.6909512, 40.4047006 ] } },
{ "type": "Feature", "properties": { "osm_id": "way/291978111", "building": "apartments" }, "geometry": { "type": "Point", "coordinates": [ -3.6911686, 40.4049004 ] } },
{ "type": "Feature", "properties": { "osm_id": "way/291978112", "building": "apartments" }, "geometry": { "type": "Point", "coordinates": [ -3.6914487, 40.4042556 ] } },
{ "type": "Feature", "properties": { "osm_id": "way/291985577", "building": "apartments" }, "geometry": { "type": "Point", "coordinates": [ -3.6898872, 40.4042056 ] } },
{ "type": "Feature", "properties": { "osm_id": "way/291985585", "building": "apartments" }, "geometry": { "type": "Point", "coordinates": [ -3.6901782, 40.4044413 ] } },
{ "type": "Feature", "properties": { "osm_id": "way/291985591", "building": "apartments" }, "geometry": { "type": "Point", "coordinates": [ -3.6903072, 40.4042423 ] } },
{ "type": "Feature", "properties": { "osm_id": "way/292121940", "building": "apartments" }, "geometry": { "type": "Point", "coordinates": [ -3.6941832, 40.4101867 ] } },
{ "type": "Feature", "properties": { "osm_id": "way/292121941", "building": "apartments" }, "geometry": { "type": "Point", "coordinates": [ -3.6944716, 40.4103817 ] } },
{ "type": "Feature", "properties": { "osm_id": "way/292121942", "building": "apartments" }, "geometry": { "type": "Point", "coordinates": [ -3.6949497, 40.410616 ] } },
{ "type": "Feature", "properties": { "osm_id": "way/292121943", "building": "apartments" }, "geometry": { "type": "Point", "coordinates": [ -3.6940858, 40.4103779 ] } },
{ "type": "Feature", "properties": { "osm_id": "way/292121944", "building": "apartments" }, "geometry": { "type": "Point", "coordinates": [ -3.6944346, 40.4105382 ] } },
{ "type": "Feature", "properties": { "osm_id": "way/292121945", "building": "apartments" }, "geometry": { "type": "Point", "coordinates": [ -3.6945936, 40.4104298 ] } },
{ "type": "Feature", "properties": { "osm_id": "way/292121946", "building": "apartments" }, "geometry": { "type": "Point", "coordinates": [ -3.693978, 40.4103366 ] } },
{ "type": "Feature", "properties": { "osm_id": "way/292121947", "building": "apartments" }, "geometry": { "type": "Point", "coordinates": [ -3.6940526, 40.4101818 ] } },
{ "type": "Feature", "properties": { "osm_id": "way/292121948", "building": "apartments" }, "geometry": { "type": "Point", "coordinates": [ -3.6947529, 40.4105344 ] } },
{ "type": "Feature", "properties": { "osm_id": "way/292232977", "building": "apartments" }, "geometry": { "type": "Point", "coordinates": [ -3.6958558, 40.407111 ] } },
{ "type": "Feature", "properties": { "osm_id": "way/292423641", "building": "apartments" }, "geometry": { "type": "Point", "coordinates": [ -3.6930299, 40.4042629 ] } },
{ "type": "Feature", "properties": { "osm_id": "way/292423645", "building": "apartments" }, "geometry": { "type": "Point", "coordinates": [ -3.6931361, 40.4043246 ] } },
{ "type": "Feature", "properties": { "osm_id": "way/292423646", "building": "apartments" }, "geometry": { "type": "Point", "coordinates": [ -3.6931807, 40.4048536 ] } },
{ "type": "Feature", "properties": { "osm_id": "way/292423649", "building": "apartments" }, "geometry": { "type": "Point", "coordinates": [ -3.6931637, 40.4049882 ] } },
{ "type": "Feature", "properties": { "osm_id": "way/292423650", "building": "apartments" }, "geometry": { "type": "Point", "coordinates": [ -3.6923888, 40.4042279 ] } },
{ "type": "Feature", "properties": { "osm_id": "way/292423652", "building": "apartments" }, "geometry": { "type": "Point", "coordinates": [ -3.6923509, 40.4046273 ] } },
{ "type": "Feature", "properties": { "osm_id": "way/292423653", "building": "apartments" }, "geometry": { "type": "Point", "coordinates": [ -3.6928287, 40.4050219 ] } },
{ "type": "Feature", "properties": { "osm_id": "way/292423656", "building": "apartments" }, "geometry": { "type": "Point", "coordinates": [ -3.6923747, 40.404372 ] } },
{ "type": "Feature", "properties": { "osm_id": "way/292423658", "building": "apartments" }, "geometry": { "type": "Point", "coordinates": [ -3.6929652, 40.4050059 ] } },
{ "type": "Feature", "properties": { "osm_id": "way/292423666", "building": "apartments" }, "geometry": { "type": "Point", "coordinates": [ -3.6928145, 40.4043062 ] } },
{ "type": "Feature", "properties": { "osm_id": "way/292423667", "building": "apartments" }, "geometry": { "type": "Point", "coordinates": [ -3.6926413, 40.4042968 ] } },
{ "type": "Feature", "properties": { "osm_id": "way/292423668", "building": "apartments" }, "geometry": { "type": "Point", "coordinates": [ -3.6931556, 40.4051051 ] } },
{ "type": "Feature", "properties": { "osm_id": "way/292423671", "building": "apartments" }, "geometry": { "type": "Point", "coordinates": [ -3.6931822, 40.404646 ] } },
{ "type": "Feature", "properties": { "osm_id": "way/292423674", "building": "apartments" }, "geometry": { "type": "Point", "coordinates": [ -3.6929854, 40.4039202 ] } },
{ "type": "Feature", "properties": { "osm_id": "way/292423697", "building": "apartments" }, "geometry": { "type": "Point", "coordinates": [ -3.6931736, 40.4047628 ] } },
{ "type": "Feature", "properties": { "osm_id": "way/292423699", "building": "apartments" }, "geometry": { "type": "Point", "coordinates": [ -3.6923452, 40.4047702 ] } },
{ "type": "Feature", "properties": { "osm_id": "way/292423701", "building": "apartments" }, "geometry": { "type": "Point", "coordinates": [ -3.6931969, 40.4045322 ] } },
{ "type": "Feature", "properties": { "osm_id": "way/292649857", "building": "apartments" }, "geometry": { "type": "Point", "coordinates": [ -3.6918084, 40.4175307 ] } },
{ "type": "Feature", "properties": { "osm_id": "way/292649858", "building": "apartments" }, "geometry": { "type": "Point", "coordinates": [ -3.6913244, 40.4175355 ] } },
{ "type": "Feature", "properties": { "osm_id": "way/292649859", "building": "civic" }, "geometry": { "type": "Point", "coordinates": [ -3.6923891, 40.4175183 ] } },
{ "type": "Feature", "properties": { "osm_id": "way/292649860", "building": "civic" }, "geometry": { "type": "Point", "coordinates": [ -3.6913475, 40.4178322 ] } },
{ "type": "Feature", "properties": { "osm_id": "way/292649865", "building": "civic" }, "geometry": { "type": "Point", "coordinates": [ -3.6902539, 40.4177497 ] } },
{ "type": "Feature", "properties": { "osm_id": "way/292659581", "building": "civic" }, "geometry": { "type": "Point", "coordinates": [ -3.691293, 40.4171164 ] } },
{ "type": "Feature", "properties": { "osm_id": "way/292659582", "building": "apartments" }, "geometry": { "type": "Point", "coordinates": [ -3.6911281, 40.4175375 ] } },
{ "type": "Feature", "properties": { "osm_id": "way/292659583", "building": "apartments" }, "geometry": { "type": "Point", "coordinates": [ -3.6909988, 40.4175408 ] } },
{ "type": "Feature", "properties": { "osm_id": "way/292659584", "building": "civic" }, "geometry": { "type": "Point", "coordinates": [ -3.6908931, 40.4178134 ] } },
{ "type": "Feature", "properties": { "osm_id": "way/292659585", "building": "apartments" }, "geometry": { "type": "Point", "coordinates": [ -3.6908497, 40.417525 ] } },
{ "type": "Feature", "properties": { "osm_id": "way/292659586", "building": "apartments" }, "geometry": { "type": "Point", "coordinates": [ -3.6912883, 40.4168273 ] } },
{ "type": "Feature", "properties": { "osm_id": "way/292659587", "building": "apartments" }, "geometry": { "type": "Point", "coordinates": [ -3.6907381, 40.4171211 ] } },
{ "type": "Feature", "properties": { "osm_id": "way/292659588", "building": "apartments" }, "geometry": { "type": "Point", "coordinates": [ -3.6906821, 40.4175288 ] } },
{ "type": "Feature", "properties": { "osm_id": "way/292660039", "building": "apartments" }, "geometry": { "type": "Point", "coordinates": [ -3.6954926, 40.4126703 ] } },
{ "type": "Feature", "properties": { "osm_id": "way/292660040", "building": "apartments" }, "geometry": { "type": "Point", "coordinates": [ -3.6945832, 40.4127512 ] } },
{ "type": "Feature", "properties": { "osm_id": "way/292660041", "building": "apartments" }, "geometry": { "type": "Point", "coordinates": [ -3.6953984, 40.4128573 ] } },
{ "type": "Feature", "properties": { "osm_id": "way/292660042", "building": "civic" }, "geometry": { "type": "Point", "coordinates": [ -3.6948546, 40.4127655 ] } },
{ "type": "Feature", "properties": { "osm_id": "way/292660043", "building": "apartments" }, "geometry": { "type": "Point", "coordinates": [ -3.6943686, 40.4127204 ] } },
{ "type": "Feature", "properties": { "osm_id": "way/292660044", "building": "apartments" }, "geometry": { "type": "Point", "coordinates": [ -3.6950874, 40.4126837 ] } },
{ "type": "Feature", "properties": { "osm_id": "way/292660045", "building": "apartments" }, "geometry": { "type": "Point", "coordinates": [ -3.6950923, 40.4128168 ] } },
{ "type": "Feature", "properties": { "osm_id": "way/292660046", "building": "apartments" }, "geometry": { "type": "Point", "coordinates": [ -3.695324, 40.4126888 ] } },
{ "type": "Feature", "properties": { "osm_id": "way/293581694", "building": "apartments" }, "geometry": { "type": "Point", "coordinates": [ -3.6954844, 40.4111521 ] } },
{ "type": "Feature", "properties": { "osm_id": "way/293581705", "building": "apartments" }, "geometry": { "type": "Point", "coordinates": [ -3.6952296, 40.4110801 ] } },
{ "type": "Feature", "properties": { "osm_id": "way/293581710", "building": "apartments" }, "geometry": { "type": "Point", "coordinates": [ -3.6955191, 40.4109162 ] } },
{ "type": "Feature", "properties": { "osm_id": "way/293581716", "building": "apartments" }, "geometry": { "type": "Point", "coordinates": [ -3.6954461, 40.411023 ] } },
{ "type": "Feature", "properties": { "osm_id": "way/293581719", "building": "apartments" }, "geometry": { "type": "Point", "coordinates": [ -3.6954271, 40.4108218 ] } },
{ "type": "Feature", "properties": { "osm_id": "way/293581724", "building": "apartments" }, "geometry": { "type": "Point", "coordinates": [ -3.6937682, 40.4091759 ] } },
{ "type": "Feature", "properties": { "osm_id": "way/293581725", "building": "apartments" }, "geometry": { "type": "Point", "coordinates": [ -3.6934112, 40.4093552 ] } },
{ "type": "Feature", "properties": { "osm_id": "way/293581733", "building": "apartments" }, "geometry": { "type": "Point", "coordinates": [ -3.6950502, 40.4110678 ] } },
{ "type": "Feature", "properties": { "osm_id": "way/293581755", "building": "apartments" }, "geometry": { "type": "Point", "coordinates": [ -3.693924, 40.4092735 ] } },
{ "type": "Feature", "properties": { "osm_id": "way/293581761", "building": "apartments" }, "geometry": { "type": "Point", "coordinates": [ -3.6950775, 40.4109081 ] } },
{ "type": "Feature", "properties": { "osm_id": "way/293581763", "building": "apartments" }, "geometry": { "type": "Point", "coordinates": [ -3.6935986, 40.4091033 ] } },
{ "type": "Feature", "properties": { "osm_id": "way/293581765", "building": "apartments" }, "geometry": { "type": "Point", "coordinates": [ -3.6935807, 40.4094299 ] } },
{ "type": "Feature", "properties": { "osm_id": "way/293581770", "building": "apartments" }, "geometry": { "type": "Point", "coordinates": [ -3.693067, 40.4092363 ] } },
{ "type": "Feature", "properties": { "osm_id": "way/293581772", "building": "hotel" }, "geometry": { "type": "Point", "coordinates": [ -3.6952058, 40.4106888 ] } },
{ "type": "Feature", "properties": { "osm_id": "way/293581780", "building": "apartments" }, "geometry": { "type": "Point", "coordinates": [ -3.693442, 40.4089753 ] } },
{ "type": "Feature", "properties": { "osm_id": "way/293581782", "building": "apartments" }, "geometry": { "type": "Point", "coordinates": [ -3.6932226, 40.4089637 ] } },
{ "type": "Feature", "properties": { "osm_id": "way/293581787", "building": "apartments" }, "geometry": { "type": "Point", "coordinates": [ -3.6932634, 40.4092761 ] } },
{ "type": "Feature", "properties": { "osm_id": "way/293587429", "building": "yes" }, "geometry": { "type": "Point", "coordinates": [ -3.6831368, 40.4083108 ] } },
{ "type": "Feature", "properties": { "osm_id": "way/293587430", "building": "apartments" }, "geometry": { "type": "Point", "coordinates": [ -3.6831039, 40.4065404 ] } },
{ "type": "Feature", "properties": { "osm_id": "way/293587431", "building": "yes" }, "geometry": { "type": "Point", "coordinates": [ -3.6829931, 40.4083356 ] } },
{ "type": "Feature", "properties": { "osm_id": "way/293587432", "building": "yes" }, "geometry": { "type": "Point", "coordinates": [ -3.6828695, 40.408374 ] } },
{ "type": "Feature", "properties": { "osm_id": "way/293587433", "building": "yes" }, "geometry": { "type": "Point", "coordinates": [ -3.6830637, 40.4077279 ] } },
{ "type": "Feature", "properties": { "osm_id": "way/293587434", "building": "yes" }, "geometry": { "type": "Point", "coordinates": [ -3.6830017, 40.4080143 ] } },
{ "type": "Feature", "properties": { "osm_id": "way/293587435", "building": "apartments" }, "geometry": { "type": "Point", "coordinates": [ -3.6823707, 40.4066737 ] } },
{ "type": "Feature", "properties": { "osm_id": "way/293587436", "building": "apartments" }, "geometry": { "type": "Point", "coordinates": [ -3.6828929, 40.4065971 ] } },
{ "type": "Feature", "properties": { "osm_id": "way/293587437", "building": "apartments" }, "geometry": { "type": "Point", "coordinates": [ -3.6825458, 40.4066446 ] } },
{ "type": "Feature", "properties": { "osm_id": "way/293587438", "building": "apartments" }, "geometry": { "type": "Point", "coordinates": [ -3.682708, 40.4066178 ] } },
{ "type": "Feature", "properties": { "osm_id": "way/293587439", "building": "apartments" }, "geometry": { "type": "Point", "coordinates": [ -3.6808789, 40.4056147 ] } },
{ "type": "Feature", "properties": { "osm_id": "way/293587440", "building": "apartments" }, "geometry": { "type": "Point", "coordinates": [ -3.6823613, 40.4073547 ] } },
{ "type": "Feature", "properties": { "osm_id": "way/293587441", "building": "apartments" }, "geometry": { "type": "Point", "coordinates": [ -3.68308, 40.407344 ] } },
{ "type": "Feature", "properties": { "osm_id": "way/293587442", "building": "apartments" }, "geometry": { "type": "Point", "coordinates": [ -3.6828465, 40.4073836 ] } },
{ "type": "Feature", "properties": { "osm_id": "way/293587443", "building": "apartments" }, "geometry": { "type": "Point", "coordinates": [ -3.6821724, 40.4066927 ] } },
{ "type": "Feature", "properties": { "osm_id": "way/293587444", "building": "yes" }, "geometry": { "type": "Point", "coordinates": [ -3.6806824, 40.4058449 ] } },
{ "type": "Feature", "properties": { "osm_id": "way/293587445", "building": "apartments" }, "geometry": { "type": "Point", "coordinates": [ -3.6826115, 40.4074236 ] } },
{ "type": "Feature", "properties": { "osm_id": "way/293587446", "building": "apartments" }, "geometry": { "type": "Point", "coordinates": [ -3.6806876, 40.4055949 ] } },
{ "type": "Feature", "properties": { "osm_id": "way/293587447", "building": "yes" }, "geometry": { "type": "Point", "coordinates": [ -3.6808115, 40.4057315 ] } },
{ "type": "Feature", "properties": { "osm_id": "way/293587448", "building": "yes" }, "geometry": { "type": "Point", "coordinates": [ -3.6835737, 40.4083268 ] } },
{ "type": "Feature", "properties": { "osm_id": "way/293587449", "building": "apartments" }, "geometry": { "type": "Point", "coordinates": [ -3.6828419, 40.4063524 ] } },
{ "type": "Feature", "properties": { "osm_id": "way/293587450", "building": "yes" }, "geometry": { "type": "Point", "coordinates": [ -3.683339, 40.4078504 ] } },
{ "type": "Feature", "properties": { "osm_id": "way/293587451", "building": "detached" }, "geometry": { "type": "Point", "coordinates": [ -3.6835287, 40.4079433 ] } },
{ "type": "Feature", "properties": { "osm_id": "way/293587452", "building": "apartments" }, "geometry": { "type": "Point", "coordinates": [ -3.6824739, 40.4064137 ] } },
{ "type": "Feature", "properties": { "osm_id": "way/293587453", "building": "yes" }, "geometry": { "type": "Point", "coordinates": [ -3.6836512, 40.408314 ] } },
{ "type": "Feature", "properties": { "osm_id": "way/293587454", "building": "detached" }, "geometry": { "type": "Point", "coordinates": [ -3.683384, 40.407982 ] } },
{ "type": "Feature", "properties": { "osm_id": "way/293587455", "building": "yes" }, "geometry": { "type": "Point", "coordinates": [ -3.6834756, 40.4078208 ] } },
{ "type": "Feature", "properties": { "osm_id": "way/293587456", "building": "apartments" }, "geometry": { "type": "Point", "coordinates": [ -3.6826593, 40.4063828 ] } },
{ "type": "Feature", "properties": { "osm_id": "way/293587457", "building": "yes" }, "geometry": { "type": "Point", "coordinates": [ -3.6828209, 40.4080596 ] } },
{ "type": "Feature", "properties": { "osm_id": "way/293587458", "building": "yes" }, "geometry": { "type": "Point", "coordinates": [ -3.683395, 40.4075979 ] } },
{ "type": "Feature", "properties": { "osm_id": "way/293587459", "building": "terrace" }, "geometry": { "type": "Point", "coordinates": [ -3.683106, 40.4080412 ] } },
{ "type": "Feature", "properties": { "osm_id": "way/293587460", "building": "terrace" }, "geometry": { "type": "Point", "coordinates": [ -3.6831986, 40.4080282 ] } },
{ "type": "Feature", "properties": { "osm_id": "way/293587461", "building": "yes" }, "geometry": { "type": "Point", "coordinates": [ -3.683229, 40.4076399 ] } },
{ "type": "Feature", "properties": { "osm_id": "way/293587462", "building": "yes" }, "geometry": { "type": "Point", "coordinates": [ -3.6832453, 40.4078793 ] } },
{ "type": "Feature", "properties": { "osm_id": "way/293587463", "building": "yes" }, "geometry": { "type": "Point", "coordinates": [ -3.6833808, 40.4082737 ] } },
{ "type": "Feature", "properties": { "osm_id": "way/293587464", "building": "yes" }, "geometry": { "type": "Point", "coordinates": [ -3.6829105, 40.4080378 ] } },
{ "type": "Feature", "properties": { "osm_id": "way/293587465", "building": "yes" }, "geometry": { "type": "Point", "coordinates": [ -3.6825046, 40.4078622 ] } },
{ "type": "Feature", "properties": { "osm_id": "way/293587466", "building": "yes" }, "geometry": { "type": "Point", "coordinates": [ -3.6827241, 40.4080685 ] } },
{ "type": "Feature", "properties": { "osm_id": "way/293587467", "building": "apartments" }, "geometry": { "type": "Point", "coordinates": [ -3.6833082, 40.4072278 ] } },
{ "type": "Feature", "properties": { "osm_id": "way/293587468", "building": "apartments" }, "geometry": { "type": "Point", "coordinates": [ -3.6821004, 40.4064768 ] } },
{ "type": "Feature", "properties": { "osm_id": "way/293587469", "building": "yes" }, "geometry": { "type": "Point", "coordinates": [ -3.682812, 40.4076905 ] } },
{ "type": "Feature", "properties": { "osm_id": "way/293587470", "building": "apartments" }, "geometry": { "type": "Point", "coordinates": [ -3.6822842, 40.4064458 ] } },
{ "type": "Feature", "properties": { "osm_id": "way/293587471", "building": "apartments" }, "geometry": { "type": "Point", "coordinates": [ -3.6823979, 40.4074799 ] } },
{ "type": "Feature", "properties": { "osm_id": "way/293587472", "building": "yes" }, "geometry": { "type": "Point", "coordinates": [ -3.6834378, 40.4077224 ] } },
{ "type": "Feature", "properties": { "osm_id": "way/293587473", "building": "yes" }, "geometry": { "type": "Point", "coordinates": [ -3.6827272, 40.4077124 ] } },
{ "type": "Feature", "properties": { "osm_id": "way/293587474", "building": "yes" }, "geometry": { "type": "Point", "coordinates": [ -3.6832771, 40.4082871 ] } },
{ "type": "Feature", "properties": { "osm_id": "way/293587475", "building": "apartments" }, "geometry": { "type": "Point", "coordinates": [ -3.6833376, 40.4073396 ] } },
{ "type": "Feature", "properties": { "osm_id": "way/293587476", "building": "terrace" }, "geometry": { "type": "Point", "coordinates": [ -3.683276, 40.4079884 ] } },
{ "type": "Feature", "properties": { "osm_id": "way/293587477", "building": "apartments" }, "geometry": { "type": "Point", "coordinates": [ -3.6830429, 40.4063201 ] } },
{ "type": "Feature", "properties": { "osm_id": "way/293587478", "building": "yes" }, "geometry": { "type": "Point", "coordinates": [ -3.6828955, 40.4076826 ] } },
{ "type": "Feature", "properties": { "osm_id": "way/293800520", "building": "apartments" }, "geometry": { "type": "Point", "coordinates": [ -3.6839481, 40.4078013 ] } },
{ "type": "Feature", "properties": { "osm_id": "way/293800521", "building": "apartments" }, "geometry": { "type": "Point", "coordinates": [ -3.6843751, 40.4077611 ] } },
{ "type": "Feature", "properties": { "osm_id": "way/293800523", "building": "apartments" }, "geometry": { "type": "Point", "coordinates": [ -3.6844595, 40.4077072 ] } },
{ "type": "Feature", "properties": { "osm_id": "way/293800524", "building": "apartments" }, "geometry": { "type": "Point", "coordinates": [ -3.6809413, 40.4046797 ] } },
{ "type": "Feature", "properties": { "osm_id": "way/293800527", "building": "apartments" }, "geometry": { "type": "Point", "coordinates": [ -3.6812833, 40.4049306 ] } },
{ "type": "Feature", "properties": { "osm_id": "way/293800530", "building": "apartments" }, "geometry": { "type": "Point", "coordinates": [ -3.6811122, 40.4053177 ] } },
{ "type": "Feature", "properties": { "osm_id": "way/293800531", "building": "apartments" }, "geometry": { "type": "Point", "coordinates": [ -3.6814701, 40.4047972 ] } },
{ "type": "Feature", "properties": { "osm_id": "way/293800532", "building": "apartments" }, "geometry": { "type": "Point", "coordinates": [ -3.6811494, 40.4051207 ] } },
{ "type": "Feature", "properties": { "osm_id": "way/293800533", "building": "apartments" }, "geometry": { "type": "Point", "coordinates": [ -3.6845576, 40.4076928 ] } },
{ "type": "Feature", "properties": { "osm_id": "way/293800535", "building": "apartments" }, "geometry": { "type": "Point", "coordinates": [ -3.6812284, 40.4046982 ] } },
{ "type": "Feature", "properties": { "osm_id": "way/293800536", "building": "apartments" }, "geometry": { "type": "Point", "coordinates": [ -3.6810706, 40.4046314 ] } },
{ "type": "Feature", "properties": { "osm_id": "way/293800537", "building": "apartments" }, "geometry": { "type": "Point", "coordinates": [ -3.6807629, 40.4051091 ] } },
{ "type": "Feature", "properties": { "osm_id": "way/293800538", "building": "apartments" }, "geometry": { "type": "Point", "coordinates": [ -3.6813514, 40.4047474 ] } },
{ "type": "Feature", "properties": { "osm_id": "way/293800539", "building": "apartments" }, "geometry": { "type": "Point", "coordinates": [ -3.6812126, 40.4050249 ] } },
{ "type": "Feature", "properties": { "osm_id": "way/293800540", "building": "apartments" }, "geometry": { "type": "Point", "coordinates": [ -3.6809611, 40.4048078 ] } },
{ "type": "Feature", "properties": { "osm_id": "way/293800541", "building": "apartments" }, "geometry": { "type": "Point", "coordinates": [ -3.6808929, 40.4048945 ] } },
{ "type": "Feature", "properties": { "osm_id": "way/293800545", "building": "apartments" }, "geometry": { "type": "Point", "coordinates": [ -3.6841729, 40.4077449 ] } },
{ "type": "Feature", "properties": { "osm_id": "way/293800550", "building": "apartments" }, "geometry": { "type": "Point", "coordinates": [ -3.6847251, 40.4076339 ] } },
{ "type": "Feature", "properties": { "osm_id": "way/293800555", "building": "apartments" }, "geometry": { "type": "Point", "coordinates": [ -3.6840645, 40.4077634 ] } },
{ "type": "Feature", "properties": { "osm_id": "way/293800556", "building": "apartments" }, "geometry": { "type": "Point", "coordinates": [ -3.6842723, 40.4077325 ] } },
{ "type": "Feature", "properties": { "osm_id": "way/293800563", "building": "apartments" }, "geometry": { "type": "Point", "coordinates": [ -3.6846477, 40.407701 ] } },
{ "type": "Feature", "properties": { "osm_id": "way/293800571", "building": "apartments" }, "geometry": { "type": "Point", "coordinates": [ -3.6809228, 40.4052521 ] } },
{ "type": "Feature", "properties": { "osm_id": "way/294481519", "building": "hotel" }, "geometry": { "type": "Point", "coordinates": [ -3.6945071, 40.4139756 ] } },
{ "type": "Feature", "properties": { "osm_id": "way/294481521", "building": "apartments" }, "geometry": { "type": "Point", "coordinates": [ -3.6942809, 40.4140405 ] } },
{ "type": "Feature", "properties": { "osm_id": "way/294481522", "building": "apartments" }, "geometry": { "type": "Point", "coordinates": [ -3.6944419, 40.414568 ] } },
{ "type": "Feature", "properties": { "osm_id": "way/294481524", "building": "yes" }, "geometry": { "type": "Point", "coordinates": [ -3.6945745, 40.4172447 ] } },
{ "type": "Feature", "properties": { "osm_id": "way/294481525", "building": "yes" }, "geometry": { "type": "Point", "coordinates": [ -3.6953506, 40.417092 ] } },
{ "type": "Feature", "properties": { "osm_id": "way/294481527", "building": "apartments" }, "geometry": { "type": "Point", "coordinates": [ -3.6946569, 40.416906 ] } },
{ "type": "Feature", "properties": { "osm_id": "way/294481529", "building": "apartments" }, "geometry": { "type": "Point", "coordinates": [ -3.6953286, 40.4140303 ] } },
{ "type": "Feature", "properties": { "osm_id": "way/294481531", "building": "yes" }, "geometry": { "type": "Point", "coordinates": [ -3.6950236, 40.417052 ] } },
{ "type": "Feature", "properties": { "osm_id": "way/294481533", "building": "church" }, "geometry": { "type": "Point", "coordinates": [ -3.6953322, 40.4143228 ] } },
{ "type": "Feature", "properties": { "osm_id": "way/294481534", "building": "apartments" }, "geometry": { "type": "Point", "coordinates": [ -3.6954973, 40.4138248 ] } },
{ "type": "Feature", "properties": { "osm_id": "way/294481536", "building": "apartments" }, "geometry": { "type": "Point", "coordinates": [ -3.6944932, 40.4143531 ] } },
{ "type": "Feature", "properties": { "osm_id": "way/294481538", "building": "yes" }, "geometry": { "type": "Point", "coordinates": [ -3.6948476, 40.4141914 ] } },
{ "type": "Feature", "properties": { "osm_id": "way/294481539", "building": "public" }, "geometry": { "type": "Point", "coordinates": [ -3.6953957, 40.4173918 ] } },
{ "type": "Feature", "properties": { "osm_id": "way/294481540", "building": "yes" }, "geometry": { "type": "Point", "coordinates": [ -3.6952687, 40.4170832 ] } },
{ "type": "Feature", "properties": { "osm_id": "way/294481542", "building": "yes" }, "geometry": { "type": "Point", "coordinates": [ -3.6948091, 40.4139802 ] } },
{ "type": "Feature", "properties": { "osm_id": "way/294481544", "building": "hotel" }, "geometry": { "type": "Point", "coordinates": [ -3.6947515, 40.4146322 ] } },
{ "type": "Feature", "properties": { "osm_id": "way/294481546", "building": "yes" }, "geometry": { "type": "Point", "coordinates": [ -3.6952077, 40.413804 ] } },
{ "type": "Feature", "properties": { "osm_id": "way/294481547", "building": "yes" }, "geometry": { "type": "Point", "coordinates": [ -3.6949289, 40.4174246 ] } },
{ "type": "Feature", "properties": { "osm_id": "way/294481549", "building": "apartments" }, "geometry": { "type": "Point", "coordinates": [ -3.6943863, 40.4141964 ] } },
{ "type": "Feature", "properties": { "osm_id": "way/294481550", "building": "civic" }, "geometry": { "type": "Point", "coordinates": [ -3.6950185, 40.4144199 ] } },
{ "type": "Feature", "properties": { "osm_id": "way/294481551", "building": "yes" }, "geometry": { "type": "Point", "coordinates": [ -3.6951832, 40.4174317 ] } },
{ "type": "Feature", "properties": { "osm_id": "way/294788170", "building": "apartments" }, "geometry": { "type": "Point", "coordinates": [ -3.6858772, 40.4066849 ] } },
{ "type": "Feature", "properties": { "osm_id": "way/303316351", "building": "yes" }, "geometry": { "type": "Point", "coordinates": [ -3.696034, 40.4183923 ] } },
{ "type": "Feature", "properties": { "osm_id": "way/303316352", "building": "apartments" }, "geometry": { "type": "Point", "coordinates": [ -3.6959059, 40.4205484 ] } },
{ "type": "Feature", "properties": { "osm_id": "way/303316353", "building": "apartments" }, "geometry": { "type": "Point", "coordinates": [ -3.6959123, 40.4207516 ] } },
{ "type": "Feature", "properties": { "osm_id": "way/303316354", "building": "apartments" }, "geometry": { "type": "Point", "coordinates": [ -3.695855, 40.4209666 ] } },
{ "type": "Feature", "properties": { "osm_id": "way/303316355", "building": "apartments" }, "geometry": { "type": "Point", "coordinates": [ -3.6961668, 40.4210201 ] } },
{ "type": "Feature", "properties": { "osm_id": "way/305079273", "building": "apartments" }, "geometry": { "type": "Point", "coordinates": [ -3.6890034, 40.4211159 ] } },
{ "type": "Feature", "properties": { "osm_id": "way/306747516", "building": "yes" }, "geometry": { "type": "Point", "coordinates": [ -3.6882148, 40.4140165 ] } },
{ "type": "Feature", "properties": { "osm_id": "way/308302244", "building": "retail" }, "geometry": { "type": "Point", "coordinates": [ -3.6874904, 40.4189079 ] } },
{ "type": "Feature", "properties": { "osm_id": "way/308302751", "building": "service" }, "geometry": { "type": "Point", "coordinates": [ -3.6823042, 40.4122362 ] } },
{ "type": "Feature", "properties": { "osm_id": "way/308900139", "building": "civic" }, "geometry": { "type": "Point", "coordinates": [ -3.679044, 40.4167837 ] } },
{ "type": "Feature", "properties": { "osm_id": "way/311392873", "building": "greenhouse" }, "geometry": { "type": "Point", "coordinates": [ -3.6895865, 40.4120859 ] } },
{ "type": "Feature", "properties": { "osm_id": "way/311393466", "building": "public" }, "geometry": { "type": "Point", "coordinates": [ -3.689138, 40.4102102 ] } },
{ "type": "Feature", "properties": { "osm_id": "way/314795178", "building": "yes" }, "geometry": { "type": "Point", "coordinates": [ -3.6957917, 40.4167269 ] } },
{ "type": "Feature", "properties": { "osm_id": "way/314795183", "building": "yes" }, "geometry": { "type": "Point", "coordinates": [ -3.6958607, 40.4165997 ] } },
{ "type": "Feature", "properties": { "osm_id": "way/314795184", "building": "yes" }, "geometry": { "type": "Point", "coordinates": [ -3.6959294, 40.4164599 ] } },
{ "type": "Feature", "properties": { "osm_id": "way/317179942", "building": "yes" }, "geometry": { "type": "Point", "coordinates": [ -3.6793012, 40.409084 ] } },
{ "type": "Feature", "properties": { "osm_id": "way/317179945", "building": "yes" }, "geometry": { "type": "Point", "coordinates": [ -3.6799346, 40.4093639 ] } },
{ "type": "Feature", "properties": { "osm_id": "way/317179946", "building": "shed" }, "geometry": { "type": "Point", "coordinates": [ -3.6785968, 40.4084522 ] } },
{ "type": "Feature", "properties": { "osm_id": "way/317179947", "building": "civic" }, "geometry": { "type": "Point", "coordinates": [ -3.6777751, 40.4124534 ] } },
{ "type": "Feature", "properties": { "osm_id": "way/319110654", "building": "apartments" }, "geometry": { "type": "Point", "coordinates": [ -3.6936931, 40.4115742 ] } },
{ "type": "Feature", "properties": { "osm_id": "way/319110655", "building": "apartments" }, "geometry": { "type": "Point", "coordinates": [ -3.6934831, 40.4106874 ] } },
{ "type": "Feature", "properties": { "osm_id": "way/319110656", "building": "civic" }, "geometry": { "type": "Point", "coordinates": [ -3.6934015, 40.4116269 ] } },
{ "type": "Feature", "properties": { "osm_id": "way/319110657", "building": "apartments" }, "geometry": { "type": "Point", "coordinates": [ -3.693702, 40.4124674 ] } },
{ "type": "Feature", "properties": { "osm_id": "way/319110659", "building": "apartments" }, "geometry": { "type": "Point", "coordinates": [ -3.6937086, 40.4120542 ] } },
{ "type": "Feature", "properties": { "osm_id": "way/319110660", "building": "apartments" }, "geometry": { "type": "Point", "coordinates": [ -3.6934981, 40.4120999 ] } },
{ "type": "Feature", "properties": { "osm_id": "way/319110661", "building": "government" }, "geometry": { "type": "Point", "coordinates": [ -3.6935423, 40.4118335 ] } },
{ "type": "Feature", "properties": { "osm_id": "way/319110663", "building": "apartments" }, "geometry": { "type": "Point", "coordinates": [ -3.693767, 40.4122813 ] } },
{ "type": "Feature", "properties": { "osm_id": "way/319110664", "building": "apartments" }, "geometry": { "type": "Point", "coordinates": [ -3.6935717, 40.4123172 ] } },
{ "type": "Feature", "properties": { "osm_id": "way/319110667", "building": "apartments" }, "geometry": { "type": "Point", "coordinates": [ -3.693168, 40.4111225 ] } },
{ "type": "Feature", "properties": { "osm_id": "way/319110669", "building": "apartments" }, "geometry": { "type": "Point", "coordinates": [ -3.6937029, 40.4117277 ] } },
{ "type": "Feature", "properties": { "osm_id": "way/319147722", "building": "apartments" }, "geometry": { "type": "Point", "coordinates": [ -3.6912525, 40.4135592 ] } },
{ "type": "Feature", "properties": { "osm_id": "way/319147723", "building": "apartments" }, "geometry": { "type": "Point", "coordinates": [ -3.6908073, 40.4135714 ] } },
{ "type": "Feature", "properties": { "osm_id": "way/319147724", "building": "public" }, "geometry": { "type": "Point", "coordinates": [ -3.690592, 40.4137786 ] } },
{ "type": "Feature", "properties": { "osm_id": "way/319147725", "building": "apartments" }, "geometry": { "type": "Point", "coordinates": [ -3.6912423, 40.4132072 ] } },
{ "type": "Feature", "properties": { "osm_id": "way/319147726", "building": "apartments" }, "geometry": { "type": "Point", "coordinates": [ -3.6905846, 40.4135771 ] } },
{ "type": "Feature", "properties": { "osm_id": "way/319147727", "building": "apartments" }, "geometry": { "type": "Point", "coordinates": [ -3.6905691, 40.413228 ] } },
{ "type": "Feature", "properties": { "osm_id": "way/319147728", "building": "apartments" }, "geometry": { "type": "Point", "coordinates": [ -3.6905607, 40.4129952 ] } },
{ "type": "Feature", "properties": { "osm_id": "way/319147729", "building": "apartments" }, "geometry": { "type": "Point", "coordinates": [ -3.6912372, 40.4129771 ] } },
{ "type": "Feature", "properties": { "osm_id": "way/319147730", "building": "apartments" }, "geometry": { "type": "Point", "coordinates": [ -3.690782, 40.4129885 ] } },
{ "type": "Feature", "properties": { "osm_id": "way/319147731", "building": "apartments" }, "geometry": { "type": "Point", "coordinates": [ -3.6910362, 40.4137703 ] } },
{ "type": "Feature", "properties": { "osm_id": "way/319147732", "building": "apartments" }, "geometry": { "type": "Point", "coordinates": [ -3.6910124, 40.4129831 ] } },
{ "type": "Feature", "properties": { "osm_id": "way/319147733", "building": "apartments" }, "geometry": { "type": "Point", "coordinates": [ -3.6908159, 40.4137743 ] } },
{ "type": "Feature", "properties": { "osm_id": "way/319147734", "building": "apartments" }, "geometry": { "type": "Point", "coordinates": [ -3.6910321, 40.4135654 ] } },
{ "type": "Feature", "properties": { "osm_id": "way/319147735", "building": "apartments" }, "geometry": { "type": "Point", "coordinates": [ -3.6912569, 40.4137659 ] } },
{ "type": "Feature", "properties": { "osm_id": "way/319609020", "building": "apartments" }, "geometry": { "type": "Point", "coordinates": [ -3.6959298, 40.4144987 ] } },
{ "type": "Feature", "properties": { "osm_id": "way/319617031", "building": "apartments" }, "geometry": { "type": "Point", "coordinates": [ -3.6941155, 40.4109184 ] } },
{ "type": "Feature", "properties": { "osm_id": "way/319617033", "building": "apartments" }, "geometry": { "type": "Point", "coordinates": [ -3.6947395, 40.4108332 ] } },
{ "type": "Feature", "properties": { "osm_id": "way/319617034", "building": "apartments" }, "geometry": { "type": "Point", "coordinates": [ -3.6948003, 40.4110085 ] } },
{ "type": "Feature", "properties": { "osm_id": "way/319617036", "building": "apartments" }, "geometry": { "type": "Point", "coordinates": [ -3.6946439, 40.4109794 ] } },
{ "type": "Feature", "properties": { "osm_id": "way/319617037", "building": "apartments" }, "geometry": { "type": "Point", "coordinates": [ -3.6942486, 40.4109061 ] } },
{ "type": "Feature", "properties": { "osm_id": "way/319617039", "building": "apartments" }, "geometry": { "type": "Point", "coordinates": [ -3.6944465, 40.4109091 ] } },
{ "type": "Feature", "properties": { "osm_id": "way/319617042", "building": "apartments" }, "geometry": { "type": "Point", "coordinates": [ -3.6941321, 40.4107092 ] } },
{ "type": "Feature", "properties": { "osm_id": "way/319617045", "building": "apartments" }, "geometry": { "type": "Point", "coordinates": [ -3.6940408, 40.4109073 ] } },
{ "type": "Feature", "properties": { "osm_id": "way/319899607", "building": "yes" }, "geometry": { "type": "Point", "coordinates": [ -3.6849446, 40.4167283 ] } },
{ "type": "Feature", "properties": { "osm_id": "way/319899609", "building": "yes" }, "geometry": { "type": "Point", "coordinates": [ -3.6855471, 40.418117 ] } },
{ "type": "Feature", "properties": { "osm_id": "way/320597175", "building": "yes" }, "geometry": { "type": "Point", "coordinates": [ -3.6953252, 40.4158871 ] } },
{ "type": "Feature", "properties": { "osm_id": "way/320597176", "building": "yes" }, "geometry": { "type": "Point", "coordinates": [ -3.695456, 40.4163154 ] } },
{ "type": "Feature", "properties": { "osm_id": "way/320597177", "building": "yes" }, "geometry": { "type": "Point", "coordinates": [ -3.695507, 40.4161772 ] } },
{ "type": "Feature", "properties": { "osm_id": "way/320597178", "building": "hotel" }, "geometry": { "type": "Point", "coordinates": [ -3.6955088, 40.4159398 ] } },
{ "type": "Feature", "properties": { "osm_id": "way/320788328", "building": "retail" }, "geometry": { "type": "Point", "coordinates": [ -3.6826353, 40.41484 ] } },
{ "type": "Feature", "properties": { "osm_id": "way/321674965", "building": "school" }, "geometry": { "type": "Point", "coordinates": [ -3.6810501, 40.4066594 ] } },
{ "type": "Feature", "properties": { "osm_id": "way/322773317", "building": "apartments" }, "geometry": { "type": "Point", "coordinates": [ -3.690647, 40.4209523 ] } },
{ "type": "Feature", "properties": { "osm_id": "way/322773319", "building": "apartments" }, "geometry": { "type": "Point", "coordinates": [ -3.6901924, 40.4207939 ] } },
{ "type": "Feature", "properties": { "osm_id": "way/322773321", "building": "apartments" }, "geometry": { "type": "Point", "coordinates": [ -3.6903976, 40.4208811 ] } },
{ "type": "Feature", "properties": { "osm_id": "way/324876445", "building": "civic" }, "geometry": { "type": "Point", "coordinates": [ -3.6889159, 40.4078605 ] } },
{ "type": "Feature", "properties": { "osm_id": "way/326843327", "building": "apartments" }, "geometry": { "type": "Point", "coordinates": [ -3.6801605, 40.4058184 ] } },
{ "type": "Feature", "properties": { "osm_id": "way/326843328", "building": "apartments" }, "geometry": { "type": "Point", "coordinates": [ -3.6784552, 40.4063977 ] } },
{ "type": "Feature", "properties": { "osm_id": "way/335212474", "building": "apartments" }, "geometry": { "type": "Point", "coordinates": [ -3.694866, 40.4068615 ] } },
{ "type": "Feature", "properties": { "osm_id": "way/335735820", "building": "civic" }, "geometry": { "type": "Point", "coordinates": [ -3.691003, 40.4094166 ] } },
{ "type": "Feature", "properties": { "osm_id": "way/335735821", "building": "civic" }, "geometry": { "type": "Point", "coordinates": [ -3.6898692, 40.4093286 ] } },
{ "type": "Feature", "properties": { "osm_id": "way/335735822", "building": "civic" }, "geometry": { "type": "Point", "coordinates": [ -3.6896604, 40.4091686 ] } },
{ "type": "Feature", "properties": { "osm_id": "way/335735823", "building": "civic" }, "geometry": { "type": "Point", "coordinates": [ -3.6899014, 40.4094504 ] } },
{ "type": "Feature", "properties": { "osm_id": "way/335735824", "building": "civic" }, "geometry": { "type": "Point", "coordinates": [ -3.690768, 40.4094243 ] } },
{ "type": "Feature", "properties": { "osm_id": "way/335735825", "building": "yes" }, "geometry": { "type": "Point", "coordinates": [ -3.6903793, 40.4094433 ] } },
{ "type": "Feature", "properties": { "osm_id": "way/336677693", "building": "apartments" }, "geometry": { "type": "Point", "coordinates": [ -3.6890012, 40.4090145 ] } },
{ "type": "Feature", "properties": { "osm_id": "way/336696897", "building": "apartments" }, "geometry": { "type": "Point", "coordinates": [ -3.6899184, 40.4130155 ] } },
{ "type": "Feature", "properties": { "osm_id": "way/336696898", "building": "apartments" }, "geometry": { "type": "Point", "coordinates": [ -3.6899302, 40.4132482 ] } },
{ "type": "Feature", "properties": { "osm_id": "way/336696899", "building": "apartments" }, "geometry": { "type": "Point", "coordinates": [ -3.6892442, 40.4133078 ] } },
{ "type": "Feature", "properties": { "osm_id": "way/336696901", "building": "apartments" }, "geometry": { "type": "Point", "coordinates": [ -3.6897395, 40.41302 ] } },
{ "type": "Feature", "properties": { "osm_id": "way/336696902", "building": "apartments" }, "geometry": { "type": "Point", "coordinates": [ -3.6892372, 40.4131498 ] } },
{ "type": "Feature", "properties": { "osm_id": "way/336696903", "building": "apartments" }, "geometry": { "type": "Point", "coordinates": [ -3.6897518, 40.4132539 ] } },
{ "type": "Feature", "properties": { "osm_id": "way/336696905", "building": "apartments" }, "geometry": { "type": "Point", "coordinates": [ -3.6895278, 40.4130252 ] } },
{ "type": "Feature", "properties": { "osm_id": "way/336696907", "building": "apartments" }, "geometry": { "type": "Point", "coordinates": [ -3.6895385, 40.4132605 ] } },
{ "type": "Feature", "properties": { "osm_id": "way/336696908", "building": "apartments" }, "geometry": { "type": "Point", "coordinates": [ -3.6891882, 40.4122592 ] } },
{ "type": "Feature", "properties": { "osm_id": "way/336696909", "building": "apartments" }, "geometry": { "type": "Point", "coordinates": [ -3.6897231, 40.4123895 ] } },
{ "type": "Feature", "properties": { "osm_id": "way/336696910", "building": "apartments" }, "geometry": { "type": "Point", "coordinates": [ -3.6891798, 40.4120949 ] } },
{ "type": "Feature", "properties": { "osm_id": "way/336696911", "building": "apartments" }, "geometry": { "type": "Point", "coordinates": [ -3.6894788, 40.4123608 ] } },
{ "type": "Feature", "properties": { "osm_id": "way/336696914", "building": "apartments" }, "geometry": { "type": "Point", "coordinates": [ -3.6892034, 40.4125689 ] } },
{ "type": "Feature", "properties": { "osm_id": "way/336696915", "building": "apartments" }, "geometry": { "type": "Point", "coordinates": [ -3.6892296, 40.4129933 ] } },
{ "type": "Feature", "properties": { "osm_id": "way/336696916", "building": "apartments" }, "geometry": { "type": "Point", "coordinates": [ -3.6901169, 40.4132425 ] } },
{ "type": "Feature", "properties": { "osm_id": "way/336696917", "building": "apartments" }, "geometry": { "type": "Point", "coordinates": [ -3.6901073, 40.4130115 ] } },
{ "type": "Feature", "properties": { "osm_id": "way/336700481", "building": "apartments" }, "geometry": { "type": "Point", "coordinates": [ -3.6891918, 40.4137913 ] } },
{ "type": "Feature", "properties": { "osm_id": "way/336700482", "building": "apartments" }, "geometry": { "type": "Point", "coordinates": [ -3.6898723, 40.4137879 ] } },
{ "type": "Feature", "properties": { "osm_id": "way/336700483", "building": "apartments" }, "geometry": { "type": "Point", "coordinates": [ -3.6896902, 40.4136096 ] } },
{ "type": "Feature", "properties": { "osm_id": "way/336700484", "building": "apartments" }, "geometry": { "type": "Point", "coordinates": [ -3.6896327, 40.4136975 ] } },
{ "type": "Feature", "properties": { "osm_id": "way/336700485", "building": "apartments" }, "geometry": { "type": "Point", "coordinates": [ -3.6894201, 40.413796 ] } },
{ "type": "Feature", "properties": { "osm_id": "way/336700486", "building": "apartments" }, "geometry": { "type": "Point", "coordinates": [ -3.6892075, 40.4136089 ] } },
{ "type": "Feature", "properties": { "osm_id": "way/336700487", "building": "apartments" }, "geometry": { "type": "Point", "coordinates": [ -3.6894308, 40.4136077 ] } },
{ "type": "Feature", "properties": { "osm_id": "way/336700488", "building": "apartments" }, "geometry": { "type": "Point", "coordinates": [ -3.6898404, 40.4135965 ] } },
{ "type": "Feature", "properties": { "osm_id": "way/336700489", "building": "apartments" }, "geometry": { "type": "Point", "coordinates": [ -3.6901177, 40.413781 ] } },
{ "type": "Feature", "properties": { "osm_id": "way/344169032", "building": "office" }, "geometry": { "type": "Point", "coordinates": [ -3.6856456, 40.4210163 ] } },
{ "type": "Feature", "properties": { "osm_id": "way/348035469", "building": "apartments" }, "geometry": { "type": "Point", "coordinates": [ -3.6899901, 40.4203265 ] } },
{ "type": "Feature", "properties": { "osm_id": "way/348035482", "building": "apartments" }, "geometry": { "type": "Point", "coordinates": [ -3.6905406, 40.4202722 ] } },
{ "type": "Feature", "properties": { "osm_id": "way/348035485", "building": "apartments" }, "geometry": { "type": "Point", "coordinates": [ -3.6898381, 40.4202712 ] } },
{ "type": "Feature", "properties": { "osm_id": "way/348035487", "building": "apartments" }, "geometry": { "type": "Point", "coordinates": [ -3.6916171, 40.4202287 ] } },
{ "type": "Feature", "properties": { "osm_id": "way/348035489", "building": "apartments" }, "geometry": { "type": "Point", "coordinates": [ -3.6914453, 40.4202151 ] } },
{ "type": "Feature", "properties": { "osm_id": "way/348429539", "building": "apartments" }, "geometry": { "type": "Point", "coordinates": [ -3.6958051, 40.4087756 ] } },
{ "type": "Feature", "properties": { "osm_id": "way/348429540", "building": "apartments" }, "geometry": { "type": "Point", "coordinates": [ -3.6956549, 40.4089647 ] } },
{ "type": "Feature", "properties": { "osm_id": "way/348429544", "building": "apartments" }, "geometry": { "type": "Point", "coordinates": [ -3.6959668, 40.4085937 ] } },
{ "type": "Feature", "properties": { "osm_id": "way/348429545", "building": "apartments" }, "geometry": { "type": "Point", "coordinates": [ -3.6961654, 40.4085092 ] } },
{ "type": "Feature", "properties": { "osm_id": "way/348429547", "building": "apartments" }, "geometry": { "type": "Point", "coordinates": [ -3.6957363, 40.4091958 ] } },
{ "type": "Feature", "properties": { "osm_id": "way/348429548", "building": "apartments" }, "geometry": { "type": "Point", "coordinates": [ -3.6954739, 40.40886 ] } },
{ "type": "Feature", "properties": { "osm_id": "way/348429549", "building": "apartments" }, "geometry": { "type": "Point", "coordinates": [ -3.6955707, 40.4085769 ] } },
{ "type": "Feature", "properties": { "osm_id": "way/348429550", "building": "apartments" }, "geometry": { "type": "Point", "coordinates": [ -3.6952342, 40.4087515 ] } },
{ "type": "Feature", "properties": { "osm_id": "way/349324795", "building": "apartments" }, "geometry": { "type": "Point", "coordinates": [ -3.6960001, 40.4170046 ] } },
{ "type": "Feature", "properties": { "osm_id": "way/349324797", "building": "yes" }, "geometry": { "type": "Point", "coordinates": [ -3.6958168, 40.4170994 ] } },
{ "type": "Feature", "properties": { "osm_id": "way/349324798", "building": "apartments" }, "geometry": { "type": "Point", "coordinates": [ -3.696028, 40.4174436 ] } },
{ "type": "Feature", "properties": { "osm_id": "way/349324813", "building": "apartments" }, "geometry": { "type": "Point", "coordinates": [ -3.6957556, 40.4174556 ] } },
{ "type": "Feature", "properties": { "osm_id": "way/352905812", "building": "apartments" }, "geometry": { "type": "Point", "coordinates": [ -3.6902881, 40.4183716 ] } },
{ "type": "Feature", "properties": { "osm_id": "way/352909885", "building": "apartments" }, "geometry": { "type": "Point", "coordinates": [ -3.6902841, 40.41859 ] } },
{ "type": "Feature", "properties": { "osm_id": "way/352913781", "building": "apartments" }, "geometry": { "type": "Point", "coordinates": [ -3.6901076, 40.4183422 ] } },
{ "type": "Feature", "properties": { "osm_id": "way/352913783", "building": "apartments" }, "geometry": { "type": "Point", "coordinates": [ -3.6897945, 40.4186162 ] } },
{ "type": "Feature", "properties": { "osm_id": "way/352913784", "building": "apartments" }, "geometry": { "type": "Point", "coordinates": [ -3.6895361, 40.4183196 ] } },
{ "type": "Feature", "properties": { "osm_id": "way/352913785", "building": "apartments" }, "geometry": { "type": "Point", "coordinates": [ -3.6892446, 40.4182296 ] } },
{ "type": "Feature", "properties": { "osm_id": "way/352913786", "building": "apartments" }, "geometry": { "type": "Point", "coordinates": [ -3.689234, 40.4183646 ] } },
{ "type": "Feature", "properties": { "osm_id": "way/352913787", "building": "apartments" }, "geometry": { "type": "Point", "coordinates": [ -3.689208, 40.4185119 ] } },
{ "type": "Feature", "properties": { "osm_id": "way/352913788", "building": "apartments" }, "geometry": { "type": "Point", "coordinates": [ -3.6892118, 40.4186645 ] } },
{ "type": "Feature", "properties": { "osm_id": "way/352913789", "building": "apartments" }, "geometry": { "type": "Point", "coordinates": [ -3.6895095, 40.4186106 ] } },
{ "type": "Feature", "properties": { "osm_id": "way/352914255", "building": "apartments" }, "geometry": { "type": "Point", "coordinates": [ -3.6901885, 40.4210878 ] } },
{ "type": "Feature", "properties": { "osm_id": "way/357269218", "building": "apartments" }, "geometry": { "type": "Point", "coordinates": [ -3.6918151, 40.4206072 ] } },
{ "type": "Feature", "properties": { "osm_id": "way/357269222", "building": "apartments" }, "geometry": { "type": "Point", "coordinates": [ -3.6913432, 40.420539 ] } },
{ "type": "Feature", "properties": { "osm_id": "way/357269223", "building": "civic" }, "geometry": { "type": "Point", "coordinates": [ -3.6909181, 40.4205304 ] } },
{ "type": "Feature", "properties": { "osm_id": "way/357269226", "building": "apartments" }, "geometry": { "type": "Point", "coordinates": [ -3.6910241, 40.4207002 ] } },
{ "type": "Feature", "properties": { "osm_id": "way/357269325", "building": "apartments" }, "geometry": { "type": "Point", "coordinates": [ -3.6896978, 40.4206178 ] } },
{ "type": "Feature", "properties": { "osm_id": "way/360120751", "building": "yes" }, "geometry": { "type": "Point", "coordinates": [ -3.6872243, 40.4135339 ] } },
{ "type": "Feature", "properties": { "osm_id": "way/360120752", "building": "yes" }, "geometry": { "type": "Point", "coordinates": [ -3.6881491, 40.4164087 ] } },
{ "type": "Feature", "properties": { "osm_id": "way/363039941", "building": "apartments" }, "geometry": { "type": "Point", "coordinates": [ -3.6957978, 40.4103776 ] } },
{ "type": "Feature", "properties": { "osm_id": "way/363039942", "building": "apartments" }, "geometry": { "type": "Point", "coordinates": [ -3.6956425, 40.4103115 ] } },
{ "type": "Feature", "properties": { "osm_id": "way/363039943", "building": "apartments" }, "geometry": { "type": "Point", "coordinates": [ -3.6955455, 40.4102394 ] } },
{ "type": "Feature", "properties": { "osm_id": "way/363039944", "building": "apartments" }, "geometry": { "type": "Point", "coordinates": [ -3.6954073, 40.4102783 ] } },
{ "type": "Feature", "properties": { "osm_id": "way/363039945", "building": "apartments" }, "geometry": { "type": "Point", "coordinates": [ -3.6954703, 40.4101764 ] } },
{ "type": "Feature", "properties": { "osm_id": "way/363233350", "building": "apartments" }, "geometry": { "type": "Point", "coordinates": [ -3.6930325, 40.4102722 ] } },
{ "type": "Feature", "properties": { "osm_id": "way/363233353", "building": "apartments" }, "geometry": { "type": "Point", "coordinates": [ -3.6928963, 40.4100655 ] } },
{ "type": "Feature", "properties": { "osm_id": "way/363233356", "building": "apartments" }, "geometry": { "type": "Point", "coordinates": [ -3.6930138, 40.4101739 ] } },
{ "type": "Feature", "properties": { "osm_id": "way/363694350", "building": "apartments" }, "geometry": { "type": "Point", "coordinates": [ -3.6956203, 40.4099696 ] } },
{ "type": "Feature", "properties": { "osm_id": "way/373782806", "building": "apartments" }, "geometry": { "type": "Point", "coordinates": [ -3.6960748, 40.4142038 ] } },
{ "type": "Feature", "properties": { "osm_id": "way/373782903", "building": "apartments" }, "geometry": { "type": "Point", "coordinates": [ -3.6958914, 40.4141879 ] } },
{ "type": "Feature", "properties": { "osm_id": "way/373782904", "building": "apartments" }, "geometry": { "type": "Point", "coordinates": [ -3.6958912, 40.4140223 ] } },
{ "type": "Feature", "properties": { "osm_id": "way/373782905", "building": "apartments" }, "geometry": { "type": "Point", "coordinates": [ -3.6958891, 40.4138848 ] } },
{ "type": "Feature", "properties": { "osm_id": "way/373782906", "building": "apartments" }, "geometry": { "type": "Point", "coordinates": [ -3.6958167, 40.4137578 ] } },
{ "type": "Feature", "properties": { "osm_id": "way/373782907", "building": "apartments" }, "geometry": { "type": "Point", "coordinates": [ -3.6959265, 40.4137595 ] } },
{ "type": "Feature", "properties": { "osm_id": "way/373782908", "building": "apartments" }, "geometry": { "type": "Point", "coordinates": [ -3.6960515, 40.4138481 ] } },
{ "type": "Feature", "properties": { "osm_id": "way/373814859", "building": "apartments" }, "geometry": { "type": "Point", "coordinates": [ -3.6960868, 40.4135616 ] } },
{ "type": "Feature", "properties": { "osm_id": "way/373814860", "building": "apartments" }, "geometry": { "type": "Point", "coordinates": [ -3.6958296, 40.4135263 ] } },
{ "type": "Feature", "properties": { "osm_id": "way/373814861", "building": "apartments" }, "geometry": { "type": "Point", "coordinates": [ -3.6958363, 40.4133392 ] } },
{ "type": "Feature", "properties": { "osm_id": "way/373814862", "building": "apartments" }, "geometry": { "type": "Point", "coordinates": [ -3.6957629, 40.4131891 ] } },
{ "type": "Feature", "properties": { "osm_id": "way/373814863", "building": "apartments" }, "geometry": { "type": "Point", "coordinates": [ -3.6958814, 40.4132114 ] } },
{ "type": "Feature", "properties": { "osm_id": "way/373815011", "building": "apartments" }, "geometry": { "type": "Point", "coordinates": [ -3.6960306, 40.4133262 ] } },
{ "type": "Feature", "properties": { "osm_id": "way/373896507", "building": "apartments" }, "geometry": { "type": "Point", "coordinates": [ -3.6959323, 40.4129434 ] } },
{ "type": "Feature", "properties": { "osm_id": "way/373896508", "building": "apartments" }, "geometry": { "type": "Point", "coordinates": [ -3.696017, 40.4127711 ] } },
{ "type": "Feature", "properties": { "osm_id": "way/373896778", "building": "apartments" }, "geometry": { "type": "Point", "coordinates": [ -3.695813, 40.4129295 ] } },
{ "type": "Feature", "properties": { "osm_id": "way/373896779", "building": "apartments" }, "geometry": { "type": "Point", "coordinates": [ -3.6957213, 40.4129571 ] } },
{ "type": "Feature", "properties": { "osm_id": "way/373896780", "building": "apartments" }, "geometry": { "type": "Point", "coordinates": [ -3.6957843, 40.4128412 ] } },
{ "type": "Feature", "properties": { "osm_id": "way/373896781", "building": "apartments" }, "geometry": { "type": "Point", "coordinates": [ -3.6958652, 40.4127153 ] } },
{ "type": "Feature", "properties": { "osm_id": "way/373896783", "building": "apartments" }, "geometry": { "type": "Point", "coordinates": [ -3.6957321, 40.412694 ] } },
{ "type": "Feature", "properties": { "osm_id": "way/373896784", "building": "apartments" }, "geometry": { "type": "Point", "coordinates": [ -3.6958335, 40.4134004 ] } },
{ "type": "Feature", "properties": { "osm_id": "way/373899127", "building": "apartments" }, "geometry": { "type": "Point", "coordinates": [ -3.6959606, 40.4125777 ] } },
{ "type": "Feature", "properties": { "osm_id": "way/373899128", "building": "apartments" }, "geometry": { "type": "Point", "coordinates": [ -3.6947559, 40.4124727 ] } },
{ "type": "Feature", "properties": { "osm_id": "way/373975541", "building": "hotel" }, "geometry": { "type": "Point", "coordinates": [ -3.6941545, 40.4124763 ] } },
{ "type": "Feature", "properties": { "osm_id": "way/373975542", "building": "apartments" }, "geometry": { "type": "Point", "coordinates": [ -3.6941622, 40.4123113 ] } },
{ "type": "Feature", "properties": { "osm_id": "way/373975544", "building": "apartments" }, "geometry": { "type": "Point", "coordinates": [ -3.6941436, 40.4121995 ] } },
{ "type": "Feature", "properties": { "osm_id": "way/373975545", "building": "apartments" }, "geometry": { "type": "Point", "coordinates": [ -3.6941637, 40.412085 ] } },
{ "type": "Feature", "properties": { "osm_id": "way/373975572", "building": "apartments" }, "geometry": { "type": "Point", "coordinates": [ -3.6939881, 40.4119212 ] } },
{ "type": "Feature", "properties": { "osm_id": "way/373975573", "building": "apartments" }, "geometry": { "type": "Point", "coordinates": [ -3.6942401, 40.4119288 ] } },
{ "type": "Feature", "properties": { "osm_id": "way/373975693", "building": "hotel" }, "geometry": { "type": "Point", "coordinates": [ -3.6944088, 40.4124813 ] } },
{ "type": "Feature", "properties": { "osm_id": "way/373975694", "building": "apartments" }, "geometry": { "type": "Point", "coordinates": [ -3.6945533, 40.4124793 ] } },
{ "type": "Feature", "properties": { "osm_id": "way/373975695", "building": "apartments" }, "geometry": { "type": "Point", "coordinates": [ -3.6946386, 40.4124772 ] } },
{ "type": "Feature", "properties": { "osm_id": "way/373975696", "building": "civic" }, "geometry": { "type": "Point", "coordinates": [ -3.694618, 40.4122309 ] } },
{ "type": "Feature", "properties": { "osm_id": "way/373975697", "building": "apartments" }, "geometry": { "type": "Point", "coordinates": [ -3.6946516, 40.4120594 ] } },
{ "type": "Feature", "properties": { "osm_id": "way/373975698", "building": "religious" }, "geometry": { "type": "Point", "coordinates": [ -3.6944402, 40.411873 ] } },
{ "type": "Feature", "properties": { "osm_id": "way/374072281", "building": "apartments" }, "geometry": { "type": "Point", "coordinates": [ -3.6959637, 40.4105371 ] } },
{ "type": "Feature", "properties": { "osm_id": "way/374072282", "building": "apartments" }, "geometry": { "type": "Point", "coordinates": [ -3.6960784, 40.4104306 ] } },
{ "type": "Feature", "properties": { "osm_id": "way/374072283", "building": "apartments" }, "geometry": { "type": "Point", "coordinates": [ -3.6962497, 40.410616 ] } },
{ "type": "Feature", "properties": { "osm_id": "way/374362033", "building": "service" }, "geometry": { "type": "Point", "coordinates": [ -3.6954445, 40.4120897 ] } },
{ "type": "Feature", "properties": { "osm_id": "way/374362034", "building": "apartments" }, "geometry": { "type": "Point", "coordinates": [ -3.6952491, 40.4119897 ] } },
{ "type": "Feature", "properties": { "osm_id": "way/374362035", "building": "apartments" }, "geometry": { "type": "Point", "coordinates": [ -3.6951267, 40.4119877 ] } },
{ "type": "Feature", "properties": { "osm_id": "way/374362036", "building": "apartments" }, "geometry": { "type": "Point", "coordinates": [ -3.6949348, 40.4118892 ] } },
{ "type": "Feature", "properties": { "osm_id": "way/374362037", "building": "apartments" }, "geometry": { "type": "Point", "coordinates": [ -3.6949498, 40.41199 ] } },
{ "type": "Feature", "properties": { "osm_id": "way/374362038", "building": "apartments" }, "geometry": { "type": "Point", "coordinates": [ -3.694968, 40.4120748 ] } },
{ "type": "Feature", "properties": { "osm_id": "way/374362039", "building": "apartments" }, "geometry": { "type": "Point", "coordinates": [ -3.6950536, 40.4122425 ] } },
{ "type": "Feature", "properties": { "osm_id": "way/374362041", "building": "apartments" }, "geometry": { "type": "Point", "coordinates": [ -3.6949922, 40.4123829 ] } },
{ "type": "Feature", "properties": { "osm_id": "way/374362042", "building": "apartments" }, "geometry": { "type": "Point", "coordinates": [ -3.6951481, 40.4124532 ] } },
{ "type": "Feature", "properties": { "osm_id": "way/374362043", "building": "apartments" }, "geometry": { "type": "Point", "coordinates": [ -3.6950017, 40.4125011 ] } },
{ "type": "Feature", "properties": { "osm_id": "way/374362044", "building": "apartments" }, "geometry": { "type": "Point", "coordinates": [ -3.6952925, 40.4124307 ] } },
{ "type": "Feature", "properties": { "osm_id": "way/374362045", "building": "apartments" }, "geometry": { "type": "Point", "coordinates": [ -3.6957176, 40.4124552 ] } },
{ "type": "Feature", "properties": { "osm_id": "way/374362046", "building": "apartments" }, "geometry": { "type": "Point", "coordinates": [ -3.6955391, 40.412424 ] } },
{ "type": "Feature", "properties": { "osm_id": "way/374362047", "building": "apartments" }, "geometry": { "type": "Point", "coordinates": [ -3.6954411, 40.4124773 ] } },
{ "type": "Feature", "properties": { "osm_id": "way/374554158", "building": "apartments" }, "geometry": { "type": "Point", "coordinates": [ -3.6959397, 40.4117557 ] } },
{ "type": "Feature", "properties": { "osm_id": "way/374554159", "building": "hotel" }, "geometry": { "type": "Point", "coordinates": [ -3.6957633, 40.4117435 ] } },
{ "type": "Feature", "properties": { "osm_id": "way/374554546", "building": "apartments" }, "geometry": { "type": "Point", "coordinates": [ -3.6960799, 40.4124039 ] } },
{ "type": "Feature", "properties": { "osm_id": "way/374554547", "building": "apartments" }, "geometry": { "type": "Point", "coordinates": [ -3.695972, 40.412372 ] } },
{ "type": "Feature", "properties": { "osm_id": "way/374554548", "building": "apartments" }, "geometry": { "type": "Point", "coordinates": [ -3.6958571, 40.4123842 ] } },
{ "type": "Feature", "properties": { "osm_id": "way/374554549", "building": "apartments" }, "geometry": { "type": "Point", "coordinates": [ -3.6957213, 40.412333 ] } },
{ "type": "Feature", "properties": { "osm_id": "way/374554550", "building": "construction" }, "geometry": { "type": "Point", "coordinates": [ -3.6961546, 40.4120426 ] } },
{ "type": "Feature", "properties": { "osm_id": "way/375434580", "building": "apartments" }, "geometry": { "type": "Point", "coordinates": [ -3.6956981, 40.4098582 ] } },
{ "type": "Feature", "properties": { "osm_id": "way/375434583", "building": "apartments" }, "geometry": { "type": "Point", "coordinates": [ -3.6957311, 40.4099677 ] } },
{ "type": "Feature", "properties": { "osm_id": "way/375434811", "building": "apartments" }, "geometry": { "type": "Point", "coordinates": [ -3.695807, 40.4100009 ] } },
{ "type": "Feature", "properties": { "osm_id": "way/375434812", "building": "apartments" }, "geometry": { "type": "Point", "coordinates": [ -3.6960172, 40.4101012 ] } },
{ "type": "Feature", "properties": { "osm_id": "way/375434814", "building": "apartments" }, "geometry": { "type": "Point", "coordinates": [ -3.6958879, 40.4100381 ] } },
{ "type": "Feature", "properties": { "osm_id": "way/398360087", "building": "shed" }, "geometry": { "type": "Point", "coordinates": [ -3.6903163, 40.4097283 ] } },
{ "type": "Feature", "properties": { "osm_id": "way/398360090", "building": "yes" }, "geometry": { "type": "Point", "coordinates": [ -3.6950787, 40.4165957 ] } },
{ "type": "Feature", "properties": { "osm_id": "way/432769550", "building": "commercial" }, "geometry": { "type": "Point", "coordinates": [ -3.6835034, 40.4157405 ] } },
{ "type": "Feature", "properties": { "osm_id": "way/465625697", "building": "civic" }, "geometry": { "type": "Point", "coordinates": [ -3.6784355, 40.4165464 ] } },
{ "type": "Feature", "properties": { "osm_id": "way/465635618", "building": "transformer_tower" }, "geometry": { "type": "Point", "coordinates": [ -3.6826147, 40.4153029 ] } },
{ "type": "Feature", "properties": { "osm_id": "way/465635619", "building": "service" }, "geometry": { "type": "Point", "coordinates": [ -3.6827566, 40.4152269 ] } },
{ "type": "Feature", "properties": { "osm_id": "way/467641934", "building": "service" }, "geometry": { "type": "Point", "coordinates": [ -3.6799243, 40.4117502 ] } },
{ "type": "Feature", "properties": { "osm_id": "way/467642278", "building": "civic" }, "geometry": { "type": "Point", "coordinates": [ -3.6777326, 40.4140969 ] } },
{ "type": "Feature", "properties": { "osm_id": "way/468436708", "building": "yes" }, "geometry": { "type": "Point", "coordinates": [ -3.6805155, 40.4211176 ] } },
{ "type": "Feature", "properties": { "osm_id": "way/479870827", "building": "transformer_tower" }, "geometry": { "type": "Point", "coordinates": [ -3.6839935, 40.4194808 ] } },
{ "type": "Feature", "properties": { "osm_id": "way/480021993", "building": "yes" }, "geometry": { "type": "Point", "coordinates": [ -3.6844186, 40.4204014 ] } },
{ "type": "Feature", "properties": { "osm_id": "way/483417097", "building": "shed" }, "geometry": { "type": "Point", "coordinates": [ -3.6830345, 40.4140797 ] } },
{ "type": "Feature", "properties": { "osm_id": "way/550962564", "building": "civic" }, "geometry": { "type": "Point", "coordinates": [ -3.6786131, 40.4134126 ] } },
{ "type": "Feature", "properties": { "osm_id": "way/551509929", "building": "church" }, "geometry": { "type": "Point", "coordinates": [ -3.680381, 40.4205709 ] } },
{ "type": "Feature", "properties": { "osm_id": "way/562596139", "building": "civic" }, "geometry": { "type": "Point", "coordinates": [ -3.6776532, 40.4138956 ] } },
{ "type": "Feature", "properties": { "osm_id": "way/562746418", "building": "retail" }, "geometry": { "type": "Point", "coordinates": [ -3.6828953, 40.418281 ] } },
{ "type": "Feature", "properties": { "osm_id": "way/562785827", "building": "civic" }, "geometry": { "type": "Point", "coordinates": [ -3.6867038, 40.4187135 ] } },
{ "type": "Feature", "properties": { "osm_id": "way/562788587", "building": "service" }, "geometry": { "type": "Point", "coordinates": [ -3.6844528, 40.4183089 ] } },
{ "type": "Feature", "properties": { "osm_id": "way/567863876", "building": "yes" }, "geometry": { "type": "Point", "coordinates": [ -3.6839848, 40.4055765 ] } },
{ "type": "Feature", "properties": { "osm_id": "way/570379804", "building": "apartments" }, "geometry": { "type": "Point", "coordinates": [ -3.6958926, 40.4197847 ] } },
{ "type": "Feature", "properties": { "osm_id": "way/577853686", "building": "church" }, "geometry": { "type": "Point", "coordinates": [ -3.6909401, 40.4144904 ] } },
{ "type": "Feature", "properties": { "osm_id": "way/578219909", "building": "yes" }, "geometry": { "type": "Point", "coordinates": [ -3.6820957, 40.4196184 ] } },
{ "type": "Feature", "properties": { "osm_id": "way/578219913", "building": "kiosk" }, "geometry": { "type": "Point", "coordinates": [ -3.6821658, 40.4112916 ] } },
{ "type": "Feature", "properties": { "osm_id": "way/578225553", "building": "yes" }, "geometry": { "type": "Point", "coordinates": [ -3.6926919, 40.413727 ] } },
{ "type": "Feature", "properties": { "osm_id": "way/589673690", "building": "apartments" }, "geometry": { "type": "Point", "coordinates": [ -3.6954808, 40.4115357 ] } },
{ "type": "Feature", "properties": { "osm_id": "way/589673691", "building": "apartments" }, "geometry": { "type": "Point", "coordinates": [ -3.6952985, 40.4114772 ] } },
{ "type": "Feature", "properties": { "osm_id": "way/589673692", "building": "apartments" }, "geometry": { "type": "Point", "coordinates": [ -3.695463, 40.4114299 ] } },
{ "type": "Feature", "properties": { "osm_id": "way/589673693", "building": "apartments" }, "geometry": { "type": "Point", "coordinates": [ -3.6949534, 40.4114473 ] } },
{ "type": "Feature", "properties": { "osm_id": "way/589673694", "building": "apartments" }, "geometry": { "type": "Point", "coordinates": [ -3.6951455, 40.4113196 ] } },
{ "type": "Feature", "properties": { "osm_id": "way/589673695", "building": "apartments" }, "geometry": { "type": "Point", "coordinates": [ -3.6949822, 40.4112746 ] } },
{ "type": "Feature", "properties": { "osm_id": "way/589673696", "building": "apartments" }, "geometry": { "type": "Point", "coordinates": [ -3.6953044, 40.4112838 ] } },
{ "type": "Feature", "properties": { "osm_id": "way/589673697", "building": "apartments" }, "geometry": { "type": "Point", "coordinates": [ -3.6954669, 40.4113079 ] } },
{ "type": "Feature", "properties": { "osm_id": "way/593031683", "building": "civic" }, "geometry": { "type": "Point", "coordinates": [ -3.6822298, 40.4057029 ] } },
{ "type": "Feature", "properties": { "osm_id": "way/593031684", "building": "civic" }, "geometry": { "type": "Point", "coordinates": [ -3.6823272, 40.4055315 ] } },
{ "type": "Feature", "properties": { "osm_id": "way/593031685", "building": "civic" }, "geometry": { "type": "Point", "coordinates": [ -3.6824429, 40.4059342 ] } },
{ "type": "Feature", "properties": { "osm_id": "way/593366451", "building": "yes" }, "geometry": { "type": "Point", "coordinates": [ -3.690915, 40.4155307 ] } },
{ "type": "Feature", "properties": { "osm_id": "way/639198244", "building": "service" }, "geometry": { "type": "Point", "coordinates": [ -3.69001, 40.4128364 ] } },
{ "type": "Feature", "properties": { "osm_id": "way/639198246", "building": "service" }, "geometry": { "type": "Point", "coordinates": [ -3.6909873, 40.412786 ] } },
{ "type": "Feature", "properties": { "osm_id": "way/667860465", "building": "apartments" }, "geometry": { "type": "Point", "coordinates": [ -3.6959634, 40.4132257 ] } },
{ "type": "Feature", "properties": { "osm_id": "way/671215495", "building": "yes" }, "geometry": { "type": "Point", "coordinates": [ -3.6839268, 40.4055877 ] } },
{ "type": "Feature", "properties": { "osm_id": "way/681503961", "building": "retail" }, "geometry": { "type": "Point", "coordinates": [ -3.6936875, 40.4127178 ] } },
{ "type": "Feature", "properties": { "osm_id": "way/692839978", "building": "public" }, "geometry": { "type": "Point", "coordinates": [ -3.6919784, 40.4123861 ] } },
{ "type": "Feature", "properties": { "osm_id": "way/722360392", "building": "yes" }, "geometry": { "type": "Point", "coordinates": [ -3.6801294, 40.418319 ] } },
{ "type": "Feature", "properties": { "osm_id": "way/733993037", "building": "train_station" }, "geometry": { "type": "Point", "coordinates": [ -3.6886835, 40.4045571 ] } },
{ "type": "Feature", "properties": { "osm_id": "way/734136144", "building": "train_station" }, "geometry": { "type": "Point", "coordinates": [ -3.6893225, 40.4066416 ] } },
{ "type": "Feature", "properties": { "osm_id": "way/771022568", "building": "apartments" }, "geometry": { "type": "Point", "coordinates": [ -3.6787952, 40.4192202 ] } },
{ "type": "Feature", "properties": { "osm_id": "way/781414578", "building": "yes" }, "geometry": { "type": "Point", "coordinates": [ -3.678096, 40.4049743 ] } },
{ "type": "Feature", "properties": { "osm_id": "way/867974941", "building": "apartments" }, "geometry": { "type": "Point", "coordinates": [ -3.6917034, 40.4161908 ] } },
{ "type": "Feature", "properties": { "osm_id": "way/868454006", "building": "apartments" }, "geometry": { "type": "Point", "coordinates": [ -3.6949708, 40.4121831 ] } },
{ "type": "Feature", "properties": { "osm_id": "way/868454007", "building": "apartments" }, "geometry": { "type": "Point", "coordinates": [ -3.6946258, 40.4119187 ] } },
{ "type": "Feature", "properties": { "osm_id": "way/868454009", "building": "yes" }, "geometry": { "type": "Point", "coordinates": [ -3.6938884, 40.4116357 ] } },
{ "type": "Feature", "properties": { "osm_id": "way/872767868", "building": "apartments" }, "geometry": { "type": "Point", "coordinates": [ -3.694386, 40.4055045 ] } },
{ "type": "Feature", "properties": { "osm_id": "way/872767869", "building": "apartments" }, "geometry": { "type": "Point", "coordinates": [ -3.6945748, 40.405504 ] } },
{ "type": "Feature", "properties": { "osm_id": "way/872767870", "building": "apartments" }, "geometry": { "type": "Point", "coordinates": [ -3.6942004, 40.4054801 ] } },
{ "type": "Feature", "properties": { "osm_id": "way/911875687", "building": "yes" }, "geometry": { "type": "Point", "coordinates": [ -3.677675, 40.4050023 ] } },
{ "type": "Feature", "properties": { "osm_id": "way/957893519", "building": "greenhouse" }, "geometry": { "type": "Point", "coordinates": [ -3.6908252, 40.4206512 ] } },
{ "type": "Feature", "properties": { "osm_id": "way/957893520", "building": "civic" }, "geometry": { "type": "Point", "coordinates": [ -3.6911833, 40.4205226 ] } },
{ "type": "Feature", "properties": { "osm_id": "way/991444050", "building": "government" }, "geometry": { "type": "Point", "coordinates": [ -3.6952519, 40.4077123 ] } },
{ "type": "Feature", "properties": { "osm_id": "way/1002170738", "building": "public" }, "geometry": { "type": "Point", "coordinates": [ -3.6922567, 40.4109421 ] } },
{ "type": "Feature", "properties": { "osm_id": "way/1010068967", "building": "apartments" }, "geometry": { "type": "Point", "coordinates": [ -3.693267, 40.4039713 ] } },
{ "type": "Feature", "properties": { "osm_id": "way/1010068968", "building": "apartments" }, "geometry": { "type": "Point", "coordinates": [ -3.6938578, 40.4040191 ] } },
{ "type": "Feature", "properties": { "osm_id": "way/1010371981", "building": "apartments" }, "geometry": { "type": "Point", "coordinates": [ -3.6900873, 40.4135893 ] } },
{ "type": "Feature", "properties": { "osm_id": "way/1010373277", "building": "apartments" }, "geometry": { "type": "Point", "coordinates": [ -3.6955373, 40.4108004 ] } },
{ "type": "Feature", "properties": { "osm_id": "way/1016916645", "building": "yes" }, "geometry": { "type": "Point", "coordinates": [ -3.6847387, 40.4089369 ] } },
{ "type": "Feature", "properties": { "osm_id": "way/1032966153", "building": "apartments" }, "geometry": { "type": "Point", "coordinates": [ -3.6948871, 40.4145549 ] } },
{ "type": "Feature", "properties": { "osm_id": "way/1035835864", "building": "apartments" }, "geometry": { "type": "Point", "coordinates": [ -3.6928024, 40.4056584 ] } },
{ "type": "Feature", "properties": { "osm_id": "way/1041934288", "building": "apartments" }, "geometry": { "type": "Point", "coordinates": [ -3.6902795, 40.4187151 ] } },
{ "type": "Feature", "properties": { "osm_id": "way/1053838505", "building": "yes" }, "geometry": { "type": "Point", "coordinates": [ -3.6890586, 40.4204323 ] } },
{ "type": "Feature", "properties": { "osm_id": "way/1053838506", "building": "yes" }, "geometry": { "type": "Point", "coordinates": [ -3.6892274, 40.4203316 ] } },
{ "type": "Feature", "properties": { "osm_id": "way/1053839505", "building": "kiosk" }, "geometry": { "type": "Point", "coordinates": [ -3.6893392, 40.4203792 ] } },
{ "type": "Feature", "properties": { "osm_id": "way/1053867722", "building": "apartments" }, "geometry": { "type": "Point", "coordinates": [ -3.6893187, 40.4209019 ] } },
{ "type": "Feature", "properties": { "osm_id": "way/1054171054", "building": "apartments" }, "geometry": { "type": "Point", "coordinates": [ -3.6931537, 40.4091191 ] } },
{ "type": "Feature", "properties": { "osm_id": "way/1073617788", "building": "yes" }, "geometry": { "type": "Point", "coordinates": [ -3.6793172, 40.4162472 ] } },
{ "type": "Feature", "properties": { "osm_id": "way/1087467349", "building": "yes" }, "geometry": { "type": "Point", "coordinates": [ -3.6842073, 40.4195697 ] } },
{ "type": "Feature", "properties": { "osm_id": "way/1087467350", "building": "yes" }, "geometry": { "type": "Point", "coordinates": [ -3.6834774, 40.4181746 ] } },
{ "type": "Feature", "properties": { "osm_id": "way/1089699298", "building": "yes" }, "geometry": { "type": "Point", "coordinates": [ -3.678638, 40.4164845 ] } },
{ "type": "Feature", "properties": { "osm_id": "way/1089699299", "building": "yes" }, "geometry": { "type": "Point", "coordinates": [ -3.6792821, 40.4164277 ] } },
{ "type": "Feature", "properties": { "osm_id": "way/1091388126", "building": "roof" }, "geometry": { "type": "Point", "coordinates": [ -3.6863626, 40.4051896 ] } },
{ "type": "Feature", "properties": { "osm_id": "way/1091388127", "building": "carport" }, "geometry": { "type": "Point", "coordinates": [ -3.6857461, 40.4050403 ] } },
{ "type": "Feature", "properties": { "osm_id": "way/1091388128", "building": "carport" }, "geometry": { "type": "Point", "coordinates": [ -3.6858275, 40.4051974 ] } },
{ "type": "Feature", "properties": { "osm_id": "way/1091388129", "building": "carport" }, "geometry": { "type": "Point", "coordinates": [ -3.6858522, 40.4053174 ] } },
{ "type": "Feature", "properties": { "osm_id": "way/1091388130", "building": "bridge" }, "geometry": { "type": "Point", "coordinates": [ -3.6865984, 40.4057804 ] } },
{ "type": "Feature", "properties": { "osm_id": "way/1091388131", "building": "bridge" }, "geometry": { "type": "Point", "coordinates": [ -3.6849346, 40.405328 ] } },
{ "type": "Feature", "properties": { "osm_id": "way/1091388132", "building": "bridge" }, "geometry": { "type": "Point", "coordinates": [ -3.6858419, 40.4055702 ] } },
{ "type": "Feature", "properties": { "osm_id": "way/1091397414", "building": "carport" }, "geometry": { "type": "Point", "coordinates": [ -3.6853157, 40.4049576 ] } },
{ "type": "Feature", "properties": { "osm_id": "way/1091399533", "building": "civic" }, "geometry": { "type": "Point", "coordinates": [ -3.6910071, 40.4052121 ] } },
{ "type": "Feature", "properties": { "osm_id": "way/1091735638", "building": "industrial" }, "geometry": { "type": "Point", "coordinates": [ -3.6856425, 40.4054208 ] } },
{ "type": "Feature", "properties": { "osm_id": "way/1102973415", "building": "apartments" }, "geometry": { "type": "Point", "coordinates": [ -3.6789701, 40.4080748 ] } },
{ "type": "Feature", "properties": { "osm_id": "way/1173738185", "building": "civic" }, "geometry": { "type": "Point", "coordinates": [ -3.6926604, 40.4071738 ] } },
{ "type": "Feature", "properties": { "osm_id": "way/1173738186", "building": "civic" }, "geometry": { "type": "Point", "coordinates": [ -3.6926989, 40.4071355 ] } },
{ "type": "Feature", "properties": { "osm_id": "way/1173756691", "building": "civic" }, "geometry": { "type": "Point", "coordinates": [ -3.6922303, 40.4067539 ] } },
{ "type": "Feature", "properties": { "osm_id": "way/1173756692", "building": "civic" }, "geometry": { "type": "Point", "coordinates": [ -3.6919238, 40.4064643 ] } },
{ "type": "Feature", "properties": { "osm_id": "way/1181014893", "building": "church" }, "geometry": { "type": "Point", "coordinates": [ -3.6944677, 40.4120306 ] } },
{ "type": "Feature", "properties": { "osm_id": "way/1187634901", "building": "civic" }, "geometry": { "type": "Point", "coordinates": [ -3.6910643, 40.4124329 ] } },
{ "type": "Feature", "properties": { "osm_id": "way/1187634902", "building": "public" }, "geometry": { "type": "Point", "coordinates": [ -3.6907594, 40.412366 ] } },
{ "type": "Feature", "properties": { "osm_id": "way/1191364215", "building": "guardhouse" }, "geometry": { "type": "Point", "coordinates": [ -3.6823495, 40.4144787 ] } },
{ "type": "Feature", "properties": { "osm_id": "way/1191364216", "building": "guardhouse" }, "geometry": { "type": "Point", "coordinates": [ -3.6823933, 40.4146068 ] } },
{ "type": "Feature", "properties": { "osm_id": "way/1279584977", "building": "apartments" }, "geometry": { "type": "Point", "coordinates": [ -3.6782586, 40.4060736 ] } },
{ "type": "Feature", "properties": { "osm_id": "way/1338081678", "building": "yes" }, "geometry": { "type": "Point", "coordinates": [ -3.6809803, 40.4205867 ] } },
{ "type": "Feature", "properties": { "osm_id": "way/1341580071", "building": "retail" }, "geometry": { "type": "Point", "coordinates": [ -3.6800241, 40.4181696 ] } },
{ "type": "Feature", "properties": { "osm_id": "way/1348010660", "building": "yes" }, "geometry": { "type": "Point", "coordinates": [ -3.68536, 40.4097724 ] } },
{ "type": "Feature", "properties": { "osm_id": "way/1348010661", "building": "yes" }, "geometry": { "type": "Point", "coordinates": [ -3.6831745, 40.4091352 ] } },
{ "type": "Feature", "properties": { "osm_id": "way/1348010662", "building": "yes" }, "geometry": { "type": "Point", "coordinates": [ -3.6826724, 40.4089994 ] } },
{ "type": "Feature", "properties": { "osm_id": "way/1360233070", "building": "parking" }, "geometry": { "type": "Point", "coordinates": [ -3.686681, 40.4051206 ] } },
{ "type": "Feature", "properties": { "osm_id": "way/1426799960", "building": "yes" }, "geometry": { "type": "Point", "coordinates": [ -3.6894143, 40.4098012 ] } },
{ "type": "Feature", "properties": { "osm_id": "way/1436377525", "building": "yes" }, "geometry": { "type": "Point", "coordinates": [ -3.6890205, 40.4093635 ] } },
{ "type": "Feature", "properties": { "osm_id": "way/1436377527", "building": "yes" }, "geometry": { "type": "Point", "coordinates": [ -3.6891002, 40.4094635 ] } },
{ "type": "Feature", "properties": { "osm_id": "way/1436377528", "building": "yes" }, "geometry": { "type": "Point", "coordinates": [ -3.68951, 40.4088138 ] } },
{ "type": "Feature", "properties": { "osm_id": "way/1436538505", "building": "yes" }, "geometry": { "type": "Point", "coordinates": [ -3.6913043, 40.409158 ] } },
{ "type": "Feature", "properties": { "osm_id": "way/1436538507", "building": "yes" }, "geometry": { "type": "Point", "coordinates": [ -3.6912322, 40.4093048 ] } },
{ "type": "Feature", "properties": { "osm_id": "way/1479893543", "building": "parking" }, "geometry": { "type": "Point", "coordinates": [ -3.6850515, 40.4041854 ] } },
{ "type": "Feature", "properties": { "osm_id": "way/1482141889", "building": "yes" }, "geometry": { "type": "Point", "coordinates": [ -3.6925348, 40.4046008 ] } },
{ "type": "Feature", "properties": { "osm_id": "way/1482153870", "building": "yes" }, "geometry": { "type": "Point", "coordinates": [ -3.6930058, 40.404534 ] } },
{ "type": "Feature", "properties": { "osm_id": "way/1482153871", "building": "yes" }, "geometry": { "type": "Point", "coordinates": [ -3.6928307, 40.4046133 ] } },
{ "type": "Feature", "properties": { "osm_id": "way/1482167531", "building": "yes" }, "geometry": { "type": "Point", "coordinates": [ -3.6930875, 40.4049148 ] } },
{ "type": "Feature", "properties": { "osm_id": "way/1482187680", "building": "yes" }, "geometry": { "type": "Point", "coordinates": [ -3.6922607, 40.4044411 ] } },
{ "type": "Feature", "properties": { "osm_id": "way/1482187681", "building": "yes" }, "geometry": { "type": "Point", "coordinates": [ -3.6923411, 40.4044448 ] } },
{ "type": "Feature", "properties": { "osm_id": "way/1482187682", "building": "yes" }, "geometry": { "type": "Point", "coordinates": [ -3.6923918, 40.4044549 ] } },
{ "type": "Feature", "properties": { "osm_id": "way/1482187683", "building": "yes" }, "geometry": { "type": "Point", "coordinates": [ -3.6925467, 40.4044607 ] } },
{ "type": "Feature", "properties": { "osm_id": "way/1482190533", "building": "yes" }, "geometry": { "type": "Point", "coordinates": [ -3.6926651, 40.4047473 ] } },
{ "type": "Feature", "properties": { "osm_id": "way/1482211810", "building": "yes" }, "geometry": { "type": "Point", "coordinates": [ -3.6913494, 40.4045286 ] } },
{ "type": "Feature", "properties": { "osm_id": "way/1490270829", "building": "bridge" }, "geometry": { "type": "Point", "coordinates": [ -3.6857925, 40.4046054 ] } },
{ "type": "Feature", "properties": { "osm_id": "way/1539046369", "building": "yes" }, "geometry": { "type": "Point", "coordinates": [ -3.6828613, 40.4171954 ] } },
{ "type": "Feature", "properties": { "osm_id": "way/1549550308", "building": "yes" }, "geometry": { "type": "Point", "coordinates": [ -3.6918518, 40.4200445 ] } }
]
}
