{
"type": "FeatureCollection",
"name": "trees",
"crs": { "type": "name", "properties": { "name": "urn:ogc:def:crs:OGC:1.3:CRS84" } },
"features": [
{ "type": "Feature", "properties": { "osm_id": "node/3112549215", "genus": "Cercis siliquastrum" }, "geometry": { "type": "Point", "coordinates": [ -3.6914745, 40.4098861 ] } },
{ "type": "Feature", "properties": { "osm_id": "node/3112549216", "genus": "Cercis siliquastrum" }, "geometry": { "type": "Point", "coordinates": [ -3.6921219, 40.4120015 ] } },
{ "type": "Feature", "properties": { "osm_id": "node/3112550727", "genus": "Cercis" }, "geometry": { "type": "Point", "coordinates": [ -3.6901472, 40.4101619 ] } },
{ "type": "Feature", "properties": { "osm_id": "node/3117313479", "genus": "Cupressus sempervirens" }, "geometry": { "type": "Point", "coordinates": [ -3.6868205, 40.4155187 ] } },
{ "type": "Feature", "properties": { "osm_id": "node/3117313481", "genus": "Cupressus sempervirens" }, "geometry": { "type": "Point", "coordinates": [ -3.6868285, 40.4151573 ] } },
{ "type": "Feature", "properties": { "osm_id": "node/3168781762", "genus": "Celtis australis" }, "geometry": { "type": "Point", "coordinates": [ -3.6918245, 40.4113072 ] } },
{ "type": "Feature", "properties": { "osm_id": "node/3168781763", "genus": "Cedrus" }, "geometry": { "type": "Point", "coordinates": [ -3.6907078, 40.4105084 ] } },
{ "type": "Feature", "properties": { "osm_id": "node/3168781764", "genus": "Ginkgo biloba" }, "geometry": { "type": "Point", "coordinates": [ -3.6901564, 40.4104435 ] } },
{ "type": "Feature", "properties": { "osm_id": "node/3168781765", "genus": "Punica granatum" }, "geometry": { "type": "Point", "coordinates": [ -3.6915573, 40.4120904 ] } },
{ "type": "Feature", "properties": { "osm_id": "node/3168781766", "genus": "Ulmus" }, "geometry": { "type": "Point", "coordinates": [ -3.6911877, 40.4116673 ] } },
{ "type": "Feature", "properties": { "osm_id": "node/3168781767", "genus": "Pinus" }, "geometry": { "type": "Point", "coordinates": [ -3.6905809, 40.4108021 ] } },
{ "type": "Feature", "properties": { "osm_id": "node/3168781768", "genus": "Pinus" }, "geometry": { "type": "Point", "coordinates": [ -3.6921619, 40.4111804 ] } },
{ "type": "Feature", "properties": { "osm_id": "node/3168781769", "genus": "Quercus" }, "geometry": { "type": "Point", "coordinates": [ -3.6906532, 40.4110566 ] } },
{ "type": "Feature", "properties": { "osm_id": "node/3168781770", "genus": "Sequoia sempervirens" }, "geometry": { "type": "Point", "coordinates": [ -3.6904995, 40.4104543 ] } },
{ "type": "Feature", "properties": { "osm_id": "node/3168781771", "genus": "Taxus" }, "geometry": { "type": "Point", "coordinates": [ -3.6915268, 40.4116444 ] } },
{ "type": "Feature", "properties": { "osm_id": "node/3170278091", "genus": "Cupressus" }, "geometry": { "type": "Point", "coordinates": [ -3.6904935, 40.4119089 ] } },
{ "type": "Feature", "properties": { "osm_id": "node/3170278092", "genus": "Fagus" }, "geometry": { "type": "Point", "coordinates": [ -3.6902019, 40.4111681 ] } },
{ "type": "Feature", "properties": { "osm_id": "node/3170278093", "genus": "Zelkova" }, "geometry": { "type": "Point", "coordinates": [ -3.690454, 40.4117045 ] } },
{ "type": "Feature", "properties": { "osm_id": "node/3170278094", "genus": "Phoenix" }, "geometry": { "type": "Point", "coordinates": [ -3.6897646, 40.4113217 ] } },
{ "type": "Feature", "properties": { "osm_id": "node/3170278095", "genus": "Platanus" }, "geometry": { "type": "Point", "coordinates": [ -3.6903286, 40.4112303 ] } },
{ "type": "Feature", "properties": { "osm_id": "node/3170278096", "genus": "Parrotia persica" }, "geometry": { "type": "Point", "coordinates": [ -3.690079, 40.4118698 ] } },
{ "type": "Feature", "properties": { "osm_id": "node/3269790738", "genus": "Cedrus" }, "geometry": { "type": "Point", "coordinates": [ -3.6791267, 40.4120933 ] } },
{ "type": "Feature", "properties": { "osm_id": "node/3269790739", "genus": "Pinus" }, "geometry": { "type": "Point", "coordinates": [ -3.679157, 40.4122118 ] } },
{ "type": "Feature", "properties": { "osm_id": "node/3497610360", "genus": "Taxus" }, "geometry": { "type": "Point", "coordinates": [ -3.6813577, 40.4152497 ] } },
{ "type": "Feature", "properties": { "osm_id": "node/3625884398", "genus": "" }, "geometry": { "type": "Point", "coordinates": [ -3.6895021, 40.4200411 ] } },
{ "type": "Feature", "properties": { "osm_id": "node/3625884399", "genus": "" }, "geometry": { "type": "Point", "coordinates": [ -3.6894313, 40.4201009 ] } },
{ "type": "Feature", "properties": { "osm_id": "node/3625884400", "genus": "" }, "geometry": { "type": "Point", "coordinates": [ -3.6894975, 40.4202346 ] } },
{ "type": "Feature", "properties": { "osm_id": "node/3625884401", "genus": "" }, "geometry": { "type": "Point", "coordinates": [ -3.689402, 40.4201748 ] } },
{ "type": "Feature", "properties": { "osm_id": "node/3625884402", "genus": "" }, "geometry": { "type": "Point", "coordinates": [ -3.6883128, 40.4203824 ] } },
{ "type": "Feature", "properties": { "osm_id": "node/3625884403", "genus": "" }, "geometry": { "type": "Point", "coordinates": [ -3.6882682, 40.4204269 ] } },
{ "type": "Feature", "properties": { "osm_id": "node/3625884404", "genus": "" }, "geometry": { "type": "Point", "coordinates": [ -3.6882327, 40.4204621 ] } },
{ "type": "Feature", "properties": { "osm_id": "node/3919471897", "genus": "Taxodium" }, "geometry": { "type": "Point", "coordinates": [ -3.6815343, 40.4135679 ] } },
{ "type": "Feature", "properties": { "osm_id": "node/3919471901", "genus": "Taxodium" }, "geometry": { "type": "Point", "coordinates": [ -3.681301, 40.4135983 ] } },
{ "type": "Feature", "properties": { "osm_id": "node/3919471905", "genus": "Taxodium" }, "geometry": { "type": "Point", "coordinates": [ -3.6816067, 40.4136106 ] } },
{ "type": "Feature", "properties": { "osm_id": "node/3919471908", "genus": "Taxodium" }, "geometry": { "type": "Point", "coordinates": [ -3.6812099, 40.4136486 ] } },
{ "type": "Feature", "properties": { "osm_id": "node/3919471913", "genus": "Taxodium" }, "geometry": { "type": "Point", "coordinates": [ -3.6811787, 40.4137028 ] } },
{ "type": "Feature", "properties": { "osm_id": "node/3919471918", "genus": "Taxodium" }, "geometry": { "type": "Point", "coordinates": [ -3.6816966, 40.4137484 ] } },
{ "type": "Feature", "properties": { "osm_id": "node/3919471921", "genus": "Taxodium" }, "geometry": { "type": "Point", "coordinates": [ -3.6817465, 40.413775 ] } },
{ "type": "Feature", "properties": { "osm_id": "node/3919471928", "genus": "Taxodium" }, "geometry": { "type": "Point", "coordinates": [ -3.6816654, 40.4138558 ] } },
{ "type": "Feature", "properties": { "osm_id": "node/3919471940", "genus": "Taxodium" }, "geometry": { "type": "Point", "coordinates": [ -3.6812099, 40.4139432 ] } },
{ "type": "Feature", "properties": { "osm_id": "node/3919471951", "genus": "Taxodium" }, "geometry": { "type": "Point", "coordinates": [ -3.6813022, 40.4139954 ] } },
{ "type": "Feature", "properties": { "osm_id": "node/3919471958", "genus": "Taxodium" }, "geometry": { "type": "Point", "coordinates": [ -3.6812087, 40.4140296 ] } },
{ "type": "Feature", "properties": { "osm_id": "node/3919471962", "genus": "Taxodium" }, "geometry": { "type": "Point", "coordinates": [ -3.6814252, 40.4140736 ] } },
{ "type": "Feature", "properties": { "osm_id": "node/4208169379", "genus": "" }, "geometry": { "type": "Point", "coordinates": [ -3.6957014, 40.4044725 ] } },
{ "type": "Feature", "properties": { "osm_id": "node/4211583176", "genus": "" }, "geometry": { "type": "Point", "coordinates": [ -3.6907627, 40.4046036 ] } },
{ "type": "Feature", "properties": { "osm_id": "node/4211583177", "genus": "" }, "geometry": { "type": "Point", "coordinates": [ -3.6907637, 40.4045139 ] } },
{ "type": "Feature", "properties": { "osm_id": "node/4211583178", "genus": "" }, "geometry": { "type": "Point", "coordinates": [ -3.6907678, 40.4044628 ] } },
{ "type": "Feature", "properties": { "osm_id": "node/4211583179", "genus": "" }, "geometry": { "type": "Point", "coordinates": [ -3.6907678, 40.4044171 ] } },
{ "type": "Feature", "properties": { "osm_id": "node/4253323155", "genus": "" }, "geometry": { "type": "Point", "coordinates": [ -3.6775715, 40.4153365 ] } },
{ "type": "Feature", "properties": { "osm_id": "node/4253323156", "genus": "" }, "geometry": { "type": "Point", "coordinates": [ -3.6775333, 40.4152288 ] } },
{ "type": "Feature", "properties": { "osm_id": "node/4273827080", "genus": "" }, "geometry": { "type": "Point", "coordinates": [ -3.6913866, 40.4040554 ] } },
{ "type": "Feature", "properties": { "osm_id": "node/4273827081", "genus": "" }, "geometry": { "type": "Point", "coordinates": [ -3.6913259, 40.4040518 ] } },
{ "type": "Feature", "properties": { "osm_id": "node/4339113688", "genus": "" }, "geometry": { "type": "Point", "coordinates": [ -3.6899033, 40.4209928 ] } },
{ "type": "Feature", "properties": { "osm_id": "node/4414718751", "genus": "" }, "geometry": { "type": "Point", "coordinates": [ -3.6778645, 40.4170766 ] } },
{ "type": "Feature", "properties": { "osm_id": "node/4414718752", "genus": "" }, "geometry": { "type": "Point", "coordinates": [ -3.6777583, 40.4170699 ] } },
{ "type": "Feature", "properties": { "osm_id": "node/4414718753", "genus": "" }, "geometry": { "type": "Point", "coordinates": [ -3.677684, 40.4170618 ] } },
{ "type": "Feature", "properties": { "osm_id": "node/4414718754", "genus": "" }, "geometry": { "type": "Point", "coordinates": [ -3.6776167, 40.4170564 ] } },
{ "type": "Feature", "properties": { "osm_id": "node/4414718755", "genus": "" }, "geometry": { "type": "Point", "coordinates": [ -3.6775447, 40.4170549 ] } },
{ "type": "Feature", "properties": { "osm_id": "node/4414718762", "genus": "" }, "geometry": { "type": "Point", "coordinates": [ -3.6778657, 40.4170122 ] } },
{ "type": "Feature", "properties": { "osm_id": "node/4414718763", "genus": "" }, "geometry": { "type": "Point", "coordinates": [ -3.6777291, 40.4170024 ] } },
{ "type": "Feature", "properties": { "osm_id": "node/4414718764", "genus": "" }, "geometry": { "type": "Point", "coordinates": [ -3.6776241, 40.4169944 ] } },
{ "type": "Feature", "properties": { "osm_id": "node/4414718765", "genus": "" }, "geometry": { "type": "Point", "coordinates": [ -3.6775202, 40.4169909 ] } },
{ "type": "Feature", "properties": { "osm_id": "node/4456659509", "genus": "" }, "geometry": { "type": "Point", "coordinates": [ -3.6833751, 40.405025 ] } },
{ "type": "Feature", "properties": { "osm_id": "node/4456659510", "genus": "" }, "geometry": { "type": "Point", "coordinates": [ -3.6831515, 40.4049599 ] } },
{ "type": "Feature", "properties": { "osm_id": "node/4456659533", "genus": "" }, "geometry": { "type": "Point", "coordinates": [ -3.6838494, 40.4042521 ] } },
{ "type": "Feature", "properties": { "osm_id": "node/4456659534", "genus": "" }, "geometry": { "type": "Point", "coordinates": [ -3.6838108, 40.4042699 ] } },
{ "type": "Feature", "properties": { "osm_id": "node/4456659535", "genus": "" }, "geometry": { "type": "Point", "coordinates": [ -3.6837508, 40.4042072 ] } },
{ "type": "Feature", "properties": { "osm_id": "node/4456659536", "genus": "" }, "geometry": { "type": "Point", "coordinates": [ -3.6837366, 40.4042381 ] } },
{ "type": "Feature", "properties": { "osm_id": "node/4456659537", "genus": "" }, "geometry": { "type": "Point", "coordinates": [ -3.6836736, 40.4042103 ] } },
{ "type": "Feature", "properties": { "osm_id": "node/4456659538", "genus": "" }, "geometry": { "type": "Point", "coordinates": [ -3.6836431, 40.4041592 ] } },
{ "type": "Feature", "properties": { "osm_id": "node/4481242978", "genus": "Magnolia" }, "geometry": { "type": "Point", "coordinates": [ -3.6916545, 40.4127803 ] } },
{ "type": "Feature", "properties": { "osm_id": "node/4481242979", "genus": "Magnolia" }, "geometry": { "type": "Point", "coordinates": [ -3.6921654, 40.4125323 ] } },
{ "type": "Feature", "properties": { "osm_id": "node/4481242982", "genus": "Magnolia" }, "geometry": { "type": "Point", "coordinates": [ -3.6916317, 40.4127507 ] } },
{ "type": "Feature", "properties": { "osm_id": "node/4481242983", "genus": "Magnolia" }, "geometry": { "type": "Point", "coordinates": [ -3.6915995, 40.4126466 ] } },
{ "type": "Feature", "properties": { "osm_id": "node/4481242984", "genus": "Magnolia" }, "geometry": { "type": "Point", "coordinates": [ -3.6916062, 40.4125965 ] } },
{ "type": "Feature", "properties": { "osm_id": "node/4481242986", "genus": "Magnolia" }, "geometry": { "type": "Point", "coordinates": [ -3.6922083, 40.4126895 ] } },
{ "type": "Feature", "properties": { "osm_id": "node/4481244089", "genus": "Magnolia" }, "geometry": { "type": "Point", "coordinates": [ -3.6916946, 40.4128089 ] } },
{ "type": "Feature", "properties": { "osm_id": "node/4481244095", "genus": "Magnolia" }, "geometry": { "type": "Point", "coordinates": [ -3.6915994, 40.4126884 ] } },
{ "type": "Feature", "properties": { "osm_id": "node/4481244097", "genus": "Magnolia" }, "geometry": { "type": "Point", "coordinates": [ -3.6916048, 40.412714 ] } },
{ "type": "Feature", "properties": { "osm_id": "node/4504427001", "genus": "" }, "geometry": { "type": "Point", "coordinates": [ -3.6911266, 40.4087834 ] } },
{ "type": "Feature", "properties": { "osm_id": "node/4504427002", "genus": "" }, "geometry": { "type": "Point", "coordinates": [ -3.6910285, 40.40873 ] } },
{ "type": "Feature", "properties": { "osm_id": "node/4504427003", "genus": "" }, "geometry": { "type": "Point", "coordinates": [ -3.6909608, 40.4086785 ] } },
{ "type": "Feature", "properties": { "osm_id": "node/4504427004", "genus": "" }, "geometry": { "type": "Point", "coordinates": [ -3.6908977, 40.408634 ] } },
{ "type": "Feature", "properties": { "osm_id": "node/4504427007", "genus": "" }, "geometry": { "type": "Point", "coordinates": [ -3.6904914, 40.4084047 ] } },
{ "type": "Feature", "properties": { "osm_id": "node/4504427008", "genus": "" }, "geometry": { "type": "Point", "coordinates": [ -3.6904237, 40.4083709 ] } },
{ "type": "Feature", "properties": { "osm_id": "node/4504427009", "genus": "" }, "geometry": { "type": "Point", "coordinates": [ -3.6903233, 40.4083158 ] } },
{ "type": "Feature", "properties": { "osm_id": "node/4504427010", "genus": "" }, "geometry": { "type": "Point", "coordinates": [ -3.6902416, 40.4082571 ] } },
{ "type": "Feature", "properties": { "osm_id": "node/4504427011", "genus": "" }, "geometry": { "type": "Point", "coordinates": [ -3.6900992, 40.4081629 ] } },
{ "type": "Feature", "properties": { "osm_id": "node/4504427016", "genus": "" }, "geometry": { "type": "Point", "coordinates": [ -3.6889967, 40.4095536 ] } },
{ "type": "Feature", "properties": { "osm_id": "node/4504427017", "genus": "" }, "geometry": { "type": "Point", "coordinates": [ -3.6890946, 40.4095648 ] } },
{ "type": "Feature", "properties": { "osm_id": "node/4504427018", "genus": "" }, "geometry": { "type": "Point", "coordinates": [ -3.6891563, 40.4095658 ] } },
{ "type": "Feature", "properties": { "osm_id": "node/4504427019", "genus": "" }, "geometry": { "type": "Point", "coordinates": [ -3.6892113, 40.4095669 ] } },
{ "type": "Feature", "properties": { "osm_id": "node/4504427020", "genus": "" }, "geometry": { "type": "Point", "coordinates": [ -3.6892663, 40.4095617 ] } },
{ "type": "Feature", "properties": { "osm_id": "node/4504427021", "genus": "" }, "geometry": { "type": "Point", "coordinates": [ -3.6893253, 40.4095658 ] } },
{ "type": "Feature", "properties": { "osm_id": "node/4504427022", "genus": "" }, "geometry": { "type": "Point", "coordinates": [ -3.6893776, 40.4095669 ] } },
{ "type": "Feature", "properties": { "osm_id": "node/4504427023", "genus": "" }, "geometry": { "type": "Point", "coordinates": [ -3.6894473, 40.4095638 ] } },
{ "type": "Feature", "properties": { "osm_id": "node/4504427024", "genus": "" }, "geometry": { "type": "Point", "coordinates": [ -3.6895023, 40.4095648 ] } },
{ "type": "Feature", "properties": { "osm_id": "node/4504427025", "genus": "" }, "geometry": { "type": "Point", "coordinates": [ -3.6895667, 40.4095587 ] } },
{ "type": "Feature", "properties": { "osm_id": "node/4504427026", "genus": "" }, "geometry": { "type": "Point", "coordinates": [ -3.6896525, 40.4095556 ] } },
{ "type": "Feature", "properties": { "osm_id": "node/4504427027", "genus": "" }, "geometry": { "type": "Point", "coordinates": [ -3.689733, 40.4095515 ] } },
{ "type": "Feature", "properties": { "osm_id": "node/4504427028", "genus": "" }, "geometry": { "type": "Point", "coordinates": [ -3.6898228, 40.4095485 ] } },
{ "type": "Feature", "properties": { "osm_id": "node/4504427029", "genus": "" }, "geometry": { "type": "Point", "coordinates": [ -3.6898832, 40.4095434 ] } },
{ "type": "Feature", "properties": { "osm_id": "node/4504427030", "genus": "" }, "geometry": { "type": "Point", "coordinates": [ -3.6899583, 40.4095464 ] } },
{ "type": "Feature", "properties": { "osm_id": "node/4504427031", "genus": "" }, "geometry": { "type": "Point", "coordinates": [ -3.6900133, 40.4095403 ] } },
{ "type": "Feature", "properties": { "osm_id": "node/4504427032", "genus": "" }, "geometry": { "type": "Point", "coordinates": [ -3.6900803, 40.4095526 ] } },
{ "type": "Feature", "properties": { "osm_id": "node/4504427033", "genus": "" }, "geometry": { "type": "Point", "coordinates": [ -3.6901903, 40.4095474 ] } },
{ "type": "Feature", "properties": { "osm_id": "node/4504427034", "genus": "" }, "geometry": { "type": "Point", "coordinates": [ -3.6902801, 40.4095474 ] } },
{ "type": "Feature", "properties": { "osm_id": "node/4504427035", "genus": "" }, "geometry": { "type": "Point", "coordinates": [ -3.6903686, 40.4095372 ] } },
{ "type": "Feature", "properties": { "osm_id": "node/4504427036", "genus": "" }, "geometry": { "type": "Point", "coordinates": [ -3.6904531, 40.4095413 ] } },
{ "type": "Feature", "properties": { "osm_id": "node/4504427037", "genus": "" }, "geometry": { "type": "Point", "coordinates": [ -3.6905188, 40.4095372 ] } },
{ "type": "Feature", "properties": { "osm_id": "node/4504427038", "genus": "" }, "geometry": { "type": "Point", "coordinates": [ -3.6905939, 40.4095342 ] } },
{ "type": "Feature", "properties": { "osm_id": "node/4504427039", "genus": "" }, "geometry": { "type": "Point", "coordinates": [ -3.690653, 40.4095311 ] } },
{ "type": "Feature", "properties": { "osm_id": "node/4504427040", "genus": "" }, "geometry": { "type": "Point", "coordinates": [ -3.6891514, 40.4096838 ] } },
{ "type": "Feature", "properties": { "osm_id": "node/4504427041", "genus": "" }, "geometry": { "type": "Point", "coordinates": [ -3.6892331, 40.4096892 ] } },
{ "type": "Feature", "properties": { "osm_id": "node/4504427042", "genus": "" }, "geometry": { "type": "Point", "coordinates": [ -3.6892961, 40.4096838 ] } },
{ "type": "Feature", "properties": { "osm_id": "node/4504427043", "genus": "" }, "geometry": { "type": "Point", "coordinates": [ -3.6893989, 40.4096856 ] } },
{ "type": "Feature", "properties": { "osm_id": "node/4504427044", "genus": "" }, "geometry": { "type": "Point", "coordinates": [ -3.68949, 40.4096785 ] } },
{ "type": "Feature", "properties": { "osm_id": "node/4504427045", "genus": "" }, "geometry": { "type": "Point", "coordinates": [ -3.6895904, 40.4096767 ] } },
{ "type": "Feature", "properties": { "osm_id": "node/4504427046", "genus": "" }, "geometry": { "type": "Point", "coordinates": [ -3.6896978, 40.4096821 ] } },
{ "type": "Feature", "properties": { "osm_id": "node/4504427047", "genus": "" }, "geometry": { "type": "Point", "coordinates": [ -3.6897585, 40.4096856 ] } },
{ "type": "Feature", "properties": { "osm_id": "node/4504427048", "genus": "" }, "geometry": { "type": "Point", "coordinates": [ -3.6898192, 40.4096767 ] } },
{ "type": "Feature", "properties": { "osm_id": "node/4504427049", "genus": "" }, "geometry": { "type": "Point", "coordinates": [ -3.6899126, 40.4096874 ] } },
{ "type": "Feature", "properties": { "osm_id": "node/4504427050", "genus": "" }, "geometry": { "type": "Point", "coordinates": [ -3.6899966, 40.4096838 ] } },
{ "type": "Feature", "properties": { "osm_id": "node/4504427051", "genus": "" }, "geometry": { "type": "Point", "coordinates": [ -3.6900854, 40.4096909 ] } },
{ "type": "Feature", "properties": { "osm_id": "node/4504427052", "genus": "" }, "geometry": { "type": "Point", "coordinates": [ -3.6901601, 40.4096821 ] } },
{ "type": "Feature", "properties": { "osm_id": "node/4504427053", "genus": "" }, "geometry": { "type": "Point", "coordinates": [ -3.6902862, 40.4096767 ] } },
{ "type": "Feature", "properties": { "osm_id": "node/4504427054", "genus": "" }, "geometry": { "type": "Point", "coordinates": [ -3.6903656, 40.4096785 ] } },
{ "type": "Feature", "properties": { "osm_id": "node/4504427055", "genus": "" }, "geometry": { "type": "Point", "coordinates": [ -3.6904777, 40.4096732 ] } },
{ "type": "Feature", "properties": { "osm_id": "node/4504427056", "genus": "" }, "geometry": { "type": "Point", "coordinates": [ -3.6905687, 40.4096749 ] } },
{ "type": "Feature", "properties": { "osm_id": "node/4504427057", "genus": "" }, "geometry": { "type": "Point", "coordinates": [ -3.6906551, 40.4096696 ] } },
{ "type": "Feature", "properties": { "osm_id": "node/4504427058", "genus": "" }, "geometry": { "type": "Point", "coordinates": [ -3.6907485, 40.4096572 ] } },
{ "type": "Feature", "properties": { "osm_id": "node/4504427059", "genus": "" }, "geometry": { "type": "Point", "coordinates": [ -3.6908396, 40.4096643 ] } },
{ "type": "Feature", "properties": { "osm_id": "node/4504427060", "genus": "" }, "geometry": { "type": "Point", "coordinates": [ -3.6909423, 40.4096643 ] } },
{ "type": "Feature", "properties": { "osm_id": "node/4504427061", "genus": "" }, "geometry": { "type": "Point", "coordinates": [ -3.6910381, 40.4096678 ] } },
{ "type": "Feature", "properties": { "osm_id": "node/4504427063", "genus": "" }, "geometry": { "type": "Point", "coordinates": [ -3.6911245, 40.40965 ] } },
{ "type": "Feature", "properties": { "osm_id": "node/4504427064", "genus": "" }, "geometry": { "type": "Point", "coordinates": [ -3.6912365, 40.4096412 ] } },
{ "type": "Feature", "properties": { "osm_id": "node/4504427065", "genus": "" }, "geometry": { "type": "Point", "coordinates": [ -3.6913416, 40.4096465 ] } },
{ "type": "Feature", "properties": { "osm_id": "node/4504427066", "genus": "" }, "geometry": { "type": "Point", "coordinates": [ -3.691428, 40.4096483 ] } },
{ "type": "Feature", "properties": { "osm_id": "node/4504427067", "genus": "" }, "geometry": { "type": "Point", "coordinates": [ -3.6915447, 40.40965 ] } },
{ "type": "Feature", "properties": { "osm_id": "node/4504427068", "genus": "" }, "geometry": { "type": "Point", "coordinates": [ -3.6916545, 40.4096625 ] } },
{ "type": "Feature", "properties": { "osm_id": "node/4504427069", "genus": "" }, "geometry": { "type": "Point", "coordinates": [ -3.6917549, 40.4096607 ] } },
{ "type": "Feature", "properties": { "osm_id": "node/4504427070", "genus": "" }, "geometry": { "type": "Point", "coordinates": [ -3.691846, 40.4096714 ] } },
{ "type": "Feature", "properties": { "osm_id": "node/4504427071", "genus": "" }, "geometry": { "type": "Point", "coordinates": [ -3.691944, 40.4096874 ] } },
{ "type": "Feature", "properties": { "osm_id": "node/4506534302", "genus": "" }, "geometry": { "type": "Point", "coordinates": [ -3.6931299, 40.4069878 ] } },
{ "type": "Feature", "properties": { "osm_id": "node/4506534303", "genus": "" }, "geometry": { "type": "Point", "coordinates": [ -3.6931272, 40.406902 ] } },
{ "type": "Feature", "properties": { "osm_id": "node/4506534304", "genus": "" }, "geometry": { "type": "Point", "coordinates": [ -3.6931353, 40.4068448 ] } },
{ "type": "Feature", "properties": { "osm_id": "node/4506534305", "genus": "" }, "geometry": { "type": "Point", "coordinates": [ -3.6931473, 40.4067366 ] } },
{ "type": "Feature", "properties": { "osm_id": "node/4506534306", "genus": "" }, "geometry": { "type": "Point", "coordinates": [ -3.6931634, 40.4066579 ] } },
{ "type": "Feature", "properties": { "osm_id": "node/4552985480", "genus": "Populus" }, "geometry": { "type": "Point", "coordinates": [ -3.6861887, 40.4160288 ] } },
{ "type": "Feature", "properties": { "osm_id": "node/4565394685", "genus": "Taxodium" }, "geometry": { "type": "Point", "coordinates": [ -3.6880288, 40.4156329 ] } },
{ "type": "Feature", "properties": { "osm_id": "node/4567138642", "genus": "" }, "geometry": { "type": "Point", "coordinates": [ -3.6792099, 40.4078144 ] } },
{ "type": "Feature", "properties": { "osm_id": "node/4567138643", "genus": "" }, "geometry": { "type": "Point", "coordinates": [ -3.6792461, 40.4077833 ] } },
{ "type": "Feature", "properties": { "osm_id": "node/4567138644", "genus": "" }, "geometry": { "type": "Point", "coordinates": [ -3.6792905, 40.4077246 ] } },
{ "type": "Feature", "properties": { "osm_id": "node/4567138645", "genus": "" }, "geometry": { "type": "Point", "coordinates": [ -3.679322, 40.4076802 ] } },
{ "type": "Feature", "properties": { "osm_id": "node/4567138646", "genus": "" }, "geometry": { "type": "Point", "coordinates": [ -3.679343, 40.4076384 ] } },
{ "type": "Feature", "properties": { "osm_id": "node/4567138647", "genus": "" }, "geometry": { "type": "Point", "coordinates": [ -3.6793558, 40.4076091 ] } },
{ "type": "Feature", "properties": { "osm_id": "node/4567138648", "genus": "" }, "geometry": { "type": "Point", "coordinates": [ -3.6794376, 40.407553 ] } },
{ "type": "Feature", "properties": { "osm_id": "node/4567138649", "genus": "" }, "geometry": { "type": "Point", "coordinates": [ -3.6791223, 40.4076171 ] } },
{ "type": "Feature", "properties": { "osm_id": "node/4567138650", "genus": "" }, "geometry": { "type": "Point", "coordinates": [ -3.6790803, 40.4076704 ] } },
{ "type": "Feature", "properties": { "osm_id": "node/4567138651", "genus": "" }, "geometry": { "type": "Point", "coordinates": [ -3.6790161, 40.4077166 ] } },
{ "type": "Feature", "properties": { "osm_id": "node/4567138652", "genus": "" }, "geometry": { "type": "Point", "coordinates": [ -3.6789496, 40.4077646 ] } },
{ "type": "Feature", "properties": { "osm_id": "node/4567138653", "genus": "" }, "geometry": { "type": "Point", "coordinates": [ -3.6788772, 40.4077966 ] } },
{ "type": "Feature", "properties": { "osm_id": "node/4567138677", "genus": "" }, "geometry": { "type": "Point", "coordinates": [ -3.679762, 40.4076789 ] } },
{ "type": "Feature", "properties": { "osm_id": "node/4567138678", "genus": "" }, "geometry": { "type": "Point", "coordinates": [ -3.6797173, 40.4077528 ] } },
{ "type": "Feature", "properties": { "osm_id": "node/4567138679", "genus": "" }, "geometry": { "type": "Point", "coordinates": [ -3.6796726, 40.4078232 ] } },
{ "type": "Feature", "properties": { "osm_id": "node/4567138680", "genus": "" }, "geometry": { "type": "Point", "coordinates": [ -3.6796218, 40.4078866 ] } },
{ "type": "Feature", "properties": { "osm_id": "node/4567138681", "genus": "" }, "geometry": { "type": "Point", "coordinates": [ -3.6795756, 40.4079511 ] } },
{ "type": "Feature", "properties": { "osm_id": "node/4567138682", "genus": "" }, "geometry": { "type": "Point", "coordinates": [ -3.6795309, 40.4080203 ] } },
{ "type": "Feature", "properties": { "osm_id": "node/4567138683", "genus": "" }, "geometry": { "type": "Point", "coordinates": [ -3.6794801, 40.4080954 ] } },
{ "type": "Feature", "properties": { "osm_id": "node/4578485122", "genus": "" }, "geometry": { "type": "Point", "coordinates": [ -3.6909708, 40.4202863 ] } },
{ "type": "Feature", "properties": { "osm_id": "node/4578485123", "genus": "" }, "geometry": { "type": "Point", "coordinates": [ -3.6910528, 40.4202961 ] } },
{ "type": "Feature", "properties": { "osm_id": "node/4578485124", "genus": "" }, "geometry": { "type": "Point", "coordinates": [ -3.6909002, 40.420115 ] } },
{ "type": "Feature", "properties": { "osm_id": "node/4578485125", "genus": "" }, "geometry": { "type": "Point", "coordinates": [ -3.690872, 40.4201589 ] } },
{ "type": "Feature", "properties": { "osm_id": "node/4609539341", "genus": "" }, "geometry": { "type": "Point", "coordinates": [ -3.6900131, 40.4181352 ] } },
{ "type": "Feature", "properties": { "osm_id": "node/4609539342", "genus": "" }, "geometry": { "type": "Point", "coordinates": [ -3.6899335, 40.4181325 ] } },
{ "type": "Feature", "properties": { "osm_id": "node/4609539343", "genus": "" }, "geometry": { "type": "Point", "coordinates": [ -3.6898414, 40.4181298 ] } },
{ "type": "Feature", "properties": { "osm_id": "node/4609539344", "genus": "" }, "geometry": { "type": "Point", "coordinates": [ -3.6897565, 40.4181217 ] } },
{ "type": "Feature", "properties": { "osm_id": "node/4609539345", "genus": "" }, "geometry": { "type": "Point", "coordinates": [ -3.6896804, 40.4181177 ] } },
{ "type": "Feature", "properties": { "osm_id": "node/4621779733", "genus": "Buxus sempervirens" }, "geometry": { "type": "Point", "coordinates": [ -3.6878039, 40.4182556 ] } },
{ "type": "Feature", "properties": { "osm_id": "node/4621834761", "genus": "Pinus" }, "geometry": { "type": "Point", "coordinates": [ -3.6835471, 40.4106901 ] } },
{ "type": "Feature", "properties": { "osm_id": "node/4621844876", "genus": "Cephalotaxus" }, "geometry": { "type": "Point", "coordinates": [ -3.6802394, 40.410215 ] } },
{ "type": "Feature", "properties": { "osm_id": "node/4621852825", "genus": "Prunus" }, "geometry": { "type": "Point", "coordinates": [ -3.6798687, 40.4097764 ] } },
{ "type": "Feature", "properties": { "osm_id": "node/4621863586", "genus": "Taxodium" }, "geometry": { "type": "Point", "coordinates": [ -3.6782922, 40.4146563 ] } },
{ "type": "Feature", "properties": { "osm_id": "node/4621875903", "genus": "Paulownia" }, "geometry": { "type": "Point", "coordinates": [ -3.6788844, 40.4151117 ] } },
{ "type": "Feature", "properties": { "osm_id": "node/4621877587", "genus": "Sophora japonica" }, "geometry": { "type": "Point", "coordinates": [ -3.679794, 40.4163812 ] } },
{ "type": "Feature", "properties": { "osm_id": "node/4728022736", "genus": "Syringa vulgaris" }, "geometry": { "type": "Point", "coordinates": [ -3.6819287, 40.4174847 ] } },
{ "type": "Feature", "properties": { "osm_id": "node/4728036837", "genus": "Olea europaea" }, "geometry": { "type": "Point", "coordinates": [ -3.6816463, 40.4171388 ] } },
{ "type": "Feature", "properties": { "osm_id": "node/4728046733", "genus": "" }, "geometry": { "type": "Point", "coordinates": [ -3.6807351, 40.4167192 ] } },
{ "type": "Feature", "properties": { "osm_id": "node/4728066019", "genus": "Vitex" }, "geometry": { "type": "Point", "coordinates": [ -3.6806766, 40.4130842 ] } },
{ "type": "Feature", "properties": { "osm_id": "node/4728082666", "genus": "Cotinus" }, "geometry": { "type": "Point", "coordinates": [ -3.6820732, 40.4107515 ] } },
{ "type": "Feature", "properties": { "osm_id": "node/4728089495", "genus": "Prunus" }, "geometry": { "type": "Point", "coordinates": [ -3.6847449, 40.4105071 ] } },
{ "type": "Feature", "properties": { "osm_id": "node/4728094526", "genus": "Gleditsia" }, "geometry": { "type": "Point", "coordinates": [ -3.6854703, 40.4102881 ] } },
{ "type": "Feature", "properties": { "osm_id": "node/4728097116", "genus": "Mimosa pudica" }, "geometry": { "type": "Point", "coordinates": [ -3.6858873, 40.4102134 ] } },
{ "type": "Feature", "properties": { "osm_id": "node/4728102949", "genus": "Cedrus" }, "geometry": { "type": "Point", "coordinates": [ -3.6868168, 40.4106165 ] } },
{ "type": "Feature", "properties": { "osm_id": "node/4728104437", "genus": "Pinus pinea" }, "geometry": { "type": "Point", "coordinates": [ -3.6876708, 40.4111639 ] } },
{ "type": "Feature", "properties": { "osm_id": "node/4728119988", "genus": "Quercus" }, "geometry": { "type": "Point", "coordinates": [ -3.68728, 40.412684 ] } },
{ "type": "Feature", "properties": { "osm_id": "node/4728120745", "genus": "Albizia" }, "geometry": { "type": "Point", "coordinates": [ -3.6875015, 40.4125447 ] } },
{ "type": "Feature", "properties": { "osm_id": "node/4728935199", "genus": "Laurus nobilis" }, "geometry": { "type": "Point", "coordinates": [ -3.6861968, 40.4199234 ] } },
{ "type": "Feature", "properties": { "osm_id": "node/4728938205", "genus": "Firmiana" }, "geometry": { "type": "Point", "coordinates": [ -3.6867957, 40.4199804 ] } },
{ "type": "Feature", "properties": { "osm_id": "node/4728941639", "genus": "Broussonetia papyrifera" }, "geometry": { "type": "Point", "coordinates": [ -3.6864931, 40.4195196 ] } },
{ "type": "Feature", "properties": { "osm_id": "node/4728945797", "genus": "Robinia" }, "geometry": { "type": "Point", "coordinates": [ -3.6879818, 40.4192283 ] } },
{ "type": "Feature", "properties": { "osm_id": "node/4728947247", "genus": "Catalpa" }, "geometry": { "type": "Point", "coordinates": [ -3.6870042, 40.4179866 ] } },
{ "type": "Feature", "properties": { "osm_id": "node/4728952166", "genus": "Quercus" }, "geometry": { "type": "Point", "coordinates": [ -3.6862389, 40.4174623 ] } },
{ "type": "Feature", "properties": { "osm_id": "node/4728977062", "genus": "Cupressus" }, "geometry": { "type": "Point", "coordinates": [ -3.6868173, 40.4149407 ] } },
{ "type": "Feature", "properties": { "osm_id": "node/4728980331", "genus": "Magnolia" }, "geometry": { "type": "Point", "coordinates": [ -3.6884313, 40.4150326 ] } },
{ "type": "Feature", "properties": { "osm_id": "node/4728982076", "genus": "" }, "geometry": { "type": "Point", "coordinates": [ -3.6873861, 40.4144527 ] } },
{ "type": "Feature", "properties": { "osm_id": "node/4728996775", "genus": "Phoenix canariensis" }, "geometry": { "type": "Point", "coordinates": [ -3.6810918, 40.4169709 ] } },
{ "type": "Feature", "properties": { "osm_id": "node/4729003421", "genus": "Acer negundo" }, "geometry": { "type": "Point", "coordinates": [ -3.6817651, 40.4178038 ] } },
{ "type": "Feature", "properties": { "osm_id": "node/4729006365", "genus": "Cercis" }, "geometry": { "type": "Point", "coordinates": [ -3.6821528, 40.4186561 ] } },
{ "type": "Feature", "properties": { "osm_id": "node/4729008136", "genus": "Eucalyptus" }, "geometry": { "type": "Point", "coordinates": [ -3.6827397, 40.4185668 ] } },
{ "type": "Feature", "properties": { "osm_id": "node/4729015489", "genus": "Sequoia" }, "geometry": { "type": "Point", "coordinates": [ -3.68251, 40.4190295 ] } },
{ "type": "Feature", "properties": { "osm_id": "node/4729019757", "genus": "Eucaliptus" }, "geometry": { "type": "Point", "coordinates": [ -3.6821557, 40.418848 ] } },
{ "type": "Feature", "properties": { "osm_id": "node/4729073262", "genus": "Koelreuteria paniculata" }, "geometry": { "type": "Point", "coordinates": [ -3.6820363, 40.4208151 ] } },
{ "type": "Feature", "properties": { "osm_id": "node/4735923067", "genus": "Punica granatum" }, "geometry": { "type": "Point", "coordinates": [ -3.6835685, 40.420558 ] } },
{ "type": "Feature", "properties": { "osm_id": "node/4735939338", "genus": "Pittosporum tobira" }, "geometry": { "type": "Point", "coordinates": [ -3.6812421, 40.4206275 ] } },
{ "type": "Feature", "properties": { "osm_id": "node/4735941786", "genus": "Fraxinus angustifolia" }, "geometry": { "type": "Point", "coordinates": [ -3.68071, 40.4206033 ] } },
{ "type": "Feature", "properties": { "osm_id": "node/4735945620", "genus": "Schinus" }, "geometry": { "type": "Point", "coordinates": [ -3.680785, 40.4204067 ] } },
{ "type": "Feature", "properties": { "osm_id": "node/4735954410", "genus": "" }, "geometry": { "type": "Point", "coordinates": [ -3.6805659, 40.4201804 ] } },
{ "type": "Feature", "properties": { "osm_id": "node/4735995003", "genus": "Prunus" }, "geometry": { "type": "Point", "coordinates": [ -3.6838706, 40.4189114 ] } },
{ "type": "Feature", "properties": { "osm_id": "node/4735996018", "genus": "Tilia" }, "geometry": { "type": "Point", "coordinates": [ -3.6852337, 40.4200928 ] } },
{ "type": "Feature", "properties": { "osm_id": "node/4736002097", "genus": "Cupressus sempervirens" }, "geometry": { "type": "Point", "coordinates": [ -3.6840703, 40.4204082 ] } },
{ "type": "Feature", "properties": { "osm_id": "node/4736002620", "genus": "Cupressus arizonica" }, "geometry": { "type": "Point", "coordinates": [ -3.6836567, 40.4196217 ] } },
{ "type": "Feature", "properties": { "osm_id": "node/4738320415", "genus": "Platanus" }, "geometry": { "type": "Point", "coordinates": [ -3.6789301, 40.4163022 ] } },
{ "type": "Feature", "properties": { "osm_id": "node/4738327374", "genus": "Salix" }, "geometry": { "type": "Point", "coordinates": [ -3.6785043, 40.4161729 ] } },
{ "type": "Feature", "properties": { "osm_id": "node/4738331701", "genus": "Liquidambar" }, "geometry": { "type": "Point", "coordinates": [ -3.6784283, 40.4157433 ] } },
{ "type": "Feature", "properties": { "osm_id": "node/4738350357", "genus": "Abies x masjoani" }, "geometry": { "type": "Point", "coordinates": [ -3.6786945, 40.4147094 ] } },
{ "type": "Feature", "properties": { "osm_id": "node/4758265802", "genus": "Quercus" }, "geometry": { "type": "Point", "coordinates": [ -3.6782246, 40.409696 ] } },
{ "type": "Feature", "properties": { "osm_id": "node/4758271803", "genus": "Araucaria" }, "geometry": { "type": "Point", "coordinates": [ -3.6779333, 40.4102883 ] } },
{ "type": "Feature", "properties": { "osm_id": "node/4758300170", "genus": "Lagerstroemia" }, "geometry": { "type": "Point", "coordinates": [ -3.679575, 40.411224 ] } },
{ "type": "Feature", "properties": { "osm_id": "node/4760001991", "genus": "Acer" }, "geometry": { "type": "Point", "coordinates": [ -3.6802984, 40.4139011 ] } },
{ "type": "Feature", "properties": { "osm_id": "node/4760004677", "genus": "Cedrus" }, "geometry": { "type": "Point", "coordinates": [ -3.6806496, 40.4137226 ] } },
{ "type": "Feature", "properties": { "osm_id": "node/4760009608", "genus": "" }, "geometry": { "type": "Point", "coordinates": [ -3.6816266, 40.4141089 ] } },
{ "type": "Feature", "properties": { "osm_id": "node/4760035321", "genus": "Arbutus" }, "geometry": { "type": "Point", "coordinates": [ -3.6797622, 40.4137777 ] } },
{ "type": "Feature", "properties": { "osm_id": "node/4760050013", "genus": "Pinus" }, "geometry": { "type": "Point", "coordinates": [ -3.6808658, 40.4110159 ] } },
{ "type": "Feature", "properties": { "osm_id": "node/4760058755", "genus": "Photinia" }, "geometry": { "type": "Point", "coordinates": [ -3.6813396, 40.4111064 ] } },
{ "type": "Feature", "properties": { "osm_id": "node/4760072861", "genus": "Trachycarpus" }, "geometry": { "type": "Point", "coordinates": [ -3.6815387, 40.4119717 ] } },
{ "type": "Feature", "properties": { "osm_id": "node/4844674242", "genus": "" }, "geometry": { "type": "Point", "coordinates": [ -3.6789491, 40.4206292 ] } },
{ "type": "Feature", "properties": { "osm_id": "node/4844674243", "genus": "" }, "geometry": { "type": "Point", "coordinates": [ -3.6789475, 40.4206961 ] } },
{ "type": "Feature", "properties": { "osm_id": "node/4844674244", "genus": "" }, "geometry": { "type": "Point", "coordinates": [ -3.678946, 40.4208098 ] } },
{ "type": "Feature", "properties": { "osm_id": "node/4844674245", "genus": "" }, "geometry": { "type": "Point", "coordinates": [ -3.6789491, 40.4207711 ] } },
{ "type": "Feature", "properties": { "osm_id": "node/5067695288", "genus": "" }, "geometry": { "type": "Point", "coordinates": [ -3.6903256, 40.4123666 ] } },
{ "type": "Feature", "properties": { "osm_id": "node/5067695289", "genus": "" }, "geometry": { "type": "Point", "coordinates": [ -3.6903364, 40.4125719 ] } },
{ "type": "Feature", "properties": { "osm_id": "node/5067695290", "genus": "" }, "geometry": { "type": "Point", "coordinates": [ -3.6898616, 40.4126444 ] } },
{ "type": "Feature", "properties": { "osm_id": "node/5067695291", "genus": "" }, "geometry": { "type": "Point", "coordinates": [ -3.6899448, 40.4126423 ] } },
{ "type": "Feature", "properties": { "osm_id": "node/5067695292", "genus": "" }, "geometry": { "type": "Point", "coordinates": [ -3.6900078, 40.4126403 ] } },
{ "type": "Feature", "properties": { "osm_id": "node/5067695293", "genus": "" }, "geometry": { "type": "Point", "coordinates": [ -3.6900789, 40.4126372 ] } },
{ "type": "Feature", "properties": { "osm_id": "node/5067695294", "genus": "" }, "geometry": { "type": "Point", "coordinates": [ -3.690158, 40.4126352 ] } },
{ "type": "Feature", "properties": { "osm_id": "node/5075824626", "genus": "Celtis" }, "geometry": { "type": "Point", "coordinates": [ -3.6924632, 40.4128287 ] } },
{ "type": "Feature", "properties": { "osm_id": "node/5229272809", "genus": "" }, "geometry": { "type": "Point", "coordinates": [ -3.6949471, 40.4090097 ] } },
{ "type": "Feature", "properties": { "osm_id": "node/5229272810", "genus": "" }, "geometry": { "type": "Point", "coordinates": [ -3.6950048, 40.4090393 ] } },
{ "type": "Feature", "properties": { "osm_id": "node/5229272811", "genus": "" }, "geometry": { "type": "Point", "coordinates": [ -3.6950624, 40.4090669 ] } },
{ "type": "Feature", "properties": { "osm_id": "node/5229272812", "genus": "" }, "geometry": { "type": "Point", "coordinates": [ -3.6951241, 40.4090944 ] } },
{ "type": "Feature", "properties": { "osm_id": "node/5229272813", "genus": "" }, "geometry": { "type": "Point", "coordinates": [ -3.6951872, 40.4091261 ] } },
{ "type": "Feature", "properties": { "osm_id": "node/5229272814", "genus": "" }, "geometry": { "type": "Point", "coordinates": [ -3.6952435, 40.4091557 ] } },
{ "type": "Feature", "properties": { "osm_id": "node/5229272815", "genus": "" }, "geometry": { "type": "Point", "coordinates": [ -3.6953012, 40.4091792 ] } },
{ "type": "Feature", "properties": { "osm_id": "node/5229272816", "genus": "" }, "geometry": { "type": "Point", "coordinates": [ -3.6954232, 40.4092374 ] } },
{ "type": "Feature", "properties": { "osm_id": "node/5229272817", "genus": "" }, "geometry": { "type": "Point", "coordinates": [ -3.6954903, 40.4092691 ] } },
{ "type": "Feature", "properties": { "osm_id": "node/5229272818", "genus": "" }, "geometry": { "type": "Point", "coordinates": [ -3.6955761, 40.4093068 ] } },
{ "type": "Feature", "properties": { "osm_id": "node/5229272819", "genus": "" }, "geometry": { "type": "Point", "coordinates": [ -3.6956727, 40.4093487 ] } },
{ "type": "Feature", "properties": { "osm_id": "node/5229272820", "genus": "" }, "geometry": { "type": "Point", "coordinates": [ -3.6957338, 40.4093761 ] } },
{ "type": "Feature", "properties": { "osm_id": "node/5229275421", "genus": "" }, "geometry": { "type": "Point", "coordinates": [ -3.6958209, 40.409416 ] } },
{ "type": "Feature", "properties": { "osm_id": "node/5229275425", "genus": "" }, "geometry": { "type": "Point", "coordinates": [ -3.694974, 40.4102348 ] } },
{ "type": "Feature", "properties": { "osm_id": "node/5229275426", "genus": "" }, "geometry": { "type": "Point", "coordinates": [ -3.6946758, 40.4101084 ] } },
{ "type": "Feature", "properties": { "osm_id": "node/5229275427", "genus": "" }, "geometry": { "type": "Point", "coordinates": [ -3.6945995, 40.4100747 ] } },
{ "type": "Feature", "properties": { "osm_id": "node/5229275428", "genus": "" }, "geometry": { "type": "Point", "coordinates": [ -3.694524, 40.4100386 ] } },
{ "type": "Feature", "properties": { "osm_id": "node/5229275429", "genus": "" }, "geometry": { "type": "Point", "coordinates": [ -3.6943758, 40.4099749 ] } },
{ "type": "Feature", "properties": { "osm_id": "node/5229275430", "genus": "" }, "geometry": { "type": "Point", "coordinates": [ -3.6942635, 40.409939 ] } },
{ "type": "Feature", "properties": { "osm_id": "node/5229275431", "genus": "" }, "geometry": { "type": "Point", "coordinates": [ -3.6941712, 40.4098975 ] } },
{ "type": "Feature", "properties": { "osm_id": "node/5229275432", "genus": "" }, "geometry": { "type": "Point", "coordinates": [ -3.6939724, 40.4097995 ] } },
{ "type": "Feature", "properties": { "osm_id": "node/5229275433", "genus": "" }, "geometry": { "type": "Point", "coordinates": [ -3.6939014, 40.4097709 ] } },
{ "type": "Feature", "properties": { "osm_id": "node/5229275434", "genus": "" }, "geometry": { "type": "Point", "coordinates": [ -3.6938502, 40.409747 ] } },
{ "type": "Feature", "properties": { "osm_id": "node/5229275435", "genus": "" }, "geometry": { "type": "Point", "coordinates": [ -3.6938525, 40.4097025 ] } },
{ "type": "Feature", "properties": { "osm_id": "node/5229275436", "genus": "" }, "geometry": { "type": "Point", "coordinates": [ -3.6938817, 40.4096688 ] } },
{ "type": "Feature", "properties": { "osm_id": "node/5229275437", "genus": "" }, "geometry": { "type": "Point", "coordinates": [ -3.6939891, 40.4095532 ] } },
{ "type": "Feature", "properties": { "osm_id": "node/5229275438", "genus": "" }, "geometry": { "type": "Point", "coordinates": [ -3.6940242, 40.4095114 ] } },
{ "type": "Feature", "properties": { "osm_id": "node/5229275439", "genus": "" }, "geometry": { "type": "Point", "coordinates": [ -3.6940732, 40.4094439 ] } },
{ "type": "Feature", "properties": { "osm_id": "node/5229275440", "genus": "" }, "geometry": { "type": "Point", "coordinates": [ -3.6940989, 40.4094145 ] } },
{ "type": "Feature", "properties": { "osm_id": "node/5229275441", "genus": "" }, "geometry": { "type": "Point", "coordinates": [ -3.6941432, 40.4093452 ] } },
{ "type": "Feature", "properties": { "osm_id": "node/5229275442", "genus": "" }, "geometry": { "type": "Point", "coordinates": [ -3.6941713, 40.4093087 ] } },
{ "type": "Feature", "properties": { "osm_id": "node/5229275443", "genus": "" }, "geometry": { "type": "Point", "coordinates": [ -3.6943277, 40.4090714 ] } },
{ "type": "Feature", "properties": { "osm_id": "node/5229275444", "genus": "" }, "geometry": { "type": "Point", "coordinates": [ -3.6943674, 40.4090154 ] } },
{ "type": "Feature", "properties": { "osm_id": "node/5229275445", "genus": "" }, "geometry": { "type": "Point", "coordinates": [ -3.6944083, 40.4089727 ] } },
{ "type": "Feature", "properties": { "osm_id": "node/5229275446", "genus": "" }, "geometry": { "type": "Point", "coordinates": [ -3.6944526, 40.4089131 ] } },
{ "type": "Feature", "properties": { "osm_id": "node/5229275447", "genus": "" }, "geometry": { "type": "Point", "coordinates": [ -3.6946207, 40.408922 ] } },
{ "type": "Feature", "properties": { "osm_id": "node/5229275448", "genus": "" }, "geometry": { "type": "Point", "coordinates": [ -3.6947083, 40.4089638 ] } },
{ "type": "Feature", "properties": { "osm_id": "node/5229275449", "genus": "" }, "geometry": { "type": "Point", "coordinates": [ -3.6947912, 40.4090003 ] } },
{ "type": "Feature", "properties": { "osm_id": "node/5242479835", "genus": "" }, "geometry": { "type": "Point", "coordinates": [ -3.690691, 40.4081421 ] } },
{ "type": "Feature", "properties": { "osm_id": "node/5242479836", "genus": "" }, "geometry": { "type": "Point", "coordinates": [ -3.6906468, 40.4081138 ] } },
{ "type": "Feature", "properties": { "osm_id": "node/5242479837", "genus": "" }, "geometry": { "type": "Point", "coordinates": [ -3.6905849, 40.408072 ] } },
{ "type": "Feature", "properties": { "osm_id": "node/5242479838", "genus": "" }, "geometry": { "type": "Point", "coordinates": [ -3.6905353, 40.4080302 ] } },
{ "type": "Feature", "properties": { "osm_id": "node/5242479839", "genus": "" }, "geometry": { "type": "Point", "coordinates": [ -3.6904787, 40.4079966 ] } },
{ "type": "Feature", "properties": { "osm_id": "node/5242479840", "genus": "" }, "geometry": { "type": "Point", "coordinates": [ -3.6904362, 40.4079696 ] } },
{ "type": "Feature", "properties": { "osm_id": "node/5242479841", "genus": "" }, "geometry": { "type": "Point", "coordinates": [ -3.6903743, 40.4079238 ] } },
{ "type": "Feature", "properties": { "osm_id": "node/5242479842", "genus": "" }, "geometry": { "type": "Point", "coordinates": [ -3.6902805, 40.4078591 ] } },
{ "type": "Feature", "properties": { "osm_id": "node/5242479843", "genus": "" }, "geometry": { "type": "Point", "coordinates": [ -3.6901725, 40.407781 ] } },
{ "type": "Feature", "properties": { "osm_id": "node/5242479844", "genus": "" }, "geometry": { "type": "Point", "coordinates": [ -3.690031, 40.4076947 ] } },
{ "type": "Feature", "properties": { "osm_id": "node/5242479845", "genus": "" }, "geometry": { "type": "Point", "coordinates": [ -3.6899637, 40.4076408 ] } },
{ "type": "Feature", "properties": { "osm_id": "node/5242479846", "genus": "" }, "geometry": { "type": "Point", "coordinates": [ -3.6898611, 40.4075735 ] } },
{ "type": "Feature", "properties": { "osm_id": "node/5242479847", "genus": "" }, "geometry": { "type": "Point", "coordinates": [ -3.6897903, 40.4075263 ] } },
{ "type": "Feature", "properties": { "osm_id": "node/5242479848", "genus": "" }, "geometry": { "type": "Point", "coordinates": [ -3.6904663, 40.4075883 ] } },
{ "type": "Feature", "properties": { "osm_id": "node/5242479849", "genus": "" }, "geometry": { "type": "Point", "coordinates": [ -3.6903884, 40.4075465 ] } },
{ "type": "Feature", "properties": { "osm_id": "node/5242479850", "genus": "" }, "geometry": { "type": "Point", "coordinates": [ -3.6902946, 40.4074832 ] } },
{ "type": "Feature", "properties": { "osm_id": "node/5242479851", "genus": "" }, "geometry": { "type": "Point", "coordinates": [ -3.6901955, 40.4074091 ] } },
{ "type": "Feature", "properties": { "osm_id": "node/5242479852", "genus": "" }, "geometry": { "type": "Point", "coordinates": [ -3.689641, 40.4074807 ] } },
{ "type": "Feature", "properties": { "osm_id": "node/5242479853", "genus": "" }, "geometry": { "type": "Point", "coordinates": [ -3.6896918, 40.4073997 ] } },
{ "type": "Feature", "properties": { "osm_id": "node/5242479854", "genus": "" }, "geometry": { "type": "Point", "coordinates": [ -3.6895439, 40.407415 ] } },
{ "type": "Feature", "properties": { "osm_id": "node/5242479855", "genus": "" }, "geometry": { "type": "Point", "coordinates": [ -3.68945, 40.4073446 ] } },
{ "type": "Feature", "properties": { "osm_id": "node/5242479856", "genus": "" }, "geometry": { "type": "Point", "coordinates": [ -3.6895224, 40.4072508 ] } },
{ "type": "Feature", "properties": { "osm_id": "node/5242479857", "genus": "" }, "geometry": { "type": "Point", "coordinates": [ -3.6896117, 40.4073141 ] } },
{ "type": "Feature", "properties": { "osm_id": "node/5483598431", "genus": "" }, "geometry": { "type": "Point", "coordinates": [ -3.6936538, 40.4198883 ] } },
{ "type": "Feature", "properties": { "osm_id": "node/5483598432", "genus": "" }, "geometry": { "type": "Point", "coordinates": [ -3.6935696, 40.4202696 ] } },
{ "type": "Feature", "properties": { "osm_id": "node/5483598433", "genus": "" }, "geometry": { "type": "Point", "coordinates": [ -3.6935648, 40.4201981 ] } },
{ "type": "Feature", "properties": { "osm_id": "node/5483598434", "genus": "" }, "geometry": { "type": "Point", "coordinates": [ -3.6934588, 40.4201431 ] } },
{ "type": "Feature", "properties": { "osm_id": "node/5483598435", "genus": "" }, "geometry": { "type": "Point", "coordinates": [ -3.6941667, 40.4199891 ] } },
{ "type": "Feature", "properties": { "osm_id": "node/5483598436", "genus": "" }, "geometry": { "type": "Point", "coordinates": [ -3.6939211, 40.4201577 ] } },
{ "type": "Feature", "properties": { "osm_id": "node/5483598437", "genus": "" }, "geometry": { "type": "Point", "coordinates": [ -3.6939933, 40.4202164 ] } },
{ "type": "Feature", "properties": { "osm_id": "node/5483598438", "genus": "" }, "geometry": { "type": "Point", "coordinates": [ -3.6942678, 40.4201926 ] } },
{ "type": "Feature", "properties": { "osm_id": "node/5483598439", "genus": "" }, "geometry": { "type": "Point", "coordinates": [ -3.6944556, 40.4201962 ] } },
{ "type": "Feature", "properties": { "osm_id": "node/5483598440", "genus": "" }, "geometry": { "type": "Point", "coordinates": [ -3.6944556, 40.4201101 ] } },
{ "type": "Feature", "properties": { "osm_id": "node/5483598441", "genus": "" }, "geometry": { "type": "Point", "coordinates": [ -3.6942967, 40.4200899 ] } },
{ "type": "Feature", "properties": { "osm_id": "node/5483598442", "genus": "" }, "geometry": { "type": "Point", "coordinates": [ -3.6943979, 40.4200386 ] } },
{ "type": "Feature", "properties": { "osm_id": "node/5483598443", "genus": "" }, "geometry": { "type": "Point", "coordinates": [ -3.6947157, 40.4200679 ] } },
{ "type": "Feature", "properties": { "osm_id": "node/5483598444", "genus": "" }, "geometry": { "type": "Point", "coordinates": [ -3.6946218, 40.4200111 ] } },
{ "type": "Feature", "properties": { "osm_id": "node/5483598445", "genus": "" }, "geometry": { "type": "Point", "coordinates": [ -3.6946146, 40.4201156 ] } },
{ "type": "Feature", "properties": { "osm_id": "node/5483598446", "genus": "" }, "geometry": { "type": "Point", "coordinates": [ -3.6944791, 40.4200462 ] } },
{ "type": "Feature", "properties": { "osm_id": "node/5483598447", "genus": "" }, "geometry": { "type": "Point", "coordinates": [ -3.6945182, 40.4199781 ] } },
{ "type": "Feature", "properties": { "osm_id": "node/5483598448", "genus": "" }, "geometry": { "type": "Point", "coordinates": [ -3.6945062, 40.4199011 ] } },
{ "type": "Feature", "properties": { "osm_id": "node/5483598449", "genus": "" }, "geometry": { "type": "Point", "coordinates": [ -3.6939909, 40.4200404 ] } },
{ "type": "Feature", "properties": { "osm_id": "node/5483598450", "genus": "" }, "geometry": { "type": "Point", "coordinates": [ -3.6940415, 40.4199882 ] } },
{ "type": "Feature", "properties": { "osm_id": "node/5483598451", "genus": "" }, "geometry": { "type": "Point", "coordinates": [ -3.6941161, 40.419924 ] } },
{ "type": "Feature", "properties": { "osm_id": "node/5483598452", "genus": "" }, "geometry": { "type": "Point", "coordinates": [ -3.6942498, 40.4198874 ] } },
{ "type": "Feature", "properties": { "osm_id": "node/5483598453", "genus": "" }, "geometry": { "type": "Point", "coordinates": [ -3.6942642, 40.4198085 ] } },
{ "type": "Feature", "properties": { "osm_id": "node/5483598454", "genus": "" }, "geometry": { "type": "Point", "coordinates": [ -3.6941932, 40.4197673 ] } },
{ "type": "Feature", "properties": { "osm_id": "node/5483598455", "genus": "" }, "geometry": { "type": "Point", "coordinates": [ -3.6940656, 40.4197536 ] } },
{ "type": "Feature", "properties": { "osm_id": "node/5483598456", "genus": "" }, "geometry": { "type": "Point", "coordinates": [ -3.6939753, 40.4197499 ] } },
{ "type": "Feature", "properties": { "osm_id": "node/5483598457", "genus": "" }, "geometry": { "type": "Point", "coordinates": [ -3.6939933, 40.4198122 ] } },
{ "type": "Feature", "properties": { "osm_id": "node/5483598458", "genus": "" }, "geometry": { "type": "Point", "coordinates": [ -3.6939199, 40.41988 ] } },
{ "type": "Feature", "properties": { "osm_id": "node/5483598459", "genus": "" }, "geometry": { "type": "Point", "coordinates": [ -3.6938994, 40.4199974 ] } },
{ "type": "Feature", "properties": { "osm_id": "node/5483598460", "genus": "" }, "geometry": { "type": "Point", "coordinates": [ -3.6937562, 40.4199662 ] } },
{ "type": "Feature", "properties": { "osm_id": "node/5483598461", "genus": "" }, "geometry": { "type": "Point", "coordinates": [ -3.693572, 40.4199955 ] } },
{ "type": "Feature", "properties": { "osm_id": "node/5483598462", "genus": "" }, "geometry": { "type": "Point", "coordinates": [ -3.6934696, 40.4200303 ] } },
{ "type": "Feature", "properties": { "osm_id": "node/5483598463", "genus": "" }, "geometry": { "type": "Point", "coordinates": [ -3.693519, 40.4199075 ] } },
{ "type": "Feature", "properties": { "osm_id": "node/5483598464", "genus": "" }, "geometry": { "type": "Point", "coordinates": [ -3.6935997, 40.4197902 ] } },
{ "type": "Feature", "properties": { "osm_id": "node/5483598465", "genus": "" }, "geometry": { "type": "Point", "coordinates": [ -3.6936599, 40.4197499 ] } },
{ "type": "Feature", "properties": { "osm_id": "node/5483598466", "genus": "" }, "geometry": { "type": "Point", "coordinates": [ -3.6938019, 40.4195638 ] } },
{ "type": "Feature", "properties": { "osm_id": "node/5483598467", "genus": "" }, "geometry": { "type": "Point", "coordinates": [ -3.693749, 40.4195941 ] } },
{ "type": "Feature", "properties": { "osm_id": "node/5483598468", "genus": "" }, "geometry": { "type": "Point", "coordinates": [ -3.6938934, 40.4196436 ] } },
{ "type": "Feature", "properties": { "osm_id": "node/5483598469", "genus": "" }, "geometry": { "type": "Point", "coordinates": [ -3.6939873, 40.4196491 ] } },
{ "type": "Feature", "properties": { "osm_id": "node/5483598470", "genus": "" }, "geometry": { "type": "Point", "coordinates": [ -3.6940788, 40.4196106 ] } },
{ "type": "Feature", "properties": { "osm_id": "node/5483598471", "genus": "" }, "geometry": { "type": "Point", "coordinates": [ -3.6941775, 40.4196271 ] } },
{ "type": "Feature", "properties": { "osm_id": "node/5483598472", "genus": "" }, "geometry": { "type": "Point", "coordinates": [ -3.6941498, 40.4195162 ] } },
{ "type": "Feature", "properties": { "osm_id": "node/5483598473", "genus": "" }, "geometry": { "type": "Point", "coordinates": [ -3.6939945, 40.4195244 ] } },
{ "type": "Feature", "properties": { "osm_id": "node/5483598474", "genus": "" }, "geometry": { "type": "Point", "coordinates": [ -3.6945736, 40.4195666 ] } },
{ "type": "Feature", "properties": { "osm_id": "node/5483598475", "genus": "" }, "geometry": { "type": "Point", "coordinates": [ -3.6944605, 40.4195822 ] } },
{ "type": "Feature", "properties": { "osm_id": "node/5483598476", "genus": "" }, "geometry": { "type": "Point", "coordinates": [ -3.6944496, 40.4194309 ] } },
{ "type": "Feature", "properties": { "osm_id": "node/5483598477", "genus": "" }, "geometry": { "type": "Point", "coordinates": [ -3.6945748, 40.4194172 ] } },
{ "type": "Feature", "properties": { "osm_id": "node/5483598478", "genus": "" }, "geometry": { "type": "Point", "coordinates": [ -3.6945423, 40.4194575 ] } },
{ "type": "Feature", "properties": { "osm_id": "node/5483598479", "genus": "" }, "geometry": { "type": "Point", "coordinates": [ -3.6944906, 40.419518 ] } },
{ "type": "Feature", "properties": { "osm_id": "node/5483598480", "genus": "" }, "geometry": { "type": "Point", "coordinates": [ -3.6942967, 40.4195262 ] } },
{ "type": "Feature", "properties": { "osm_id": "node/5483598481", "genus": "" }, "geometry": { "type": "Point", "coordinates": [ -3.6944328, 40.4196399 ] } },
{ "type": "Feature", "properties": { "osm_id": "node/5483598482", "genus": "" }, "geometry": { "type": "Point", "coordinates": [ -3.6943521, 40.4196839 ] } },
{ "type": "Feature", "properties": { "osm_id": "node/5483598483", "genus": "" }, "geometry": { "type": "Point", "coordinates": [ -3.6944857, 40.4196894 ] } },
{ "type": "Feature", "properties": { "osm_id": "node/5483598484", "genus": "" }, "geometry": { "type": "Point", "coordinates": [ -3.6945808, 40.4197389 ] } },
{ "type": "Feature", "properties": { "osm_id": "node/5483598485", "genus": "" }, "geometry": { "type": "Point", "coordinates": [ -3.6946483, 40.4196573 ] } },
{ "type": "Feature", "properties": { "osm_id": "node/5483598486", "genus": "" }, "geometry": { "type": "Point", "coordinates": [ -3.6946061, 40.4196234 ] } },
{ "type": "Feature", "properties": { "osm_id": "node/5483598487", "genus": "" }, "geometry": { "type": "Point", "coordinates": [ -3.6947361, 40.4196179 ] } },
{ "type": "Feature", "properties": { "osm_id": "node/5483598488", "genus": "" }, "geometry": { "type": "Point", "coordinates": [ -3.694753, 40.419573 ] } },
{ "type": "Feature", "properties": { "osm_id": "node/5483598489", "genus": "" }, "geometry": { "type": "Point", "coordinates": [ -3.6946832, 40.4195409 ] } },
{ "type": "Feature", "properties": { "osm_id": "node/5483598490", "genus": "" }, "geometry": { "type": "Point", "coordinates": [ -3.6947088, 40.4194932 ] } },
{ "type": "Feature", "properties": { "osm_id": "node/5483598491", "genus": "" }, "geometry": { "type": "Point", "coordinates": [ -3.694706, 40.4194199 ] } },
{ "type": "Feature", "properties": { "osm_id": "node/5483598492", "genus": "" }, "geometry": { "type": "Point", "coordinates": [ -3.6948084, 40.4194401 ] } },
{ "type": "Feature", "properties": { "osm_id": "node/5483598493", "genus": "" }, "geometry": { "type": "Point", "coordinates": [ -3.6948674, 40.4195327 ] } },
{ "type": "Feature", "properties": { "osm_id": "node/5483598494", "genus": "" }, "geometry": { "type": "Point", "coordinates": [ -3.6950516, 40.4195968 ] } },
{ "type": "Feature", "properties": { "osm_id": "node/5483598495", "genus": "" }, "geometry": { "type": "Point", "coordinates": [ -3.6949649, 40.4195858 ] } },
{ "type": "Feature", "properties": { "osm_id": "node/5483598496", "genus": "" }, "geometry": { "type": "Point", "coordinates": [ -3.6951623, 40.4198562 ] } },
{ "type": "Feature", "properties": { "osm_id": "node/5483598497", "genus": "" }, "geometry": { "type": "Point", "coordinates": [ -3.6951503, 40.4197755 ] } },
{ "type": "Feature", "properties": { "osm_id": "node/5483598498", "genus": "" }, "geometry": { "type": "Point", "coordinates": [ -3.695072, 40.4196793 ] } },
{ "type": "Feature", "properties": { "osm_id": "node/5483598499", "genus": "" }, "geometry": { "type": "Point", "coordinates": [ -3.6947036, 40.419738 ] } },
{ "type": "Feature", "properties": { "osm_id": "node/5483598500", "genus": "" }, "geometry": { "type": "Point", "coordinates": [ -3.6948108, 40.4197435 ] } },
{ "type": "Feature", "properties": { "osm_id": "node/5483598501", "genus": "" }, "geometry": { "type": "Point", "coordinates": [ -3.6948577, 40.4198159 ] } },
{ "type": "Feature", "properties": { "osm_id": "node/5483598502", "genus": "" }, "geometry": { "type": "Point", "coordinates": [ -3.6947903, 40.4198809 ] } },
{ "type": "Feature", "properties": { "osm_id": "node/5483598503", "genus": "" }, "geometry": { "type": "Point", "coordinates": [ -3.6949179, 40.4199515 ] } },
{ "type": "Feature", "properties": { "osm_id": "node/5483598504", "genus": "" }, "geometry": { "type": "Point", "coordinates": [ -3.6949565, 40.4198993 ] } },
{ "type": "Feature", "properties": { "osm_id": "node/5483598505", "genus": "" }, "geometry": { "type": "Point", "coordinates": [ -3.6950263, 40.4199158 ] } },
{ "type": "Feature", "properties": { "osm_id": "node/5483598506", "genus": "" }, "geometry": { "type": "Point", "coordinates": [ -3.6951407, 40.4199561 ] } },
{ "type": "Feature", "properties": { "osm_id": "node/5483598507", "genus": "" }, "geometry": { "type": "Point", "coordinates": [ -3.6951587, 40.4200707 ] } },
{ "type": "Feature", "properties": { "osm_id": "node/5483598508", "genus": "" }, "geometry": { "type": "Point", "coordinates": [ -3.6950961, 40.4200276 ] } },
{ "type": "Feature", "properties": { "osm_id": "node/5483598509", "genus": "" }, "geometry": { "type": "Point", "coordinates": [ -3.6950094, 40.4200349 ] } },
{ "type": "Feature", "properties": { "osm_id": "node/5483598510", "genus": "" }, "geometry": { "type": "Point", "coordinates": [ -3.6948818, 40.4201632 ] } },
{ "type": "Feature", "properties": { "osm_id": "node/5483598511", "genus": "" }, "geometry": { "type": "Point", "coordinates": [ -3.6947482, 40.4202292 ] } },
{ "type": "Feature", "properties": { "osm_id": "node/5483598512", "genus": "" }, "geometry": { "type": "Point", "coordinates": [ -3.6949649, 40.420232 ] } },
{ "type": "Feature", "properties": { "osm_id": "node/5483598513", "genus": "" }, "geometry": { "type": "Point", "coordinates": [ -3.6951021, 40.4201697 ] } },
{ "type": "Feature", "properties": { "osm_id": "node/5483598514", "genus": "" }, "geometry": { "type": "Point", "coordinates": [ -3.6951009, 40.4203832 ] } },
{ "type": "Feature", "properties": { "osm_id": "node/5483598515", "genus": "" }, "geometry": { "type": "Point", "coordinates": [ -3.6950961, 40.4203411 ] } },
{ "type": "Feature", "properties": { "osm_id": "node/5483598516", "genus": "" }, "geometry": { "type": "Point", "coordinates": [ -3.6951924, 40.420331 ] } },
{ "type": "Feature", "properties": { "osm_id": "node/5483598517", "genus": "" }, "geometry": { "type": "Point", "coordinates": [ -3.6952057, 40.4205225 ] } },
{ "type": "Feature", "properties": { "osm_id": "node/5483598518", "genus": "" }, "geometry": { "type": "Point", "coordinates": [ -3.6952057, 40.4204684 ] } },
{ "type": "Feature", "properties": { "osm_id": "node/5483598519", "genus": "" }, "geometry": { "type": "Point", "coordinates": [ -3.6951888, 40.4203988 ] } },
{ "type": "Feature", "properties": { "osm_id": "node/5483598520", "genus": "" }, "geometry": { "type": "Point", "coordinates": [ -3.6951045, 40.4204501 ] } },
{ "type": "Feature", "properties": { "osm_id": "node/5483598521", "genus": "" }, "geometry": { "type": "Point", "coordinates": [ -3.6951009, 40.4207205 ] } },
{ "type": "Feature", "properties": { "osm_id": "node/5483598522", "genus": "" }, "geometry": { "type": "Point", "coordinates": [ -3.6951069, 40.4208653 ] } },
{ "type": "Feature", "properties": { "osm_id": "node/5483598523", "genus": "" }, "geometry": { "type": "Point", "coordinates": [ -3.6952394, 40.4208314 ] } },
{ "type": "Feature", "properties": { "osm_id": "node/5483598524", "genus": "" }, "geometry": { "type": "Point", "coordinates": [ -3.6950973, 40.4207902 ] } },
{ "type": "Feature", "properties": { "osm_id": "node/5484498660", "genus": "" }, "geometry": { "type": "Point", "coordinates": [ -3.6800958, 40.4053449 ] } },
{ "type": "Feature", "properties": { "osm_id": "node/5484498661", "genus": "" }, "geometry": { "type": "Point", "coordinates": [ -3.6800527, 40.4054246 ] } },
{ "type": "Feature", "properties": { "osm_id": "node/5484498662", "genus": "" }, "geometry": { "type": "Point", "coordinates": [ -3.6800034, 40.4055091 ] } },
{ "type": "Feature", "properties": { "osm_id": "node/5484498663", "genus": "" }, "geometry": { "type": "Point", "coordinates": [ -3.679951, 40.4056076 ] } },
{ "type": "Feature", "properties": { "osm_id": "node/5484498664", "genus": "" }, "geometry": { "type": "Point", "coordinates": [ -3.6799063, 40.4056827 ] } },
{ "type": "Feature", "properties": { "osm_id": "node/5484498665", "genus": "" }, "geometry": { "type": "Point", "coordinates": [ -3.6798601, 40.4057472 ] } },
{ "type": "Feature", "properties": { "osm_id": "node/5484498666", "genus": "" }, "geometry": { "type": "Point", "coordinates": [ -3.679817, 40.4058094 ] } },
{ "type": "Feature", "properties": { "osm_id": "node/5484498667", "genus": "" }, "geometry": { "type": "Point", "coordinates": [ -3.6797661, 40.4058786 ] } },
{ "type": "Feature", "properties": { "osm_id": "node/5484498668", "genus": "" }, "geometry": { "type": "Point", "coordinates": [ -3.6797261, 40.4059466 ] } },
{ "type": "Feature", "properties": { "osm_id": "node/5484498669", "genus": "" }, "geometry": { "type": "Point", "coordinates": [ -3.6796737, 40.4060147 ] } },
{ "type": "Feature", "properties": { "osm_id": "node/5484498670", "genus": "" }, "geometry": { "type": "Point", "coordinates": [ -3.679629, 40.4060769 ] } },
{ "type": "Feature", "properties": { "osm_id": "node/5484498676", "genus": "" }, "geometry": { "type": "Point", "coordinates": [ -3.6784537, 40.405598 ] } },
{ "type": "Feature", "properties": { "osm_id": "node/5484498677", "genus": "" }, "geometry": { "type": "Point", "coordinates": [ -3.6784968, 40.4055381 ] } },
{ "type": "Feature", "properties": { "osm_id": "node/5484498678", "genus": "" }, "geometry": { "type": "Point", "coordinates": [ -3.6785384, 40.4054807 ] } },
{ "type": "Feature", "properties": { "osm_id": "node/5484498679", "genus": "" }, "geometry": { "type": "Point", "coordinates": [ -3.6785785, 40.4054267 ] } },
{ "type": "Feature", "properties": { "osm_id": "node/5484498680", "genus": "" }, "geometry": { "type": "Point", "coordinates": [ -3.6786154, 40.4053774 ] } },
{ "type": "Feature", "properties": { "osm_id": "node/5484498681", "genus": "" }, "geometry": { "type": "Point", "coordinates": [ -3.6786909, 40.4052777 ] } },
{ "type": "Feature", "properties": { "osm_id": "node/5484498682", "genus": "" }, "geometry": { "type": "Point", "coordinates": [ -3.6787679, 40.4051757 ] } },
{ "type": "Feature", "properties": { "osm_id": "node/5484498683", "genus": "" }, "geometry": { "type": "Point", "coordinates": [ -3.6788234, 40.4050959 ] } },
{ "type": "Feature", "properties": { "osm_id": "node/5484498684", "genus": "" }, "geometry": { "type": "Point", "coordinates": [ -3.6789205, 40.4049774 ] } },
{ "type": "Feature", "properties": { "osm_id": "node/5484498685", "genus": "" }, "geometry": { "type": "Point", "coordinates": [ -3.6789574, 40.4049152 ] } },
{ "type": "Feature", "properties": { "osm_id": "node/5484498686", "genus": "" }, "geometry": { "type": "Point", "coordinates": [ -3.6790021, 40.4048625 ] } },
{ "type": "Feature", "properties": { "osm_id": "node/5484498689", "genus": "" }, "geometry": { "type": "Point", "coordinates": [ -3.6791608, 40.4047991 ] } },
{ "type": "Feature", "properties": { "osm_id": "node/5484498690", "genus": "" }, "geometry": { "type": "Point", "coordinates": [ -3.6792286, 40.4048237 ] } },
{ "type": "Feature", "properties": { "osm_id": "node/5484498691", "genus": "" }, "geometry": { "type": "Point", "coordinates": [ -3.6792809, 40.4048507 ] } },
{ "type": "Feature", "properties": { "osm_id": "node/5484498692", "genus": "" }, "geometry": { "type": "Point", "coordinates": [ -3.6794042, 40.404893 ] } },
{ "type": "Feature", "properties": { "osm_id": "node/5484498693", "genus": "" }, "geometry": { "type": "Point", "coordinates": [ -3.6795074, 40.4049481 ] } },
{ "type": "Feature", "properties": { "osm_id": "node/5484498694", "genus": "" }, "geometry": { "type": "Point", "coordinates": [ -3.6795967, 40.4049786 ] } },
{ "type": "Feature", "properties": { "osm_id": "node/5484498695", "genus": "" }, "geometry": { "type": "Point", "coordinates": [ -3.6796892, 40.405022 ] } },
{ "type": "Feature", "properties": { "osm_id": "node/5484498696", "genus": "" }, "geometry": { "type": "Point", "coordinates": [ -3.6797924, 40.4050595 ] } },
{ "type": "Feature", "properties": { "osm_id": "node/5484498697", "genus": "" }, "geometry": { "type": "Point", "coordinates": [ -3.6799156, 40.4051123 ] } },
{ "type": "Feature", "properties": { "osm_id": "node/5484498698", "genus": "" }, "geometry": { "type": "Point", "coordinates": [ -3.6800019, 40.405151 ] } },
{ "type": "Feature", "properties": { "osm_id": "node/5484498699", "genus": "" }, "geometry": { "type": "Point", "coordinates": [ -3.6800789, 40.4051815 ] } },
{ "type": "Feature", "properties": { "osm_id": "node/5591861857", "genus": "" }, "geometry": { "type": "Point", "coordinates": [ -3.6834139, 40.4040543 ] } },
{ "type": "Feature", "properties": { "osm_id": "node/5591861858", "genus": "" }, "geometry": { "type": "Point", "coordinates": [ -3.6835273, 40.4041028 ] } },
{ "type": "Feature", "properties": { "osm_id": "node/6163082853", "genus": "" }, "geometry": { "type": "Point", "coordinates": [ -3.6839898, 40.4040423 ] } },
{ "type": "Feature", "properties": { "osm_id": "node/6383596683", "genus": "" }, "geometry": { "type": "Point", "coordinates": [ -3.6925869, 40.4190439 ] } },
{ "type": "Feature", "properties": { "osm_id": "node/6383597885", "genus": "" }, "geometry": { "type": "Point", "coordinates": [ -3.6925333, 40.4190451 ] } },
{ "type": "Feature", "properties": { "osm_id": "node/6383597886", "genus": "" }, "geometry": { "type": "Point", "coordinates": [ -3.692313, 40.4193429 ] } },
{ "type": "Feature", "properties": { "osm_id": "node/6383597887", "genus": "" }, "geometry": { "type": "Point", "coordinates": [ -3.692148, 40.419314 ] } },
{ "type": "Feature", "properties": { "osm_id": "node/6383597888", "genus": "" }, "geometry": { "type": "Point", "coordinates": [ -3.6921694, 40.4192675 ] } },
{ "type": "Feature", "properties": { "osm_id": "node/6383597889", "genus": "" }, "geometry": { "type": "Point", "coordinates": [ -3.6922016, 40.4192242 ] } },
{ "type": "Feature", "properties": { "osm_id": "node/6383597890", "genus": "" }, "geometry": { "type": "Point", "coordinates": [ -3.6921389, 40.4192009 ] } },
{ "type": "Feature", "properties": { "osm_id": "node/6383597891", "genus": "" }, "geometry": { "type": "Point", "coordinates": [ -3.6921282, 40.4192568 ] } },
{ "type": "Feature", "properties": { "osm_id": "node/6383597897", "genus": "" }, "geometry": { "type": "Point", "coordinates": [ -3.6923001, 40.4193059 ] } },
{ "type": "Feature", "properties": { "osm_id": "node/6383597898", "genus": "" }, "geometry": { "type": "Point", "coordinates": [ -3.6927976, 40.4188656 ] } },
{ "type": "Feature", "properties": { "osm_id": "node/6383597899", "genus": "" }, "geometry": { "type": "Point", "coordinates": [ -3.6928157, 40.4188285 ] } },
{ "type": "Feature", "properties": { "osm_id": "node/6407761751", "genus": "" }, "geometry": { "type": "Point", "coordinates": [ -3.6940566, 40.4091529 ] } },
{ "type": "Feature", "properties": { "osm_id": "node/6407761752", "genus": "" }, "geometry": { "type": "Point", "coordinates": [ -3.6940965, 40.4091716 ] } },
{ "type": "Feature", "properties": { "osm_id": "node/7603864049", "genus": "Ginkgo biloba" }, "geometry": { "type": "Point", "coordinates": [ -3.6784065, 40.4155672 ] } },
{ "type": "Feature", "properties": { "osm_id": "node/7603864050", "genus": "Ginkgo biloba" }, "geometry": { "type": "Point", "coordinates": [ -3.6783797, 40.4155665 ] } },
{ "type": "Feature", "properties": { "osm_id": "node/7603864051", "genus": "Ginkgo biloba" }, "geometry": { "type": "Point", "coordinates": [ -3.6783877, 40.41559 ] } },
{ "type": "Feature", "properties": { "osm_id": "node/7610555225", "genus": "Ginkgo biloba" }, "geometry": { "type": "Point", "coordinates": [ -3.6783556, 40.4154452 ] } },
{ "type": "Feature", "properties": { "osm_id": "node/7610555226", "genus": "Ginkgo biloba" }, "geometry": { "type": "Point", "coordinates": [ -3.6783163, 40.4154533 ] } },
{ "type": "Feature", "properties": { "osm_id": "node/7610555227", "genus": "Ginkgo biloba" }, "geometry": { "type": "Point", "coordinates": [ -3.6783099, 40.4154314 ] } },
{ "type": "Feature", "properties": { "osm_id": "node/7627263126", "genus": "Platanus x hispanica" }, "geometry": { "type": "Point", "coordinates": [ -3.6828787, 40.4112409 ] } },
{ "type": "Feature", "properties": { "osm_id": "node/7632290920", "genus": "Ulmus" }, "geometry": { "type": "Point", "coordinates": [ -3.6775177, 40.4119184 ] } },
{ "type": "Feature", "properties": { "osm_id": "node/7632290931", "genus": "Ulmus laevis" }, "geometry": { "type": "Point", "coordinates": [ -3.6789715, 40.4145314 ] } },
{ "type": "Feature", "properties": { "osm_id": "node/7642690199", "genus": "Ulmus pumila" }, "geometry": { "type": "Point", "coordinates": [ -3.6777983, 40.4148714 ] } },
{ "type": "Feature", "properties": { "osm_id": "node/7642690200", "genus": "Ulmus pumila" }, "geometry": { "type": "Point", "coordinates": [ -3.6778424, 40.4149825 ] } },
{ "type": "Feature", "properties": { "osm_id": "node/7642690201", "genus": "Ulmus pumila" }, "geometry": { "type": "Point", "coordinates": [ -3.6778808, 40.4150965 ] } },
{ "type": "Feature", "properties": { "osm_id": "node/7642690202", "genus": "Ulmus pumila" }, "geometry": { "type": "Point", "coordinates": [ -3.6778612, 40.4150426 ] } },
{ "type": "Feature", "properties": { "osm_id": "node/7642690203", "genus": "Ulmus pumila" }, "geometry": { "type": "Point", "coordinates": [ -3.6778208, 40.4149261 ] } },
{ "type": "Feature", "properties": { "osm_id": "node/7642690206", "genus": "Ulmus pumila" }, "geometry": { "type": "Point", "coordinates": [ -3.6779024, 40.4151413 ] } },
{ "type": "Feature", "properties": { "osm_id": "node/7642690207", "genus": "Ulmus pumila" }, "geometry": { "type": "Point", "coordinates": [ -3.6779274, 40.4152029 ] } },
{ "type": "Feature", "properties": { "osm_id": "node/7642690208", "genus": "Ulmus pumila" }, "geometry": { "type": "Point", "coordinates": [ -3.677954, 40.4152697 ] } },
{ "type": "Feature", "properties": { "osm_id": "node/7642690209", "genus": "Ulmus pumila" }, "geometry": { "type": "Point", "coordinates": [ -3.6779759, 40.4153362 ] } },
{ "type": "Feature", "properties": { "osm_id": "node/7653856156", "genus": "Ulmus laevis" }, "geometry": { "type": "Point", "coordinates": [ -3.6796845, 40.4123856 ] } },
{ "type": "Feature", "properties": { "osm_id": "node/7653856157", "genus": "Ulmus laevis" }, "geometry": { "type": "Point", "coordinates": [ -3.680576, 40.4127193 ] } },
{ "type": "Feature", "properties": { "osm_id": "node/7669271366", "genus": "Ulmus" }, "geometry": { "type": "Point", "coordinates": [ -3.6882488, 40.4107112 ] } },
{ "type": "Feature", "properties": { "osm_id": "node/7914576031", "genus": "Cedrus" }, "geometry": { "type": "Point", "coordinates": [ -3.6808949, 40.4173579 ] } },
{ "type": "Feature", "properties": { "osm_id": "node/7914576033", "genus": "Acer" }, "geometry": { "type": "Point", "coordinates": [ -3.678499, 40.4139598 ] } },
{ "type": "Feature", "properties": { "osm_id": "node/7943224911", "genus": "Ulmus minor" }, "geometry": { "type": "Point", "coordinates": [ -3.6792916, 40.4189893 ] } },
{ "type": "Feature", "properties": { "osm_id": "node/7943231630", "genus": "Ulmus" }, "geometry": { "type": "Point", "coordinates": [ -3.6806856, 40.4194795 ] } },
{ "type": "Feature", "properties": { "osm_id": "node/7943231631", "genus": "Quercus" }, "geometry": { "type": "Point", "coordinates": [ -3.680447, 40.4185098 ] } },
{ "type": "Feature", "properties": { "osm_id": "node/7943255824", "genus": "Ulmus" }, "geometry": { "type": "Point", "coordinates": [ -3.680911, 40.4184004 ] } },
{ "type": "Feature", "properties": { "osm_id": "node/7943257394", "genus": "Ulmus" }, "geometry": { "type": "Point", "coordinates": [ -3.6796445, 40.4199503 ] } },
{ "type": "Feature", "properties": { "osm_id": "node/7943257395", "genus": "Ulmus minor" }, "geometry": { "type": "Point", "coordinates": [ -3.6796247, 40.4199144 ] } },
{ "type": "Feature", "properties": { "osm_id": "node/7943257396", "genus": "Ulmus minor" }, "geometry": { "type": "Point", "coordinates": [ -3.6796014, 40.4199104 ] } },
{ "type": "Feature", "properties": { "osm_id": "node/8692061604", "genus": "" }, "geometry": { "type": "Point", "coordinates": [ -3.6822833, 40.4070068 ] } },
{ "type": "Feature", "properties": { "osm_id": "node/8692061605", "genus": "" }, "geometry": { "type": "Point", "coordinates": [ -3.6821678, 40.4070326 ] } },
{ "type": "Feature", "properties": { "osm_id": "node/8692061609", "genus": "" }, "geometry": { "type": "Point", "coordinates": [ -3.6821416, 40.4071969 ] } },
{ "type": "Feature", "properties": { "osm_id": "node/8692061610", "genus": "" }, "geometry": { "type": "Point", "coordinates": [ -3.6821616, 40.4072778 ] } },
{ "type": "Feature", "properties": { "osm_id": "node/8692061611", "genus": "" }, "geometry": { "type": "Point", "coordinates": [ -3.6821801, 40.4073482 ] } },
{ "type": "Feature", "properties": { "osm_id": "node/8770520025", "genus": "" }, "geometry": { "type": "Point", "coordinates": [ -3.6914433, 40.4153203 ] } },
{ "type": "Feature", "properties": { "osm_id": "node/8770520026", "genus": "" }, "geometry": { "type": "Point", "coordinates": [ -3.6913936, 40.4152933 ] } },
{ "type": "Feature", "properties": { "osm_id": "node/8770520027", "genus": "" }, "geometry": { "type": "Point", "coordinates": [ -3.6913615, 40.4153214 ] } },
{ "type": "Feature", "properties": { "osm_id": "node/8770520028", "genus": "" }, "geometry": { "type": "Point", "coordinates": [ -3.691332, 40.4152938 ] } },
{ "type": "Feature", "properties": { "osm_id": "node/8770520029", "genus": "" }, "geometry": { "type": "Point", "coordinates": [ -3.6913105, 40.4153214 ] } },
{ "type": "Feature", "properties": { "osm_id": "node/8770520030", "genus": "" }, "geometry": { "type": "Point", "coordinates": [ -3.6912656, 40.4152943 ] } },
{ "type": "Feature", "properties": { "osm_id": "node/8770520031", "genus": "" }, "geometry": { "type": "Point", "coordinates": [ -3.6912126, 40.4153234 ] } },
{ "type": "Feature", "properties": { "osm_id": "node/8770520032", "genus": "" }, "geometry": { "type": "Point", "coordinates": [ -3.6911737, 40.4152999 ] } },
{ "type": "Feature", "properties": { "osm_id": "node/8770520033", "genus": "" }, "geometry": { "type": "Point", "coordinates": [ -3.6911375, 40.4153219 ] } },
{ "type": "Feature", "properties": { "osm_id": "node/8770520034", "genus": "" }, "geometry": { "type": "Point", "coordinates": [ -3.6911033, 40.4152994 ] } },
{ "type": "Feature", "properties": { "osm_id": "node/8770520035", "genus": "" }, "geometry": { "type": "Point", "coordinates": [ -3.6910738, 40.4153234 ] } },
{ "type": "Feature", "properties": { "osm_id": "node/8770520036", "genus": "" }, "geometry": { "type": "Point", "coordinates": [ -3.6910389, 40.4153055 ] } },
{ "type": "Feature", "properties": { "osm_id": "node/8770520037", "genus": "" }, "geometry": { "type": "Point", "coordinates": [ -3.6910027, 40.4153265 ] } },
{ "type": "Feature", "properties": { "osm_id": "node/8770520038", "genus": "" }, "geometry": { "type": "Point", "coordinates": [ -3.6909685, 40.4153025 ] } },
{ "type": "Feature", "properties": { "osm_id": "node/8770520039", "genus": "" }, "geometry": { "type": "Point", "coordinates": [ -3.6909363, 40.4153239 ] } },
{ "type": "Feature", "properties": { "osm_id": "node/8770520040", "genus": "" }, "geometry": { "type": "Point", "coordinates": [ -3.6914433, 40.4153648 ] } },
{ "type": "Feature", "properties": { "osm_id": "node/8770520041", "genus": "" }, "geometry": { "type": "Point", "coordinates": [ -3.6914466, 40.4154122 ] } },
{ "type": "Feature", "properties": { "osm_id": "node/8770520042", "genus": "" }, "geometry": { "type": "Point", "coordinates": [ -3.691446, 40.4154567 ] } },
{ "type": "Feature", "properties": { "osm_id": "node/8770520043", "genus": "" }, "geometry": { "type": "Point", "coordinates": [ -3.6914473, 40.4155067 ] } },
{ "type": "Feature", "properties": { "osm_id": "node/8770520044", "genus": "" }, "geometry": { "type": "Point", "coordinates": [ -3.69145, 40.4155516 ] } },
{ "type": "Feature", "properties": { "osm_id": "node/8770520045", "genus": "" }, "geometry": { "type": "Point", "coordinates": [ -3.6914533, 40.4156052 ] } },
{ "type": "Feature", "properties": { "osm_id": "node/8920640205", "genus": "Cupressus" }, "geometry": { "type": "Point", "coordinates": [ -3.687132, 40.4120786 ] } },
{ "type": "Feature", "properties": { "osm_id": "node/8920640206", "genus": "Cupressus" }, "geometry": { "type": "Point", "coordinates": [ -3.6871399, 40.4120791 ] } },
{ "type": "Feature", "properties": { "osm_id": "node/8920640207", "genus": "Cupressus" }, "geometry": { "type": "Point", "coordinates": [ -3.6871333, 40.4120836 ] } },
{ "type": "Feature", "properties": { "osm_id": "node/8933318282", "genus": "" }, "geometry": { "type": "Point", "coordinates": [ -3.6875772, 40.4151904 ] } },
{ "type": "Feature", "properties": { "osm_id": "node/8933318283", "genus": "" }, "geometry": { "type": "Point", "coordinates": [ -3.6879975, 40.4153968 ] } },
{ "type": "Feature", "properties": { "osm_id": "node/9047955449", "genus": "" }, "geometry": { "type": "Point", "coordinates": [ -3.6917678, 40.4145641 ] } },
{ "type": "Feature", "properties": { "osm_id": "node/9160301670", "genus": "" }, "geometry": { "type": "Point", "coordinates": [ -3.6944216, 40.4088328 ] } },
{ "type": "Feature", "properties": { "osm_id": "node/9160301671", "genus": "" }, "geometry": { "type": "Point", "coordinates": [ -3.6940012, 40.4091256 ] } },
{ "type": "Feature", "properties": { "osm_id": "node/9160301672", "genus": "" }, "geometry": { "type": "Point", "coordinates": [ -3.6939424, 40.4091025 ] } },
{ "type": "Feature", "properties": { "osm_id": "node/9160301673", "genus": "" }, "geometry": { "type": "Point", "coordinates": [ -3.6939083, 40.4090857 ] } },
{ "type": "Feature", "properties": { "osm_id": "node/9160301674", "genus": "" }, "geometry": { "type": "Point", "coordinates": [ -3.6938596, 40.409064 ] } },
{ "type": "Feature", "properties": { "osm_id": "node/9160301675", "genus": "" }, "geometry": { "type": "Point", "coordinates": [ -3.6937501, 40.4090128 ] } },
{ "type": "Feature", "properties": { "osm_id": "node/9160301676", "genus": "" }, "geometry": { "type": "Point", "coordinates": [ -3.693705, 40.4089946 ] } },
{ "type": "Feature", "properties": { "osm_id": "node/9160301677", "genus": "" }, "geometry": { "type": "Point", "coordinates": [ -3.6936591, 40.408975 ] } },
{ "type": "Feature", "properties": { "osm_id": "node/9160301678", "genus": "" }, "geometry": { "type": "Point", "coordinates": [ -3.693557, 40.4089316 ] } },
{ "type": "Feature", "properties": { "osm_id": "node/9160301679", "genus": "" }, "geometry": { "type": "Point", "coordinates": [ -3.6935054, 40.4089106 ] } },
{ "type": "Feature", "properties": { "osm_id": "node/9160301680", "genus": "" }, "geometry": { "type": "Point", "coordinates": [ -3.6934512, 40.4088875 ] } },
{ "type": "Feature", "properties": { "osm_id": "node/9160301681", "genus": "" }, "geometry": { "type": "Point", "coordinates": [ -3.6934043, 40.4088657 ] } },
{ "type": "Feature", "properties": { "osm_id": "node/9160301682", "genus": "" }, "geometry": { "type": "Point", "coordinates": [ -3.6933537, 40.408842 ] } },
{ "type": "Feature", "properties": { "osm_id": "node/9160301683", "genus": "" }, "geometry": { "type": "Point", "coordinates": [ -3.6933012, 40.4088206 ] } },
{ "type": "Feature", "properties": { "osm_id": "node/9160301737", "genus": "" }, "geometry": { "type": "Point", "coordinates": [ -3.6950781, 40.4086797 ] } },
{ "type": "Feature", "properties": { "osm_id": "node/9160301738", "genus": "" }, "geometry": { "type": "Point", "coordinates": [ -3.6951567, 40.4085858 ] } },
{ "type": "Feature", "properties": { "osm_id": "node/9160301740", "genus": "" }, "geometry": { "type": "Point", "coordinates": [ -3.6951938, 40.4085414 ] } },
{ "type": "Feature", "properties": { "osm_id": "node/9160301741", "genus": "" }, "geometry": { "type": "Point", "coordinates": [ -3.6952233, 40.4085076 ] } },
{ "type": "Feature", "properties": { "osm_id": "node/9160301742", "genus": "" }, "geometry": { "type": "Point", "coordinates": [ -3.6952614, 40.4084659 ] } },
{ "type": "Feature", "properties": { "osm_id": "node/9160301743", "genus": "" }, "geometry": { "type": "Point", "coordinates": [ -3.6952881, 40.4084324 ] } },
{ "type": "Feature", "properties": { "osm_id": "node/9160301744", "genus": "" }, "geometry": { "type": "Point", "coordinates": [ -3.6953216, 40.4083944 ] } },
{ "type": "Feature", "properties": { "osm_id": "node/9160301745", "genus": "" }, "geometry": { "type": "Point", "coordinates": [ -3.6953512, 40.4083553 ] } },
{ "type": "Feature", "properties": { "osm_id": "node/9160301746", "genus": "" }, "geometry": { "type": "Point", "coordinates": [ -3.6953811, 40.4083215 ] } },
{ "type": "Feature", "properties": { "osm_id": "node/9160301747", "genus": "" }, "geometry": { "type": "Point", "coordinates": [ -3.6956129, 40.4080395 ] } },
{ "type": "Feature", "properties": { "osm_id": "node/9160301748", "genus": "" }, "geometry": { "type": "Point", "coordinates": [ -3.6956414, 40.4080127 ] } },
{ "type": "Feature", "properties": { "osm_id": "node/9160301749", "genus": "" }, "geometry": { "type": "Point", "coordinates": [ -3.695674, 40.4079712 ] } },
{ "type": "Feature", "properties": { "osm_id": "node/9160301750", "genus": "" }, "geometry": { "type": "Point", "coordinates": [ -3.6957176, 40.4079173 ] } },
{ "type": "Feature", "properties": { "osm_id": "node/9160301751", "genus": "" }, "geometry": { "type": "Point", "coordinates": [ -3.6957473, 40.407889 ] } },
{ "type": "Feature", "properties": { "osm_id": "node/9160301752", "genus": "" }, "geometry": { "type": "Point", "coordinates": [ -3.6958118, 40.4078126 ] } },
{ "type": "Feature", "properties": { "osm_id": "node/9160301753", "genus": "" }, "geometry": { "type": "Point", "coordinates": [ -3.6958447, 40.4077737 ] } },
{ "type": "Feature", "properties": { "osm_id": "node/9160301754", "genus": "" }, "geometry": { "type": "Point", "coordinates": [ -3.6959131, 40.4076872 ] } },
{ "type": "Feature", "properties": { "osm_id": "node/9160301755", "genus": "" }, "geometry": { "type": "Point", "coordinates": [ -3.6959708, 40.4076256 ] } },
{ "type": "Feature", "properties": { "osm_id": "node/9160301758", "genus": "" }, "geometry": { "type": "Point", "coordinates": [ -3.6958537, 40.4073716 ] } },
{ "type": "Feature", "properties": { "osm_id": "node/9160301759", "genus": "" }, "geometry": { "type": "Point", "coordinates": [ -3.6957917, 40.4073357 ] } },
{ "type": "Feature", "properties": { "osm_id": "node/9160301760", "genus": "" }, "geometry": { "type": "Point", "coordinates": [ -3.6957325, 40.4073088 ] } },
{ "type": "Feature", "properties": { "osm_id": "node/9160301761", "genus": "" }, "geometry": { "type": "Point", "coordinates": [ -3.6956698, 40.4072807 ] } },
{ "type": "Feature", "properties": { "osm_id": "node/9160301762", "genus": "" }, "geometry": { "type": "Point", "coordinates": [ -3.6955964, 40.4072417 ] } },
{ "type": "Feature", "properties": { "osm_id": "node/9160301763", "genus": "" }, "geometry": { "type": "Point", "coordinates": [ -3.695545, 40.4072122 ] } },
{ "type": "Feature", "properties": { "osm_id": "node/9160301764", "genus": "" }, "geometry": { "type": "Point", "coordinates": [ -3.6954858, 40.4071875 ] } },
{ "type": "Feature", "properties": { "osm_id": "node/9160301765", "genus": "" }, "geometry": { "type": "Point", "coordinates": [ -3.6938579, 40.4076561 ] } },
{ "type": "Feature", "properties": { "osm_id": "node/9160301766", "genus": "" }, "geometry": { "type": "Point", "coordinates": [ -3.693874, 40.4075831 ] } },
{ "type": "Feature", "properties": { "osm_id": "node/9160301767", "genus": "" }, "geometry": { "type": "Point", "coordinates": [ -3.6939529, 40.4075562 ] } },
{ "type": "Feature", "properties": { "osm_id": "node/9160301768", "genus": "" }, "geometry": { "type": "Point", "coordinates": [ -3.6937903, 40.4076328 ] } },
{ "type": "Feature", "properties": { "osm_id": "node/9160301769", "genus": "" }, "geometry": { "type": "Point", "coordinates": [ -3.6936993, 40.4076586 ] } },
{ "type": "Feature", "properties": { "osm_id": "node/9160301770", "genus": "" }, "geometry": { "type": "Point", "coordinates": [ -3.6936308, 40.407696 ] } },
{ "type": "Feature", "properties": { "osm_id": "node/9160301771", "genus": "" }, "geometry": { "type": "Point", "coordinates": [ -3.6935761, 40.407726 ] } },
{ "type": "Feature", "properties": { "osm_id": "node/9160301772", "genus": "" }, "geometry": { "type": "Point", "coordinates": [ -3.6934698, 40.4077941 ] } },
{ "type": "Feature", "properties": { "osm_id": "node/9160301773", "genus": "" }, "geometry": { "type": "Point", "coordinates": [ -3.6933224, 40.4079075 ] } },
{ "type": "Feature", "properties": { "osm_id": "node/9160301774", "genus": "" }, "geometry": { "type": "Point", "coordinates": [ -3.6932419, 40.407967 ] } },
{ "type": "Feature", "properties": { "osm_id": "node/9160301775", "genus": "" }, "geometry": { "type": "Point", "coordinates": [ -3.693159, 40.4080473 ] } },
{ "type": "Feature", "properties": { "osm_id": "node/9160301776", "genus": "" }, "geometry": { "type": "Point", "coordinates": [ -3.6936075, 40.4079265 ] } },
{ "type": "Feature", "properties": { "osm_id": "node/9160301777", "genus": "" }, "geometry": { "type": "Point", "coordinates": [ -3.693659, 40.4078633 ] } },
{ "type": "Feature", "properties": { "osm_id": "node/9160301778", "genus": "" }, "geometry": { "type": "Point", "coordinates": [ -3.6935141, 40.4080356 ] } },
{ "type": "Feature", "properties": { "osm_id": "node/9160301779", "genus": "" }, "geometry": { "type": "Point", "coordinates": [ -3.6935125, 40.4079418 ] } },
{ "type": "Feature", "properties": { "osm_id": "node/9160301780", "genus": "" }, "geometry": { "type": "Point", "coordinates": [ -3.6934537, 40.4079798 ] } },
{ "type": "Feature", "properties": { "osm_id": "node/9160301781", "genus": "" }, "geometry": { "type": "Point", "coordinates": [ -3.6933949, 40.4080179 ] } },
{ "type": "Feature", "properties": { "osm_id": "node/9161060710", "genus": "" }, "geometry": { "type": "Point", "coordinates": [ -3.6953469, 40.4096643 ] } },
{ "type": "Feature", "properties": { "osm_id": "node/9161060711", "genus": "" }, "geometry": { "type": "Point", "coordinates": [ -3.6954083, 40.4096832 ] } },
{ "type": "Feature", "properties": { "osm_id": "node/9161060712", "genus": "" }, "geometry": { "type": "Point", "coordinates": [ -3.6952787, 40.409823 ] } },
{ "type": "Feature", "properties": { "osm_id": "node/9161060713", "genus": "" }, "geometry": { "type": "Point", "coordinates": [ -3.6952123, 40.4098296 ] } },
{ "type": "Feature", "properties": { "osm_id": "node/9161060714", "genus": "" }, "geometry": { "type": "Point", "coordinates": [ -3.6951539, 40.4097649 ] } },
{ "type": "Feature", "properties": { "osm_id": "node/9161060715", "genus": "" }, "geometry": { "type": "Point", "coordinates": [ -3.695113, 40.4099364 ] } },
{ "type": "Feature", "properties": { "osm_id": "node/9161060716", "genus": "" }, "geometry": { "type": "Point", "coordinates": [ -3.695193, 40.4099284 ] } },
{ "type": "Feature", "properties": { "osm_id": "node/9161075717", "genus": "" }, "geometry": { "type": "Point", "coordinates": [ -3.695149, 40.410028 ] } },
{ "type": "Feature", "properties": { "osm_id": "node/9161075718", "genus": "" }, "geometry": { "type": "Point", "coordinates": [ -3.6950299, 40.4099723 ] } },
{ "type": "Feature", "properties": { "osm_id": "node/9161075719", "genus": "" }, "geometry": { "type": "Point", "coordinates": [ -3.6948648, 40.4097824 ] } },
{ "type": "Feature", "properties": { "osm_id": "node/9161075720", "genus": "" }, "geometry": { "type": "Point", "coordinates": [ -3.6948102, 40.4098022 ] } },
{ "type": "Feature", "properties": { "osm_id": "node/9161075721", "genus": "" }, "geometry": { "type": "Point", "coordinates": [ -3.6947401, 40.4098339 ] } },
{ "type": "Feature", "properties": { "osm_id": "node/9161075722", "genus": "" }, "geometry": { "type": "Point", "coordinates": [ -3.694701, 40.4097965 ] } },
{ "type": "Feature", "properties": { "osm_id": "node/9161075723", "genus": "" }, "geometry": { "type": "Point", "coordinates": [ -3.6947283, 40.4097649 ] } },
{ "type": "Feature", "properties": { "osm_id": "node/9161075724", "genus": "" }, "geometry": { "type": "Point", "coordinates": [ -3.6948723, 40.4096789 ] } },
{ "type": "Feature", "properties": { "osm_id": "node/9161075725", "genus": "" }, "geometry": { "type": "Point", "coordinates": [ -3.6948152, 40.4096869 ] } },
{ "type": "Feature", "properties": { "osm_id": "node/9161075726", "genus": "" }, "geometry": { "type": "Point", "coordinates": [ -3.6948294, 40.4096057 ] } },
{ "type": "Feature", "properties": { "osm_id": "node/9161075727", "genus": "" }, "geometry": { "type": "Point", "coordinates": [ -3.6948847, 40.4094748 ] } },
{ "type": "Feature", "properties": { "osm_id": "node/9249496423", "genus": "Parrotia" }, "geometry": { "type": "Point", "coordinates": [ -3.6904123, 40.4120079 ] } },
{ "type": "Feature", "properties": { "osm_id": "node/9249496758", "genus": "Butia" }, "geometry": { "type": "Point", "coordinates": [ -3.6897066, 40.4112678 ] } },
{ "type": "Feature", "properties": { "osm_id": "node/9684686248", "genus": "" }, "geometry": { "type": "Point", "coordinates": [ -3.6892944, 40.4204076 ] } },
{ "type": "Feature", "properties": { "osm_id": "node/9684686249", "genus": "" }, "geometry": { "type": "Point", "coordinates": [ -3.6892066, 40.4204798 ] } },
{ "type": "Feature", "properties": { "osm_id": "node/9684690810", "genus": "" }, "geometry": { "type": "Point", "coordinates": [ -3.6894206, 40.4203597 ] } },
{ "type": "Feature", "properties": { "osm_id": "node/9684813955", "genus": "" }, "geometry": { "type": "Point", "coordinates": [ -3.6889783, 40.4206134 ] } },
{ "type": "Feature", "properties": { "osm_id": "node/9684813956", "genus": "" }, "geometry": { "type": "Point", "coordinates": [ -3.6888013, 40.4206426 ] } },
{ "type": "Feature", "properties": { "osm_id": "node/9684868489", "genus": "" }, "geometry": { "type": "Point", "coordinates": [ -3.6892148, 40.4208917 ] } },
{ "type": "Feature", "properties": { "osm_id": "node/9684892725", "genus": "" }, "geometry": { "type": "Point", "coordinates": [ -3.6888785, 40.4204832 ] } },
{ "type": "Feature", "properties": { "osm_id": "node/9684899991", "genus": "" }, "geometry": { "type": "Point", "coordinates": [ -3.6897321, 40.4208713 ] } },
{ "type": "Feature", "properties": { "osm_id": "node/9847785275", "genus": "Ginkgo" }, "geometry": { "type": "Point", "coordinates": [ -3.6949653, 40.4198138 ] } },
{ "type": "Feature", "properties": { "osm_id": "node/10076671523", "genus": "" }, "geometry": { "type": "Point", "coordinates": [ -3.6894579, 40.4197568 ] } },
{ "type": "Feature", "properties": { "osm_id": "node/10076671524", "genus": "" }, "geometry": { "type": "Point", "coordinates": [ -3.6894417, 40.419643 ] } },
{ "type": "Feature", "properties": { "osm_id": "node/10076671525", "genus": "" }, "geometry": { "type": "Point", "coordinates": [ -3.6893353, 40.4196856 ] } },
{ "type": "Feature", "properties": { "osm_id": "node/10076671526", "genus": "" }, "geometry": { "type": "Point", "coordinates": [ -3.689339, 40.4195502 ] } },
{ "type": "Feature", "properties": { "osm_id": "node/10076671527", "genus": "" }, "geometry": { "type": "Point", "coordinates": [ -3.6892049, 40.4195834 ] } },
{ "type": "Feature", "properties": { "osm_id": "node/10076671528", "genus": "" }, "geometry": { "type": "Point", "coordinates": [ -3.6890737, 40.4195169 ] } },
{ "type": "Feature", "properties": { "osm_id": "node/10076671529", "genus": "" }, "geometry": { "type": "Point", "coordinates": [ -3.6889619, 40.4194697 ] } },
{ "type": "Feature", "properties": { "osm_id": "node/10076671530", "genus": "" }, "geometry": { "type": "Point", "coordinates": [ -3.689088, 40.4194031 ] } },
{ "type": "Feature", "properties": { "osm_id": "node/10225854382", "genus": "Arbutus unedo" }, "geometry": { "type": "Point", "coordinates": [ -3.6871551, 40.413087 ] } },
{ "type": "Feature", "properties": { "osm_id": "node/10225916288", "genus": "Eucalyptus camaldulensis" }, "geometry": { "type": "Point", "coordinates": [ -3.6863087, 40.4105256 ] } },
{ "type": "Feature", "properties": { "osm_id": "node/10225949456", "genus": "Cupressus macrocarpa" }, "geometry": { "type": "Point", "coordinates": [ -3.677934, 40.4133134 ] } },
{ "type": "Feature", "properties": { "osm_id": "node/10225963529", "genus": "Sequoiadendron" }, "geometry": { "type": "Point", "coordinates": [ -3.6779859, 40.4102304 ] } },
{ "type": "Feature", "properties": { "osm_id": "node/10225963530", "genus": "Celtis australis" }, "geometry": { "type": "Point", "coordinates": [ -3.6788042, 40.4106423 ] } },
{ "type": "Feature", "properties": { "osm_id": "node/10226039238", "genus": "Platanus orientalis" }, "geometry": { "type": "Point", "coordinates": [ -3.6809991, 40.4194041 ] } },
{ "type": "Feature", "properties": { "osm_id": "node/10261783071", "genus": "" }, "geometry": { "type": "Point", "coordinates": [ -3.6913982, 40.4106574 ] } },
{ "type": "Feature", "properties": { "osm_id": "node/10261791049", "genus": "" }, "geometry": { "type": "Point", "coordinates": [ -3.6918174, 40.4126313 ] } },
{ "type": "Feature", "properties": { "osm_id": "node/10261802737", "genus": "" }, "geometry": { "type": "Point", "coordinates": [ -3.6927964, 40.413975 ] } },
{ "type": "Feature", "properties": { "osm_id": "node/10261829748", "genus": "Arbutus unedo" }, "geometry": { "type": "Point", "coordinates": [ -3.6930002, 40.4160414 ] } },
{ "type": "Feature", "properties": { "osm_id": "node/10627275168", "genus": "" }, "geometry": { "type": "Point", "coordinates": [ -3.6959656, 40.4186965 ] } },
{ "type": "Feature", "properties": { "osm_id": "node/10627275170", "genus": "" }, "geometry": { "type": "Point", "coordinates": [ -3.6958549, 40.4190693 ] } },
{ "type": "Feature", "properties": { "osm_id": "node/10627275171", "genus": "" }, "geometry": { "type": "Point", "coordinates": [ -3.6956696, 40.4191064 ] } },
{ "type": "Feature", "properties": { "osm_id": "node/10627275172", "genus": "" }, "geometry": { "type": "Point", "coordinates": [ -3.6954103, 40.4191508 ] } },
{ "type": "Feature", "properties": { "osm_id": "node/10627275173", "genus": "" }, "geometry": { "type": "Point", "coordinates": [ -3.6953224, 40.4191627 ] } },
{ "type": "Feature", "properties": { "osm_id": "node/10627275174", "genus": "" }, "geometry": { "type": "Point", "coordinates": [ -3.6952441, 40.4191767 ] } },
{ "type": "Feature", "properties": { "osm_id": "node/10627275175", "genus": "" }, "geometry": { "type": "Point", "coordinates": [ -3.6951736, 40.4191826 ] } },
{ "type": "Feature", "properties": { "osm_id": "node/10627275176", "genus": "" }, "geometry": { "type": "Point", "coordinates": [ -3.69509, 40.4192032 ] } },
{ "type": "Feature", "properties": { "osm_id": "node/10627275177", "genus": "" }, "geometry": { "type": "Point", "coordinates": [ -3.6949943, 40.419218 ] } },
{ "type": "Feature", "properties": { "osm_id": "node/10627275178", "genus": "" }, "geometry": { "type": "Point", "coordinates": [ -3.6948884, 40.4192361 ] } },
{ "type": "Feature", "properties": { "osm_id": "node/10627275179", "genus": "" }, "geometry": { "type": "Point", "coordinates": [ -3.6948011, 40.4192456 ] } },
{ "type": "Feature", "properties": { "osm_id": "node/10627275180", "genus": "" }, "geometry": { "type": "Point", "coordinates": [ -3.6945583, 40.419288 ] } },
{ "type": "Feature", "properties": { "osm_id": "node/10627275181", "genus": "" }, "geometry": { "type": "Point", "coordinates": [ -3.6944601, 40.4190004 ] } },
{ "type": "Feature", "properties": { "osm_id": "node/10627275182", "genus": "" }, "geometry": { "type": "Point", "coordinates": [ -3.6946822, 40.4189579 ] } },
{ "type": "Feature", "properties": { "osm_id": "node/10653168911", "genus": "" }, "geometry": { "type": "Point", "coordinates": [ -3.6932108, 40.4198498 ] } },
{ "type": "Feature", "properties": { "osm_id": "node/10653168912", "genus": "" }, "geometry": { "type": "Point", "coordinates": [ -3.6931271, 40.4198452 ] } },
{ "type": "Feature", "properties": { "osm_id": "node/10653168913", "genus": "" }, "geometry": { "type": "Point", "coordinates": [ -3.6930628, 40.419851 ] } },
{ "type": "Feature", "properties": { "osm_id": "node/10653168914", "genus": "" }, "geometry": { "type": "Point", "coordinates": [ -3.6930027, 40.4198501 ] } },
{ "type": "Feature", "properties": { "osm_id": "node/11149811294", "genus": "Diospyros lotus" }, "geometry": { "type": "Point", "coordinates": [ -3.680965, 40.4119274 ] } },
{ "type": "Feature", "properties": { "osm_id": "node/11193827216", "genus": "" }, "geometry": { "type": "Point", "coordinates": [ -3.6888935, 40.4205933 ] } },
{ "type": "Feature", "properties": { "osm_id": "node/11193827217", "genus": "" }, "geometry": { "type": "Point", "coordinates": [ -3.6887524, 40.4206957 ] } },
{ "type": "Feature", "properties": { "osm_id": "node/11193827218", "genus": "" }, "geometry": { "type": "Point", "coordinates": [ -3.6887338, 40.4207825 ] } },
{ "type": "Feature", "properties": { "osm_id": "node/11193827219", "genus": "" }, "geometry": { "type": "Point", "coordinates": [ -3.6887282, 40.42086 ] } },
{ "type": "Feature", "properties": { "osm_id": "node/11193827220", "genus": "" }, "geometry": { "type": "Point", "coordinates": [ -3.6887235, 40.4209389 ] } },
{ "type": "Feature", "properties": { "osm_id": "node/11193827221", "genus": "" }, "geometry": { "type": "Point", "coordinates": [ -3.6887001, 40.4209986 ] } },
{ "type": "Feature", "properties": { "osm_id": "node/11193827224", "genus": "" }, "geometry": { "type": "Point", "coordinates": [ -3.6892054, 40.4205243 ] } },
{ "type": "Feature", "properties": { "osm_id": "node/11193827225", "genus": "" }, "geometry": { "type": "Point", "coordinates": [ -3.6883975, 40.4205606 ] } },
{ "type": "Feature", "properties": { "osm_id": "node/11193827226", "genus": "" }, "geometry": { "type": "Point", "coordinates": [ -3.6881173, 40.4203772 ] } },
{ "type": "Feature", "properties": { "osm_id": "node/11193827227", "genus": "" }, "geometry": { "type": "Point", "coordinates": [ -3.6880211, 40.4203324 ] } },
{ "type": "Feature", "properties": { "osm_id": "node/11193827228", "genus": "" }, "geometry": { "type": "Point", "coordinates": [ -3.6881267, 40.4202805 ] } },
{ "type": "Feature", "properties": { "osm_id": "node/11193827229", "genus": "" }, "geometry": { "type": "Point", "coordinates": [ -3.6882285, 40.4203508 ] } },
{ "type": "Feature", "properties": { "osm_id": "node/11193831338", "genus": "" }, "geometry": { "type": "Point", "coordinates": [ -3.6936735, 40.4187965 ] } },
{ "type": "Feature", "properties": { "osm_id": "node/11193831339", "genus": "" }, "geometry": { "type": "Point", "coordinates": [ -3.6935504, 40.4188396 ] } },
{ "type": "Feature", "properties": { "osm_id": "node/11193831340", "genus": "" }, "geometry": { "type": "Point", "coordinates": [ -3.6935136, 40.4187663 ] } },
{ "type": "Feature", "properties": { "osm_id": "node/11668867436", "genus": "" }, "geometry": { "type": "Point", "coordinates": [ -3.6958181, 40.4200888 ] } },
{ "type": "Feature", "properties": { "osm_id": "node/11668867442", "genus": "" }, "geometry": { "type": "Point", "coordinates": [ -3.6959922, 40.4200813 ] } },
{ "type": "Feature", "properties": { "osm_id": "node/11700484947", "genus": "" }, "geometry": { "type": "Point", "coordinates": [ -3.6833181, 40.4104607 ] } },
{ "type": "Feature", "properties": { "osm_id": "node/11703558596", "genus": "" }, "geometry": { "type": "Point", "coordinates": [ -3.6934011, 40.4050115 ] } },
{ "type": "Feature", "properties": { "osm_id": "node/11703558597", "genus": "" }, "geometry": { "type": "Point", "coordinates": [ -3.6933805, 40.4049212 ] } },
{ "type": "Feature", "properties": { "osm_id": "node/11703558598", "genus": "" }, "geometry": { "type": "Point", "coordinates": [ -3.6933977, 40.404784 ] } },
{ "type": "Feature", "properties": { "osm_id": "node/11703558599", "genus": "" }, "geometry": { "type": "Point", "coordinates": [ -3.6935881, 40.4049811 ] } },
{ "type": "Feature", "properties": { "osm_id": "node/11703558600", "genus": "" }, "geometry": { "type": "Point", "coordinates": [ -3.6935972, 40.404896 ] } },
{ "type": "Feature", "properties": { "osm_id": "node/11703558601", "genus": "" }, "geometry": { "type": "Point", "coordinates": [ -3.6936029, 40.4047753 ] } },
{ "type": "Feature", "properties": { "osm_id": "node/11703558602", "genus": "" }, "geometry": { "type": "Point", "coordinates": [ -3.6935949, 40.404606 ] } },
{ "type": "Feature", "properties": { "osm_id": "node/11703558603", "genus": "" }, "geometry": { "type": "Point", "coordinates": [ -3.693457, 40.4045339 ] } },
{ "type": "Feature", "properties": { "osm_id": "node/11703558604", "genus": "" }, "geometry": { "type": "Point", "coordinates": [ -3.6936702, 40.4044349 ] } },
{ "type": "Feature", "properties": { "osm_id": "node/11703558605", "genus": "" }, "geometry": { "type": "Point", "coordinates": [ -3.6936873, 40.4043602 ] } },
{ "type": "Feature", "properties": { "osm_id": "node/11903530139", "genus": "" }, "geometry": { "type": "Point", "coordinates": [ -3.6959826, 40.4095268 ] } },
{ "type": "Feature", "properties": { "osm_id": "node/11903530141", "genus": "" }, "geometry": { "type": "Point", "coordinates": [ -3.6959565, 40.4095575 ] } },
{ "type": "Feature", "properties": { "osm_id": "node/11933498665", "genus": "" }, "geometry": { "type": "Point", "coordinates": [ -3.6956229, 40.4177114 ] } },
{ "type": "Feature", "properties": { "osm_id": "node/11933498666", "genus": "" }, "geometry": { "type": "Point", "coordinates": [ -3.6956333, 40.417762 ] } },
{ "type": "Feature", "properties": { "osm_id": "node/11933498667", "genus": "" }, "geometry": { "type": "Point", "coordinates": [ -3.6956464, 40.4178127 ] } },
{ "type": "Feature", "properties": { "osm_id": "node/11933498668", "genus": "" }, "geometry": { "type": "Point", "coordinates": [ -3.6956588, 40.4178579 ] } },
{ "type": "Feature", "properties": { "osm_id": "node/11933524169", "genus": "" }, "geometry": { "type": "Point", "coordinates": [ -3.6957018, 40.4180555 ] } },
{ "type": "Feature", "properties": { "osm_id": "node/11933524170", "genus": "" }, "geometry": { "type": "Point", "coordinates": [ -3.695679, 40.4179577 ] } },
{ "type": "Feature", "properties": { "osm_id": "node/11933524171", "genus": "" }, "geometry": { "type": "Point", "coordinates": [ -3.6957201, 40.4181344 ] } },
{ "type": "Feature", "properties": { "osm_id": "node/11933524172", "genus": "" }, "geometry": { "type": "Point", "coordinates": [ -3.6957338, 40.4181841 ] } },
{ "type": "Feature", "properties": { "osm_id": "node/11933524173", "genus": "" }, "geometry": { "type": "Point", "coordinates": [ -3.6957423, 40.4182243 ] } },
{ "type": "Feature", "properties": { "osm_id": "node/11933524174", "genus": "" }, "geometry": { "type": "Point", "coordinates": [ -3.6957507, 40.418272 ] } },
{ "type": "Feature", "properties": { "osm_id": "node/11933524175", "genus": "" }, "geometry": { "type": "Point", "coordinates": [ -3.6957599, 40.4183117 ] } },
{ "type": "Feature", "properties": { "osm_id": "node/11933524176", "genus": "" }, "geometry": { "type": "Point", "coordinates": [ -3.695769, 40.4183604 ] } },
{ "type": "Feature", "properties": { "osm_id": "node/11933524177", "genus": "" }, "geometry": { "type": "Point", "coordinates": [ -3.6957814, 40.4184205 ] } },
{ "type": "Feature", "properties": { "osm_id": "node/11933524178", "genus": "" }, "geometry": { "type": "Point", "coordinates": [ -3.6957892, 40.4184711 ] } },
{ "type": "Feature", "properties": { "osm_id": "node/11933524179", "genus": "" }, "geometry": { "type": "Point", "coordinates": [ -3.6957984, 40.4185064 ] } },
{ "type": "Feature", "properties": { "osm_id": "node/11933524180", "genus": "" }, "geometry": { "type": "Point", "coordinates": [ -3.6958101, 40.4185466 ] } },
{ "type": "Feature", "properties": { "osm_id": "node/11933524181", "genus": "" }, "geometry": { "type": "Point", "coordinates": [ -3.6958179, 40.4185923 ] } },
{ "type": "Feature", "properties": { "osm_id": "node/11974097344", "genus": "" }, "geometry": { "type": "Point", "coordinates": [ -3.6916922, 40.4182301 ] } },
{ "type": "Feature", "properties": { "osm_id": "node/11974097345", "genus": "" }, "geometry": { "type": "Point", "coordinates": [ -3.6917525, 40.4182355 ] } },
{ "type": "Feature", "properties": { "osm_id": "node/11974097346", "genus": "" }, "geometry": { "type": "Point", "coordinates": [ -3.6917907, 40.4182352 ] } },
{ "type": "Feature", "properties": { "osm_id": "node/11974097347", "genus": "" }, "geometry": { "type": "Point", "coordinates": [ -3.6919047, 40.4182469 ] } },
{ "type": "Feature", "properties": { "osm_id": "node/11974097348", "genus": "" }, "geometry": { "type": "Point", "coordinates": [ -3.6919532, 40.4182525 ] } },
{ "type": "Feature", "properties": { "osm_id": "node/11974097349", "genus": "" }, "geometry": { "type": "Point", "coordinates": [ -3.6918864, 40.4182163 ] } },
{ "type": "Feature", "properties": { "osm_id": "node/11974097350", "genus": "" }, "geometry": { "type": "Point", "coordinates": [ -3.6919405, 40.4182184 ] } },
{ "type": "Feature", "properties": { "osm_id": "node/11974097351", "genus": "" }, "geometry": { "type": "Point", "coordinates": [ -3.6919825, 40.4182203 ] } },
{ "type": "Feature", "properties": { "osm_id": "node/11974097352", "genus": "" }, "geometry": { "type": "Point", "coordinates": [ -3.6920325, 40.4182246 ] } },
{ "type": "Feature", "properties": { "osm_id": "node/11974097353", "genus": "" }, "geometry": { "type": "Point", "coordinates": [ -3.6921017, 40.4182277 ] } },
{ "type": "Feature", "properties": { "osm_id": "node/11974097354", "genus": "" }, "geometry": { "type": "Point", "coordinates": [ -3.6921506, 40.4182265 ] } },
{ "type": "Feature", "properties": { "osm_id": "node/11974097355", "genus": "" }, "geometry": { "type": "Point", "coordinates": [ -3.692011, 40.4182538 ] } },
{ "type": "Feature", "properties": { "osm_id": "node/11974097356", "genus": "" }, "geometry": { "type": "Point", "coordinates": [ -3.6920537, 40.4182569 ] } },
{ "type": "Feature", "properties": { "osm_id": "node/11974097357", "genus": "" }, "geometry": { "type": "Point", "coordinates": [ -3.6921001, 40.4182609 ] } },
{ "type": "Feature", "properties": { "osm_id": "node/11974097358", "genus": "" }, "geometry": { "type": "Point", "coordinates": [ -3.6921481, 40.41826 ] } },
{ "type": "Feature", "properties": { "osm_id": "node/11974097359", "genus": "" }, "geometry": { "type": "Point", "coordinates": [ -3.6922011, 40.4182609 ] } },
{ "type": "Feature", "properties": { "osm_id": "node/11974097360", "genus": "" }, "geometry": { "type": "Point", "coordinates": [ -3.6922507, 40.4182618 ] } },
{ "type": "Feature", "properties": { "osm_id": "node/11974097361", "genus": "" }, "geometry": { "type": "Point", "coordinates": [ -3.6922927, 40.4182631 ] } },
{ "type": "Feature", "properties": { "osm_id": "node/11974097362", "genus": "" }, "geometry": { "type": "Point", "coordinates": [ -3.6923338, 40.4182656 ] } },
{ "type": "Feature", "properties": { "osm_id": "node/11974097363", "genus": "" }, "geometry": { "type": "Point", "coordinates": [ -3.6924003, 40.4182715 ] } },
{ "type": "Feature", "properties": { "osm_id": "node/11974097364", "genus": "" }, "geometry": { "type": "Point", "coordinates": [ -3.6924466, 40.4182735 ] } },
{ "type": "Feature", "properties": { "osm_id": "node/11974097365", "genus": "" }, "geometry": { "type": "Point", "coordinates": [ -3.6924897, 40.418274 ] } },
{ "type": "Feature", "properties": { "osm_id": "node/11974097366", "genus": "" }, "geometry": { "type": "Point", "coordinates": [ -3.6925425, 40.418278 ] } },
{ "type": "Feature", "properties": { "osm_id": "node/11974097367", "genus": "" }, "geometry": { "type": "Point", "coordinates": [ -3.6925986, 40.418282 ] } },
{ "type": "Feature", "properties": { "osm_id": "node/11974097368", "genus": "" }, "geometry": { "type": "Point", "coordinates": [ -3.6918782, 40.4180602 ] } },
{ "type": "Feature", "properties": { "osm_id": "node/11974100169", "genus": "" }, "geometry": { "type": "Point", "coordinates": [ -3.6923149, 40.4180462 ] } },
{ "type": "Feature", "properties": { "osm_id": "node/11974100170", "genus": "" }, "geometry": { "type": "Point", "coordinates": [ -3.6923714, 40.4180478 ] } },
{ "type": "Feature", "properties": { "osm_id": "node/11974100171", "genus": "" }, "geometry": { "type": "Point", "coordinates": [ -3.6924194, 40.4180526 ] } },
{ "type": "Feature", "properties": { "osm_id": "node/11974100172", "genus": "" }, "geometry": { "type": "Point", "coordinates": [ -3.6924717, 40.4180526 ] } },
{ "type": "Feature", "properties": { "osm_id": "node/11974100173", "genus": "" }, "geometry": { "type": "Point", "coordinates": [ -3.6925135, 40.4180518 ] } },
{ "type": "Feature", "properties": { "osm_id": "node/11974100174", "genus": "" }, "geometry": { "type": "Point", "coordinates": [ -3.6925616, 40.418055 ] } },
{ "type": "Feature", "properties": { "osm_id": "node/11974100175", "genus": "" }, "geometry": { "type": "Point", "coordinates": [ -3.6926065, 40.4180565 ] } },
{ "type": "Feature", "properties": { "osm_id": "node/11974100176", "genus": "" }, "geometry": { "type": "Point", "coordinates": [ -3.6926619, 40.4180597 ] } },
{ "type": "Feature", "properties": { "osm_id": "node/11974100177", "genus": "" }, "geometry": { "type": "Point", "coordinates": [ -3.6926305, 40.4180947 ] } },
{ "type": "Feature", "properties": { "osm_id": "node/11974100178", "genus": "" }, "geometry": { "type": "Point", "coordinates": [ -3.6925804, 40.4180923 ] } },
{ "type": "Feature", "properties": { "osm_id": "node/11974100179", "genus": "" }, "geometry": { "type": "Point", "coordinates": [ -3.6925427, 40.4180908 ] } },
{ "type": "Feature", "properties": { "osm_id": "node/11974100180", "genus": "" }, "geometry": { "type": "Point", "coordinates": [ -3.6924926, 40.418086 ] } },
{ "type": "Feature", "properties": { "osm_id": "node/11974100181", "genus": "" }, "geometry": { "type": "Point", "coordinates": [ -3.6924393, 40.4180828 ] } },
{ "type": "Feature", "properties": { "osm_id": "node/11974100182", "genus": "" }, "geometry": { "type": "Point", "coordinates": [ -3.6920203, 40.4180359 ] } },
{ "type": "Feature", "properties": { "osm_id": "node/11974100183", "genus": "" }, "geometry": { "type": "Point", "coordinates": [ -3.6919597, 40.4180335 ] } },
{ "type": "Feature", "properties": { "osm_id": "node/11974100184", "genus": "" }, "geometry": { "type": "Point", "coordinates": [ -3.6919106, 40.4180311 ] } },
{ "type": "Feature", "properties": { "osm_id": "node/11974100185", "genus": "" }, "geometry": { "type": "Point", "coordinates": [ -3.6918583, 40.4180295 ] } },
{ "type": "Feature", "properties": { "osm_id": "node/11974100186", "genus": "" }, "geometry": { "type": "Point", "coordinates": [ -3.6919301, 40.4180614 ] } },
{ "type": "Feature", "properties": { "osm_id": "node/11974100187", "genus": "" }, "geometry": { "type": "Point", "coordinates": [ -3.6918273, 40.4180581 ] } },
{ "type": "Feature", "properties": { "osm_id": "node/11974100188", "genus": "" }, "geometry": { "type": "Point", "coordinates": [ -3.691736, 40.4180534 ] } },
{ "type": "Feature", "properties": { "osm_id": "node/11974100189", "genus": "" }, "geometry": { "type": "Point", "coordinates": [ -3.6916817, 40.4180518 ] } },
{ "type": "Feature", "properties": { "osm_id": "node/11974100190", "genus": "" }, "geometry": { "type": "Point", "coordinates": [ -3.6917785, 40.4180579 ] } },
{ "type": "Feature", "properties": { "osm_id": "node/11974100191", "genus": "" }, "geometry": { "type": "Point", "coordinates": [ -3.6919905, 40.4180654 ] } },
{ "type": "Feature", "properties": { "osm_id": "node/11974100192", "genus": "" }, "geometry": { "type": "Point", "coordinates": [ -3.6918639, 40.4182425 ] } },
{ "type": "Feature", "properties": { "osm_id": "node/11974100193", "genus": "" }, "geometry": { "type": "Point", "coordinates": [ -3.6908041, 40.4181939 ] } },
{ "type": "Feature", "properties": { "osm_id": "node/11974100194", "genus": "" }, "geometry": { "type": "Point", "coordinates": [ -3.6908672, 40.4181958 ] } },
{ "type": "Feature", "properties": { "osm_id": "node/11974100195", "genus": "" }, "geometry": { "type": "Point", "coordinates": [ -3.6909327, 40.4181983 ] } },
{ "type": "Feature", "properties": { "osm_id": "node/11974100196", "genus": "" }, "geometry": { "type": "Point", "coordinates": [ -3.6909934, 40.4182014 ] } },
{ "type": "Feature", "properties": { "osm_id": "node/11974100197", "genus": "" }, "geometry": { "type": "Point", "coordinates": [ -3.6910577, 40.4182035 ] } },
{ "type": "Feature", "properties": { "osm_id": "node/11974100198", "genus": "" }, "geometry": { "type": "Point", "coordinates": [ -3.6911411, 40.4182069 ] } },
{ "type": "Feature", "properties": { "osm_id": "node/11974100199", "genus": "" }, "geometry": { "type": "Point", "coordinates": [ -3.6912751, 40.4182147 ] } },
{ "type": "Feature", "properties": { "osm_id": "node/11974100200", "genus": "" }, "geometry": { "type": "Point", "coordinates": [ -3.6912339, 40.4182113 ] } },
{ "type": "Feature", "properties": { "osm_id": "node/11974100201", "genus": "" }, "geometry": { "type": "Point", "coordinates": [ -3.6913504, 40.4182156 ] } },
{ "type": "Feature", "properties": { "osm_id": "node/11974100202", "genus": "" }, "geometry": { "type": "Point", "coordinates": [ -3.6914135, 40.4182187 ] } },
{ "type": "Feature", "properties": { "osm_id": "node/11989861048", "genus": "" }, "geometry": { "type": "Point", "coordinates": [ -3.6925057, 40.4095437 ] } },
{ "type": "Feature", "properties": { "osm_id": "node/11989861049", "genus": "" }, "geometry": { "type": "Point", "coordinates": [ -3.692522, 40.409631 ] } },
{ "type": "Feature", "properties": { "osm_id": "node/11991764656", "genus": "" }, "geometry": { "type": "Point", "coordinates": [ -3.6935418, 40.4197203 ] } },
{ "type": "Feature", "properties": { "osm_id": "node/11991764657", "genus": "" }, "geometry": { "type": "Point", "coordinates": [ -3.6936676, 40.4196073 ] } },
{ "type": "Feature", "properties": { "osm_id": "node/12035480004", "genus": "" }, "geometry": { "type": "Point", "coordinates": [ -3.6927332, 40.4094754 ] } },
{ "type": "Feature", "properties": { "osm_id": "node/12035480005", "genus": "" }, "geometry": { "type": "Point", "coordinates": [ -3.6927963, 40.4094995 ] } },
{ "type": "Feature", "properties": { "osm_id": "node/12035480010", "genus": "" }, "geometry": { "type": "Point", "coordinates": [ -3.6929158, 40.4095745 ] } },
{ "type": "Feature", "properties": { "osm_id": "node/12035480011", "genus": "" }, "geometry": { "type": "Point", "coordinates": [ -3.6930142, 40.4096148 ] } },
{ "type": "Feature", "properties": { "osm_id": "node/12035480014", "genus": "" }, "geometry": { "type": "Point", "coordinates": [ -3.6932249, 40.4097002 ] } },
{ "type": "Feature", "properties": { "osm_id": "node/12035480015", "genus": "" }, "geometry": { "type": "Point", "coordinates": [ -3.693258, 40.4097101 ] } },
{ "type": "Feature", "properties": { "osm_id": "node/12056846657", "genus": "" }, "geometry": { "type": "Point", "coordinates": [ -3.6925001, 40.4091793 ] } },
{ "type": "Feature", "properties": { "osm_id": "node/12056846658", "genus": "" }, "geometry": { "type": "Point", "coordinates": [ -3.6926859, 40.409267 ] } },
{ "type": "Feature", "properties": { "osm_id": "node/12056846659", "genus": "" }, "geometry": { "type": "Point", "coordinates": [ -3.6925969, 40.4092191 ] } },
{ "type": "Feature", "properties": { "osm_id": "node/12056846662", "genus": "" }, "geometry": { "type": "Point", "coordinates": [ -3.6927994, 40.4091815 ] } },
{ "type": "Feature", "properties": { "osm_id": "node/12056846663", "genus": "" }, "geometry": { "type": "Point", "coordinates": [ -3.6928218, 40.4091436 ] } },
{ "type": "Feature", "properties": { "osm_id": "node/12056846666", "genus": "" }, "geometry": { "type": "Point", "coordinates": [ -3.6929185, 40.4090127 ] } },
{ "type": "Feature", "properties": { "osm_id": "node/12056864569", "genus": "" }, "geometry": { "type": "Point", "coordinates": [ -3.6929627, 40.4089646 ] } },
{ "type": "Feature", "properties": { "osm_id": "node/12056864574", "genus": "" }, "geometry": { "type": "Point", "coordinates": [ -3.6929979, 40.4089135 ] } },
{ "type": "Feature", "properties": { "osm_id": "node/12056864575", "genus": "" }, "geometry": { "type": "Point", "coordinates": [ -3.6930176, 40.4088847 ] } },
{ "type": "Feature", "properties": { "osm_id": "node/12056864577", "genus": "" }, "geometry": { "type": "Point", "coordinates": [ -3.6930576, 40.4088324 ] } },
{ "type": "Feature", "properties": { "osm_id": "node/12056864580", "genus": "" }, "geometry": { "type": "Point", "coordinates": [ -3.6931462, 40.4087115 ] } },
{ "type": "Feature", "properties": { "osm_id": "node/12056864582", "genus": "" }, "geometry": { "type": "Point", "coordinates": [ -3.6931974, 40.4086387 ] } },
{ "type": "Feature", "properties": { "osm_id": "node/12056864583", "genus": "" }, "geometry": { "type": "Point", "coordinates": [ -3.6932223, 40.4086028 ] } },
{ "type": "Feature", "properties": { "osm_id": "node/12056864585", "genus": "" }, "geometry": { "type": "Point", "coordinates": [ -3.6932715, 40.4085389 ] } },
{ "type": "Feature", "properties": { "osm_id": "node/12056864586", "genus": "" }, "geometry": { "type": "Point", "coordinates": [ -3.6932962, 40.4085081 ] } },
{ "type": "Feature", "properties": { "osm_id": "node/12056864587", "genus": "" }, "geometry": { "type": "Point", "coordinates": [ -3.6930763, 40.4088061 ] } },
{ "type": "Feature", "properties": { "osm_id": "node/12094945330", "genus": "" }, "geometry": { "type": "Point", "coordinates": [ -3.6923919, 40.4090407 ] } },
{ "type": "Feature", "properties": { "osm_id": "node/12094945332", "genus": "" }, "geometry": { "type": "Point", "coordinates": [ -3.6924419, 40.4089699 ] } },
{ "type": "Feature", "properties": { "osm_id": "node/12094945334", "genus": "" }, "geometry": { "type": "Point", "coordinates": [ -3.6924769, 40.4089114 ] } },
{ "type": "Feature", "properties": { "osm_id": "node/12094945336", "genus": "" }, "geometry": { "type": "Point", "coordinates": [ -3.6925262, 40.4088116 ] } },
{ "type": "Feature", "properties": { "osm_id": "node/12094945340", "genus": "" }, "geometry": { "type": "Point", "coordinates": [ -3.6925719, 40.4087271 ] } },
{ "type": "Feature", "properties": { "osm_id": "node/12094945342", "genus": "" }, "geometry": { "type": "Point", "coordinates": [ -3.6926267, 40.4086594 ] } },
{ "type": "Feature", "properties": { "osm_id": "node/12094945343", "genus": "" }, "geometry": { "type": "Point", "coordinates": [ -3.6926489, 40.408614 ] } },
{ "type": "Feature", "properties": { "osm_id": "node/12094945346", "genus": "" }, "geometry": { "type": "Point", "coordinates": [ -3.6927085, 40.4085281 ] } },
{ "type": "Feature", "properties": { "osm_id": "node/12094945347", "genus": "" }, "geometry": { "type": "Point", "coordinates": [ -3.6927919, 40.4084411 ] } },
{ "type": "Feature", "properties": { "osm_id": "node/12094945349", "genus": "" }, "geometry": { "type": "Point", "coordinates": [ -3.6928763, 40.4083626 ] } },
{ "type": "Feature", "properties": { "osm_id": "node/12094945351", "genus": "" }, "geometry": { "type": "Point", "coordinates": [ -3.6929166, 40.4083072 ] } },
{ "type": "Feature", "properties": { "osm_id": "node/12094945352", "genus": "" }, "geometry": { "type": "Point", "coordinates": [ -3.6929324, 40.4082793 ] } },
{ "type": "Feature", "properties": { "osm_id": "node/12094945358", "genus": "" }, "geometry": { "type": "Point", "coordinates": [ -3.6930849, 40.4080939 ] } },
{ "type": "Feature", "properties": { "osm_id": "node/12126352233", "genus": "" }, "geometry": { "type": "Point", "coordinates": [ -3.6950395, 40.410462 ] } },
{ "type": "Feature", "properties": { "osm_id": "node/12126352235", "genus": "" }, "geometry": { "type": "Point", "coordinates": [ -3.6947025, 40.4103008 ] } },
{ "type": "Feature", "properties": { "osm_id": "node/12126352237", "genus": "" }, "geometry": { "type": "Point", "coordinates": [ -3.6946245, 40.4102673 ] } },
{ "type": "Feature", "properties": { "osm_id": "node/12126352238", "genus": "" }, "geometry": { "type": "Point", "coordinates": [ -3.6945489, 40.4102322 ] } },
{ "type": "Feature", "properties": { "osm_id": "node/12126352241", "genus": "" }, "geometry": { "type": "Point", "coordinates": [ -3.6934788, 40.4097814 ] } },
{ "type": "Feature", "properties": { "osm_id": "node/12126352246", "genus": "" }, "geometry": { "type": "Point", "coordinates": [ -3.6935929, 40.4098305 ] } },
{ "type": "Feature", "properties": { "osm_id": "node/12126352248", "genus": "" }, "geometry": { "type": "Point", "coordinates": [ -3.6936243, 40.4098406 ] } },
{ "type": "Feature", "properties": { "osm_id": "node/12126352249", "genus": "" }, "geometry": { "type": "Point", "coordinates": [ -3.6936407, 40.4098758 ] } },
{ "type": "Feature", "properties": { "osm_id": "node/12126352252", "genus": "" }, "geometry": { "type": "Point", "coordinates": [ -3.6937273, 40.409902 ] } },
{ "type": "Feature", "properties": { "osm_id": "node/12126352255", "genus": "" }, "geometry": { "type": "Point", "coordinates": [ -3.6938019, 40.4099127 ] } },
{ "type": "Feature", "properties": { "osm_id": "node/12126352256", "genus": "" }, "geometry": { "type": "Point", "coordinates": [ -3.6938331, 40.4099234 ] } },
{ "type": "Feature", "properties": { "osm_id": "node/12126352258", "genus": "" }, "geometry": { "type": "Point", "coordinates": [ -3.6938765, 40.4099415 ] } },
{ "type": "Feature", "properties": { "osm_id": "node/12126352260", "genus": "" }, "geometry": { "type": "Point", "coordinates": [ -3.6940803, 40.4100331 ] } },
{ "type": "Feature", "properties": { "osm_id": "node/12126352262", "genus": "" }, "geometry": { "type": "Point", "coordinates": [ -3.694127, 40.4100515 ] } },
{ "type": "Feature", "properties": { "osm_id": "node/12126352265", "genus": "" }, "geometry": { "type": "Point", "coordinates": [ -3.694194, 40.4100718 ] } },
{ "type": "Feature", "properties": { "osm_id": "node/12126352267", "genus": "" }, "geometry": { "type": "Point", "coordinates": [ -3.694278, 40.4101067 ] } },
{ "type": "Feature", "properties": { "osm_id": "node/12126352270", "genus": "" }, "geometry": { "type": "Point", "coordinates": [ -3.6943368, 40.4101357 ] } },
{ "type": "Feature", "properties": { "osm_id": "node/12126352273", "genus": "" }, "geometry": { "type": "Point", "coordinates": [ -3.6944346, 40.4101774 ] } },
{ "type": "Feature", "properties": { "osm_id": "node/12126352275", "genus": "" }, "geometry": { "type": "Point", "coordinates": [ -3.6944896, 40.4102038 ] } },
{ "type": "Feature", "properties": { "osm_id": "node/12126352276", "genus": "" }, "geometry": { "type": "Point", "coordinates": [ -3.6947541, 40.4101396 ] } },
{ "type": "Feature", "properties": { "osm_id": "node/12126352277", "genus": "" }, "geometry": { "type": "Point", "coordinates": [ -3.6948504, 40.4101902 ] } },
{ "type": "Feature", "properties": { "osm_id": "node/12126352278", "genus": "" }, "geometry": { "type": "Point", "coordinates": [ -3.6943066, 40.4101222 ] } },
{ "type": "Feature", "properties": { "osm_id": "node/12174422519", "genus": "" }, "geometry": { "type": "Point", "coordinates": [ -3.694232, 40.4126436 ] } },
{ "type": "Feature", "properties": { "osm_id": "node/12174422522", "genus": "" }, "geometry": { "type": "Point", "coordinates": [ -3.6941983, 40.4126419 ] } },
{ "type": "Feature", "properties": { "osm_id": "node/12174422525", "genus": "" }, "geometry": { "type": "Point", "coordinates": [ -3.6939544, 40.4126213 ] } },
{ "type": "Feature", "properties": { "osm_id": "node/12174422528", "genus": "" }, "geometry": { "type": "Point", "coordinates": [ -3.6938906, 40.4126225 ] } },
{ "type": "Feature", "properties": { "osm_id": "node/12174422530", "genus": "" }, "geometry": { "type": "Point", "coordinates": [ -3.6937248, 40.4127213 ] } },
{ "type": "Feature", "properties": { "osm_id": "node/12174422541", "genus": "" }, "geometry": { "type": "Point", "coordinates": [ -3.6936228, 40.4126305 ] } },
{ "type": "Feature", "properties": { "osm_id": "node/12174422542", "genus": "" }, "geometry": { "type": "Point", "coordinates": [ -3.6937143, 40.412627 ] } },
{ "type": "Feature", "properties": { "osm_id": "node/12174422543", "genus": "" }, "geometry": { "type": "Point", "coordinates": [ -3.6941382, 40.4126345 ] } },
{ "type": "Feature", "properties": { "osm_id": "node/12215770749", "genus": "" }, "geometry": { "type": "Point", "coordinates": [ -3.6956114, 40.4071416 ] } },
{ "type": "Feature", "properties": { "osm_id": "node/12215770752", "genus": "" }, "geometry": { "type": "Point", "coordinates": [ -3.6956898, 40.4071823 ] } },
{ "type": "Feature", "properties": { "osm_id": "node/12215770755", "genus": "" }, "geometry": { "type": "Point", "coordinates": [ -3.695881, 40.4072705 ] } },
{ "type": "Feature", "properties": { "osm_id": "node/12293776725", "genus": "" }, "geometry": { "type": "Point", "coordinates": [ -3.6932192, 40.4087845 ] } },
{ "type": "Feature", "properties": { "osm_id": "node/12293776727", "genus": "" }, "geometry": { "type": "Point", "coordinates": [ -3.6932584, 40.4088003 ] } },
{ "type": "Feature", "properties": { "osm_id": "node/12293776735", "genus": "" }, "geometry": { "type": "Point", "coordinates": [ -3.6931407, 40.4094355 ] } },
{ "type": "Feature", "properties": { "osm_id": "node/12293776744", "genus": "" }, "geometry": { "type": "Point", "coordinates": [ -3.6930124, 40.409382 ] } },
{ "type": "Feature", "properties": { "osm_id": "node/12293776757", "genus": "" }, "geometry": { "type": "Point", "coordinates": [ -3.693586, 40.4096239 ] } },
{ "type": "Feature", "properties": { "osm_id": "node/12293776761", "genus": "" }, "geometry": { "type": "Point", "coordinates": [ -3.6936664, 40.4096592 ] } },
{ "type": "Feature", "properties": { "osm_id": "node/12293776764", "genus": "" }, "geometry": { "type": "Point", "coordinates": [ -3.6938047, 40.409658 ] } },
{ "type": "Feature", "properties": { "osm_id": "node/12293776765", "genus": "" }, "geometry": { "type": "Point", "coordinates": [ -3.6938419, 40.4096127 ] } },
{ "type": "Feature", "properties": { "osm_id": "node/12298881922", "genus": "" }, "geometry": { "type": "Point", "coordinates": [ -3.6917223, 40.4148208 ] } },
{ "type": "Feature", "properties": { "osm_id": "node/12298881923", "genus": "" }, "geometry": { "type": "Point", "coordinates": [ -3.6916393, 40.4149107 ] } },
{ "type": "Feature", "properties": { "osm_id": "node/12298881924", "genus": "" }, "geometry": { "type": "Point", "coordinates": [ -3.6916393, 40.4150161 ] } },
{ "type": "Feature", "properties": { "osm_id": "node/12298881925", "genus": "" }, "geometry": { "type": "Point", "coordinates": [ -3.69168, 40.4150167 ] } },
{ "type": "Feature", "properties": { "osm_id": "node/12298881926", "genus": "" }, "geometry": { "type": "Point", "coordinates": [ -3.6916613, 40.415044 ] } },
{ "type": "Feature", "properties": { "osm_id": "node/12298881927", "genus": "" }, "geometry": { "type": "Point", "coordinates": [ -3.6918428, 40.4148475 ] } },
{ "type": "Feature", "properties": { "osm_id": "node/12298881928", "genus": "" }, "geometry": { "type": "Point", "coordinates": [ -3.6919861, 40.4149423 ] } },
{ "type": "Feature", "properties": { "osm_id": "node/12298881929", "genus": "" }, "geometry": { "type": "Point", "coordinates": [ -3.6919104, 40.4149516 ] } },
{ "type": "Feature", "properties": { "osm_id": "node/12298881930", "genus": "" }, "geometry": { "type": "Point", "coordinates": [ -3.6921921, 40.4149832 ] } },
{ "type": "Feature", "properties": { "osm_id": "node/12298881931", "genus": "" }, "geometry": { "type": "Point", "coordinates": [ -3.6922971, 40.414969 ] } },
{ "type": "Feature", "properties": { "osm_id": "node/12298881932", "genus": "" }, "geometry": { "type": "Point", "coordinates": [ -3.6923224, 40.415013 ] } },
{ "type": "Feature", "properties": { "osm_id": "node/12298881933", "genus": "" }, "geometry": { "type": "Point", "coordinates": [ -3.6923826, 40.414987 ] } },
{ "type": "Feature", "properties": { "osm_id": "node/12298881934", "genus": "" }, "geometry": { "type": "Point", "coordinates": [ -3.6915473, 40.4148177 ] } },
{ "type": "Feature", "properties": { "osm_id": "node/12298881935", "genus": "" }, "geometry": { "type": "Point", "coordinates": [ -3.6915481, 40.414863 ] } },
{ "type": "Feature", "properties": { "osm_id": "node/12298881936", "genus": "" }, "geometry": { "type": "Point", "coordinates": [ -3.6915505, 40.4149138 ] } },
{ "type": "Feature", "properties": { "osm_id": "node/12298881937", "genus": "" }, "geometry": { "type": "Point", "coordinates": [ -3.691553, 40.4149727 ] } },
{ "type": "Feature", "properties": { "osm_id": "node/12298881938", "genus": "" }, "geometry": { "type": "Point", "coordinates": [ -3.6915538, 40.4150266 ] } },
{ "type": "Feature", "properties": { "osm_id": "node/12298881939", "genus": "" }, "geometry": { "type": "Point", "coordinates": [ -3.691557, 40.4150756 ] } },
{ "type": "Feature", "properties": { "osm_id": "node/12298881940", "genus": "" }, "geometry": { "type": "Point", "coordinates": [ -3.6915525, 40.4147316 ] } },
{ "type": "Feature", "properties": { "osm_id": "node/12298881941", "genus": "" }, "geometry": { "type": "Point", "coordinates": [ -3.6915512, 40.4146721 ] } },
{ "type": "Feature", "properties": { "osm_id": "node/12298881942", "genus": "" }, "geometry": { "type": "Point", "coordinates": [ -3.691623, 40.4147138 ] } },
{ "type": "Feature", "properties": { "osm_id": "node/12298881943", "genus": "" }, "geometry": { "type": "Point", "coordinates": [ -3.6918773, 40.4147436 ] } },
{ "type": "Feature", "properties": { "osm_id": "node/12298881958", "genus": "" }, "geometry": { "type": "Point", "coordinates": [ -3.692173, 40.4147345 ] } },
{ "type": "Feature", "properties": { "osm_id": "node/12298881959", "genus": "" }, "geometry": { "type": "Point", "coordinates": [ -3.6928765, 40.4149496 ] } },
{ "type": "Feature", "properties": { "osm_id": "node/12298881960", "genus": "" }, "geometry": { "type": "Point", "coordinates": [ -3.6926353, 40.4149284 ] } },
{ "type": "Feature", "properties": { "osm_id": "node/12298881961", "genus": "" }, "geometry": { "type": "Point", "coordinates": [ -3.6927147, 40.4148876 ] } },
{ "type": "Feature", "properties": { "osm_id": "node/12298881962", "genus": "" }, "geometry": { "type": "Point", "coordinates": [ -3.6927961, 40.4148907 ] } },
{ "type": "Feature", "properties": { "osm_id": "node/12298881963", "genus": "" }, "geometry": { "type": "Point", "coordinates": [ -3.6929836, 40.4149315 ] } },
{ "type": "Feature", "properties": { "osm_id": "node/12298881964", "genus": "" }, "geometry": { "type": "Point", "coordinates": [ -3.6930702, 40.4149849 ] } },
{ "type": "Feature", "properties": { "osm_id": "node/12298881965", "genus": "" }, "geometry": { "type": "Point", "coordinates": [ -3.692961, 40.4150014 ] } },
{ "type": "Feature", "properties": { "osm_id": "node/12337855364", "genus": "" }, "geometry": { "type": "Point", "coordinates": [ -3.694042, 40.4206019 ] } },
{ "type": "Feature", "properties": { "osm_id": "node/12337855365", "genus": "" }, "geometry": { "type": "Point", "coordinates": [ -3.6939996, 40.4208907 ] } },
{ "type": "Feature", "properties": { "osm_id": "node/12337855366", "genus": "" }, "geometry": { "type": "Point", "coordinates": [ -3.6939911, 40.4209858 ] } },
{ "type": "Feature", "properties": { "osm_id": "node/12430299161", "genus": "" }, "geometry": { "type": "Point", "coordinates": [ -3.6948994, 40.4111832 ] } },
{ "type": "Feature", "properties": { "osm_id": "node/12430299164", "genus": "" }, "geometry": { "type": "Point", "coordinates": [ -3.6948912, 40.4112169 ] } },
{ "type": "Feature", "properties": { "osm_id": "node/12430299165", "genus": "" }, "geometry": { "type": "Point", "coordinates": [ -3.6948759, 40.4112862 ] } },
{ "type": "Feature", "properties": { "osm_id": "node/12430299166", "genus": "" }, "geometry": { "type": "Point", "coordinates": [ -3.6948567, 40.4114077 ] } },
{ "type": "Feature", "properties": { "osm_id": "node/12430299168", "genus": "" }, "geometry": { "type": "Point", "coordinates": [ -3.6948464, 40.4114766 ] } },
{ "type": "Feature", "properties": { "osm_id": "node/12509042367", "genus": "" }, "geometry": { "type": "Point", "coordinates": [ -3.6958216, 40.4186236 ] } },
{ "type": "Feature", "properties": { "osm_id": "node/12509042379", "genus": "" }, "geometry": { "type": "Point", "coordinates": [ -3.6945634, 40.4189812 ] } },
{ "type": "Feature", "properties": { "osm_id": "node/12509042383", "genus": "" }, "geometry": { "type": "Point", "coordinates": [ -3.6947159, 40.4189216 ] } },
{ "type": "Feature", "properties": { "osm_id": "node/12509042384", "genus": "" }, "geometry": { "type": "Point", "coordinates": [ -3.6947704, 40.4189456 ] } },
{ "type": "Feature", "properties": { "osm_id": "node/12509042385", "genus": "" }, "geometry": { "type": "Point", "coordinates": [ -3.6948021, 40.4189402 ] } },
{ "type": "Feature", "properties": { "osm_id": "node/12509042387", "genus": "" }, "geometry": { "type": "Point", "coordinates": [ -3.6948777, 40.4189093 ] } },
{ "type": "Feature", "properties": { "osm_id": "node/12509042389", "genus": "" }, "geometry": { "type": "Point", "coordinates": [ -3.6949355, 40.4189162 ] } },
{ "type": "Feature", "properties": { "osm_id": "node/12509042391", "genus": "" }, "geometry": { "type": "Point", "coordinates": [ -3.694989, 40.4188858 ] } },
{ "type": "Feature", "properties": { "osm_id": "node/12509042394", "genus": "" }, "geometry": { "type": "Point", "coordinates": [ -3.6952164, 40.4188576 ] } },
{ "type": "Feature", "properties": { "osm_id": "node/12509042396", "genus": "" }, "geometry": { "type": "Point", "coordinates": [ -3.6952464, 40.4188132 ] } },
{ "type": "Feature", "properties": { "osm_id": "node/12509088801", "genus": "" }, "geometry": { "type": "Point", "coordinates": [ -3.6955301, 40.4187519 ] } },
{ "type": "Feature", "properties": { "osm_id": "node/12509088803", "genus": "" }, "geometry": { "type": "Point", "coordinates": [ -3.6955822, 40.4187765 ] } },
{ "type": "Feature", "properties": { "osm_id": "node/12509088809", "genus": "" }, "geometry": { "type": "Point", "coordinates": [ -3.6957207, 40.4184739 ] } },
{ "type": "Feature", "properties": { "osm_id": "node/12509088811", "genus": "" }, "geometry": { "type": "Point", "coordinates": [ -3.6956956, 40.4183644 ] } },
{ "type": "Feature", "properties": { "osm_id": "node/12509088813", "genus": "" }, "geometry": { "type": "Point", "coordinates": [ -3.6956778, 40.4182741 ] } },
{ "type": "Feature", "properties": { "osm_id": "node/12509088815", "genus": "" }, "geometry": { "type": "Point", "coordinates": [ -3.6956567, 40.4181802 ] } },
{ "type": "Feature", "properties": { "osm_id": "node/12509088816", "genus": "" }, "geometry": { "type": "Point", "coordinates": [ -3.6956476, 40.4181331 ] } },
{ "type": "Feature", "properties": { "osm_id": "node/12509088818", "genus": "" }, "geometry": { "type": "Point", "coordinates": [ -3.6956245, 40.4180448 ] } },
{ "type": "Feature", "properties": { "osm_id": "node/12509088819", "genus": "" }, "geometry": { "type": "Point", "coordinates": [ -3.69561, 40.4179871 ] } },
{ "type": "Feature", "properties": { "osm_id": "node/12509088820", "genus": "" }, "geometry": { "type": "Point", "coordinates": [ -3.6955994, 40.4179364 ] } },
{ "type": "Feature", "properties": { "osm_id": "node/12509088822", "genus": "" }, "geometry": { "type": "Point", "coordinates": [ -3.6955895, 40.4178857 ] } },
{ "type": "Feature", "properties": { "osm_id": "node/12509088824", "genus": "" }, "geometry": { "type": "Point", "coordinates": [ -3.6955783, 40.4178269 ] } },
{ "type": "Feature", "properties": { "osm_id": "node/12509088825", "genus": "" }, "geometry": { "type": "Point", "coordinates": [ -3.6955737, 40.4177998 ] } },
{ "type": "Feature", "properties": { "osm_id": "node/12509088826", "genus": "" }, "geometry": { "type": "Point", "coordinates": [ -3.6955665, 40.4177712 ] } },
{ "type": "Feature", "properties": { "osm_id": "node/12509088827", "genus": "" }, "geometry": { "type": "Point", "coordinates": [ -3.6955579, 40.4177396 ] } },
{ "type": "Feature", "properties": { "osm_id": "node/12509088829", "genus": "" }, "geometry": { "type": "Point", "coordinates": [ -3.6955473, 40.4176823 ] } },
{ "type": "Feature", "properties": { "osm_id": "node/12509088830", "genus": "" }, "geometry": { "type": "Point", "coordinates": [ -3.6955315, 40.4176678 ] } },
{ "type": "Feature", "properties": { "osm_id": "node/12509088837", "genus": "" }, "geometry": { "type": "Point", "coordinates": [ -3.6956653, 40.4182279 ] } },
{ "type": "Feature", "properties": { "osm_id": "node/12512054271", "genus": "" }, "geometry": { "type": "Point", "coordinates": [ -3.6930749, 40.4163746 ] } },
{ "type": "Feature", "properties": { "osm_id": "node/12512054272", "genus": "" }, "geometry": { "type": "Point", "coordinates": [ -3.6930537, 40.4164601 ] } },
{ "type": "Feature", "properties": { "osm_id": "node/12512054273", "genus": "" }, "geometry": { "type": "Point", "coordinates": [ -3.6930758, 40.4165026 ] } },
{ "type": "Feature", "properties": { "osm_id": "node/12512054274", "genus": "" }, "geometry": { "type": "Point", "coordinates": [ -3.6931687, 40.416353 ] } },
{ "type": "Feature", "properties": { "osm_id": "node/12512054275", "genus": "" }, "geometry": { "type": "Point", "coordinates": [ -3.6931935, 40.4163921 ] } },
{ "type": "Feature", "properties": { "osm_id": "node/12512054276", "genus": "" }, "geometry": { "type": "Point", "coordinates": [ -3.6931545, 40.4164709 ] } },
{ "type": "Feature", "properties": { "osm_id": "node/12512054277", "genus": "" }, "geometry": { "type": "Point", "coordinates": [ -3.6930988, 40.4162237 ] } },
{ "type": "Feature", "properties": { "osm_id": "node/12512054278", "genus": "" }, "geometry": { "type": "Point", "coordinates": [ -3.6927351, 40.416186 ] } },
{ "type": "Feature", "properties": { "osm_id": "node/12512054279", "genus": "" }, "geometry": { "type": "Point", "coordinates": [ -3.6928104, 40.4162439 ] } },
{ "type": "Feature", "properties": { "osm_id": "node/12512054280", "genus": "" }, "geometry": { "type": "Point", "coordinates": [ -3.6926405, 40.4163052 ] } },
{ "type": "Feature", "properties": { "osm_id": "node/12512054281", "genus": "" }, "geometry": { "type": "Point", "coordinates": [ -3.692951, 40.4165733 ] } },
{ "type": "Feature", "properties": { "osm_id": "node/12512054282", "genus": "" }, "geometry": { "type": "Point", "coordinates": [ -3.6929174, 40.4165201 ] } },
{ "type": "Feature", "properties": { "osm_id": "node/12512054283", "genus": "" }, "geometry": { "type": "Point", "coordinates": [ -3.6928971, 40.4166056 ] } },
{ "type": "Feature", "properties": { "osm_id": "node/12512054284", "genus": "" }, "geometry": { "type": "Point", "coordinates": [ -3.6927767, 40.4165342 ] } },
{ "type": "Feature", "properties": { "osm_id": "node/12512054285", "genus": "" }, "geometry": { "type": "Point", "coordinates": [ -3.6927971, 40.4165834 ] } },
{ "type": "Feature", "properties": { "osm_id": "node/12512054286", "genus": "" }, "geometry": { "type": "Point", "coordinates": [ -3.6924485, 40.4163779 ] } },
{ "type": "Feature", "properties": { "osm_id": "node/12512054287", "genus": "" }, "geometry": { "type": "Point", "coordinates": [ -3.692429, 40.4164911 ] } },
{ "type": "Feature", "properties": { "osm_id": "node/12512054288", "genus": "" }, "geometry": { "type": "Point", "coordinates": [ -3.6925325, 40.4166407 ] } },
{ "type": "Feature", "properties": { "osm_id": "node/12512054289", "genus": "" }, "geometry": { "type": "Point", "coordinates": [ -3.6926714, 40.4166642 ] } },
{ "type": "Feature", "properties": { "osm_id": "node/12512054290", "genus": "" }, "geometry": { "type": "Point", "coordinates": [ -3.692752, 40.4166986 ] } },
{ "type": "Feature", "properties": { "osm_id": "node/12512054291", "genus": "" }, "geometry": { "type": "Point", "coordinates": [ -3.6926555, 40.4167175 ] } },
{ "type": "Feature", "properties": { "osm_id": "node/12512054292", "genus": "" }, "geometry": { "type": "Point", "coordinates": [ -3.6929342, 40.4167303 ] } },
{ "type": "Feature", "properties": { "osm_id": "node/12512054293", "genus": "" }, "geometry": { "type": "Point", "coordinates": [ -3.6931218, 40.4166723 ] } },
{ "type": "Feature", "properties": { "osm_id": "node/12512054294", "genus": "" }, "geometry": { "type": "Point", "coordinates": [ -3.6931767, 40.4166373 ] } },
{ "type": "Feature", "properties": { "osm_id": "node/12512054295", "genus": "" }, "geometry": { "type": "Point", "coordinates": [ -3.6930271, 40.4167141 ] } },
{ "type": "Feature", "properties": { "osm_id": "node/12512054296", "genus": "" }, "geometry": { "type": "Point", "coordinates": [ -3.6932265, 40.4161684 ] } },
{ "type": "Feature", "properties": { "osm_id": "node/12512054297", "genus": "" }, "geometry": { "type": "Point", "coordinates": [ -3.6928107, 40.4160396 ] } },
{ "type": "Feature", "properties": { "osm_id": "node/12512054298", "genus": "" }, "geometry": { "type": "Point", "coordinates": [ -3.6926771, 40.4160706 ] } },
{ "type": "Feature", "properties": { "osm_id": "node/12512054299", "genus": "" }, "geometry": { "type": "Point", "coordinates": [ -3.6926054, 40.4161009 ] } },
{ "type": "Feature", "properties": { "osm_id": "node/12512054300", "genus": "" }, "geometry": { "type": "Point", "coordinates": [ -3.6924966, 40.4161777 ] } },
{ "type": "Feature", "properties": { "osm_id": "node/12512054301", "genus": "" }, "geometry": { "type": "Point", "coordinates": [ -3.6924577, 40.4162834 ] } },
{ "type": "Feature", "properties": { "osm_id": "node/12512054302", "genus": "" }, "geometry": { "type": "Point", "coordinates": [ -3.6930708, 40.4159911 ] } },
{ "type": "Feature", "properties": { "osm_id": "node/12512054303", "genus": "" }, "geometry": { "type": "Point", "coordinates": [ -3.6932133, 40.4159985 ] } },
{ "type": "Feature", "properties": { "osm_id": "node/12519035595", "genus": "" }, "geometry": { "type": "Point", "coordinates": [ -3.6850804, 40.4191442 ] } },
{ "type": "Feature", "properties": { "osm_id": "node/12519035596", "genus": "" }, "geometry": { "type": "Point", "coordinates": [ -3.6851596, 40.4191626 ] } },
{ "type": "Feature", "properties": { "osm_id": "node/12519035597", "genus": "" }, "geometry": { "type": "Point", "coordinates": [ -3.685236, 40.4191892 ] } },
{ "type": "Feature", "properties": { "osm_id": "node/12519035598", "genus": "" }, "geometry": { "type": "Point", "coordinates": [ -3.6853044, 40.4192259 ] } },
{ "type": "Feature", "properties": { "osm_id": "node/12519035599", "genus": "" }, "geometry": { "type": "Point", "coordinates": [ -3.6853648, 40.4192862 ] } },
{ "type": "Feature", "properties": { "osm_id": "node/12519035600", "genus": "" }, "geometry": { "type": "Point", "coordinates": [ -3.6849624, 40.4191381 ] } },
{ "type": "Feature", "properties": { "osm_id": "node/12519063501", "genus": "" }, "geometry": { "type": "Point", "coordinates": [ -3.6848551, 40.4191565 ] } },
{ "type": "Feature", "properties": { "osm_id": "node/12519063502", "genus": "" }, "geometry": { "type": "Point", "coordinates": [ -3.6847546, 40.4191922 ] } },
{ "type": "Feature", "properties": { "osm_id": "node/12519063503", "genus": "" }, "geometry": { "type": "Point", "coordinates": [ -3.6846698, 40.4192583 ] } },
{ "type": "Feature", "properties": { "osm_id": "node/12519063504", "genus": "" }, "geometry": { "type": "Point", "coordinates": [ -3.6854088, 40.4193663 ] } },
{ "type": "Feature", "properties": { "osm_id": "node/12519063505", "genus": "" }, "geometry": { "type": "Point", "coordinates": [ -3.6854247, 40.4194317 ] } },
{ "type": "Feature", "properties": { "osm_id": "node/12519063506", "genus": "" }, "geometry": { "type": "Point", "coordinates": [ -3.6854321, 40.419518 ] } },
{ "type": "Feature", "properties": { "osm_id": "node/12519063507", "genus": "" }, "geometry": { "type": "Point", "coordinates": [ -3.6854151, 40.4195777 ] } },
{ "type": "Feature", "properties": { "osm_id": "node/12519063508", "genus": "" }, "geometry": { "type": "Point", "coordinates": [ -3.6853749, 40.4196438 ] } },
{ "type": "Feature", "properties": { "osm_id": "node/12519063509", "genus": "" }, "geometry": { "type": "Point", "coordinates": [ -3.6853284, 40.4196848 ] } },
{ "type": "Feature", "properties": { "osm_id": "node/12519063510", "genus": "" }, "geometry": { "type": "Point", "coordinates": [ -3.6852395, 40.4197324 ] } },
{ "type": "Feature", "properties": { "osm_id": "node/12519063511", "genus": "" }, "geometry": { "type": "Point", "coordinates": [ -3.6851482, 40.4197667 ] } },
{ "type": "Feature", "properties": { "osm_id": "node/12519063512", "genus": "" }, "geometry": { "type": "Point", "coordinates": [ -3.6850404, 40.4197767 ] } },
{ "type": "Feature", "properties": { "osm_id": "node/12519063513", "genus": "" }, "geometry": { "type": "Point", "coordinates": [ -3.6849313, 40.4197697 ] } },
{ "type": "Feature", "properties": { "osm_id": "node/12519063514", "genus": "" }, "geometry": { "type": "Point", "coordinates": [ -3.6848288, 40.4197435 ] } },
{ "type": "Feature", "properties": { "osm_id": "node/12519063515", "genus": "" }, "geometry": { "type": "Point", "coordinates": [ -3.6847468, 40.4196914 ] } },
{ "type": "Feature", "properties": { "osm_id": "node/12519063516", "genus": "" }, "geometry": { "type": "Point", "coordinates": [ -3.6846716, 40.4196228 ] } },
{ "type": "Feature", "properties": { "osm_id": "node/12519063517", "genus": "" }, "geometry": { "type": "Point", "coordinates": [ -3.684624, 40.4193071 ] } },
{ "type": "Feature", "properties": { "osm_id": "node/12519063518", "genus": "" }, "geometry": { "type": "Point", "coordinates": [ -3.6846042, 40.4193338 ] } },
{ "type": "Feature", "properties": { "osm_id": "node/12519063519", "genus": "" }, "geometry": { "type": "Point", "coordinates": [ -3.684581, 40.4194083 ] } },
{ "type": "Feature", "properties": { "osm_id": "node/12519063520", "genus": "" }, "geometry": { "type": "Point", "coordinates": [ -3.6851621, 40.4192615 ] } },
{ "type": "Feature", "properties": { "osm_id": "node/12519063521", "genus": "" }, "geometry": { "type": "Point", "coordinates": [ -3.6852251, 40.4192993 ] } },
{ "type": "Feature", "properties": { "osm_id": "node/12519063522", "genus": "" }, "geometry": { "type": "Point", "coordinates": [ -3.6852747, 40.4193493 ] } },
{ "type": "Feature", "properties": { "osm_id": "node/12519063523", "genus": "" }, "geometry": { "type": "Point", "coordinates": [ -3.6853109, 40.4194412 ] } },
{ "type": "Feature", "properties": { "osm_id": "node/12519063524", "genus": "" }, "geometry": { "type": "Point", "coordinates": [ -3.6853069, 40.4194994 ] } },
{ "type": "Feature", "properties": { "osm_id": "node/12519063525", "genus": "" }, "geometry": { "type": "Point", "coordinates": [ -3.685264, 40.4195821 ] } },
{ "type": "Feature", "properties": { "osm_id": "node/12519063526", "genus": "" }, "geometry": { "type": "Point", "coordinates": [ -3.6852036, 40.4196383 ] } },
{ "type": "Feature", "properties": { "osm_id": "node/12519063527", "genus": "" }, "geometry": { "type": "Point", "coordinates": [ -3.6851245, 40.419671 ] } },
{ "type": "Feature", "properties": { "osm_id": "node/12519063528", "genus": "" }, "geometry": { "type": "Point", "coordinates": [ -3.6850239, 40.4196863 ] } },
{ "type": "Feature", "properties": { "osm_id": "node/12519063529", "genus": "" }, "geometry": { "type": "Point", "coordinates": [ -3.6849193, 40.4196801 ] } },
{ "type": "Feature", "properties": { "osm_id": "node/12519063530", "genus": "" }, "geometry": { "type": "Point", "coordinates": [ -3.6848322, 40.4196505 ] } },
{ "type": "Feature", "properties": { "osm_id": "node/12519063531", "genus": "" }, "geometry": { "type": "Point", "coordinates": [ -3.6850829, 40.4192309 ] } },
{ "type": "Feature", "properties": { "osm_id": "node/12519063532", "genus": "" }, "geometry": { "type": "Point", "coordinates": [ -3.6849931, 40.4192207 ] } },
{ "type": "Feature", "properties": { "osm_id": "node/12519063533", "genus": "" }, "geometry": { "type": "Point", "coordinates": [ -3.6848965, 40.419236 ] } },
{ "type": "Feature", "properties": { "osm_id": "node/12519063534", "genus": "" }, "geometry": { "type": "Point", "coordinates": [ -3.6848094, 40.4192646 ] } },
{ "type": "Feature", "properties": { "osm_id": "node/12519063535", "genus": "" }, "geometry": { "type": "Point", "coordinates": [ -3.6847571, 40.4193218 ] } },
{ "type": "Feature", "properties": { "osm_id": "node/12519063536", "genus": "" }, "geometry": { "type": "Point", "coordinates": [ -3.6847195, 40.4193871 ] } },
{ "type": "Feature", "properties": { "osm_id": "node/12519063537", "genus": "" }, "geometry": { "type": "Point", "coordinates": [ -3.6847021, 40.4194555 ] } },
{ "type": "Feature", "properties": { "osm_id": "node/12519063538", "genus": "" }, "geometry": { "type": "Point", "coordinates": [ -3.6847235, 40.4195362 ] } },
{ "type": "Feature", "properties": { "osm_id": "node/12519063539", "genus": "" }, "geometry": { "type": "Point", "coordinates": [ -3.6847839, 40.4196026 ] } },
{ "type": "Feature", "properties": { "osm_id": "node/12519063540", "genus": "" }, "geometry": { "type": "Point", "coordinates": [ -3.6850575, 40.4193085 ] } },
{ "type": "Feature", "properties": { "osm_id": "node/12519063541", "genus": "" }, "geometry": { "type": "Point", "coordinates": [ -3.6849569, 40.4193156 ] } },
{ "type": "Feature", "properties": { "osm_id": "node/12519063542", "genus": "" }, "geometry": { "type": "Point", "coordinates": [ -3.6848335, 40.419381 ] } },
{ "type": "Feature", "properties": { "osm_id": "node/12519063543", "genus": "" }, "geometry": { "type": "Point", "coordinates": [ -3.6848094, 40.4194535 ] } },
{ "type": "Feature", "properties": { "osm_id": "node/12519063544", "genus": "" }, "geometry": { "type": "Point", "coordinates": [ -3.6851151, 40.419335 ] } },
{ "type": "Feature", "properties": { "osm_id": "node/12519063545", "genus": "" }, "geometry": { "type": "Point", "coordinates": [ -3.6851782, 40.4193779 ] } },
{ "type": "Feature", "properties": { "osm_id": "node/12519063546", "genus": "" }, "geometry": { "type": "Point", "coordinates": [ -3.685205, 40.419477 ] } },
{ "type": "Feature", "properties": { "osm_id": "node/12519063547", "genus": "" }, "geometry": { "type": "Point", "coordinates": [ -3.6851218, 40.4195852 ] } },
{ "type": "Feature", "properties": { "osm_id": "node/12519063548", "genus": "" }, "geometry": { "type": "Point", "coordinates": [ -3.685036, 40.4196117 ] } },
{ "type": "Feature", "properties": { "osm_id": "node/12519063549", "genus": "" }, "geometry": { "type": "Point", "coordinates": [ -3.6848845, 40.4195964 ] } },
{ "type": "Feature", "properties": { "osm_id": "node/12519063553", "genus": "" }, "geometry": { "type": "Point", "coordinates": [ -3.6869571, 40.4183307 ] } },
{ "type": "Feature", "properties": { "osm_id": "node/12519063554", "genus": "" }, "geometry": { "type": "Point", "coordinates": [ -3.6868934, 40.4183425 ] } },
{ "type": "Feature", "properties": { "osm_id": "node/12519063555", "genus": "" }, "geometry": { "type": "Point", "coordinates": [ -3.6868382, 40.4183553 ] } },
{ "type": "Feature", "properties": { "osm_id": "node/12519063556", "genus": "" }, "geometry": { "type": "Point", "coordinates": [ -3.686772, 40.4183687 ] } },
{ "type": "Feature", "properties": { "osm_id": "node/12519063557", "genus": "" }, "geometry": { "type": "Point", "coordinates": [ -3.6867235, 40.4183789 ] } },
{ "type": "Feature", "properties": { "osm_id": "node/12519063558", "genus": "" }, "geometry": { "type": "Point", "coordinates": [ -3.6866456, 40.4183993 ] } },
{ "type": "Feature", "properties": { "osm_id": "node/12519063559", "genus": "" }, "geometry": { "type": "Point", "coordinates": [ -3.6865829, 40.4184139 ] } },
{ "type": "Feature", "properties": { "osm_id": "node/12519063560", "genus": "" }, "geometry": { "type": "Point", "coordinates": [ -3.6865159, 40.4184298 ] } },
{ "type": "Feature", "properties": { "osm_id": "node/12519063561", "genus": "" }, "geometry": { "type": "Point", "coordinates": [ -3.6864581, 40.4184426 ] } },
{ "type": "Feature", "properties": { "osm_id": "node/12519063562", "genus": "" }, "geometry": { "type": "Point", "coordinates": [ -3.6863878, 40.4184592 ] } },
{ "type": "Feature", "properties": { "osm_id": "node/12519063563", "genus": "" }, "geometry": { "type": "Point", "coordinates": [ -3.6863317, 40.4184687 ] } },
{ "type": "Feature", "properties": { "osm_id": "node/12519063564", "genus": "" }, "geometry": { "type": "Point", "coordinates": [ -3.686269, 40.4184866 ] } },
{ "type": "Feature", "properties": { "osm_id": "node/12519063565", "genus": "" }, "geometry": { "type": "Point", "coordinates": [ -3.6862045, 40.4184987 ] } },
{ "type": "Feature", "properties": { "osm_id": "node/12519063566", "genus": "" }, "geometry": { "type": "Point", "coordinates": [ -3.6861468, 40.4185114 ] } },
{ "type": "Feature", "properties": { "osm_id": "node/12519063567", "genus": "" }, "geometry": { "type": "Point", "coordinates": [ -3.6860664, 40.4185254 ] } },
{ "type": "Feature", "properties": { "osm_id": "node/12519063568", "genus": "" }, "geometry": { "type": "Point", "coordinates": [ -3.6859978, 40.418542 ] } },
{ "type": "Feature", "properties": { "osm_id": "node/12519063569", "genus": "" }, "geometry": { "type": "Point", "coordinates": [ -3.6858638, 40.4185681 ] } },
{ "type": "Feature", "properties": { "osm_id": "node/12519063570", "genus": "" }, "geometry": { "type": "Point", "coordinates": [ -3.686613, 40.4185127 ] } },
{ "type": "Feature", "properties": { "osm_id": "node/12519063571", "genus": "" }, "geometry": { "type": "Point", "coordinates": [ -3.6866641, 40.418542 ] } },
{ "type": "Feature", "properties": { "osm_id": "node/12519063572", "genus": "" }, "geometry": { "type": "Point", "coordinates": [ -3.6866138, 40.4185592 ] } },
{ "type": "Feature", "properties": { "osm_id": "node/12519063573", "genus": "" }, "geometry": { "type": "Point", "coordinates": [ -3.6865511, 40.4185458 ] } },
{ "type": "Feature", "properties": { "osm_id": "node/12519063574", "genus": "" }, "geometry": { "type": "Point", "coordinates": [ -3.6865711, 40.4185885 ] } },
{ "type": "Feature", "properties": { "osm_id": "node/12519063575", "genus": "" }, "geometry": { "type": "Point", "coordinates": [ -3.68651, 40.4185904 ] } },
{ "type": "Feature", "properties": { "osm_id": "node/12519063576", "genus": "" }, "geometry": { "type": "Point", "coordinates": [ -3.6865393, 40.4186274 ] } },
{ "type": "Feature", "properties": { "osm_id": "node/12519063577", "genus": "" }, "geometry": { "type": "Point", "coordinates": [ -3.6864816, 40.4186376 ] } },
{ "type": "Feature", "properties": { "osm_id": "node/12519063578", "genus": "" }, "geometry": { "type": "Point", "coordinates": [ -3.6865151, 40.4186739 ] } },
{ "type": "Feature", "properties": { "osm_id": "node/12519063579", "genus": "" }, "geometry": { "type": "Point", "coordinates": [ -3.6866883, 40.4185031 ] } },
{ "type": "Feature", "properties": { "osm_id": "node/12519063580", "genus": "" }, "geometry": { "type": "Point", "coordinates": [ -3.6867168, 40.4185344 ] } },
{ "type": "Feature", "properties": { "osm_id": "node/12519063581", "genus": "" }, "geometry": { "type": "Point", "coordinates": [ -3.6867612, 40.4184974 ] } },
{ "type": "Feature", "properties": { "osm_id": "node/12519063582", "genus": "" }, "geometry": { "type": "Point", "coordinates": [ -3.6867787, 40.4185433 ] } },
{ "type": "Feature", "properties": { "osm_id": "node/12519063583", "genus": "" }, "geometry": { "type": "Point", "coordinates": [ -3.6868239, 40.4185197 ] } },
{ "type": "Feature", "properties": { "osm_id": "node/12519063584", "genus": "" }, "geometry": { "type": "Point", "coordinates": [ -3.6868298, 40.4185669 ] } },
{ "type": "Feature", "properties": { "osm_id": "node/12519063585", "genus": "" }, "geometry": { "type": "Point", "coordinates": [ -3.6868825, 40.4185567 ] } },
{ "type": "Feature", "properties": { "osm_id": "node/12519063586", "genus": "" }, "geometry": { "type": "Point", "coordinates": [ -3.6868691, 40.4186032 ] } },
{ "type": "Feature", "properties": { "osm_id": "node/12519063587", "genus": "" }, "geometry": { "type": "Point", "coordinates": [ -3.6869319, 40.4186051 ] } },
{ "type": "Feature", "properties": { "osm_id": "node/12519063588", "genus": "" }, "geometry": { "type": "Point", "coordinates": [ -3.6868892, 40.4186414 ] } },
{ "type": "Feature", "properties": { "osm_id": "node/12519063589", "genus": "" }, "geometry": { "type": "Point", "coordinates": [ -3.6869311, 40.4186593 ] } },
{ "type": "Feature", "properties": { "osm_id": "node/12519063590", "genus": "" }, "geometry": { "type": "Point", "coordinates": [ -3.686901, 40.4186886 ] } },
{ "type": "Feature", "properties": { "osm_id": "node/12519063591", "genus": "" }, "geometry": { "type": "Point", "coordinates": [ -3.6869361, 40.4187102 ] } },
{ "type": "Feature", "properties": { "osm_id": "node/12519063592", "genus": "" }, "geometry": { "type": "Point", "coordinates": [ -3.6868892, 40.4187255 ] } },
{ "type": "Feature", "properties": { "osm_id": "node/12519063593", "genus": "" }, "geometry": { "type": "Point", "coordinates": [ -3.6868641, 40.4187676 ] } },
{ "type": "Feature", "properties": { "osm_id": "node/12519063594", "genus": "" }, "geometry": { "type": "Point", "coordinates": [ -3.6869143, 40.4187574 ] } },
{ "type": "Feature", "properties": { "osm_id": "node/12526258131", "genus": "" }, "geometry": { "type": "Point", "coordinates": [ -3.6953368, 40.4102591 ] } },
{ "type": "Feature", "properties": { "osm_id": "node/12526258132", "genus": "" }, "geometry": { "type": "Point", "coordinates": [ -3.695352, 40.4102362 ] } },
{ "type": "Feature", "properties": { "osm_id": "node/12526258134", "genus": "" }, "geometry": { "type": "Point", "coordinates": [ -3.6953742, 40.4102071 ] } },
{ "type": "Feature", "properties": { "osm_id": "node/12526258135", "genus": "" }, "geometry": { "type": "Point", "coordinates": [ -3.6954231, 40.4101402 ] } },
{ "type": "Feature", "properties": { "osm_id": "node/12526258142", "genus": "" }, "geometry": { "type": "Point", "coordinates": [ -3.6955609, 40.4099493 ] } },
{ "type": "Feature", "properties": { "osm_id": "node/12526258144", "genus": "" }, "geometry": { "type": "Point", "coordinates": [ -3.6956052, 40.4098888 ] } },
{ "type": "Feature", "properties": { "osm_id": "node/12526258145", "genus": "" }, "geometry": { "type": "Point", "coordinates": [ -3.6956625, 40.4098078 ] } },
{ "type": "Feature", "properties": { "osm_id": "node/12526258150", "genus": "" }, "geometry": { "type": "Point", "coordinates": [ -3.6957613, 40.4096699 ] } },
{ "type": "Feature", "properties": { "osm_id": "node/12526258151", "genus": "" }, "geometry": { "type": "Point", "coordinates": [ -3.6957969, 40.409619 ] } },
{ "type": "Feature", "properties": { "osm_id": "node/12556198295", "genus": "" }, "geometry": { "type": "Point", "coordinates": [ -3.6952322, 40.4168488 ] } },
{ "type": "Feature", "properties": { "osm_id": "node/12556198297", "genus": "" }, "geometry": { "type": "Point", "coordinates": [ -3.695113, 40.4155812 ] } },
{ "type": "Feature", "properties": { "osm_id": "node/12556198298", "genus": "" }, "geometry": { "type": "Point", "coordinates": [ -3.6950986, 40.4156261 ] } },
{ "type": "Feature", "properties": { "osm_id": "node/12556258404", "genus": "" }, "geometry": { "type": "Point", "coordinates": [ -3.6945616, 40.4167381 ] } },
{ "type": "Feature", "properties": { "osm_id": "node/12556258405", "genus": "" }, "geometry": { "type": "Point", "coordinates": [ -3.6946258, 40.4167475 ] } },
{ "type": "Feature", "properties": { "osm_id": "node/12556258406", "genus": "" }, "geometry": { "type": "Point", "coordinates": [ -3.6946848, 40.4167589 ] } },
{ "type": "Feature", "properties": { "osm_id": "node/12556258409", "genus": "" }, "geometry": { "type": "Point", "coordinates": [ -3.6947452, 40.4167677 ] } },
{ "type": "Feature", "properties": { "osm_id": "node/12556258410", "genus": "" }, "geometry": { "type": "Point", "coordinates": [ -3.6948243, 40.4167786 ] } },
{ "type": "Feature", "properties": { "osm_id": "node/12556258411", "genus": "" }, "geometry": { "type": "Point", "coordinates": [ -3.6949672, 40.4168035 ] } },
{ "type": "Feature", "properties": { "osm_id": "node/12556258415", "genus": "" }, "geometry": { "type": "Point", "coordinates": [ -3.6951408, 40.416833 ] } },
{ "type": "Feature", "properties": { "osm_id": "node/12556258417", "genus": "" }, "geometry": { "type": "Point", "coordinates": [ -3.6952024, 40.4156537 ] } },
{ "type": "Feature", "properties": { "osm_id": "node/12556258420", "genus": "" }, "geometry": { "type": "Point", "coordinates": [ -3.6953088, 40.4168606 ] } },
{ "type": "Feature", "properties": { "osm_id": "node/12556258421", "genus": "" }, "geometry": { "type": "Point", "coordinates": [ -3.6954002, 40.4168744 ] } },
{ "type": "Feature", "properties": { "osm_id": "node/12556258431", "genus": "" }, "geometry": { "type": "Point", "coordinates": [ -3.6958983, 40.4158325 ] } },
{ "type": "Feature", "properties": { "osm_id": "node/12556258432", "genus": "" }, "geometry": { "type": "Point", "coordinates": [ -3.6958549, 40.4158172 ] } },
{ "type": "Feature", "properties": { "osm_id": "node/12556258434", "genus": "" }, "geometry": { "type": "Point", "coordinates": [ -3.6957931, 40.4158025 ] } },
{ "type": "Feature", "properties": { "osm_id": "node/12556258435", "genus": "" }, "geometry": { "type": "Point", "coordinates": [ -3.695766, 40.4157969 ] } },
{ "type": "Feature", "properties": { "osm_id": "node/12556258436", "genus": "" }, "geometry": { "type": "Point", "coordinates": [ -3.6957433, 40.4157913 ] } },
{ "type": "Feature", "properties": { "osm_id": "node/12556258440", "genus": "" }, "geometry": { "type": "Point", "coordinates": [ -3.695679, 40.415777 ] } },
{ "type": "Feature", "properties": { "osm_id": "node/12556258441", "genus": "" }, "geometry": { "type": "Point", "coordinates": [ -3.6956123, 40.4157599 ] } },
{ "type": "Feature", "properties": { "osm_id": "node/12556258443", "genus": "" }, "geometry": { "type": "Point", "coordinates": [ -3.6955351, 40.4157436 ] } },
{ "type": "Feature", "properties": { "osm_id": "node/12556258444", "genus": "" }, "geometry": { "type": "Point", "coordinates": [ -3.6954618, 40.4157234 ] } },
{ "type": "Feature", "properties": { "osm_id": "node/12556258447", "genus": "" }, "geometry": { "type": "Point", "coordinates": [ -3.695384, 40.4157036 ] } },
{ "type": "Feature", "properties": { "osm_id": "node/12556258448", "genus": "" }, "geometry": { "type": "Point", "coordinates": [ -3.6953165, 40.4156834 ] } },
{ "type": "Feature", "properties": { "osm_id": "node/12556258449", "genus": "" }, "geometry": { "type": "Point", "coordinates": [ -3.6952575, 40.4156674 ] } },
{ "type": "Feature", "properties": { "osm_id": "node/12556258450", "genus": "" }, "geometry": { "type": "Point", "coordinates": [ -3.6957144, 40.4157838 ] } },
{ "type": "Feature", "properties": { "osm_id": "node/12598079939", "genus": "" }, "geometry": { "type": "Point", "coordinates": [ -3.6950126, 40.408937 ] } },
{ "type": "Feature", "properties": { "osm_id": "node/12598079953", "genus": "" }, "geometry": { "type": "Point", "coordinates": [ -3.6950769, 40.4089688 ] } },
{ "type": "Feature", "properties": { "osm_id": "node/12598079964", "genus": "" }, "geometry": { "type": "Point", "coordinates": [ -3.6959369, 40.4083899 ] } },
{ "type": "Feature", "properties": { "osm_id": "node/12598079966", "genus": "" }, "geometry": { "type": "Point", "coordinates": [ -3.6958599, 40.408482 ] } },
{ "type": "Feature", "properties": { "osm_id": "node/12598079967", "genus": "" }, "geometry": { "type": "Point", "coordinates": [ -3.6957693, 40.4085985 ] } },
{ "type": "Feature", "properties": { "osm_id": "node/12598079968", "genus": "" }, "geometry": { "type": "Point", "coordinates": [ -3.6956967, 40.4086835 ] } },
{ "type": "Feature", "properties": { "osm_id": "node/12598079969", "genus": "" }, "geometry": { "type": "Point", "coordinates": [ -3.6951455, 40.4090035 ] } },
{ "type": "Feature", "properties": { "osm_id": "node/12598079971", "genus": "" }, "geometry": { "type": "Point", "coordinates": [ -3.6955882, 40.4088137 ] } },
{ "type": "Feature", "properties": { "osm_id": "node/12598079972", "genus": "" }, "geometry": { "type": "Point", "coordinates": [ -3.6955246, 40.4088935 ] } },
{ "type": "Feature", "properties": { "osm_id": "node/12598079979", "genus": "" }, "geometry": { "type": "Point", "coordinates": [ -3.6952666, 40.4090623 ] } },
{ "type": "Feature", "properties": { "osm_id": "node/12598079980", "genus": "" }, "geometry": { "type": "Point", "coordinates": [ -3.695212, 40.4090382 ] } },
{ "type": "Feature", "properties": { "osm_id": "node/12623003465", "genus": "" }, "geometry": { "type": "Point", "coordinates": [ -3.6944476, 40.4192935 ] } },
{ "type": "Feature", "properties": { "osm_id": "node/12623003466", "genus": "" }, "geometry": { "type": "Point", "coordinates": [ -3.6945314, 40.4192553 ] } },
{ "type": "Feature", "properties": { "osm_id": "node/12623003467", "genus": "" }, "geometry": { "type": "Point", "coordinates": [ -3.6946219, 40.4192382 ] } },
{ "type": "Feature", "properties": { "osm_id": "node/12623003469", "genus": "" }, "geometry": { "type": "Point", "coordinates": [ -3.6946938, 40.4192502 ] } },
{ "type": "Feature", "properties": { "osm_id": "node/12623003471", "genus": "" }, "geometry": { "type": "Point", "coordinates": [ -3.6948965, 40.4191853 ] } },
{ "type": "Feature", "properties": { "osm_id": "node/12623003473", "genus": "" }, "geometry": { "type": "Point", "coordinates": [ -3.6949743, 40.419163 ] } },
{ "type": "Feature", "properties": { "osm_id": "node/12623003475", "genus": "" }, "geometry": { "type": "Point", "coordinates": [ -3.6950835, 40.4191454 ] } },
{ "type": "Feature", "properties": { "osm_id": "node/12623003476", "genus": "" }, "geometry": { "type": "Point", "coordinates": [ -3.695186, 40.4191243 ] } },
{ "type": "Feature", "properties": { "osm_id": "node/12623003482", "genus": "" }, "geometry": { "type": "Point", "coordinates": [ -3.695614, 40.4192103 ] } },
{ "type": "Feature", "properties": { "osm_id": "node/12623003484", "genus": "" }, "geometry": { "type": "Point", "coordinates": [ -3.6956162, 40.4192422 ] } },
{ "type": "Feature", "properties": { "osm_id": "node/12623003486", "genus": "" }, "geometry": { "type": "Point", "coordinates": [ -3.6956214, 40.4192673 ] } },
{ "type": "Feature", "properties": { "osm_id": "node/12623003489", "genus": "" }, "geometry": { "type": "Point", "coordinates": [ -3.6956267, 40.4193487 ] } },
{ "type": "Feature", "properties": { "osm_id": "node/12623003491", "genus": "" }, "geometry": { "type": "Point", "coordinates": [ -3.6956327, 40.4194102 ] } },
{ "type": "Feature", "properties": { "osm_id": "node/12623003493", "genus": "" }, "geometry": { "type": "Point", "coordinates": [ -3.6956416, 40.4194786 ] } },
{ "type": "Feature", "properties": { "osm_id": "node/12623003495", "genus": "" }, "geometry": { "type": "Point", "coordinates": [ -3.6956454, 40.4195316 ] } },
{ "type": "Feature", "properties": { "osm_id": "node/12623003497", "genus": "" }, "geometry": { "type": "Point", "coordinates": [ -3.6956506, 40.4196016 ] } },
{ "type": "Feature", "properties": { "osm_id": "node/12623003499", "genus": "" }, "geometry": { "type": "Point", "coordinates": [ -3.6956559, 40.419691 ] } },
{ "type": "Feature", "properties": { "osm_id": "node/12623008701", "genus": "" }, "geometry": { "type": "Point", "coordinates": [ -3.6956708, 40.4198232 ] } },
{ "type": "Feature", "properties": { "osm_id": "node/12623008702", "genus": "" }, "geometry": { "type": "Point", "coordinates": [ -3.6956252, 40.4193071 ] } },
{ "type": "Feature", "properties": { "osm_id": "node/12698474852", "genus": "" }, "geometry": { "type": "Point", "coordinates": [ -3.6956875, 40.4204959 ] } },
{ "type": "Feature", "properties": { "osm_id": "node/12698474855", "genus": "" }, "geometry": { "type": "Point", "coordinates": [ -3.6956914, 40.4205824 ] } },
{ "type": "Feature", "properties": { "osm_id": "node/12698474857", "genus": "" }, "geometry": { "type": "Point", "coordinates": [ -3.6956936, 40.4206242 ] } },
{ "type": "Feature", "properties": { "osm_id": "node/12698474858", "genus": "" }, "geometry": { "type": "Point", "coordinates": [ -3.6956921, 40.4206557 ] } },
{ "type": "Feature", "properties": { "osm_id": "node/12698474861", "genus": "" }, "geometry": { "type": "Point", "coordinates": [ -3.6956926, 40.4207137 ] } },
{ "type": "Feature", "properties": { "osm_id": "node/12698474862", "genus": "" }, "geometry": { "type": "Point", "coordinates": [ -3.6956936, 40.4207704 ] } },
{ "type": "Feature", "properties": { "osm_id": "node/12698474867", "genus": "" }, "geometry": { "type": "Point", "coordinates": [ -3.6956959, 40.4208243 ] } },
{ "type": "Feature", "properties": { "osm_id": "node/12698474869", "genus": "" }, "geometry": { "type": "Point", "coordinates": [ -3.6956955, 40.4208658 ] } },
{ "type": "Feature", "properties": { "osm_id": "node/12707221647", "genus": "" }, "geometry": { "type": "Point", "coordinates": [ -3.6957179, 40.4070256 ] } },
{ "type": "Feature", "properties": { "osm_id": "node/12794466802", "genus": "" }, "geometry": { "type": "Point", "coordinates": [ -3.6955624, 40.4129989 ] } },
{ "type": "Feature", "properties": { "osm_id": "node/12794466805", "genus": "" }, "geometry": { "type": "Point", "coordinates": [ -3.6954739, 40.4129649 ] } },
{ "type": "Feature", "properties": { "osm_id": "node/12794466806", "genus": "" }, "geometry": { "type": "Point", "coordinates": [ -3.6954637, 40.4129876 ] } },
{ "type": "Feature", "properties": { "osm_id": "node/12794466809", "genus": "" }, "geometry": { "type": "Point", "coordinates": [ -3.6955012, 40.4130697 ] } },
{ "type": "Feature", "properties": { "osm_id": "node/12794466810", "genus": "" }, "geometry": { "type": "Point", "coordinates": [ -3.6955353, 40.4131487 ] } },
{ "type": "Feature", "properties": { "osm_id": "node/12794466840", "genus": "" }, "geometry": { "type": "Point", "coordinates": [ -3.6955173, 40.4131948 ] } },
{ "type": "Feature", "properties": { "osm_id": "node/12794466842", "genus": "" }, "geometry": { "type": "Point", "coordinates": [ -3.6939213, 40.4127051 ] } },
{ "type": "Feature", "properties": { "osm_id": "node/12794466845", "genus": "" }, "geometry": { "type": "Point", "coordinates": [ -3.6939927, 40.4127159 ] } },
{ "type": "Feature", "properties": { "osm_id": "node/12794466849", "genus": "" }, "geometry": { "type": "Point", "coordinates": [ -3.6940762, 40.4127281 ] } },
{ "type": "Feature", "properties": { "osm_id": "node/12794466851", "genus": "" }, "geometry": { "type": "Point", "coordinates": [ -3.6941403, 40.4127346 ] } },
{ "type": "Feature", "properties": { "osm_id": "node/12794466853", "genus": "" }, "geometry": { "type": "Point", "coordinates": [ -3.6941508, 40.412703 ] } },
{ "type": "Feature", "properties": { "osm_id": "node/12794466854", "genus": "" }, "geometry": { "type": "Point", "coordinates": [ -3.694202, 40.4127085 ] } },
{ "type": "Feature", "properties": { "osm_id": "node/12794466858", "genus": "" }, "geometry": { "type": "Point", "coordinates": [ -3.6942319, 40.4128487 ] } },
{ "type": "Feature", "properties": { "osm_id": "node/12794466859", "genus": "" }, "geometry": { "type": "Point", "coordinates": [ -3.694289, 40.412861 ] } },
{ "type": "Feature", "properties": { "osm_id": "node/12794466860", "genus": "" }, "geometry": { "type": "Point", "coordinates": [ -3.6943105, 40.4128029 ] } },
{ "type": "Feature", "properties": { "osm_id": "node/12794466861", "genus": "" }, "geometry": { "type": "Point", "coordinates": [ -3.6943216, 40.4127552 ] } },
{ "type": "Feature", "properties": { "osm_id": "node/12794466865", "genus": "" }, "geometry": { "type": "Point", "coordinates": [ -3.6944111, 40.4127771 ] } },
{ "type": "Feature", "properties": { "osm_id": "node/12794466866", "genus": "" }, "geometry": { "type": "Point", "coordinates": [ -3.6944, 40.4128181 ] } },
{ "type": "Feature", "properties": { "osm_id": "node/12794466868", "genus": "" }, "geometry": { "type": "Point", "coordinates": [ -3.6944548, 40.4128309 ] } },
{ "type": "Feature", "properties": { "osm_id": "node/12794466870", "genus": "" }, "geometry": { "type": "Point", "coordinates": [ -3.6946171, 40.4128599 ] } },
{ "type": "Feature", "properties": { "osm_id": "node/12794466871", "genus": "" }, "geometry": { "type": "Point", "coordinates": [ -3.6945451, 40.4129024 ] } },
{ "type": "Feature", "properties": { "osm_id": "node/12794466873", "genus": "" }, "geometry": { "type": "Point", "coordinates": [ -3.6946352, 40.4129286 ] } },
{ "type": "Feature", "properties": { "osm_id": "node/12794466875", "genus": "" }, "geometry": { "type": "Point", "coordinates": [ -3.6946589, 40.4128202 ] } },
{ "type": "Feature", "properties": { "osm_id": "node/12794466876", "genus": "" }, "geometry": { "type": "Point", "coordinates": [ -3.6947415, 40.4128868 ] } },
{ "type": "Feature", "properties": { "osm_id": "node/12794466877", "genus": "" }, "geometry": { "type": "Point", "coordinates": [ -3.6948313, 40.4129009 ] } },
{ "type": "Feature", "properties": { "osm_id": "node/12794466878", "genus": "" }, "geometry": { "type": "Point", "coordinates": [ -3.6948969, 40.4129137 ] } },
{ "type": "Feature", "properties": { "osm_id": "node/12794466880", "genus": "" }, "geometry": { "type": "Point", "coordinates": [ -3.6949738, 40.4129266 ] } },
{ "type": "Feature", "properties": { "osm_id": "node/12794466881", "genus": "" }, "geometry": { "type": "Point", "coordinates": [ -3.6949979, 40.412884 ] } },
{ "type": "Feature", "properties": { "osm_id": "node/12794466882", "genus": "" }, "geometry": { "type": "Point", "coordinates": [ -3.6954346, 40.413102 ] } },
{ "type": "Feature", "properties": { "osm_id": "node/12794466883", "genus": "" }, "geometry": { "type": "Point", "coordinates": [ -3.6950497, 40.4129394 ] } },
{ "type": "Feature", "properties": { "osm_id": "node/12794466884", "genus": "" }, "geometry": { "type": "Point", "coordinates": [ -3.6950595, 40.4128934 ] } },
{ "type": "Feature", "properties": { "osm_id": "node/12794466887", "genus": "" }, "geometry": { "type": "Point", "coordinates": [ -3.695044, 40.4129905 ] } },
{ "type": "Feature", "properties": { "osm_id": "node/12794466888", "genus": "" }, "geometry": { "type": "Point", "coordinates": [ -3.6951095, 40.4130046 ] } },
{ "type": "Feature", "properties": { "osm_id": "node/12794466892", "genus": "" }, "geometry": { "type": "Point", "coordinates": [ -3.6952375, 40.4129624 ] } },
{ "type": "Feature", "properties": { "osm_id": "node/12794466893", "genus": "" }, "geometry": { "type": "Point", "coordinates": [ -3.6952318, 40.4129263 ] } },
{ "type": "Feature", "properties": { "osm_id": "node/12794466895", "genus": "" }, "geometry": { "type": "Point", "coordinates": [ -3.695262, 40.4130434 ] } },
{ "type": "Feature", "properties": { "osm_id": "node/12794466896", "genus": "" }, "geometry": { "type": "Point", "coordinates": [ -3.6952227, 40.4130982 ] } },
{ "type": "Feature", "properties": { "osm_id": "node/12794466898", "genus": "" }, "geometry": { "type": "Point", "coordinates": [ -3.6953299, 40.412945 ] } },
{ "type": "Feature", "properties": { "osm_id": "node/12794466899", "genus": "" }, "geometry": { "type": "Point", "coordinates": [ -3.6953798, 40.4129784 ] } },
{ "type": "Feature", "properties": { "osm_id": "node/12794466905", "genus": "" }, "geometry": { "type": "Point", "coordinates": [ -3.6954003, 40.4132135 ] } },
{ "type": "Feature", "properties": { "osm_id": "node/12794466906", "genus": "" }, "geometry": { "type": "Point", "coordinates": [ -3.6954158, 40.4131873 ] } },
{ "type": "Feature", "properties": { "osm_id": "node/12822763808", "genus": "" }, "geometry": { "type": "Point", "coordinates": [ -3.689008, 40.4075921 ] } },
{ "type": "Feature", "properties": { "osm_id": "node/12879462400", "genus": "" }, "geometry": { "type": "Point", "coordinates": [ -3.6872907, 40.4120168 ] } },
{ "type": "Feature", "properties": { "osm_id": "node/12879510201", "genus": "" }, "geometry": { "type": "Point", "coordinates": [ -3.6872497, 40.4119423 ] } },
{ "type": "Feature", "properties": { "osm_id": "node/12879510202", "genus": "" }, "geometry": { "type": "Point", "coordinates": [ -3.6874234, 40.4120475 ] } },
{ "type": "Feature", "properties": { "osm_id": "node/12879510203", "genus": "" }, "geometry": { "type": "Point", "coordinates": [ -3.6874135, 40.4120067 ] } },
{ "type": "Feature", "properties": { "osm_id": "node/12879510204", "genus": "" }, "geometry": { "type": "Point", "coordinates": [ -3.6873983, 40.4119915 ] } },
{ "type": "Feature", "properties": { "osm_id": "node/12879510205", "genus": "" }, "geometry": { "type": "Point", "coordinates": [ -3.6873613, 40.4119652 ] } },
{ "type": "Feature", "properties": { "osm_id": "node/12879510206", "genus": "" }, "geometry": { "type": "Point", "coordinates": [ -3.6873962, 40.4119666 ] } },
{ "type": "Feature", "properties": { "osm_id": "node/12879510207", "genus": "" }, "geometry": { "type": "Point", "coordinates": [ -3.6873942, 40.4119343 ] } },
{ "type": "Feature", "properties": { "osm_id": "node/12879510208", "genus": "" }, "geometry": { "type": "Point", "coordinates": [ -3.6873661, 40.4119312 ] } },
{ "type": "Feature", "properties": { "osm_id": "node/12879510209", "genus": "" }, "geometry": { "type": "Point", "coordinates": [ -3.6873668, 40.4118802 ] } },
{ "type": "Feature", "properties": { "osm_id": "node/12879510210", "genus": "" }, "geometry": { "type": "Point", "coordinates": [ -3.687331, 40.4119041 ] } },
{ "type": "Feature", "properties": { "osm_id": "node/12879510211", "genus": "" }, "geometry": { "type": "Point", "coordinates": [ -3.6873295, 40.4118926 ] } },
{ "type": "Feature", "properties": { "osm_id": "node/12879510212", "genus": "" }, "geometry": { "type": "Point", "coordinates": [ -3.6873198, 40.411874 ] } },
{ "type": "Feature", "properties": { "osm_id": "node/12879510213", "genus": "" }, "geometry": { "type": "Point", "coordinates": [ -3.6873438, 40.4118541 ] } },
{ "type": "Feature", "properties": { "osm_id": "node/12879510214", "genus": "" }, "geometry": { "type": "Point", "coordinates": [ -3.6873041, 40.4118907 ] } },
{ "type": "Feature", "properties": { "osm_id": "node/12879510215", "genus": "" }, "geometry": { "type": "Point", "coordinates": [ -3.6872899, 40.4118243 ] } },
{ "type": "Feature", "properties": { "osm_id": "node/12879510216", "genus": "" }, "geometry": { "type": "Point", "coordinates": [ -3.6873612, 40.4118967 ] } },
{ "type": "Feature", "properties": { "osm_id": "node/12879510217", "genus": "" }, "geometry": { "type": "Point", "coordinates": [ -3.6873856, 40.4119141 ] } },
{ "type": "Feature", "properties": { "osm_id": "node/12879510218", "genus": "" }, "geometry": { "type": "Point", "coordinates": [ -3.6873649, 40.411998 ] } },
{ "type": "Feature", "properties": { "osm_id": "node/12879510219", "genus": "" }, "geometry": { "type": "Point", "coordinates": [ -3.6873811, 40.4119559 ] } },
{ "type": "Feature", "properties": { "osm_id": "node/12879510220", "genus": "" }, "geometry": { "type": "Point", "coordinates": [ -3.6873829, 40.4119801 ] } },
{ "type": "Feature", "properties": { "osm_id": "node/12879510221", "genus": "" }, "geometry": { "type": "Point", "coordinates": [ -3.6872215, 40.4123279 ] } },
{ "type": "Feature", "properties": { "osm_id": "node/12879510222", "genus": "" }, "geometry": { "type": "Point", "coordinates": [ -3.6872477, 40.4123243 ] } },
{ "type": "Feature", "properties": { "osm_id": "node/12879510223", "genus": "" }, "geometry": { "type": "Point", "coordinates": [ -3.6872634, 40.4123212 ] } },
{ "type": "Feature", "properties": { "osm_id": "node/12879510224", "genus": "" }, "geometry": { "type": "Point", "coordinates": [ -3.6872074, 40.4123041 ] } },
{ "type": "Feature", "properties": { "osm_id": "node/12879510225", "genus": "" }, "geometry": { "type": "Point", "coordinates": [ -3.6872242, 40.4122935 ] } },
{ "type": "Feature", "properties": { "osm_id": "node/12879510226", "genus": "" }, "geometry": { "type": "Point", "coordinates": [ -3.6872718, 40.4122886 ] } },
{ "type": "Feature", "properties": { "osm_id": "node/12879510227", "genus": "" }, "geometry": { "type": "Point", "coordinates": [ -3.6872597, 40.4122728 ] } },
{ "type": "Feature", "properties": { "osm_id": "node/12879510228", "genus": "" }, "geometry": { "type": "Point", "coordinates": [ -3.687252, 40.4122458 ] } },
{ "type": "Feature", "properties": { "osm_id": "node/12879510229", "genus": "" }, "geometry": { "type": "Point", "coordinates": [ -3.6872599, 40.4122361 ] } },
{ "type": "Feature", "properties": { "osm_id": "node/12879510230", "genus": "" }, "geometry": { "type": "Point", "coordinates": [ -3.6872676, 40.4122253 ] } },
{ "type": "Feature", "properties": { "osm_id": "node/12879510231", "genus": "" }, "geometry": { "type": "Point", "coordinates": [ -3.6872717, 40.4122161 ] } },
{ "type": "Feature", "properties": { "osm_id": "node/12879510232", "genus": "" }, "geometry": { "type": "Point", "coordinates": [ -3.6872815, 40.4122075 ] } },
{ "type": "Feature", "properties": { "osm_id": "node/12879510233", "genus": "" }, "geometry": { "type": "Point", "coordinates": [ -3.6872844, 40.4121987 ] } },
{ "type": "Feature", "properties": { "osm_id": "node/12879510234", "genus": "" }, "geometry": { "type": "Point", "coordinates": [ -3.6872899, 40.4121869 ] } },
{ "type": "Feature", "properties": { "osm_id": "node/12879510235", "genus": "" }, "geometry": { "type": "Point", "coordinates": [ -3.6872969, 40.4121711 ] } },
{ "type": "Feature", "properties": { "osm_id": "node/12879510236", "genus": "" }, "geometry": { "type": "Point", "coordinates": [ -3.6873009, 40.4121537 ] } },
{ "type": "Feature", "properties": { "osm_id": "node/12879510237", "genus": "" }, "geometry": { "type": "Point", "coordinates": [ -3.687298, 40.412143 ] } },
{ "type": "Feature", "properties": { "osm_id": "node/12879510238", "genus": "" }, "geometry": { "type": "Point", "coordinates": [ -3.6873027, 40.4121357 ] } },
{ "type": "Feature", "properties": { "osm_id": "node/12879510239", "genus": "" }, "geometry": { "type": "Point", "coordinates": [ -3.6873015, 40.4121162 ] } },
{ "type": "Feature", "properties": { "osm_id": "node/12879510240", "genus": "" }, "geometry": { "type": "Point", "coordinates": [ -3.6870251, 40.4119467 ] } },
{ "type": "Feature", "properties": { "osm_id": "node/12879510241", "genus": "" }, "geometry": { "type": "Point", "coordinates": [ -3.6870281, 40.4119171 ] } },
{ "type": "Feature", "properties": { "osm_id": "node/12879510242", "genus": "" }, "geometry": { "type": "Point", "coordinates": [ -3.68699, 40.4119041 ] } },
{ "type": "Feature", "properties": { "osm_id": "node/12879510243", "genus": "" }, "geometry": { "type": "Point", "coordinates": [ -3.6869907, 40.4118882 ] } },
{ "type": "Feature", "properties": { "osm_id": "node/12879510244", "genus": "" }, "geometry": { "type": "Point", "coordinates": [ -3.6870273, 40.4118882 ] } },
{ "type": "Feature", "properties": { "osm_id": "node/12879510245", "genus": "" }, "geometry": { "type": "Point", "coordinates": [ -3.6870073, 40.4120379 ] } },
{ "type": "Feature", "properties": { "osm_id": "node/12879510246", "genus": "" }, "geometry": { "type": "Point", "coordinates": [ -3.6870026, 40.4120681 ] } },
{ "type": "Feature", "properties": { "osm_id": "node/12879510247", "genus": "" }, "geometry": { "type": "Point", "coordinates": [ -3.6869652, 40.412059 ] } },
{ "type": "Feature", "properties": { "osm_id": "node/12879510248", "genus": "" }, "geometry": { "type": "Point", "coordinates": [ -3.6869578, 40.4120837 ] } },
{ "type": "Feature", "properties": { "osm_id": "node/12879510249", "genus": "" }, "geometry": { "type": "Point", "coordinates": [ -3.6869907, 40.412112 ] } },
{ "type": "Feature", "properties": { "osm_id": "node/12879510250", "genus": "" }, "geometry": { "type": "Point", "coordinates": [ -3.6869995, 40.4121475 ] } },
{ "type": "Feature", "properties": { "osm_id": "node/12879510251", "genus": "" }, "geometry": { "type": "Point", "coordinates": [ -3.6870128, 40.4121714 ] } },
{ "type": "Feature", "properties": { "osm_id": "node/12879510252", "genus": "" }, "geometry": { "type": "Point", "coordinates": [ -3.687062, 40.4121819 ] } },
{ "type": "Feature", "properties": { "osm_id": "node/12879510253", "genus": "" }, "geometry": { "type": "Point", "coordinates": [ -3.6870338, 40.4123281 ] } },
{ "type": "Feature", "properties": { "osm_id": "node/12879510254", "genus": "" }, "geometry": { "type": "Point", "coordinates": [ -3.6870993, 40.4123014 ] } },
{ "type": "Feature", "properties": { "osm_id": "node/12879510255", "genus": "" }, "geometry": { "type": "Point", "coordinates": [ -3.6870251, 40.4122804 ] } },
{ "type": "Feature", "properties": { "osm_id": "node/12879510256", "genus": "" }, "geometry": { "type": "Point", "coordinates": [ -3.6870366, 40.4122701 ] } },
{ "type": "Feature", "properties": { "osm_id": "node/12879510257", "genus": "" }, "geometry": { "type": "Point", "coordinates": [ -3.6870689, 40.4122701 ] } },
{ "type": "Feature", "properties": { "osm_id": "node/12879510258", "genus": "" }, "geometry": { "type": "Point", "coordinates": [ -3.6870962, 40.4122709 ] } },
{ "type": "Feature", "properties": { "osm_id": "node/12879510259", "genus": "" }, "geometry": { "type": "Point", "coordinates": [ -3.6871171, 40.4122642 ] } },
{ "type": "Feature", "properties": { "osm_id": "node/12879510260", "genus": "" }, "geometry": { "type": "Point", "coordinates": [ -3.687134, 40.4122736 ] } },
{ "type": "Feature", "properties": { "osm_id": "node/12879510261", "genus": "" }, "geometry": { "type": "Point", "coordinates": [ -3.6871591, 40.4122633 ] } },
{ "type": "Feature", "properties": { "osm_id": "node/12879510262", "genus": "" }, "geometry": { "type": "Point", "coordinates": [ -3.6871655, 40.4122516 ] } },
{ "type": "Feature", "properties": { "osm_id": "node/12879510263", "genus": "" }, "geometry": { "type": "Point", "coordinates": [ -3.6871489, 40.4122543 ] } },
{ "type": "Feature", "properties": { "osm_id": "node/12879510264", "genus": "" }, "geometry": { "type": "Point", "coordinates": [ -3.6871332, 40.4122546 ] } },
{ "type": "Feature", "properties": { "osm_id": "node/12879510265", "genus": "" }, "geometry": { "type": "Point", "coordinates": [ -3.6871859, 40.412237 ] } },
{ "type": "Feature", "properties": { "osm_id": "node/12879510266", "genus": "" }, "geometry": { "type": "Point", "coordinates": [ -3.6871859, 40.4122212 ] } },
{ "type": "Feature", "properties": { "osm_id": "node/12879510267", "genus": "" }, "geometry": { "type": "Point", "coordinates": [ -3.6871992, 40.412215 ] } },
{ "type": "Feature", "properties": { "osm_id": "node/12879510268", "genus": "" }, "geometry": { "type": "Point", "coordinates": [ -3.6872086, 40.4122033 ] } },
{ "type": "Feature", "properties": { "osm_id": "node/12879510269", "genus": "" }, "geometry": { "type": "Point", "coordinates": [ -3.6872174, 40.4121917 ] } },
{ "type": "Feature", "properties": { "osm_id": "node/12879510270", "genus": "" }, "geometry": { "type": "Point", "coordinates": [ -3.6872288, 40.4121769 ] } },
{ "type": "Feature", "properties": { "osm_id": "node/12879510271", "genus": "" }, "geometry": { "type": "Point", "coordinates": [ -3.6872474, 40.4121487 ] } },
{ "type": "Feature", "properties": { "osm_id": "node/12879510272", "genus": "" }, "geometry": { "type": "Point", "coordinates": [ -3.6872481, 40.4121324 ] } },
{ "type": "Feature", "properties": { "osm_id": "node/12879510273", "genus": "" }, "geometry": { "type": "Point", "coordinates": [ -3.6872462, 40.412104 ] } },
{ "type": "Feature", "properties": { "osm_id": "node/12879510274", "genus": "" }, "geometry": { "type": "Point", "coordinates": [ -3.6872003, 40.4120917 ] } },
{ "type": "Feature", "properties": { "osm_id": "node/12879510275", "genus": "" }, "geometry": { "type": "Point", "coordinates": [ -3.6872158, 40.4120902 ] } },
{ "type": "Feature", "properties": { "osm_id": "node/12879510276", "genus": "" }, "geometry": { "type": "Point", "coordinates": [ -3.6871827, 40.4121206 ] } },
{ "type": "Feature", "properties": { "osm_id": "node/12879510277", "genus": "" }, "geometry": { "type": "Point", "coordinates": [ -3.6872087, 40.4121366 ] } },
{ "type": "Feature", "properties": { "osm_id": "node/12879510278", "genus": "" }, "geometry": { "type": "Point", "coordinates": [ -3.6871905, 40.4121385 ] } },
{ "type": "Feature", "properties": { "osm_id": "node/12879510279", "genus": "" }, "geometry": { "type": "Point", "coordinates": [ -3.687209, 40.4121529 ] } },
{ "type": "Feature", "properties": { "osm_id": "node/12879510280", "genus": "" }, "geometry": { "type": "Point", "coordinates": [ -3.6871689, 40.4121793 ] } },
{ "type": "Feature", "properties": { "osm_id": "node/12879510281", "genus": "" }, "geometry": { "type": "Point", "coordinates": [ -3.6872397, 40.4120696 ] } },
{ "type": "Feature", "properties": { "osm_id": "node/12879510282", "genus": "" }, "geometry": { "type": "Point", "coordinates": [ -3.6872299, 40.4120422 ] } },
{ "type": "Feature", "properties": { "osm_id": "node/12879510283", "genus": "" }, "geometry": { "type": "Point", "coordinates": [ -3.6872034, 40.4120349 ] } },
{ "type": "Feature", "properties": { "osm_id": "node/12879510284", "genus": "" }, "geometry": { "type": "Point", "coordinates": [ -3.6872085, 40.4120226 ] } },
{ "type": "Feature", "properties": { "osm_id": "node/12879510285", "genus": "" }, "geometry": { "type": "Point", "coordinates": [ -3.6872059, 40.4120078 ] } },
{ "type": "Feature", "properties": { "osm_id": "node/12879510286", "genus": "" }, "geometry": { "type": "Point", "coordinates": [ -3.6871951, 40.4120123 ] } },
{ "type": "Feature", "properties": { "osm_id": "node/12879510287", "genus": "" }, "geometry": { "type": "Point", "coordinates": [ -3.6871936, 40.4119959 ] } },
{ "type": "Feature", "properties": { "osm_id": "node/12879510288", "genus": "" }, "geometry": { "type": "Point", "coordinates": [ -3.6871281, 40.4119881 ] } },
{ "type": "Feature", "properties": { "osm_id": "node/12879510289", "genus": "" }, "geometry": { "type": "Point", "coordinates": [ -3.6871237, 40.4120041 ] } },
{ "type": "Feature", "properties": { "osm_id": "node/12879510290", "genus": "" }, "geometry": { "type": "Point", "coordinates": [ -3.6871166, 40.4120252 ] } },
{ "type": "Feature", "properties": { "osm_id": "node/12879510291", "genus": "" }, "geometry": { "type": "Point", "coordinates": [ -3.6871012, 40.412004 ] } },
{ "type": "Feature", "properties": { "osm_id": "node/12879510292", "genus": "" }, "geometry": { "type": "Point", "coordinates": [ -3.6871007, 40.4119736 ] } },
{ "type": "Feature", "properties": { "osm_id": "node/12879510293", "genus": "" }, "geometry": { "type": "Point", "coordinates": [ -3.6871026, 40.4119629 ] } },
{ "type": "Feature", "properties": { "osm_id": "node/12879510294", "genus": "" }, "geometry": { "type": "Point", "coordinates": [ -3.6871015, 40.4119472 ] } },
{ "type": "Feature", "properties": { "osm_id": "node/12879510295", "genus": "" }, "geometry": { "type": "Point", "coordinates": [ -3.6871179, 40.4119235 ] } },
{ "type": "Feature", "properties": { "osm_id": "node/12879510296", "genus": "" }, "geometry": { "type": "Point", "coordinates": [ -3.6871305, 40.4119506 ] } },
{ "type": "Feature", "properties": { "osm_id": "node/12879510297", "genus": "" }, "geometry": { "type": "Point", "coordinates": [ -3.6871413, 40.4119654 ] } },
{ "type": "Feature", "properties": { "osm_id": "node/12879510298", "genus": "" }, "geometry": { "type": "Point", "coordinates": [ -3.6871707, 40.4119803 ] } },
{ "type": "Feature", "properties": { "osm_id": "node/12879510299", "genus": "" }, "geometry": { "type": "Point", "coordinates": [ -3.6871216, 40.4119788 ] } },
{ "type": "Feature", "properties": { "osm_id": "node/12879510300", "genus": "" }, "geometry": { "type": "Point", "coordinates": [ -3.6871613, 40.4120151 ] } },
{ "type": "Feature", "properties": { "osm_id": "node/12879510301", "genus": "" }, "geometry": { "type": "Point", "coordinates": [ -3.6871272, 40.4122348 ] } },
{ "type": "Feature", "properties": { "osm_id": "node/12879510302", "genus": "" }, "geometry": { "type": "Point", "coordinates": [ -3.6870586, 40.4122391 ] } },
{ "type": "Feature", "properties": { "osm_id": "node/12879510303", "genus": "" }, "geometry": { "type": "Point", "coordinates": [ -3.6870548, 40.4122592 ] } },
{ "type": "Feature", "properties": { "osm_id": "node/12879510304", "genus": "" }, "geometry": { "type": "Point", "coordinates": [ -3.6870305, 40.4122343 ] } },
{ "type": "Feature", "properties": { "osm_id": "node/12879510305", "genus": "" }, "geometry": { "type": "Point", "coordinates": [ -3.687022, 40.4121933 ] } },
{ "type": "Feature", "properties": { "osm_id": "node/12879510306", "genus": "" }, "geometry": { "type": "Point", "coordinates": [ -3.6870933, 40.4122552 ] } },
{ "type": "Feature", "properties": { "osm_id": "node/12879510307", "genus": "" }, "geometry": { "type": "Point", "coordinates": [ -3.6870548, 40.4123013 ] } },
{ "type": "Feature", "properties": { "osm_id": "node/12879510308", "genus": "" }, "geometry": { "type": "Point", "coordinates": [ -3.687253, 40.4118981 ] } },
{ "type": "Feature", "properties": { "osm_id": "node/12879510309", "genus": "" }, "geometry": { "type": "Point", "coordinates": [ -3.6872244, 40.4119158 ] } },
{ "type": "Feature", "properties": { "osm_id": "node/12879510310", "genus": "" }, "geometry": { "type": "Point", "coordinates": [ -3.6872041, 40.411901 ] } },
{ "type": "Feature", "properties": { "osm_id": "node/12879510311", "genus": "" }, "geometry": { "type": "Point", "coordinates": [ -3.6871816, 40.4118998 ] } },
{ "type": "Feature", "properties": { "osm_id": "node/12879510312", "genus": "" }, "geometry": { "type": "Point", "coordinates": [ -3.687148, 40.4118711 ] } },
{ "type": "Feature", "properties": { "osm_id": "node/12879510313", "genus": "" }, "geometry": { "type": "Point", "coordinates": [ -3.6872416, 40.4118726 ] } },
{ "type": "Feature", "properties": { "osm_id": "node/12879510314", "genus": "" }, "geometry": { "type": "Point", "coordinates": [ -3.6872233, 40.4118887 ] } },
{ "type": "Feature", "properties": { "osm_id": "node/12879510315", "genus": "" }, "geometry": { "type": "Point", "coordinates": [ -3.6872218, 40.4118655 ] } },
{ "type": "Feature", "properties": { "osm_id": "node/12879510316", "genus": "" }, "geometry": { "type": "Point", "coordinates": [ -3.6872212, 40.4118459 ] } },
{ "type": "Feature", "properties": { "osm_id": "node/12879510317", "genus": "" }, "geometry": { "type": "Point", "coordinates": [ -3.687199, 40.4118532 ] } },
{ "type": "Feature", "properties": { "osm_id": "node/12879510318", "genus": "" }, "geometry": { "type": "Point", "coordinates": [ -3.6871869, 40.4118444 ] } },
{ "type": "Feature", "properties": { "osm_id": "node/12879510319", "genus": "" }, "geometry": { "type": "Point", "coordinates": [ -3.6872051, 40.4118343 ] } },
{ "type": "Feature", "properties": { "osm_id": "node/12879510320", "genus": "" }, "geometry": { "type": "Point", "coordinates": [ -3.6871839, 40.4118217 ] } },
{ "type": "Feature", "properties": { "osm_id": "node/12879510321", "genus": "" }, "geometry": { "type": "Point", "coordinates": [ -3.6871684, 40.4118203 ] } },
{ "type": "Feature", "properties": { "osm_id": "node/12879510322", "genus": "" }, "geometry": { "type": "Point", "coordinates": [ -3.6871733, 40.4118368 ] } },
{ "type": "Feature", "properties": { "osm_id": "node/12879510323", "genus": "" }, "geometry": { "type": "Point", "coordinates": [ -3.6871363, 40.4118183 ] } },
{ "type": "Feature", "properties": { "osm_id": "node/12879510324", "genus": "" }, "geometry": { "type": "Point", "coordinates": [ -3.6870963, 40.4118165 ] } },
{ "type": "Feature", "properties": { "osm_id": "node/12879510325", "genus": "" }, "geometry": { "type": "Point", "coordinates": [ -3.6870789, 40.4118213 ] } },
{ "type": "Feature", "properties": { "osm_id": "node/12879510326", "genus": "" }, "geometry": { "type": "Point", "coordinates": [ -3.6870702, 40.411852 ] } },
{ "type": "Feature", "properties": { "osm_id": "node/12879510327", "genus": "" }, "geometry": { "type": "Point", "coordinates": [ -3.6870081, 40.4118582 ] } },
{ "type": "Feature", "properties": { "osm_id": "node/12879510328", "genus": "" }, "geometry": { "type": "Point", "coordinates": [ -3.6870237, 40.4118276 ] } },
{ "type": "Feature", "properties": { "osm_id": "node/12879510329", "genus": "" }, "geometry": { "type": "Point", "coordinates": [ -3.6870523, 40.4118101 ] } },
{ "type": "Feature", "properties": { "osm_id": "node/12879510330", "genus": "" }, "geometry": { "type": "Point", "coordinates": [ -3.6870905, 40.4118027 ] } },
{ "type": "Feature", "properties": { "osm_id": "node/12879510375", "genus": "" }, "geometry": { "type": "Point", "coordinates": [ -3.6871035, 40.4121451 ] } },
{ "type": "Feature", "properties": { "osm_id": "node/12879510376", "genus": "" }, "geometry": { "type": "Point", "coordinates": [ -3.6870935, 40.4121326 ] } },
{ "type": "Feature", "properties": { "osm_id": "node/12882950324", "genus": "" }, "geometry": { "type": "Point", "coordinates": [ -3.6951615, 40.4175657 ] } },
{ "type": "Feature", "properties": { "osm_id": "node/12882950326", "genus": "" }, "geometry": { "type": "Point", "coordinates": [ -3.6955494, 40.4176129 ] } },
{ "type": "Feature", "properties": { "osm_id": "node/12882950327", "genus": "" }, "geometry": { "type": "Point", "coordinates": [ -3.6954723, 40.4176543 ] } },
{ "type": "Feature", "properties": { "osm_id": "node/12882950328", "genus": "" }, "geometry": { "type": "Point", "coordinates": [ -3.6954775, 40.4176142 ] } },
{ "type": "Feature", "properties": { "osm_id": "node/12882950330", "genus": "" }, "geometry": { "type": "Point", "coordinates": [ -3.6954048, 40.4176459 ] } },
{ "type": "Feature", "properties": { "osm_id": "node/12882950331", "genus": "" }, "geometry": { "type": "Point", "coordinates": [ -3.6953918, 40.4176024 ] } },
{ "type": "Feature", "properties": { "osm_id": "node/12882950332", "genus": "" }, "geometry": { "type": "Point", "coordinates": [ -3.6953275, 40.417633 ] } },
{ "type": "Feature", "properties": { "osm_id": "node/12882950333", "genus": "" }, "geometry": { "type": "Point", "coordinates": [ -3.6953206, 40.4175873 ] } },
{ "type": "Feature", "properties": { "osm_id": "node/12882950335", "genus": "" }, "geometry": { "type": "Point", "coordinates": [ -3.6952451, 40.4176207 ] } },
{ "type": "Feature", "properties": { "osm_id": "node/12882950336", "genus": "" }, "geometry": { "type": "Point", "coordinates": [ -3.6952319, 40.4175759 ] } },
{ "type": "Feature", "properties": { "osm_id": "node/12882950337", "genus": "" }, "geometry": { "type": "Point", "coordinates": [ -3.6951531, 40.4176082 ] } },
{ "type": "Feature", "properties": { "osm_id": "node/12882950341", "genus": "" }, "geometry": { "type": "Point", "coordinates": [ -3.6950948, 40.4175997 ] } },
{ "type": "Feature", "properties": { "osm_id": "node/12882950342", "genus": "" }, "geometry": { "type": "Point", "coordinates": [ -3.6950913, 40.4175547 ] } },
{ "type": "Feature", "properties": { "osm_id": "node/12882950344", "genus": "" }, "geometry": { "type": "Point", "coordinates": [ -3.6950421, 40.4175917 ] } },
{ "type": "Feature", "properties": { "osm_id": "node/12882950345", "genus": "" }, "geometry": { "type": "Point", "coordinates": [ -3.6949922, 40.4175826 ] } },
{ "type": "Feature", "properties": { "osm_id": "node/12882950346", "genus": "" }, "geometry": { "type": "Point", "coordinates": [ -3.6949957, 40.417537 ] } },
{ "type": "Feature", "properties": { "osm_id": "node/12882950347", "genus": "" }, "geometry": { "type": "Point", "coordinates": [ -3.6949451, 40.4175751 ] } },
{ "type": "Feature", "properties": { "osm_id": "node/12882950348", "genus": "" }, "geometry": { "type": "Point", "coordinates": [ -3.6949409, 40.4175291 ] } },
{ "type": "Feature", "properties": { "osm_id": "node/12882950349", "genus": "" }, "geometry": { "type": "Point", "coordinates": [ -3.6949044, 40.4175713 ] } },
{ "type": "Feature", "properties": { "osm_id": "node/12882950350", "genus": "" }, "geometry": { "type": "Point", "coordinates": [ -3.694897, 40.4175221 ] } },
{ "type": "Feature", "properties": { "osm_id": "node/12882950351", "genus": "" }, "geometry": { "type": "Point", "coordinates": [ -3.6948503, 40.4175638 ] } },
{ "type": "Feature", "properties": { "osm_id": "node/12882950353", "genus": "" }, "geometry": { "type": "Point", "coordinates": [ -3.6947746, 40.4175049 ] } },
{ "type": "Feature", "properties": { "osm_id": "node/12882950355", "genus": "" }, "geometry": { "type": "Point", "coordinates": [ -3.6946933, 40.4174928 ] } },
{ "type": "Feature", "properties": { "osm_id": "node/12882950356", "genus": "" }, "geometry": { "type": "Point", "coordinates": [ -3.6946116, 40.4174808 ] } },
{ "type": "Feature", "properties": { "osm_id": "node/12882950357", "genus": "" }, "geometry": { "type": "Point", "coordinates": [ -3.6945449, 40.4174703 ] } },
{ "type": "Feature", "properties": { "osm_id": "node/12882950358", "genus": "" }, "geometry": { "type": "Point", "coordinates": [ -3.6944892, 40.4174609 ] } },
{ "type": "Feature", "properties": { "osm_id": "node/12882950360", "genus": "" }, "geometry": { "type": "Point", "coordinates": [ -3.694424, 40.4174528 ] } },
{ "type": "Feature", "properties": { "osm_id": "node/12882950361", "genus": "" }, "geometry": { "type": "Point", "coordinates": [ -3.6943648, 40.4174424 ] } },
{ "type": "Feature", "properties": { "osm_id": "node/12882950366", "genus": "" }, "geometry": { "type": "Point", "coordinates": [ -3.6948425, 40.4175146 ] } },
{ "type": "Feature", "properties": { "osm_id": "node/12901663509", "genus": "" }, "geometry": { "type": "Point", "coordinates": [ -3.6945955, 40.4147859 ] } },
{ "type": "Feature", "properties": { "osm_id": "node/12901663510", "genus": "" }, "geometry": { "type": "Point", "coordinates": [ -3.6945785, 40.4148132 ] } },
{ "type": "Feature", "properties": { "osm_id": "node/12901663511", "genus": "" }, "geometry": { "type": "Point", "coordinates": [ -3.6945268, 40.4147852 ] } },
{ "type": "Feature", "properties": { "osm_id": "node/12901663512", "genus": "" }, "geometry": { "type": "Point", "coordinates": [ -3.6944827, 40.4147619 ] } },
{ "type": "Feature", "properties": { "osm_id": "node/12901663515", "genus": "" }, "geometry": { "type": "Point", "coordinates": [ -3.6944337, 40.4147387 ] } },
{ "type": "Feature", "properties": { "osm_id": "node/12901663517", "genus": "" }, "geometry": { "type": "Point", "coordinates": [ -3.6955943, 40.4131065 ] } },
{ "type": "Feature", "properties": { "osm_id": "node/12901663521", "genus": "" }, "geometry": { "type": "Point", "coordinates": [ -3.6955925, 40.4131874 ] } },
{ "type": "Feature", "properties": { "osm_id": "node/12901663522", "genus": "" }, "geometry": { "type": "Point", "coordinates": [ -3.6955881, 40.4132472 ] } },
{ "type": "Feature", "properties": { "osm_id": "node/12901663525", "genus": "" }, "geometry": { "type": "Point", "coordinates": [ -3.695586, 40.4134168 ] } },
{ "type": "Feature", "properties": { "osm_id": "node/12901663527", "genus": "" }, "geometry": { "type": "Point", "coordinates": [ -3.6955868, 40.413478 ] } },
{ "type": "Feature", "properties": { "osm_id": "node/12901663530", "genus": "" }, "geometry": { "type": "Point", "coordinates": [ -3.6955286, 40.4136893 ] } },
{ "type": "Feature", "properties": { "osm_id": "node/12901663531", "genus": "" }, "geometry": { "type": "Point", "coordinates": [ -3.6954221, 40.4137045 ] } },
{ "type": "Feature", "properties": { "osm_id": "node/12901663533", "genus": "" }, "geometry": { "type": "Point", "coordinates": [ -3.6953501, 40.4137185 ] } },
{ "type": "Feature", "properties": { "osm_id": "node/12901663534", "genus": "" }, "geometry": { "type": "Point", "coordinates": [ -3.6952906, 40.4137295 ] } },
{ "type": "Feature", "properties": { "osm_id": "node/12901663536", "genus": "" }, "geometry": { "type": "Point", "coordinates": [ -3.6951086, 40.4137599 ] } },
{ "type": "Feature", "properties": { "osm_id": "node/12901663539", "genus": "" }, "geometry": { "type": "Point", "coordinates": [ -3.6950153, 40.4137745 ] } },
{ "type": "Feature", "properties": { "osm_id": "node/12901663540", "genus": "" }, "geometry": { "type": "Point", "coordinates": [ -3.6949104, 40.4137923 ] } },
{ "type": "Feature", "properties": { "osm_id": "node/12901663542", "genus": "" }, "geometry": { "type": "Point", "coordinates": [ -3.6948274, 40.413808 ] } },
{ "type": "Feature", "properties": { "osm_id": "node/12901663545", "genus": "" }, "geometry": { "type": "Point", "coordinates": [ -3.6946991, 40.4138289 ] } },
{ "type": "Feature", "properties": { "osm_id": "node/12901663546", "genus": "" }, "geometry": { "type": "Point", "coordinates": [ -3.694618, 40.4138423 ] } },
{ "type": "Feature", "properties": { "osm_id": "node/12901663548", "genus": "" }, "geometry": { "type": "Point", "coordinates": [ -3.6945384, 40.4138563 ] } },
{ "type": "Feature", "properties": { "osm_id": "node/12901663550", "genus": "" }, "geometry": { "type": "Point", "coordinates": [ -3.6942411, 40.4139037 ] } },
{ "type": "Feature", "properties": { "osm_id": "node/12901663551", "genus": "" }, "geometry": { "type": "Point", "coordinates": [ -3.6941698, 40.4139149 ] } },
{ "type": "Feature", "properties": { "osm_id": "node/13108906077", "genus": "Viburnum" }, "geometry": { "type": "Point", "coordinates": [ -3.6877807, 40.4122682 ] } },
{ "type": "Feature", "properties": { "osm_id": "node/13108927899", "genus": "Ligustrum" }, "geometry": { "type": "Point", "coordinates": [ -3.6813276, 40.412433 ] } },
{ "type": "Feature", "properties": { "osm_id": "node/13108931950", "genus": "Quercus" }, "geometry": { "type": "Point", "coordinates": [ -3.6790497, 40.4097258 ] } },
{ "type": "Feature", "properties": { "osm_id": "node/13108937737", "genus": "Fagus" }, "geometry": { "type": "Point", "coordinates": [ -3.6813665, 40.4207576 ] } },
{ "type": "Feature", "properties": { "osm_id": "node/13691974399", "genus": "" }, "geometry": { "type": "Point", "coordinates": [ -3.6927892, 40.4143692 ] } },
{ "type": "Feature", "properties": { "osm_id": "node/13691998699", "genus": "" }, "geometry": { "type": "Point", "coordinates": [ -3.6928285, 40.4145126 ] } },
{ "type": "Feature", "properties": { "osm_id": "node/13692003134", "genus": "" }, "geometry": { "type": "Point", "coordinates": [ -3.6929444, 40.4143499 ] } },
{ "type": "Feature", "properties": { "osm_id": "node/13692006419", "genus": "" }, "geometry": { "type": "Point", "coordinates": [ -3.6929776, 40.4144919 ] } },
{ "type": "Feature", "properties": { "osm_id": "node/13917038900", "genus": "Cupressus sempervirens" }, "geometry": { "type": "Point", "coordinates": [ -3.6868251, 40.4156464 ] } },
{ "type": "Feature", "properties": { "osm_id": "node/14074297519", "genus": "" }, "geometry": { "type": "Point", "coordinates": [ -3.6950998, 40.420956 ] } },
{ "type": "Feature", "properties": { "osm_id": "node/14074297520", "genus": "" }, "geometry": { "type": "Point", "coordinates": [ -3.6950984, 40.4209185 ] } },
{ "type": "Feature", "properties": { "osm_id": "node/14093886300", "genus": "" }, "geometry": { "type": "Point", "coordinates": [ -3.6912585, 40.4203234 ] } },
{ "type": "Feature", "properties": { "osm_id": "node/14093886601", "genus": "" }, "geometry": { "type": "Point", "coordinates": [ -3.6913895, 40.4203413 ] } },
{ "type": "Feature", "properties": { "osm_id": "node/14093886602", "genus": "" }, "geometry": { "type": "Point", "coordinates": [ -3.6914715, 40.4203511 ] } },
{ "type": "Feature", "properties": { "osm_id": "node/14093886603", "genus": "" }, "geometry": { "type": "Point", "coordinates": [ -3.6915993, 40.4203681 ] } },
{ "type": "Feature", "properties": { "osm_id": "node/14093886604", "genus": "" }, "geometry": { "type": "Point", "coordinates": [ -3.6916648, 40.4203755 ] } },
{ "type": "Feature", "properties": { "osm_id": "node/14093886605", "genus": "" }, "geometry": { "type": "Point", "coordinates": [ -3.6918035, 40.4203936 ] } },
{ "type": "Feature", "properties": { "osm_id": "node/14093886606", "genus": "" }, "geometry": { "type": "Point", "coordinates": [ -3.6917715, 40.4204749 ] } },
{ "type": "Feature", "properties": { "osm_id": "node/14093886607", "genus": "" }, "geometry": { "type": "Point", "coordinates": [ -3.6918516, 40.4204856 ] } },
{ "type": "Feature", "properties": { "osm_id": "node/14093886608", "genus": "" }, "geometry": { "type": "Point", "coordinates": [ -3.691645, 40.4204589 ] } },
{ "type": "Feature", "properties": { "osm_id": "node/14093886609", "genus": "" }, "geometry": { "type": "Point", "coordinates": [ -3.6915787, 40.4204502 ] } },
{ "type": "Feature", "properties": { "osm_id": "node/14093886610", "genus": "" }, "geometry": { "type": "Point", "coordinates": [ -3.6914368, 40.4204305 ] } },
{ "type": "Feature", "properties": { "osm_id": "node/14093886611", "genus": "" }, "geometry": { "type": "Point", "coordinates": [ -3.691383, 40.4204235 ] } },
{ "type": "Feature", "properties": { "osm_id": "node/14093886612", "genus": "" }, "geometry": { "type": "Point", "coordinates": [ -3.6912386, 40.4204041 ] } },
{ "type": "Feature", "properties": { "osm_id": "node/14093886613", "genus": "" }, "geometry": { "type": "Point", "coordinates": [ -3.6911594, 40.420393 ] } },
{ "type": "Feature", "properties": { "osm_id": "node/14093886614", "genus": "" }, "geometry": { "type": "Point", "coordinates": [ -3.6909379, 40.4203631 ] } },
{ "type": "Feature", "properties": { "osm_id": "node/14096577899", "genus": "" }, "geometry": { "type": "Point", "coordinates": [ -3.6899807, 40.4209992 ] } },
{ "type": "Feature", "properties": { "osm_id": "node/14096577900", "genus": "" }, "geometry": { "type": "Point", "coordinates": [ -3.6900071, 40.4209544 ] } },
{ "type": "Feature", "properties": { "osm_id": "node/14096599501", "genus": "" }, "geometry": { "type": "Point", "coordinates": [ -3.6900597, 40.4208582 ] } },
{ "type": "Feature", "properties": { "osm_id": "node/14096599502", "genus": "" }, "geometry": { "type": "Point", "coordinates": [ -3.6900868, 40.4208137 ] } },
{ "type": "Feature", "properties": { "osm_id": "node/14096599503", "genus": "" }, "geometry": { "type": "Point", "coordinates": [ -3.689989, 40.4208354 ] } },
{ "type": "Feature", "properties": { "osm_id": "node/14096599504", "genus": "" }, "geometry": { "type": "Point", "coordinates": [ -3.6900719, 40.4206902 ] } },
{ "type": "Feature", "properties": { "osm_id": "node/14096599505", "genus": "" }, "geometry": { "type": "Point", "coordinates": [ -3.6901429, 40.420722 ] } },
{ "type": "Feature", "properties": { "osm_id": "node/14096599506", "genus": "" }, "geometry": { "type": "Point", "coordinates": [ -3.6900183, 40.4207888 ] } }
]
}
