{"type":"FeatureCollection","features":[{"type":"Feature","id":9896149,"geometry":{"type":"Point","coordinates":[-3.6809012020589567,40.420978061399083]},"properties":{"ESA_ESPECIE":"TFO","NOMBRE_COMUN":"Palma de Fortune","NOMBRE_ESPECIE":"Trachycarpus fortunei","ALTURA":"7,5","MINTDISTRITO":"03","NOMBRE_DISTRITO":"RETIRO","MINTBARRIO":"035","NOMBRE_BARRIO":"LOS JERONIMOS","OBJECTID":9896149}},{"type":"Feature","id":9766546,"geometry":{"type":"Point","coordinates":[-3.6783042440740386,40.414632361913384]},"properties":{"ESA_ESPECIE":"TDI","NOMBRE_COMUN":"Ciprés de los pantanos","NOMBRE_ESPECIE":"Taxodium distichum","ALTURA":"11","MINTDISTRITO":"03","NOMBRE_DISTRITO":"RETIRO","MINTBARRIO":"035","NOMBRE_BARRIO":"LOS JERONIMOS","OBJECTID":9766546}},{"type":"Feature","id":9771123,"geometry":{"type":"Point","coordinates":[-3.6853546784688391,40.419908283820419]},"properties":{"ESA_ESPECIE":"AHI","NOMBRE_COMUN":"Castaño de indias","NOMBRE_ESPECIE":"Aesculus hippocastanum","ALTURA":"7,5","MINTDISTRITO":"03","NOMBRE_DISTRITO":"RETIRO","MINTBARRIO":"035","NOMBRE_BARRIO":"LOS JERONIMOS","OBJECTID":9771123}},{"type":"Feature","id":9810917,"geometry":{"type":"Point","coordinates":[-3.6824218359829368,40.420476129903207]},"properties":{"ESA_ESPECIE":"AMO","NOMBRE_COMUN":"Arce de Montpellier","NOMBRE_ESPECIE":"Acer monspessulanum","ALTURA":"3,5","MINTDISTRITO":"03","NOMBRE_DISTRITO":"RETIRO","MINTBARRIO":"035","NOMBRE_BARRIO":"LOS JERONIMOS","OBJECTID":9810917}},{"type":"Feature","id":9900726,"geometry":{"type":"Point","coordinates":[-3.6834816515290276,40.418724664363346]},"properties":{"ESA_ESPECIE":"KPA","NOMBRE_COMUN":"Árbol de los farolitos","NOMBRE_ESPECIE":"Koelreuteria paniculata","ALTURA":"4","MINTDISTRITO":"03","NOMBRE_DISTRITO":"RETIRO","MINTBARRIO":"035","NOMBRE_BARRIO":"LOS JERONIMOS","OBJECTID":9900726}},{"type":"Feature","id":9782269,"geometry":{"type":"Point","coordinates":[-3.6811413066984509,40.419485704328572]},"properties":{"ESA_ESPECIE":"SJA","NOMBRE_COMUN":"Acacia del Japón/Sophora japonica","NOMBRE_ESPECIE":"Styphnolobium japonicum","ALTURA":"18","MINTDISTRITO":"03","NOMBRE_DISTRITO":"RETIRO","MINTBARRIO":"035","NOMBRE_BARRIO":"LOS JERONIMOS","OBJECTID":9782269}},{"type":"Feature","id":9901058,"geometry":{"type":"Point","coordinates":[-3.681825253124245,40.418904616470485]},"properties":{"ESA_ESPECIE":"FAN","NOMBRE_COMUN":"Fresno de la tierra","NOMBRE_ESPECIE":"Fraxinus angustifolia","ALTURA":"4,5","MINTDISTRITO":"03","NOMBRE_DISTRITO":"RETIRO","MINTBARRIO":"035","NOMBRE_BARRIO":"LOS JERONIMOS","OBJECTID":9901058}},{"type":"Feature","id":9781937,"geometry":{"type":"Point","coordinates":[-3.6818745803211947,40.419354985045388]},"properties":{"ESA_ESPECIE":"AHI","NOMBRE_COMUN":"Castaño de indias","NOMBRE_ESPECIE":"Aesculus hippocastanum","ALTURA":"11","MINTDISTRITO":"03","NOMBRE_DISTRITO":"RETIRO","MINTBARRIO":"035","NOMBRE_BARRIO":"LOS JERONIMOS","OBJECTID":9781937}},{"type":"Feature","id":9808332,"geometry":{"type":"Point","coordinates":[-3.6831470915102784,40.418549785111544]},"properties":{"ESA_ESPECIE":"FOR","NOMBRE_COMUN":"Fresno de flor","NOMBRE_ESPECIE":"Fraxinus ornus","ALTURA":"8,5","MINTDISTRITO":"03","NOMBRE_DISTRITO":"RETIRO","MINTBARRIO":"035","NOMBRE_BARRIO":"LOS JERONIMOS","OBJECTID":9808332}},{"type":"Feature","id":9782862,"geometry":{"type":"Point","coordinates":[-3.6796214216706304,40.419258431502563]},"properties":{"ESA_ESPECIE":"QRO","NOMBRE_COMUN":"Roble común","NOMBRE_ESPECIE":"Quercus robur","ALTURA":"4,2","MINTDISTRITO":"03","NOMBRE_DISTRITO":"RETIRO","MINTBARRIO":"035","NOMBRE_BARRIO":"LOS JERONIMOS","OBJECTID":9782862}},{"type":"Feature","id":9799178,"geometry":{"type":"Point","coordinates":[-3.6806074433524869,40.42014555364954]},"properties":{"ESA_ESPECIE":"AHI","NOMBRE_COMUN":"Castaño de indias","NOMBRE_ESPECIE":"Aesculus hippocastanum","ALTURA":"13","MINTDISTRITO":"03","NOMBRE_DISTRITO":"RETIRO","MINTBARRIO":"035","NOMBRE_BARRIO":"LOS JERONIMOS","OBJECTID":9799178}},{"type":"Feature","id":9812245,"geometry":{"type":"Point","coordinates":[-3.6806012888870288,40.408664011013677]},"properties":{"ESA_ESPECIE":"CSE","NOMBRE_COMUN":"Ciprés común","NOMBRE_ESPECIE":"Cupressus sempervirens","ALTURA":"10","MINTDISTRITO":"03","NOMBRE_DISTRITO":"RETIRO","MINTBARRIO":"035","NOMBRE_BARRIO":"LOS JERONIMOS","OBJECTID":9812245}},{"type":"Feature","id":9778024,"geometry":{"type":"Point","coordinates":[-3.6788401476051278,40.409554054303086]},"properties":{"ESA_ESPECIE":"QIL","NOMBRE_COMUN":"Encina","NOMBRE_ESPECIE":"Quercus ilex","ALTURA":"4","MINTDISTRITO":"03","NOMBRE_DISTRITO":"RETIRO","MINTBARRIO":"035","NOMBRE_BARRIO":"LOS JERONIMOS","OBJECTID":9778024}},{"type":"Feature","id":9814901,"geometry":{"type":"Point","coordinates":[-3.6825302660441239,40.411574638388821]},"properties":{"ESA_ESPECIE":"RPS","NOMBRE_COMUN":"Falsa acacia","NOMBRE_ESPECIE":"Robinia pseudoacacia","ALTURA":"1,5","MINTDISTRITO":"03","NOMBRE_DISTRITO":"RETIRO","MINTBARRIO":"035","NOMBRE_BARRIO":"LOS JERONIMOS","OBJECTID":9814901}},{"type":"Feature","id":9777621,"geometry":{"type":"Point","coordinates":[-3.6823118462709119,40.410253623062836]},"properties":{"ESA_ESPECIE":"GTR","NOMBRE_COMUN":"Acacia de tres espinas","NOMBRE_ESPECIE":"Gleditsia triacanthos","ALTURA":"10","MINTDISTRITO":"03","NOMBRE_DISTRITO":"RETIRO","MINTBARRIO":"035","NOMBRE_BARRIO":"LOS JERONIMOS","OBJECTID":9777621}},{"type":"Feature","id":9778285,"geometry":{"type":"Point","coordinates":[-3.6816679503040337,40.409718589224603]},"properties":{"ESA_ESPECIE":"SJA","NOMBRE_COMUN":"Acacia del Japón/Sophora japonica","NOMBRE_ESPECIE":"Styphnolobium japonicum","ALTURA":"18","MINTDISTRITO":"03","NOMBRE_DISTRITO":"RETIRO","MINTBARRIO":"035","NOMBRE_BARRIO":"LOS JERONIMOS","OBJECTID":9778285}},{"type":"Feature","id":9778617,"geometry":{"type":"Point","coordinates":[-3.6819482172499822,40.410613157738425]},"properties":{"ESA_ESPECIE":"AHI","NOMBRE_COMUN":"Castaño de indias","NOMBRE_ESPECIE":"Aesculus hippocastanum","ALTURA":"14","MINTDISTRITO":"03","NOMBRE_DISTRITO":"RETIRO","MINTBARRIO":"035","NOMBRE_BARRIO":"LOS JERONIMOS","OBJECTID":9778617}},{"type":"Feature","id":9777953,"geometry":{"type":"Point","coordinates":[-3.6785607282857664,40.409945606662653]},"properties":{"ESA_ESPECIE":"QIL","NOMBRE_COMUN":"Encina","NOMBRE_ESPECIE":"Quercus ilex","ALTURA":"3","MINTDISTRITO":"03","NOMBRE_DISTRITO":"RETIRO","MINTBARRIO":"035","NOMBRE_BARRIO":"LOS JERONIMOS","OBJECTID":9777953}},{"type":"Feature","id":9806743,"geometry":{"type":"Point","coordinates":[-3.6830150022737951,40.411599028264639]},"properties":{"ESA_ESPECIE":"UPU","NOMBRE_COMUN":"Olmo de Siberia","NOMBRE_ESPECIE":"Ulmus pumila","ALTURA":"9","MINTDISTRITO":"03","NOMBRE_DISTRITO":"RETIRO","MINTBARRIO":"035","NOMBRE_BARRIO":"LOS JERONIMOS","OBJECTID":9806743}},{"type":"Feature","id":9813573,"geometry":{"type":"Point","coordinates":[-3.6798728785507722,40.414112767562607]},"properties":{"ESA_ESPECIE":"PDA","NOMBRE_COMUN":"Plátano de sombra/Platanus x hybrida","NOMBRE_ESPECIE":"Platanus x hispanica","ALTURA":"7","MINTDISTRITO":"03","NOMBRE_DISTRITO":"RETIRO","MINTBARRIO":"035","NOMBRE_BARRIO":"LOS JERONIMOS","OBJECTID":9813573}},{"type":"Feature","id":9782601,"geometry":{"type":"Point","coordinates":[-3.6808191061302979,40.412434146004536]},"properties":{"ESA_ESPECIE":"TAR","NOMBRE_COMUN":"Ciprés de Cartagena","NOMBRE_ESPECIE":"Tetraclinis articulata","ALTURA":"0,8","MINTDISTRITO":"03","NOMBRE_DISTRITO":"RETIRO","MINTBARRIO":"035","NOMBRE_BARRIO":"LOS JERONIMOS","OBJECTID":9782601}},{"type":"Feature","id":9800838,"geometry":{"type":"Point","coordinates":[-3.6792052819483905,40.41775960930719]},"properties":{"ESA_ESPECIE":"AHI","NOMBRE_COMUN":"Castaño de indias","NOMBRE_ESPECIE":"Aesculus hippocastanum","ALTURA":"3,5","MINTDISTRITO":"03","NOMBRE_DISTRITO":"RETIRO","MINTBARRIO":"035","NOMBRE_BARRIO":"LOS JERONIMOS","OBJECTID":9800838}},{"type":"Feature","id":9766285,"geometry":{"type":"Point","coordinates":[-3.6794369948764465,40.415750220696943]},"properties":{"ESA_ESPECIE":"CAT","NOMBRE_COMUN":"Cedro del Atlas","NOMBRE_ESPECIE":"Cedrus atlantica","ALTURA":"14","MINTDISTRITO":"03","NOMBRE_DISTRITO":"RETIRO","MINTBARRIO":"035","NOMBRE_BARRIO":"LOS JERONIMOS","OBJECTID":9766285}},{"type":"Feature","id":9764957,"geometry":{"type":"Point","coordinates":[-3.6796536405630844,40.415723722009901]},"properties":{"ESA_ESPECIE":"AHI","NOMBRE_COMUN":"Castaño de indias","NOMBRE_ESPECIE":"Aesculus hippocastanum","ALTURA":"8,5","MINTDISTRITO":"03","NOMBRE_DISTRITO":"RETIRO","MINTBARRIO":"035","NOMBRE_BARRIO":"LOS JERONIMOS","OBJECTID":9764957}},{"type":"Feature","id":9765289,"geometry":{"type":"Point","coordinates":[-3.6792761006091772,40.414122959983928]},"properties":{"ESA_ESPECIE":"AHI","NOMBRE_COMUN":"Castaño de indias","NOMBRE_ESPECIE":"Aesculus hippocastanum","ALTURA":"5","MINTDISTRITO":"03","NOMBRE_DISTRITO":"RETIRO","MINTBARRIO":"035","NOMBRE_BARRIO":"LOS JERONIMOS","OBJECTID":9765289}},{"type":"Feature","id":9777360,"geometry":{"type":"Point","coordinates":[-3.6823360055276884,40.416084140626545]},"properties":{"ESA_ESPECIE":"GTR","NOMBRE_COMUN":"Acacia de tres espinas","NOMBRE_ESPECIE":"Gleditsia triacanthos","ALTURA":"8","MINTDISTRITO":"03","NOMBRE_DISTRITO":"RETIRO","MINTBARRIO":"035","NOMBRE_BARRIO":"LOS JERONIMOS","OBJECTID":9777360}},{"type":"Feature","id":9896481,"geometry":{"type":"Point","coordinates":[-3.6832593314498938,40.412726257190513]},"properties":{"ESA_ESPECIE":"AHI","NOMBRE_COMUN":"Castaño de indias","NOMBRE_ESPECIE":"Aesculus hippocastanum","ALTURA":"8","MINTDISTRITO":"03","NOMBRE_DISTRITO":"RETIRO","MINTBARRIO":"035","NOMBRE_BARRIO":"LOS JERONIMOS","OBJECTID":9896481}},{"type":"Feature","id":9811249,"geometry":{"type":"Point","coordinates":[-3.6824687104786054,40.412697241855128]},"properties":{"ESA_ESPECIE":"AHI","NOMBRE_COMUN":"Castaño de indias","NOMBRE_ESPECIE":"Aesculus hippocastanum","ALTURA":"14","MINTDISTRITO":"03","NOMBRE_DISTRITO":"RETIRO","MINTBARRIO":"035","NOMBRE_BARRIO":"LOS JERONIMOS","OBJECTID":9811249}},{"type":"Feature","id":9810988,"geometry":{"type":"Point","coordinates":[-3.6821519728149075,40.412752714915747]},"properties":{"ESA_ESPECIE":"AHI","NOMBRE_COMUN":"Castaño de indias","NOMBRE_ESPECIE":"Aesculus hippocastanum","ALTURA":"18","MINTDISTRITO":"03","NOMBRE_DISTRITO":"RETIRO","MINTBARRIO":"035","NOMBRE_BARRIO":"LOS JERONIMOS","OBJECTID":9810988}},{"type":"Feature","id":9807004,"geometry":{"type":"Point","coordinates":[-3.6840066962409135,40.412602666396538]},"properties":{"ESA_ESPECIE":"UMI","NOMBRE_COMUN":"Olmo común","NOMBRE_ESPECIE":"Ulmus minor","ALTURA":"12","MINTDISTRITO":"03","NOMBRE_DISTRITO":"RETIRO","MINTBARRIO":"035","NOMBRE_BARRIO":"LOS JERONIMOS","OBJECTID":9807004}},{"type":"Feature","id":9805415,"geometry":{"type":"Point","coordinates":[-3.6853790089970864,40.414696486802278]},"properties":{"ESA_ESPECIE":"AHI","NOMBRE_COMUN":"Castaño de indias","NOMBRE_ESPECIE":"Aesculus hippocastanum","ALTURA":"9,5","MINTDISTRITO":"03","NOMBRE_DISTRITO":"RETIRO","MINTBARRIO":"035","NOMBRE_BARRIO":"LOS JERONIMOS","OBJECTID":9805415}},{"type":"Feature","id":9805083,"geometry":{"type":"Point","coordinates":[-3.6852766722121943,40.41382691807987]},"properties":{"ESA_ESPECIE":"AHI","NOMBRE_COMUN":"Castaño de indias","NOMBRE_ESPECIE":"Aesculus hippocastanum","ALTURA":"16","MINTDISTRITO":"03","NOMBRE_DISTRITO":"RETIRO","MINTBARRIO":"035","NOMBRE_BARRIO":"LOS JERONIMOS","OBJECTID":9805083}},{"type":"Feature","id":9806672,"geometry":{"type":"Point","coordinates":[-3.6845461240652977,40.413324459492074]},"properties":{"ESA_ESPECIE":"UPU","NOMBRE_COMUN":"Olmo de Siberia","NOMBRE_ESPECIE":"Ulmus pumila","ALTURA":"12","MINTDISTRITO":"03","NOMBRE_DISTRITO":"RETIRO","MINTBARRIO":"035","NOMBRE_BARRIO":"LOS JERONIMOS","OBJECTID":9806672}},{"type":"Feature","id":9769463,"geometry":{"type":"Point","coordinates":[-3.6847779212586849,40.413227437731557]},"properties":{"ESA_ESPECIE":"CSI","NOMBRE_COMUN":"Árbol del amor","NOMBRE_ESPECIE":"Cercis siliquastrum","ALTURA":"4,5","MINTDISTRITO":"03","NOMBRE_DISTRITO":"RETIRO","MINTBARRIO":"035","NOMBRE_BARRIO":"LOS JERONIMOS","OBJECTID":9769463}},{"type":"Feature","id":9771787,"geometry":{"type":"Point","coordinates":[-3.6847306367721409,40.41652629179611]},"properties":{"ESA_ESPECIE":"AHI","NOMBRE_COMUN":"Castaño de indias","NOMBRE_ESPECIE":"Aesculus hippocastanum","ALTURA":"11","MINTDISTRITO":"03","NOMBRE_DISTRITO":"RETIRO","MINTBARRIO":"035","NOMBRE_BARRIO":"LOS JERONIMOS","OBJECTID":9771787}},{"type":"Feature","id":9809660,"geometry":{"type":"Point","coordinates":[-3.6836590484335123,40.414364578146312]},"properties":{"ESA_ESPECIE":"QIL","NOMBRE_COMUN":"Encina","NOMBRE_ESPECIE":"Quercus ilex","ALTURA":"2,5","MINTDISTRITO":"03","NOMBRE_DISTRITO":"RETIRO","MINTBARRIO":"035","NOMBRE_BARRIO":"LOS JERONIMOS","OBJECTID":9809660}},{"type":"Feature","id":9772451,"geometry":{"type":"Point","coordinates":[-3.6843302642799092,40.414173336077603]},"properties":{"ESA_ESPECIE":"AHI","NOMBRE_COMUN":"Castaño de indias","NOMBRE_ESPECIE":"Aesculus hippocastanum","ALTURA":"10","MINTDISTRITO":"03","NOMBRE_DISTRITO":"RETIRO","MINTBARRIO":"035","NOMBRE_BARRIO":"LOS JERONIMOS","OBJECTID":9772451}},{"type":"Feature","id":9776032,"geometry":{"type":"Point","coordinates":[-3.6876186296107747,40.417824923120854]},"properties":{"ESA_ESPECIE":"CBI","NOMBRE_COMUN":"Catalpa","NOMBRE_ESPECIE":"Catalpa bignonioides","ALTURA":"15","MINTDISTRITO":"03","NOMBRE_DISTRITO":"RETIRO","MINTBARRIO":"035","NOMBRE_BARRIO":"LOS JERONIMOS","OBJECTID":9776032}},{"type":"Feature","id":9776364,"geometry":{"type":"Point","coordinates":[-3.6862349197281423,40.417691071709918]},"properties":{"ESA_ESPECIE":"AHI","NOMBRE_COMUN":"Castaño de indias","NOMBRE_ESPECIE":"Aesculus hippocastanum","ALTURA":"5","MINTDISTRITO":"03","NOMBRE_DISTRITO":"RETIRO","MINTBARRIO":"035","NOMBRE_BARRIO":"LOS JERONIMOS","OBJECTID":9776364}},{"type":"Feature","id":9765621,"geometry":{"type":"Point","coordinates":[-3.686454529211634,40.415828859099605]},"properties":{"ESA_ESPECIE":"GTR","NOMBRE_COMUN":"Acacia de tres espinas","NOMBRE_ESPECIE":"Gleditsia triacanthos","ALTURA":"6","MINTDISTRITO":"03","NOMBRE_DISTRITO":"RETIRO","MINTBARRIO":"035","NOMBRE_BARRIO":"LOS JERONIMOS","OBJECTID":9765621}},{"type":"Feature","id":9770127,"geometry":{"type":"Point","coordinates":[-3.6858870257040706,40.413578883273054]},"properties":{"ESA_ESPECIE":"AHI","NOMBRE_COMUN":"Castaño de indias","NOMBRE_ESPECIE":"Aesculus hippocastanum","ALTURA":"4,5","MINTDISTRITO":"03","NOMBRE_DISTRITO":"RETIRO","MINTBARRIO":"035","NOMBRE_BARRIO":"LOS JERONIMOS","OBJECTID":9770127}},{"type":"Feature","id":9770198,"geometry":{"type":"Point","coordinates":[-3.6871081575243188,40.414285780227502]},"properties":{"ESA_ESPECIE":"AHI","NOMBRE_COMUN":"Castaño de indias","NOMBRE_ESPECIE":"Aesculus hippocastanum","ALTURA":"12","MINTDISTRITO":"03","NOMBRE_DISTRITO":"RETIRO","MINTBARRIO":"035","NOMBRE_BARRIO":"LOS JERONIMOS","OBJECTID":9770198}},{"type":"Feature","id":9765550,"geometry":{"type":"Point","coordinates":[-3.6877055997863164,40.41556565744019]},"properties":{"ESA_ESPECIE":"LJA","NOMBRE_COMUN":"Aligustre del Japón","NOMBRE_ESPECIE":"Ligustrum japonicum","ALTURA":"3","MINTDISTRITO":"03","NOMBRE_DISTRITO":"RETIRO","MINTBARRIO":"035","NOMBRE_BARRIO":"LOS JERONIMOS","OBJECTID":9765550}},{"type":"Feature","id":9765953,"geometry":{"type":"Point","coordinates":[-3.6877130617562939,40.41711814231045]},"properties":{"ESA_ESPECIE":"AHI","NOMBRE_COMUN":"Castaño de indias","NOMBRE_ESPECIE":"Aesculus hippocastanum","ALTURA":"12","MINTDISTRITO":"03","NOMBRE_DISTRITO":"RETIRO","MINTBARRIO":"035","NOMBRE_BARRIO":"LOS JERONIMOS","OBJECTID":9765953}},{"type":"Feature","id":9815233,"geometry":{"type":"Point","coordinates":[-3.6859701940209679,40.412979161688895]},"properties":{"ESA_ESPECIE":"LNO","NOMBRE_COMUN":"Laurel","NOMBRE_ESPECIE":"Laurus nobilis","ALTURA":"2,6","MINTDISTRITO":"03","NOMBRE_DISTRITO":"RETIRO","MINTBARRIO":"035","NOMBRE_BARRIO":"LOS JERONIMOS","OBJECTID":9815233}},{"type":"Feature","id":9775368,"geometry":{"type":"Point","coordinates":[-3.6848873378909497,40.412244352243526]},"properties":{"ESA_ESPECIE":"ACA","NOMBRE_COMUN":"Arce campestre","NOMBRE_ESPECIE":"Acer campestre","ALTURA":"9","MINTDISTRITO":"03","NOMBRE_DISTRITO":"RETIRO","MINTBARRIO":"035","NOMBRE_BARRIO":"LOS JERONIMOS","OBJECTID":9775368}},{"type":"Feature","id":9773779,"geometry":{"type":"Point","coordinates":[-3.6847306055677613,40.412007171225383]},"properties":{"ESA_ESPECIE":"AHI","NOMBRE_COMUN":"Castaño de indias","NOMBRE_ESPECIE":"Aesculus hippocastanum","ALTURA":"10","MINTDISTRITO":"03","NOMBRE_DISTRITO":"RETIRO","MINTBARRIO":"035","NOMBRE_BARRIO":"LOS JERONIMOS","OBJECTID":9773779}},{"type":"Feature","id":9766878,"geometry":{"type":"Point","coordinates":[-3.6859336074841655,40.410721208530099]},"properties":{"ESA_ESPECIE":"TFO","NOMBRE_COMUN":"Palma de Fortune","NOMBRE_ESPECIE":"Trachycarpus fortunei","ALTURA":null,"MINTDISTRITO":"03","NOMBRE_DISTRITO":"RETIRO","MINTBARRIO":"035","NOMBRE_BARRIO":"LOS JERONIMOS","OBJECTID":9766878}},{"type":"Feature","id":9773115,"geometry":{"type":"Point","coordinates":[-3.6841772419243415,40.410973324469772]},"properties":{"ESA_ESPECIE":"ACA","NOMBRE_COMUN":"Arce campestre","NOMBRE_ESPECIE":"Acer campestre","ALTURA":"5,5","MINTDISTRITO":"03","NOMBRE_DISTRITO":"RETIRO","MINTBARRIO":"035","NOMBRE_BARRIO":"LOS JERONIMOS","OBJECTID":9773115}},{"type":"Feature","id":9814569,"geometry":{"type":"Point","coordinates":[-3.6834129471573651,40.41139865768492]},"properties":{"ESA_ESPECIE":"UMI","NOMBRE_COMUN":"Olmo común","NOMBRE_ESPECIE":"Ulmus minor","ALTURA":"1,75","MINTDISTRITO":"03","NOMBRE_DISTRITO":"RETIRO","MINTBARRIO":"035","NOMBRE_BARRIO":"LOS JERONIMOS","OBJECTID":9814569}},{"type":"Feature","id":9770791,"geometry":{"type":"Point","coordinates":[-3.6880837470325409,40.412106454190585]},"properties":{"ESA_ESPECIE":"AHI","NOMBRE_COMUN":"Castaño de indias","NOMBRE_ESPECIE":"Aesculus hippocastanum","ALTURA":"13","MINTDISTRITO":"03","NOMBRE_DISTRITO":"RETIRO","MINTBARRIO":"035","NOMBRE_BARRIO":"LOS JERONIMOS","OBJECTID":9770791}},{"type":"Feature","id":9769866,"geometry":{"type":"Point","coordinates":[-3.6885182326709036,40.410044667712874]},"properties":{"ESA_ESPECIE":"AHI","NOMBRE_COMUN":"Castaño de indias","NOMBRE_ESPECIE":"Aesculus hippocastanum","ALTURA":"14","MINTDISTRITO":"03","NOMBRE_DISTRITO":"RETIRO","MINTBARRIO":"035","NOMBRE_BARRIO":"LOS JERONIMOS","OBJECTID":9769866}},{"type":"Feature","id":9769795,"geometry":{"type":"Point","coordinates":[-3.6854961968774678,40.410130102181412]},"properties":{"ESA_ESPECIE":"JNI","NOMBRE_COMUN":"Nogal negro","NOMBRE_ESPECIE":"Juglans nigra","ALTURA":"3,5","MINTDISTRITO":"03","NOMBRE_DISTRITO":"RETIRO","MINTBARRIO":"035","NOMBRE_BARRIO":"LOS JERONIMOS","OBJECTID":9769795}},{"type":"Feature","id":9901319,"geometry":{"type":"Point","coordinates":[-3.6841902149559163,40.410195621849752]},"properties":{"ESA_ESPECIE":"PDU","NOMBRE_COMUN":"Almendro","NOMBRE_ESPECIE":"Prunus dulcis","ALTURA":"4,5","MINTDISTRITO":"03","NOMBRE_DISTRITO":"RETIRO","MINTBARRIO":"035","NOMBRE_BARRIO":"LOS JERONIMOS","OBJECTID":9901319}},{"type":"Feature","id":9813241,"geometry":{"type":"Point","coordinates":[-3.683801584386786,40.410397741850417]},"properties":{"ESA_ESPECIE":"PNI","NOMBRE_COMUN":"Chopo negro","NOMBRE_ESPECIE":"Populus nigra","ALTURA":"5","MINTDISTRITO":"03","NOMBRE_DISTRITO":"RETIRO","MINTBARRIO":"035","NOMBRE_BARRIO":"LOS JERONIMOS","OBJECTID":9813241}},{"type":"Feature","id":9808023,"geometry":{"type":"Point","coordinates":[-3.6882335420400589,40.419097341452378]},"properties":{"ESA_ESPECIE":"CAD","NOMBRE_COMUN":"Cedro blanco","NOMBRE_ESPECIE":"Calocedrus decurrens","ALTURA":"12","MINTDISTRITO":"03","NOMBRE_DISTRITO":"RETIRO","MINTBARRIO":"035","NOMBRE_BARRIO":"LOS JERONIMOS","OBJECTID":9808023}},{"type":"Feature","id":9776934,"geometry":{"type":"Point","coordinates":[-3.6880504626468142,40.418925151192859]},"properties":{"ESA_ESPECIE":"AHI","NOMBRE_COMUN":"Castaño de indias","NOMBRE_ESPECIE":"Aesculus hippocastanum","ALTURA":"8,5","MINTDISTRITO":"03","NOMBRE_DISTRITO":"RETIRO","MINTBARRIO":"035","NOMBRE_BARRIO":"LOS JERONIMOS","OBJECTID":9776934}},{"type":"Feature","id":9801193,"geometry":{"type":"Point","coordinates":[-3.6886792143734568,40.414133801610269]},"properties":{"ESA_ESPECIE":"AHI","NOMBRE_COMUN":"Castaño de indias","NOMBRE_ESPECIE":"Aesculus hippocastanum","ALTURA":"7","MINTDISTRITO":"03","NOMBRE_DISTRITO":"RETIRO","MINTBARRIO":"035","NOMBRE_BARRIO":"LOS JERONIMOS","OBJECTID":9801193}},{"type":"Feature","id":9803068,"geometry":{"type":"Point","coordinates":[-3.6880449367198778,40.414673157010824]},"properties":{"ESA_ESPECIE":"AHI","NOMBRE_COMUN":"Castaño de indias","NOMBRE_ESPECIE":"Aesculus hippocastanum","ALTURA":"9,5","MINTDISTRITO":"03","NOMBRE_DISTRITO":"RETIRO","MINTBARRIO":"035","NOMBRE_BARRIO":"LOS JERONIMOS","OBJECTID":9803068}},{"type":"Feature","id":9766237,"geometry":{"type":"Point","coordinates":[-3.6806319954830093,40.420774654790506]},"properties":{"ESA_ESPECIE":"PDA","NOMBRE_COMUN":"Plátano de sombra/Platanus x hybrida","NOMBRE_ESPECIE":"Platanus x hispanica","ALTURA":"14,5","MINTDISTRITO":"03","NOMBRE_DISTRITO":"RETIRO","MINTBARRIO":"035","NOMBRE_BARRIO":"LOS JERONIMOS","OBJECTID":9766237}},{"type":"Feature","id":9813882,"geometry":{"type":"Point","coordinates":[-3.6774188088900051,40.411281301271671]},"properties":{"ESA_ESPECIE":"LJA","NOMBRE_COMUN":"Aligustre del Japón","NOMBRE_ESPECIE":"Ligustrum japonicum","ALTURA":"3","MINTDISTRITO":"03","NOMBRE_DISTRITO":"RETIRO","MINTBARRIO":"035","NOMBRE_BARRIO":"LOS JERONIMOS","OBJECTID":9813882}},{"type":"Feature","id":9769440,"geometry":{"type":"Point","coordinates":[-3.6774709246460144,40.411800566340041]},"properties":{"ESA_ESPECIE":"CSI","NOMBRE_COMUN":"Árbol del amor","NOMBRE_ESPECIE":"Cercis siliquastrum","ALTURA":"6","MINTDISTRITO":"03","NOMBRE_DISTRITO":"RETIRO","MINTBARRIO":"035","NOMBRE_BARRIO":"LOS JERONIMOS","OBJECTID":9769440}},{"type":"Feature","id":9766569,"geometry":{"type":"Point","coordinates":[-3.6778781889013179,40.415027655421461]},"properties":{"ESA_ESPECIE":"UPU","NOMBRE_COMUN":"Olmo de Siberia","NOMBRE_ESPECIE":"Ulmus pumila","ALTURA":"13","MINTDISTRITO":"03","NOMBRE_DISTRITO":"RETIRO","MINTBARRIO":"035","NOMBRE_BARRIO":"LOS JERONIMOS","OBJECTID":9766569}},{"type":"Feature","id":9811011,"geometry":{"type":"Point","coordinates":[-3.6838915776249883,40.420770905896298]},"properties":{"ESA_ESPECIE":"AHI","NOMBRE_COMUN":"Castaño de indias","NOMBRE_ESPECIE":"Aesculus hippocastanum","ALTURA":"12,5","MINTDISTRITO":"03","NOMBRE_DISTRITO":"RETIRO","MINTBARRIO":"035","NOMBRE_BARRIO":"LOS JERONIMOS","OBJECTID":9811011}},{"type":"Feature","id":9811558,"geometry":{"type":"Point","coordinates":[-3.6826744722955005,40.420989613329915]},"properties":{"ESA_ESPECIE":"AHI","NOMBRE_COMUN":"Castaño de indias","NOMBRE_ESPECIE":"Aesculus hippocastanum","ALTURA":"14,5","MINTDISTRITO":"03","NOMBRE_DISTRITO":"RETIRO","MINTBARRIO":"035","NOMBRE_BARRIO":"LOS JERONIMOS","OBJECTID":9811558}},{"type":"Feature","id":9765905,"geometry":{"type":"Point","coordinates":[-3.6863943628955917,40.418464542807911]},"properties":{"ESA_ESPECIE":"TIP","NOMBRE_COMUN":"Tilo de hojas grandes","NOMBRE_ESPECIE":"Tilia platyphyllos","ALTURA":"4,5","MINTDISTRITO":"03","NOMBRE_DISTRITO":"RETIRO","MINTBARRIO":"035","NOMBRE_BARRIO":"LOS JERONIMOS","OBJECTID":9765905}},{"type":"Feature","id":9779043,"geometry":{"type":"Point","coordinates":[-3.686303323666237,40.41914598685937]},"properties":{"ESA_ESPECIE":"AHI","NOMBRE_COMUN":"Castaño de indias","NOMBRE_ESPECIE":"Aesculus hippocastanum","ALTURA":"6","MINTDISTRITO":"03","NOMBRE_DISTRITO":"RETIRO","MINTBARRIO":"035","NOMBRE_BARRIO":"LOS JERONIMOS","OBJECTID":9779043}},{"type":"Feature","id":9778379,"geometry":{"type":"Point","coordinates":[-3.6784297512402322,40.408466636856026]},"properties":{"ESA_ESPECIE":"CSI","NOMBRE_COMUN":"Árbol del amor","NOMBRE_ESPECIE":"Cercis siliquastrum","ALTURA":"6,5","MINTDISTRITO":"03","NOMBRE_DISTRITO":"RETIRO","MINTBARRIO":"035","NOMBRE_BARRIO":"LOS JERONIMOS","OBJECTID":9778379}},{"type":"Feature","id":9814214,"geometry":{"type":"Point","coordinates":[-3.6784207888908038,40.409849859735786]},"properties":{"ESA_ESPECIE":"QIL","NOMBRE_COMUN":"Encina","NOMBRE_ESPECIE":"Quercus ilex","ALTURA":"3","MINTDISTRITO":"03","NOMBRE_DISTRITO":"RETIRO","MINTBARRIO":"035","NOMBRE_BARRIO":"LOS JERONIMOS","OBJECTID":9814214}},{"type":"Feature","id":9778594,"geometry":{"type":"Point","coordinates":[-3.677875651820131,40.410676926673311]},"properties":{"ESA_ESPECIE":"PDA","NOMBRE_COMUN":"Plátano de sombra/Platanus x hybrida","NOMBRE_ESPECIE":"Platanus x hispanica","ALTURA":"18","MINTDISTRITO":"03","NOMBRE_DISTRITO":"RETIRO","MINTBARRIO":"035","NOMBRE_BARRIO":"LOS JERONIMOS","OBJECTID":9778594}},{"type":"Feature","id":9777930,"geometry":{"type":"Point","coordinates":[-3.6774694291553174,40.410728857443885]},"properties":{"ESA_ESPECIE":"CAR","NOMBRE_COMUN":"Ciprés de Arizona","NOMBRE_ESPECIE":"Cupressus arizonica","ALTURA":"9","MINTDISTRITO":"03","NOMBRE_DISTRITO":"RETIRO","MINTBARRIO":"035","NOMBRE_BARRIO":"LOS JERONIMOS","OBJECTID":9777930}},{"type":"Feature","id":9783217,"geometry":{"type":"Point","coordinates":[-3.6842178470518125,40.419545646480351]},"properties":{"ESA_ESPECIE":"TFO","NOMBRE_COMUN":"Palma de Fortune","NOMBRE_ESPECIE":"Trachycarpus fortunei","ALTURA":"8,5","MINTDISTRITO":"03","NOMBRE_DISTRITO":"RETIRO","MINTBARRIO":"035","NOMBRE_BARRIO":"LOS JERONIMOS","OBJECTID":9783217}},{"type":"Feature","id":9778926,"geometry":{"type":"Point","coordinates":[-3.685064664491668,40.419044323594512]},"properties":{"ESA_ESPECIE":"AHI","NOMBRE_COMUN":"Castaño de indias","NOMBRE_ESPECIE":"Aesculus hippocastanum","ALTURA":"6,5","MINTDISTRITO":"03","NOMBRE_DISTRITO":"RETIRO","MINTBARRIO":"035","NOMBRE_BARRIO":"LOS JERONIMOS","OBJECTID":9778926}},{"type":"Feature","id":9777051,"geometry":{"type":"Point","coordinates":[-3.6851944289516818,40.41927526724163]},"properties":{"ESA_ESPECIE":"PDA","NOMBRE_COMUN":"Plátano de sombra/Platanus x hybrida","NOMBRE_ESPECIE":"Platanus x hispanica","ALTURA":"8","MINTDISTRITO":"03","NOMBRE_DISTRITO":"RETIRO","MINTBARRIO":"035","NOMBRE_BARRIO":"LOS JERONIMOS","OBJECTID":9777051}},{"type":"Feature","id":9783549,"geometry":{"type":"Point","coordinates":[-3.6846878627574999,40.420508728875014]},"properties":{"ESA_ESPECIE":"APS","NOMBRE_COMUN":"Falso plátano","NOMBRE_ESPECIE":"Acer pseudoplatanus","ALTURA":"3","MINTDISTRITO":"03","NOMBRE_DISTRITO":"RETIRO","MINTBARRIO":"035","NOMBRE_BARRIO":"LOS JERONIMOS","OBJECTID":9783549}},{"type":"Feature","id":9808355,"geometry":{"type":"Point","coordinates":[-3.6859300800890278,40.419247337392548]},"properties":{"ESA_ESPECIE":"AHI","NOMBRE_COMUN":"Castaño de indias","NOMBRE_ESPECIE":"Aesculus hippocastanum","ALTURA":"9","MINTDISTRITO":"03","NOMBRE_DISTRITO":"RETIRO","MINTBARRIO":"035","NOMBRE_BARRIO":"LOS JERONIMOS","OBJECTID":9808355}},{"type":"Feature","id":9776055,"geometry":{"type":"Point","coordinates":[-3.6859440808648412,40.418453251176707]},"properties":{"ESA_ESPECIE":"TIP","NOMBRE_COMUN":"Tilo de hojas grandes","NOMBRE_ESPECIE":"Tilia platyphyllos","ALTURA":"19","MINTDISTRITO":"03","NOMBRE_DISTRITO":"RETIRO","MINTBARRIO":"035","NOMBRE_BARRIO":"LOS JERONIMOS","OBJECTID":9776055}},{"type":"Feature","id":9811675,"geometry":{"type":"Point","coordinates":[-3.6819208892853763,40.419983831525037]},"properties":{"ESA_ESPECIE":"CSI","NOMBRE_COMUN":"Árbol del amor","NOMBRE_ESPECIE":"Cercis siliquastrum","ALTURA":"3","MINTDISTRITO":"03","NOMBRE_DISTRITO":"RETIRO","MINTBARRIO":"035","NOMBRE_BARRIO":"LOS JERONIMOS","OBJECTID":9811675}},{"type":"Feature","id":9779590,"geometry":{"type":"Point","coordinates":[-3.6811715492234049,40.418191556844157]},"properties":{"ESA_ESPECIE":"AHI","NOMBRE_COMUN":"Castaño de indias","NOMBRE_ESPECIE":"Aesculus hippocastanum","ALTURA":"11","MINTDISTRITO":"03","NOMBRE_DISTRITO":"RETIRO","MINTBARRIO":"035","NOMBRE_BARRIO":"LOS JERONIMOS","OBJECTID":9779590}},{"type":"Feature","id":9779375,"geometry":{"type":"Point","coordinates":[-3.6818103266420068,40.41848157662136]},"properties":{"ESA_ESPECIE":"AHI","NOMBRE_COMUN":"Castaño de indias","NOMBRE_ESPECIE":"Aesculus hippocastanum","ALTURA":"10","MINTDISTRITO":"03","NOMBRE_DISTRITO":"RETIRO","MINTBARRIO":"035","NOMBRE_BARRIO":"LOS JERONIMOS","OBJECTID":9779375}},{"type":"Feature","id":9777383,"geometry":{"type":"Point","coordinates":[-3.6829361701641625,40.418188444117092]},"properties":{"ESA_ESPECIE":"CSE","NOMBRE_COMUN":"Ciprés común","NOMBRE_ESPECIE":"Cupressus sempervirens","ALTURA":"9","MINTDISTRITO":"03","NOMBRE_DISTRITO":"RETIRO","MINTBARRIO":"035","NOMBRE_BARRIO":"LOS JERONIMOS","OBJECTID":9777383}},{"type":"Feature","id":9781914,"geometry":{"type":"Point","coordinates":[-3.6826184456288074,40.419713840164349]},"properties":{"ESA_ESPECIE":"AHI","NOMBRE_COMUN":"Castaño de indias","NOMBRE_ESPECIE":"Aesculus hippocastanum","ALTURA":"14","MINTDISTRITO":"03","NOMBRE_DISTRITO":"RETIRO","MINTBARRIO":"035","NOMBRE_BARRIO":"LOS JERONIMOS","OBJECTID":9781914}},{"type":"Feature","id":9812886,"geometry":{"type":"Point","coordinates":[-3.6840423926409973,40.420614157247385]},"properties":{"ESA_ESPECIE":"APS","NOMBRE_COMUN":"Falso plátano","NOMBRE_ESPECIE":"Acer pseudoplatanus","ALTURA":"6,5","MINTDISTRITO":"03","NOMBRE_DISTRITO":"RETIRO","MINTBARRIO":"035","NOMBRE_BARRIO":"LOS JERONIMOS","OBJECTID":9812886}},{"type":"Feature","id":9778047,"geometry":{"type":"Point","coordinates":[-3.6795093851450273,40.408494531338228]},"properties":{"ESA_ESPECIE":"CSE","NOMBRE_COMUN":"Ciprés común","NOMBRE_ESPECIE":"Cupressus sempervirens","ALTURA":"7","MINTDISTRITO":"03","NOMBRE_DISTRITO":"RETIRO","MINTBARRIO":"035","NOMBRE_BARRIO":"LOS JERONIMOS","OBJECTID":9778047}},{"type":"Feature","id":9812554,"geometry":{"type":"Point","coordinates":[-3.6795628044516175,40.408864345699001]},"properties":{"ESA_ESPECIE":"PDU","NOMBRE_COMUN":"Almendro","NOMBRE_ESPECIE":"Prunus dulcis","ALTURA":"4","MINTDISTRITO":"03","NOMBRE_DISTRITO":"RETIRO","MINTBARRIO":"035","NOMBRE_BARRIO":"LOS JERONIMOS","OBJECTID":9812554}},{"type":"Feature","id":9768229,"geometry":{"type":"Point","coordinates":[-3.6789350567631862,40.418068675291472]},"properties":{"ESA_ESPECIE":"AHI","NOMBRE_COMUN":"Castaño de indias","NOMBRE_ESPECIE":"Aesculus hippocastanum","ALTURA":"7","MINTDISTRITO":"03","NOMBRE_DISTRITO":"RETIRO","MINTBARRIO":"035","NOMBRE_BARRIO":"LOS JERONIMOS","OBJECTID":9768229}},{"type":"Feature","id":9764934,"geometry":{"type":"Point","coordinates":[-3.6798039724785916,40.419352043340893]},"properties":{"ESA_ESPECIE":"AHI","NOMBRE_COMUN":"Castaño de indias","NOMBRE_ESPECIE":"Aesculus hippocastanum","ALTURA":"11","MINTDISTRITO":"03","NOMBRE_DISTRITO":"RETIRO","MINTBARRIO":"035","NOMBRE_BARRIO":"LOS JERONIMOS","OBJECTID":9764934}},{"type":"Feature","id":9799201,"geometry":{"type":"Point","coordinates":[-3.680318292225639,40.420601671666752]},"properties":{"ESA_ESPECIE":"FAN","NOMBRE_COMUN":"Fresno de la tierra","NOMBRE_ESPECIE":"Fraxinus angustifolia","ALTURA":"15","MINTDISTRITO":"03","NOMBRE_DISTRITO":"RETIRO","MINTBARRIO":"035","NOMBRE_BARRIO":"LOS JERONIMOS","OBJECTID":9799201}},{"type":"Feature","id":9782553,"geometry":{"type":"Point","coordinates":[-3.6816386238349121,40.408897045688995]},"properties":{"ESA_ESPECIE":"CAU","NOMBRE_COMUN":"Almez","NOMBRE_ESPECIE":"Celtis australis","ALTURA":"18","MINTDISTRITO":"03","NOMBRE_DISTRITO":"RETIRO","MINTBARRIO":"035","NOMBRE_BARRIO":"LOS JERONIMOS","OBJECTID":9782553}},{"type":"Feature","id":9812222,"geometry":{"type":"Point","coordinates":[-3.6806522180342132,40.408725216077357]},"properties":{"ESA_ESPECIE":"ABA","NOMBRE_COMUN":"Abeto blanco","NOMBRE_ESPECIE":"Abies alba","ALTURA":"2","MINTDISTRITO":"03","NOMBRE_DISTRITO":"RETIRO","MINTBARRIO":"035","NOMBRE_BARRIO":"LOS JERONIMOS","OBJECTID":9812222}},{"type":"Feature","id":9901081,"geometry":{"type":"Point","coordinates":[-3.6807805114566658,40.409494393156841]},"properties":{"ESA_ESPECIE":"MAZ","NOMBRE_COMUN":"Malvas","NOMBRE_ESPECIE":"Malva sp","ALTURA":"3,2","MINTDISTRITO":"03","NOMBRE_DISTRITO":"RETIRO","MINTBARRIO":"035","NOMBRE_BARRIO":"LOS JERONIMOS","OBJECTID":9901081}},{"type":"Feature","id":9812339,"geometry":{"type":"Point","coordinates":[-3.6796702643851935,40.408519811121757]},"properties":{"ESA_ESPECIE":"CSE","NOMBRE_COMUN":"Ciprés común","NOMBRE_ESPECIE":"Cupressus sempervirens","ALTURA":"6","MINTDISTRITO":"03","NOMBRE_DISTRITO":"RETIRO","MINTBARRIO":"035","NOMBRE_BARRIO":"LOS JERONIMOS","OBJECTID":9812339}},{"type":"Feature","id":9777598,"geometry":{"type":"Point","coordinates":[-3.6796562772149835,40.408612587586937]},"properties":{"ESA_ESPECIE":"MNI","NOMBRE_COMUN":"Morera","NOMBRE_ESPECIE":"Morus nigra","ALTURA":"5,5","MINTDISTRITO":"03","NOMBRE_DISTRITO":"RETIRO","MINTBARRIO":"035","NOMBRE_BARRIO":"LOS JERONIMOS","OBJECTID":9777598}},{"type":"Feature","id":9781582,"geometry":{"type":"Point","coordinates":[-3.6818438391488897,40.411702427879753]},"properties":{"ESA_ESPECIE":"SJA","NOMBRE_COMUN":"Acacia del Japón/Sophora japonica","NOMBRE_ESPECIE":"Styphnolobium japonicum","ALTURA":"14","MINTDISTRITO":"03","NOMBRE_DISTRITO":"RETIRO","MINTBARRIO":"035","NOMBRE_BARRIO":"LOS JERONIMOS","OBJECTID":9781582}},{"type":"Feature","id":9811226,"geometry":{"type":"Point","coordinates":[-3.6825501506955676,40.412114884217026]},"properties":{"ESA_ESPECIE":"QRO","NOMBRE_COMUN":"Roble común","NOMBRE_ESPECIE":"Quercus robur","ALTURA":"12","MINTDISTRITO":"03","NOMBRE_DISTRITO":"RETIRO","MINTBARRIO":"035","NOMBRE_BARRIO":"LOS JERONIMOS","OBJECTID":9811226}},{"type":"Feature","id":9901628,"geometry":{"type":"Point","coordinates":[-3.6829850900424681,40.410209494721357]},"properties":{"ESA_ESPECIE":"PDU","NOMBRE_COMUN":"Almendro","NOMBRE_ESPECIE":"Prunus dulcis","ALTURA":"3","MINTDISTRITO":"03","NOMBRE_DISTRITO":"RETIRO","MINTBARRIO":"035","NOMBRE_BARRIO":"LOS JERONIMOS","OBJECTID":9901628}},{"type":"Feature","id":9802404,"geometry":{"type":"Point","coordinates":[-3.6830393219080464,40.4100211733099]},"properties":{"ESA_ESPECIE":"CSI","NOMBRE_COMUN":"Árbol del amor","NOMBRE_ESPECIE":"Cercis siliquastrum","ALTURA":"3,5","MINTDISTRITO":"03","NOMBRE_DISTRITO":"RETIRO","MINTBARRIO":"035","NOMBRE_BARRIO":"LOS JERONIMOS","OBJECTID":9802404}},{"type":"Feature","id":9777715,"geometry":{"type":"Point","coordinates":[-3.6820967143107497,40.410258946495006]},"properties":{"ESA_ESPECIE":"LJA","NOMBRE_COMUN":"Aligustre del Japón","NOMBRE_ESPECIE":"Ligustrum japonicum","ALTURA":"6,5","MINTDISTRITO":"03","NOMBRE_DISTRITO":"RETIRO","MINTBARRIO":"035","NOMBRE_BARRIO":"LOS JERONIMOS","OBJECTID":9777715}},{"type":"Feature","id":9768776,"geometry":{"type":"Point","coordinates":[-3.6810375455077637,40.410932401038984]},"properties":{"ESA_ESPECIE":"OEU","NOMBRE_COMUN":"Olivo","NOMBRE_ESPECIE":"Olea europaea","ALTURA":"8","MINTDISTRITO":"03","NOMBRE_DISTRITO":"RETIRO","MINTBARRIO":"035","NOMBRE_BARRIO":"LOS JERONIMOS","OBJECTID":9768776}},{"type":"Feature","id":9800861,"geometry":{"type":"Point","coordinates":[-3.6804975715288628,40.410284126307694]},"properties":{"ESA_ESPECIE":"PHA","NOMBRE_COMUN":"Pino carrasco","NOMBRE_ESPECIE":"Pinus halepensis","ALTURA":"5","MINTDISTRITO":"03","NOMBRE_DISTRITO":"RETIRO","MINTBARRIO":"035","NOMBRE_BARRIO":"LOS JERONIMOS","OBJECTID":9800861}},{"type":"Feature","id":9767233,"geometry":{"type":"Point","coordinates":[-3.6805908153814895,40.409709137285098]},"properties":{"ESA_ESPECIE":"TFO","NOMBRE_COMUN":"Palma de Fortune","NOMBRE_ESPECIE":"Trachycarpus fortunei","ALTURA":null,"MINTDISTRITO":"03","NOMBRE_DISTRITO":"RETIRO","MINTBARRIO":"035","NOMBRE_BARRIO":"LOS JERONIMOS","OBJECTID":9767233}},{"type":"Feature","id":9812007,"geometry":{"type":"Point","coordinates":[-3.6800650599881091,40.41197056320717]},"properties":{"ESA_ESPECIE":"AHI","NOMBRE_COMUN":"Castaño de indias","NOMBRE_ESPECIE":"Aesculus hippocastanum","ALTURA":"4","MINTDISTRITO":"03","NOMBRE_DISTRITO":"RETIRO","MINTBARRIO":"035","NOMBRE_BARRIO":"LOS JERONIMOS","OBJECTID":9812007}},{"type":"Feature","id":9810679,"geometry":{"type":"Point","coordinates":[-3.6808674468164773,40.412401942256729]},"properties":{"ESA_ESPECIE":"URE","NOMBRE_COMUN":"Olmo resistente a la grafiosis","NOMBRE_ESPECIE":"Ulmus\u00A0minor\u00A0'Resista'","ALTURA":"8","MINTDISTRITO":"03","NOMBRE_DISTRITO":"RETIRO","MINTBARRIO":"035","NOMBRE_BARRIO":"LOS JERONIMOS","OBJECTID":9810679}},{"type":"Feature","id":9811890,"geometry":{"type":"Point","coordinates":[-3.6798069097717763,40.41345694494666]},"properties":{"ESA_ESPECIE":"PDA","NOMBRE_COMUN":"Plátano de sombra/Platanus x hybrida","NOMBRE_ESPECIE":"Platanus x hispanica","ALTURA":"8","MINTDISTRITO":"03","NOMBRE_DISTRITO":"RETIRO","MINTBARRIO":"035","NOMBRE_BARRIO":"LOS JERONIMOS","OBJECTID":9811890}},{"type":"Feature","id":9810015,"geometry":{"type":"Point","coordinates":[-3.6797130347029245,40.413750128983601]},"properties":{"ESA_ESPECIE":"PDA","NOMBRE_COMUN":"Plátano de sombra/Platanus x hybrida","NOMBRE_ESPECIE":"Platanus x hispanica","ALTURA":"14","MINTDISTRITO":"03","NOMBRE_DISTRITO":"RETIRO","MINTBARRIO":"035","NOMBRE_BARRIO":"LOS JERONIMOS","OBJECTID":9810015}},{"type":"Feature","id":9801408,"geometry":{"type":"Point","coordinates":[-3.678937129217537,40.412679078707789]},"properties":{"ESA_ESPECIE":"AHI","NOMBRE_COMUN":"Castaño de indias","NOMBRE_ESPECIE":"Aesculus hippocastanum","ALTURA":"8,5","MINTDISTRITO":"03","NOMBRE_DISTRITO":"RETIRO","MINTBARRIO":"035","NOMBRE_BARRIO":"LOS JERONIMOS","OBJECTID":9801408}},{"type":"Feature","id":9801740,"geometry":{"type":"Point","coordinates":[-3.6794677472999791,40.411181611241865]},"properties":{"ESA_ESPECIE":"CSE","NOMBRE_COMUN":"Ciprés común","NOMBRE_ESPECIE":"Cupressus sempervirens","ALTURA":"6,5","MINTDISTRITO":"03","NOMBRE_DISTRITO":"RETIRO","MINTBARRIO":"035","NOMBRE_BARRIO":"LOS JERONIMOS","OBJECTID":9801740}},{"type":"Feature","id":9769108,"geometry":{"type":"Point","coordinates":[-3.679008549877067,40.410436674104396]},"properties":{"ESA_ESPECIE":"QRO","NOMBRE_COMUN":"Roble común","NOMBRE_ESPECIE":"Quercus robur","ALTURA":"7","MINTDISTRITO":"03","NOMBRE_DISTRITO":"RETIRO","MINTBARRIO":"035","NOMBRE_BARRIO":"LOS JERONIMOS","OBJECTID":9769108}},{"type":"Feature","id":9800197,"geometry":{"type":"Point","coordinates":[-3.6792162697905741,40.410897952118944]},"properties":{"ESA_ESPECIE":"PHA","NOMBRE_COMUN":"Pino carrasco","NOMBRE_ESPECIE":"Pinus halepensis","ALTURA":"18","MINTDISTRITO":"03","NOMBRE_DISTRITO":"RETIRO","MINTBARRIO":"035","NOMBRE_BARRIO":"LOS JERONIMOS","OBJECTID":9800197}},{"type":"Feature","id":9809019,"geometry":{"type":"Point","coordinates":[-3.6804993675266484,40.416327542947329]},"properties":{"ESA_ESPECIE":"AHI","NOMBRE_COMUN":"Castaño de indias","NOMBRE_ESPECIE":"Aesculus hippocastanum","ALTURA":"6","MINTDISTRITO":"03","NOMBRE_DISTRITO":"RETIRO","MINTBARRIO":"035","NOMBRE_BARRIO":"LOS JERONIMOS","OBJECTID":9809019}},{"type":"Feature","id":9765266,"geometry":{"type":"Point","coordinates":[-3.680696917530613,40.416286776252178]},"properties":{"ESA_ESPECIE":"AHI","NOMBRE_COMUN":"Castaño de indias","NOMBRE_ESPECIE":"Aesculus hippocastanum","ALTURA":"6,5","MINTDISTRITO":"03","NOMBRE_DISTRITO":"RETIRO","MINTBARRIO":"035","NOMBRE_BARRIO":"LOS JERONIMOS","OBJECTID":9765266}},{"type":"Feature","id":9799865,"geometry":{"type":"Point","coordinates":[-3.6794635797419306,40.416920132928411]},"properties":{"ESA_ESPECIE":"AHI","NOMBRE_COMUN":"Castaño de indias","NOMBRE_ESPECIE":"Aesculus hippocastanum","ALTURA":"10","MINTDISTRITO":"03","NOMBRE_DISTRITO":"RETIRO","MINTBARRIO":"035","NOMBRE_BARRIO":"LOS JERONIMOS","OBJECTID":9799865}},{"type":"Feature","id":9799533,"geometry":{"type":"Point","coordinates":[-3.6796745285299624,40.416294340619295]},"properties":{"ESA_ESPECIE":"CDE","NOMBRE_COMUN":"Cedro llorón","NOMBRE_ESPECIE":"Cedrus deodara","ALTURA":"5,5","MINTDISTRITO":"03","NOMBRE_DISTRITO":"RETIRO","MINTBARRIO":"035","NOMBRE_BARRIO":"LOS JERONIMOS","OBJECTID":9799533}},{"type":"Feature","id":9769225,"geometry":{"type":"Point","coordinates":[-3.6795154010410922,40.415610840333343]},"properties":{"ESA_ESPECIE":"AHI","NOMBRE_COMUN":"Castaño de indias","NOMBRE_ESPECIE":"Aesculus hippocastanum","ALTURA":"4,5","MINTDISTRITO":"03","NOMBRE_DISTRITO":"RETIRO","MINTBARRIO":"035","NOMBRE_BARRIO":"LOS JERONIMOS","OBJECTID":9769225}},{"type":"Feature","id":9810230,"geometry":{"type":"Point","coordinates":[-3.6804212151363331,40.414021973866355]},"properties":{"ESA_ESPECIE":"CSI","NOMBRE_COMUN":"Árbol del amor","NOMBRE_ESPECIE":"Cercis siliquastrum","ALTURA":"8,5","MINTDISTRITO":"03","NOMBRE_DISTRITO":"RETIRO","MINTBARRIO":"035","NOMBRE_BARRIO":"LOS JERONIMOS","OBJECTID":9810230}},{"type":"Feature","id":9777266,"geometry":{"type":"Point","coordinates":[-3.6821653739823392,40.415909741305413]},"properties":{"ESA_ESPECIE":"AHI","NOMBRE_COMUN":"Castaño de indias","NOMBRE_ESPECIE":"Aesculus hippocastanum","ALTURA":"5","MINTDISTRITO":"03","NOMBRE_DISTRITO":"RETIRO","MINTBARRIO":"035","NOMBRE_BARRIO":"LOS JERONIMOS","OBJECTID":9777266}},{"type":"Feature","id":9809351,"geometry":{"type":"Point","coordinates":[-3.6821548808326057,40.41784560458936]},"properties":{"ESA_ESPECIE":"AHI","NOMBRE_COMUN":"Castaño de indias","NOMBRE_ESPECIE":"Aesculus hippocastanum","ALTURA":"12","MINTDISTRITO":"03","NOMBRE_DISTRITO":"RETIRO","MINTBARRIO":"035","NOMBRE_BARRIO":"LOS JERONIMOS","OBJECTID":9809351}},{"type":"Feature","id":9753456,"geometry":{"type":"Point","coordinates":[-3.6825002782012666,40.416674082695529]},"properties":{"ESA_ESPECIE":"RPS","NOMBRE_COMUN":"Falsa acacia","NOMBRE_ESPECIE":"Robinia pseudoacacia","ALTURA":"17","MINTDISTRITO":"03","NOMBRE_DISTRITO":"RETIRO","MINTBARRIO":"035","NOMBRE_BARRIO":"LOS JERONIMOS","OBJECTID":9753456}},{"type":"Feature","id":9779258,"geometry":{"type":"Point","coordinates":[-3.6816798245410913,40.417142700762696]},"properties":{"ESA_ESPECIE":"OEU","NOMBRE_COMUN":"Olivo","NOMBRE_ESPECIE":"Olea europaea","ALTURA":"7","MINTDISTRITO":"03","NOMBRE_DISTRITO":"RETIRO","MINTBARRIO":"035","NOMBRE_BARRIO":"LOS JERONIMOS","OBJECTID":9779258}},{"type":"Feature","id":9779922,"geometry":{"type":"Point","coordinates":[-3.6818298094362283,40.416379740874298]},"properties":{"ESA_ESPECIE":"CSI","NOMBRE_COMUN":"Árbol del amor","NOMBRE_ESPECIE":"Cercis siliquastrum","ALTURA":"3,5","MINTDISTRITO":"03","NOMBRE_DISTRITO":"RETIRO","MINTBARRIO":"035","NOMBRE_BARRIO":"LOS JERONIMOS","OBJECTID":9779922}},{"type":"Feature","id":9808687,"geometry":{"type":"Point","coordinates":[-3.6817385754334637,40.415997538388687]},"properties":{"ESA_ESPECIE":"AHI","NOMBRE_COMUN":"Castaño de indias","NOMBRE_ESPECIE":"Aesculus hippocastanum","ALTURA":"6,5","MINTDISTRITO":"03","NOMBRE_DISTRITO":"RETIRO","MINTBARRIO":"035","NOMBRE_BARRIO":"LOS JERONIMOS","OBJECTID":9808687}},{"type":"Feature","id":9781250,"geometry":{"type":"Point","coordinates":[-3.681970199373406,40.413240159084722]},"properties":{"ESA_ESPECIE":"PDA","NOMBRE_COMUN":"Plátano de sombra/Platanus x hybrida","NOMBRE_ESPECIE":"Platanus x hispanica","ALTURA":"20","MINTDISTRITO":"03","NOMBRE_DISTRITO":"RETIRO","MINTBARRIO":"035","NOMBRE_BARRIO":"LOS JERONIMOS","OBJECTID":9781250}},{"type":"Feature","id":9780254,"geometry":{"type":"Point","coordinates":[-3.681295265890677,40.414876218302211]},"properties":{"ESA_ESPECIE":"PDA","NOMBRE_COMUN":"Plátano de sombra/Platanus x hybrida","NOMBRE_ESPECIE":"Platanus x hispanica","ALTURA":"17","MINTDISTRITO":"03","NOMBRE_DISTRITO":"RETIRO","MINTBARRIO":"035","NOMBRE_BARRIO":"LOS JERONIMOS","OBJECTID":9780254}},{"type":"Feature","id":9809898,"geometry":{"type":"Point","coordinates":[-3.6815831137194039,40.414917729172849]},"properties":{"ESA_ESPECIE":"PDA","NOMBRE_COMUN":"Plátano de sombra/Platanus x hybrida","NOMBRE_ESPECIE":"Platanus x hispanica","ALTURA":"18","MINTDISTRITO":"03","NOMBRE_DISTRITO":"RETIRO","MINTBARRIO":"035","NOMBRE_BARRIO":"LOS JERONIMOS","OBJECTID":9809898}},{"type":"Feature","id":9809683,"geometry":{"type":"Point","coordinates":[-3.6831205925937076,40.413863506113294]},"properties":{"ESA_ESPECIE":"CDE","NOMBRE_COMUN":"Cedro llorón","NOMBRE_ESPECIE":"Cedrus deodara","ALTURA":"12","MINTDISTRITO":"03","NOMBRE_DISTRITO":"RETIRO","MINTBARRIO":"035","NOMBRE_BARRIO":"LOS JERONIMOS","OBJECTID":9809683}},{"type":"Feature","id":9780586,"geometry":{"type":"Point","coordinates":[-3.683246600607665,40.414849207741582]},"properties":{"ESA_ESPECIE":"AHI","NOMBRE_COMUN":"Castaño de indias","NOMBRE_ESPECIE":"Aesculus hippocastanum","ALTURA":"15","MINTDISTRITO":"03","NOMBRE_DISTRITO":"RETIRO","MINTBARRIO":"035","NOMBRE_BARRIO":"LOS JERONIMOS","OBJECTID":9780586}},{"type":"Feature","id":9782885,"geometry":{"type":"Point","coordinates":[-3.6825237587848894,40.415458975482643]},"properties":{"ESA_ESPECIE":"ASA","NOMBRE_COMUN":"Arce del azúcar","NOMBRE_ESPECIE":"Acer saccharinum","ALTURA":"4,5","MINTDISTRITO":"03","NOMBRE_DISTRITO":"RETIRO","MINTBARRIO":"035","NOMBRE_BARRIO":"LOS JERONIMOS","OBJECTID":9782885}},{"type":"Feature","id":9805392,"geometry":{"type":"Point","coordinates":[-3.6838815970463097,40.413606204245177]},"properties":{"ESA_ESPECIE":"AHI","NOMBRE_COMUN":"Castaño de indias","NOMBRE_ESPECIE":"Aesculus hippocastanum","ALTURA":"20","MINTDISTRITO":"03","NOMBRE_DISTRITO":"RETIRO","MINTBARRIO":"035","NOMBRE_BARRIO":"LOS JERONIMOS","OBJECTID":9805392}},{"type":"Feature","id":9806056,"geometry":{"type":"Point","coordinates":[-3.6836081597039119,40.413157386620945]},"properties":{"ESA_ESPECIE":"RPS","NOMBRE_COMUN":"Falsa acacia","NOMBRE_ESPECIE":"Robinia pseudoacacia","ALTURA":"14","MINTDISTRITO":"03","NOMBRE_DISTRITO":"RETIRO","MINTBARRIO":"035","NOMBRE_BARRIO":"LOS JERONIMOS","OBJECTID":9806056}},{"type":"Feature","id":9806388,"geometry":{"type":"Point","coordinates":[-3.6835641472987275,40.412706410322748]},"properties":{"ESA_ESPECIE":"AHI","NOMBRE_COMUN":"Castaño de indias","NOMBRE_ESPECIE":"Aesculus hippocastanum","ALTURA":"16","MINTDISTRITO":"03","NOMBRE_DISTRITO":"RETIRO","MINTBARRIO":"035","NOMBRE_BARRIO":"LOS JERONIMOS","OBJECTID":9806388}},{"type":"Feature","id":9780918,"geometry":{"type":"Point","coordinates":[-3.6824339302942311,40.412912015813809]},"properties":{"ESA_ESPECIE":"PAR","NOMBRE_COMUN":"Peral de flor 'Chanticleer'","NOMBRE_ESPECIE":"Pyrus calleryana 'Chanticleer'","ALTURA":"4","MINTDISTRITO":"03","NOMBRE_DISTRITO":"RETIRO","MINTBARRIO":"035","NOMBRE_BARRIO":"LOS JERONIMOS","OBJECTID":9780918}},{"type":"Feature","id":9810894,"geometry":{"type":"Point","coordinates":[-3.6824339301122135,40.412911997796769]},"properties":{"ESA_ESPECIE":"PAR","NOMBRE_COMUN":"Peral de flor 'Chanticleer'","NOMBRE_ESPECIE":"Pyrus calleryana 'Chanticleer'","ALTURA":"4","MINTDISTRITO":"03","NOMBRE_DISTRITO":"RETIRO","MINTBARRIO":"035","NOMBRE_BARRIO":"LOS JERONIMOS","OBJECTID":9810894}},{"type":"Feature","id":9810562,"geometry":{"type":"Point","coordinates":[-3.6809170700360987,40.413188023458282]},"properties":{"ESA_ESPECIE":"CDE","NOMBRE_COMUN":"Cedro llorón","NOMBRE_ESPECIE":"Cedrus deodara","ALTURA":"25","MINTDISTRITO":"03","NOMBRE_DISTRITO":"RETIRO","MINTBARRIO":"035","NOMBRE_BARRIO":"LOS JERONIMOS","OBJECTID":9810562}},{"type":"Feature","id":9804396,"geometry":{"type":"Point","coordinates":[-3.6845891115868175,40.413500331963959]},"properties":{"ESA_ESPECIE":"GDI","NOMBRE_COMUN":"Cafetero de Kentucky","NOMBRE_ESPECIE":"Gymnocladus dioica","ALTURA":"13,5","MINTDISTRITO":"03","NOMBRE_DISTRITO":"RETIRO","MINTBARRIO":"035","NOMBRE_BARRIO":"LOS JERONIMOS","OBJECTID":9804396}},{"type":"Feature","id":9806720,"geometry":{"type":"Point","coordinates":[-3.6853392449394526,40.412826524240643]},"properties":{"ESA_ESPECIE":"CSI","NOMBRE_COMUN":"Árbol del amor","NOMBRE_ESPECIE":"Cercis siliquastrum","ALTURA":"5","MINTDISTRITO":"03","NOMBRE_DISTRITO":"RETIRO","MINTBARRIO":"035","NOMBRE_BARRIO":"LOS JERONIMOS","OBJECTID":9806720}},{"type":"Feature","id":9896790,"geometry":{"type":"Point","coordinates":[-3.6798389001701559,40.408524162067138]},"properties":{"ESA_ESPECIE":"CLE","NOMBRE_COMUN":"Ciprés de Leyland/x Cupressocyparis leylandii","NOMBRE_ESPECIE":"x Cupressocyparis x leylandii","ALTURA":"3,5","MINTDISTRITO":"03","NOMBRE_DISTRITO":"RETIRO","MINTBARRIO":"035","NOMBRE_BARRIO":"LOS JERONIMOS","OBJECTID":9896790}},{"type":"Feature","id":9764602,"geometry":{"type":"Point","coordinates":[-3.6886074973366343,40.417337864519261]},"properties":{"ESA_ESPECIE":"SJA","NOMBRE_COMUN":"Acacia del Japón/Sophora japonica","NOMBRE_ESPECIE":"Styphnolobium japonicum","ALTURA":"3","MINTDISTRITO":"03","NOMBRE_DISTRITO":"RETIRO","MINTBARRIO":"035","NOMBRE_BARRIO":"LOS JERONIMOS","OBJECTID":9764602}},{"type":"Feature","id":9756112,"geometry":{"type":"Point","coordinates":[-3.6885811696447259,40.418513417058669]},"properties":{"ESA_ESPECIE":"URE","NOMBRE_COMUN":"Olmo resistente a la grafiosis","NOMBRE_ESPECIE":"Ulmus\u00A0minor\u00A0'Resista'","ALTURA":"3","MINTDISTRITO":"03","NOMBRE_DISTRITO":"RETIRO","MINTBARRIO":"035","NOMBRE_BARRIO":"LOS JERONIMOS","OBJECTID":9756112}},{"type":"Feature","id":9803755,"geometry":{"type":"Point","coordinates":[-3.6885562513499499,40.413119132730998]},"properties":{"ESA_ESPECIE":"UPU","NOMBRE_COMUN":"Olmo de Siberia","NOMBRE_ESPECIE":"Ulmus pumila","ALTURA":"13","MINTDISTRITO":"03","NOMBRE_DISTRITO":"RETIRO","MINTBARRIO":"035","NOMBRE_BARRIO":"LOS JERONIMOS","OBJECTID":9803755}},{"type":"Feature","id":9806411,"geometry":{"type":"Point","coordinates":[-3.684211543292037,40.411987307029591]},"properties":{"ESA_ESPECIE":"MPO","NOMBRE_COMUN":"Naranjo de Luisiana","NOMBRE_ESPECIE":"Maclura pomifera","ALTURA":"5,5","MINTDISTRITO":"03","NOMBRE_DISTRITO":"RETIRO","MINTBARRIO":"035","NOMBRE_BARRIO":"LOS JERONIMOS","OBJECTID":9806411}},{"type":"Feature","id":9904971,"geometry":{"type":"Point","coordinates":[-3.6838401778500214,40.411251842542335]},"properties":{"ESA_ESPECIE":"TFO","NOMBRE_COMUN":"Palma de Fortune","NOMBRE_ESPECIE":"Trachycarpus fortunei","ALTURA":"4,5","MINTDISTRITO":"03","NOMBRE_DISTRITO":"RETIRO","MINTBARRIO":"035","NOMBRE_BARRIO":"LOS JERONIMOS","OBJECTID":9904971}},{"type":"Feature","id":9806340,"geometry":{"type":"Point","coordinates":[-3.6838506253589567,40.410884427426012]},"properties":{"ESA_ESPECIE":"ZSE","NOMBRE_COMUN":"Zelkova japonesa","NOMBRE_ESPECIE":"Zelkova serrata","ALTURA":"3,5","MINTDISTRITO":"03","NOMBRE_DISTRITO":"RETIRO","MINTBARRIO":"035","NOMBRE_BARRIO":"LOS JERONIMOS","OBJECTID":9806340}},{"type":"Feature","id":9764625,"geometry":{"type":"Point","coordinates":[-3.6837862047185168,40.410418787877369]},"properties":{"ESA_ESPECIE":"PNI","NOMBRE_COMUN":"Chopo negro","NOMBRE_ESPECIE":"Populus nigra","ALTURA":"5","MINTDISTRITO":"03","NOMBRE_DISTRITO":"RETIRO","MINTBARRIO":"035","NOMBRE_BARRIO":"LOS JERONIMOS","OBJECTID":9764625}},{"type":"Feature","id":9802427,"geometry":{"type":"Point","coordinates":[-3.6861383284259701,40.410495007021147]},"properties":{"ESA_ESPECIE":"AHI","NOMBRE_COMUN":"Castaño de indias","NOMBRE_ESPECIE":"Aesculus hippocastanum","ALTURA":"12","MINTDISTRITO":"03","NOMBRE_DISTRITO":"RETIRO","MINTBARRIO":"035","NOMBRE_BARRIO":"LOS JERONIMOS","OBJECTID":9802427}},{"type":"Feature","id":9802759,"geometry":{"type":"Point","coordinates":[-3.6855849958161597,40.412281388851937]},"properties":{"ESA_ESPECIE":"UPU","NOMBRE_COMUN":"Olmo de Siberia","NOMBRE_ESPECIE":"Ulmus pumila","ALTURA":"7","MINTDISTRITO":"03","NOMBRE_DISTRITO":"RETIRO","MINTBARRIO":"035","NOMBRE_BARRIO":"LOS JERONIMOS","OBJECTID":9802759}},{"type":"Feature","id":9805747,"geometry":{"type":"Point","coordinates":[-3.6844540228137981,40.412320333021867]},"properties":{"ESA_ESPECIE":"QRO","NOMBRE_COMUN":"Roble común","NOMBRE_ESPECIE":"Quercus robur","ALTURA":"6,5","MINTDISTRITO":"03","NOMBRE_DISTRITO":"RETIRO","MINTBARRIO":"035","NOMBRE_BARRIO":"LOS JERONIMOS","OBJECTID":9805747}},{"type":"Feature","id":9770459,"geometry":{"type":"Point","coordinates":[-3.6856542529950329,40.412766926563606]},"properties":{"ESA_ESPECIE":"ACA","NOMBRE_COMUN":"Arce campestre","NOMBRE_ESPECIE":"Acer campestre","ALTURA":"6","MINTDISTRITO":"03","NOMBRE_DISTRITO":"RETIRO","MINTBARRIO":"035","NOMBRE_BARRIO":"LOS JERONIMOS","OBJECTID":9770459}},{"type":"Feature","id":9802498,"geometry":{"type":"Point","coordinates":[-3.6870053031550487,40.413673388515157]},"properties":{"ESA_ESPECIE":"AHI","NOMBRE_COMUN":"Castaño de indias","NOMBRE_ESPECIE":"Aesculus hippocastanum","ALTURA":"7","MINTDISTRITO":"03","NOMBRE_DISTRITO":"RETIRO","MINTBARRIO":"035","NOMBRE_BARRIO":"LOS JERONIMOS","OBJECTID":9802498}},{"type":"Feature","id":9803091,"geometry":{"type":"Point","coordinates":[-3.6872308513085676,40.412298518798721]},"properties":{"ESA_ESPECIE":"CSE","NOMBRE_COMUN":"Ciprés común","NOMBRE_ESPECIE":"Cupressus sempervirens","ALTURA":"6,5","MINTDISTRITO":"03","NOMBRE_DISTRITO":"RETIRO","MINTBARRIO":"035","NOMBRE_BARRIO":"LOS JERONIMOS","OBJECTID":9803091}},{"type":"Feature","id":9803162,"geometry":{"type":"Point","coordinates":[-3.6871329314164751,40.411807197379147]},"properties":{"ESA_ESPECIE":"CSE","NOMBRE_COMUN":"Ciprés común","NOMBRE_ESPECIE":"Cupressus sempervirens","ALTURA":"6","MINTDISTRITO":"03","NOMBRE_DISTRITO":"RETIRO","MINTBARRIO":"035","NOMBRE_BARRIO":"LOS JERONIMOS","OBJECTID":9803162}},{"type":"Feature","id":9783526,"geometry":{"type":"Point","coordinates":[-3.6879092534322315,40.411269099932625]},"properties":{"ESA_ESPECIE":"CSI","NOMBRE_COMUN":"Árbol del amor","NOMBRE_ESPECIE":"Cercis siliquastrum","ALTURA":"2","MINTDISTRITO":"03","NOMBRE_DISTRITO":"RETIRO","MINTBARRIO":"035","NOMBRE_BARRIO":"LOS JERONIMOS","OBJECTID":9783526}},{"type":"Feature","id":9804087,"geometry":{"type":"Point","coordinates":[-3.6870887499716187,40.416324436339437]},"properties":{"ESA_ESPECIE":"CAU","NOMBRE_COMUN":"Almez","NOMBRE_ESPECIE":"Celtis australis","ALTURA":"15","MINTDISTRITO":"03","NOMBRE_DISTRITO":"RETIRO","MINTBARRIO":"035","NOMBRE_BARRIO":"LOS JERONIMOS","OBJECTID":9804087}},{"type":"Feature","id":9802830,"geometry":{"type":"Point","coordinates":[-3.6865873968867655,40.414304702790645]},"properties":{"ESA_ESPECIE":"AHI","NOMBRE_COMUN":"Castaño de indias","NOMBRE_ESPECIE":"Aesculus hippocastanum","ALTURA":"10","MINTDISTRITO":"03","NOMBRE_DISTRITO":"RETIRO","MINTBARRIO":"035","NOMBRE_BARRIO":"LOS JERONIMOS","OBJECTID":9802830}},{"type":"Feature","id":9807407,"geometry":{"type":"Point","coordinates":[-3.6862671756811727,40.417330923789777]},"properties":{"ESA_ESPECIE":"AHI","NOMBRE_COMUN":"Castaño de indias","NOMBRE_ESPECIE":"Aesculus hippocastanum","ALTURA":"20","MINTDISTRITO":"03","NOMBRE_DISTRITO":"RETIRO","MINTBARRIO":"035","NOMBRE_BARRIO":"LOS JERONIMOS","OBJECTID":9807407}},{"type":"Feature","id":9807668,"geometry":{"type":"Point","coordinates":[-3.6867000590444978,40.417655868379882]},"properties":{"ESA_ESPECIE":"AHI","NOMBRE_COMUN":"Castaño de indias","NOMBRE_ESPECIE":"Aesculus hippocastanum","ALTURA":"10","MINTDISTRITO":"03","NOMBRE_DISTRITO":"RETIRO","MINTBARRIO":"035","NOMBRE_BARRIO":"LOS JERONIMOS","OBJECTID":9807668}},{"type":"Feature","id":9807336,"geometry":{"type":"Point","coordinates":[-3.6878945820539766,40.417066071237635]},"properties":{"ESA_ESPECIE":"AHI","NOMBRE_COMUN":"Castaño de indias","NOMBRE_ESPECIE":"Aesculus hippocastanum","ALTURA":"9","MINTDISTRITO":"03","NOMBRE_DISTRITO":"RETIRO","MINTBARRIO":"035","NOMBRE_BARRIO":"LOS JERONIMOS","OBJECTID":9807336}},{"type":"Feature","id":9804419,"geometry":{"type":"Point","coordinates":[-3.6842232370734083,40.41422630309436]},"properties":{"ESA_ESPECIE":"QRO","NOMBRE_COMUN":"Roble común","NOMBRE_ESPECIE":"Quercus robur","ALTURA":"16","MINTDISTRITO":"03","NOMBRE_DISTRITO":"RETIRO","MINTBARRIO":"035","NOMBRE_BARRIO":"LOS JERONIMOS","OBJECTID":9804419}},{"type":"Feature","id":9804751,"geometry":{"type":"Point","coordinates":[-3.6853978082735699,40.416157706363741]},"properties":{"ESA_ESPECIE":"AHI","NOMBRE_COMUN":"Castaño de indias","NOMBRE_ESPECIE":"Aesculus hippocastanum","ALTURA":"13","MINTDISTRITO":"03","NOMBRE_DISTRITO":"RETIRO","MINTBARRIO":"035","NOMBRE_BARRIO":"LOS JERONIMOS","OBJECTID":9804751}},{"type":"Feature","id":9803423,"geometry":{"type":"Point","coordinates":[-3.6845808243453684,40.415301650894172]},"properties":{"ESA_ESPECIE":"AHI","NOMBRE_COMUN":"Castaño de indias","NOMBRE_ESPECIE":"Aesculus hippocastanum","ALTURA":"12","MINTDISTRITO":"03","NOMBRE_DISTRITO":"RETIRO","MINTBARRIO":"035","NOMBRE_BARRIO":"LOS JERONIMOS","OBJECTID":9803423}},{"type":"Feature","id":9772119,"geometry":{"type":"Point","coordinates":[-3.6852158565748927,40.41407232474986]},"properties":{"ESA_ESPECIE":"QRU","NOMBRE_COMUN":"Roble americano","NOMBRE_ESPECIE":"Quercus rubra","ALTURA":"6,5","MINTDISTRITO":"03","NOMBRE_DISTRITO":"RETIRO","MINTBARRIO":"035","NOMBRE_BARRIO":"LOS JERONIMOS","OBJECTID":9772119}},{"type":"Feature","id":9772783,"geometry":{"type":"Point","coordinates":[-3.6846901974920305,40.415121840243302]},"properties":{"ESA_ESPECIE":"GTR","NOMBRE_COMUN":"Acacia de tres espinas","NOMBRE_ESPECIE":"Gleditsia triacanthos","ALTURA":"17","MINTDISTRITO":"03","NOMBRE_DISTRITO":"RETIRO","MINTBARRIO":"035","NOMBRE_BARRIO":"LOS JERONIMOS","OBJECTID":9772783}},{"type":"Feature","id":9806079,"geometry":{"type":"Point","coordinates":[-3.6843612716966478,40.412900317441157]},"properties":{"ESA_ESPECIE":"AHI","NOMBRE_COMUN":"Castaño de indias","NOMBRE_ESPECIE":"Aesculus hippocastanum","ALTURA":"8","MINTDISTRITO":"03","NOMBRE_DISTRITO":"RETIRO","MINTBARRIO":"035","NOMBRE_BARRIO":"LOS JERONIMOS","OBJECTID":9806079}},{"type":"Feature","id":9773708,"geometry":{"type":"Point","coordinates":[-3.6839952423747548,40.413089457340817]},"properties":{"ESA_ESPECIE":"AHI","NOMBRE_COMUN":"Castaño de indias","NOMBRE_ESPECIE":"Aesculus hippocastanum","ALTURA":"16","MINTDISTRITO":"03","NOMBRE_DISTRITO":"RETIRO","MINTBARRIO":"035","NOMBRE_BARRIO":"LOS JERONIMOS","OBJECTID":9773708}},{"type":"Feature","id":9775700,"geometry":{"type":"Point","coordinates":[-3.6845223934194768,40.41264822722848]},"properties":{"ESA_ESPECIE":"UPU","NOMBRE_COMUN":"Olmo de Siberia","NOMBRE_ESPECIE":"Ulmus pumila","ALTURA":"10","MINTDISTRITO":"03","NOMBRE_DISTRITO":"RETIRO","MINTBARRIO":"035","NOMBRE_BARRIO":"LOS JERONIMOS","OBJECTID":9775700}},{"type":"Feature","id":9773376,"geometry":{"type":"Point","coordinates":[-3.6847914653814562,40.412682309734549]},"properties":{"ESA_ESPECIE":"CAU","NOMBRE_COMUN":"Almez","NOMBRE_ESPECIE":"Celtis australis","ALTURA":"14","MINTDISTRITO":"03","NOMBRE_DISTRITO":"RETIRO","MINTBARRIO":"035","NOMBRE_BARRIO":"LOS JERONIMOS","OBJECTID":9773376}},{"type":"Feature","id":9773447,"geometry":{"type":"Point","coordinates":[-3.6850795706261281,40.412882405799039]},"properties":{"ESA_ESPECIE":"AHI","NOMBRE_COMUN":"Castaño de indias","NOMBRE_ESPECIE":"Aesculus hippocastanum","ALTURA":"10","MINTDISTRITO":"03","NOMBRE_DISTRITO":"RETIRO","MINTBARRIO":"035","NOMBRE_BARRIO":"LOS JERONIMOS","OBJECTID":9773447}},{"type":"Feature","id":9809992,"geometry":{"type":"Point","coordinates":[-3.6831884797657284,40.413773491935125]},"properties":{"ESA_ESPECIE":"AHI","NOMBRE_COMUN":"Castaño de indias","NOMBRE_ESPECIE":"Aesculus hippocastanum","ALTURA":"25","MINTDISTRITO":"03","NOMBRE_DISTRITO":"RETIRO","MINTBARRIO":"035","NOMBRE_BARRIO":"LOS JERONIMOS","OBJECTID":9809992}},{"type":"Feature","id":9780609,"geometry":{"type":"Point","coordinates":[-3.6832259611836067,40.413591756041178]},"properties":{"ESA_ESPECIE":"AHI","NOMBRE_COMUN":"Castaño de indias","NOMBRE_ESPECIE":"Aesculus hippocastanum","ALTURA":"22","MINTDISTRITO":"03","NOMBRE_DISTRITO":"RETIRO","MINTBARRIO":"035","NOMBRE_BARRIO":"LOS JERONIMOS","OBJECTID":9780609}},{"type":"Feature","id":9752222,"geometry":{"type":"Point","coordinates":[-3.6836444183774915,40.413199697670848]},"properties":{"ESA_ESPECIE":"RPS","NOMBRE_COMUN":"Falsa acacia","NOMBRE_ESPECIE":"Robinia pseudoacacia","ALTURA":"14","MINTDISTRITO":"03","NOMBRE_DISTRITO":"RETIRO","MINTBARRIO":"035","NOMBRE_BARRIO":"LOS JERONIMOS","OBJECTID":9752222}},{"type":"Feature","id":9779613,"geometry":{"type":"Point","coordinates":[-3.6818377520370098,40.416691317058358]},"properties":{"ESA_ESPECIE":"AHI","NOMBRE_COMUN":"Castaño de indias","NOMBRE_ESPECIE":"Aesculus hippocastanum","ALTURA":"10","MINTDISTRITO":"03","NOMBRE_DISTRITO":"RETIRO","MINTBARRIO":"035","NOMBRE_BARRIO":"LOS JERONIMOS","OBJECTID":9779613}},{"type":"Feature","id":9808996,"geometry":{"type":"Point","coordinates":[-3.6825363902498078,40.417658442286985]},"properties":{"ESA_ESPECIE":"CSI","NOMBRE_COMUN":"Árbol del amor","NOMBRE_ESPECIE":"Cercis siliquastrum","ALTURA":"6","MINTDISTRITO":"03","NOMBRE_DISTRITO":"RETIRO","MINTBARRIO":"035","NOMBRE_BARRIO":"LOS JERONIMOS","OBJECTID":9808996}},{"type":"Feature","id":9780277,"geometry":{"type":"Point","coordinates":[-3.6821495615658355,40.414437395212794]},"properties":{"ESA_ESPECIE":"PDA","NOMBRE_COMUN":"Plátano de sombra/Platanus x hybrida","NOMBRE_ESPECIE":"Platanus x hispanica","ALTURA":"23","MINTDISTRITO":"03","NOMBRE_DISTRITO":"RETIRO","MINTBARRIO":"035","NOMBRE_BARRIO":"LOS JERONIMOS","OBJECTID":9780277}},{"type":"Feature","id":9810324,"geometry":{"type":"Point","coordinates":[-3.6809496224360392,40.415032858885766]},"properties":{"ESA_ESPECIE":"UMI","NOMBRE_COMUN":"Olmo común","NOMBRE_ESPECIE":"Ulmus minor","ALTURA":"13,5","MINTDISTRITO":"03","NOMBRE_DISTRITO":"RETIRO","MINTBARRIO":"035","NOMBRE_BARRIO":"LOS JERONIMOS","OBJECTID":9810324}},{"type":"Feature","id":9781273,"geometry":{"type":"Point","coordinates":[-3.6820914263905413,40.412535566496516]},"properties":{"ESA_ESPECIE":"PDA","NOMBRE_COMUN":"Plátano de sombra/Platanus x hybrida","NOMBRE_ESPECIE":"Platanus x hispanica","ALTURA":"7,5","MINTDISTRITO":"03","NOMBRE_DISTRITO":"RETIRO","MINTBARRIO":"035","NOMBRE_BARRIO":"LOS JERONIMOS","OBJECTID":9781273}},{"type":"Feature","id":9801834,"geometry":{"type":"Point","coordinates":[-3.6792357192267788,40.413950574736297]},"properties":{"ESA_ESPECIE":"AHI","NOMBRE_COMUN":"Castaño de indias","NOMBRE_ESPECIE":"Aesculus hippocastanum","ALTURA":"8","MINTDISTRITO":"03","NOMBRE_DISTRITO":"RETIRO","MINTBARRIO":"035","NOMBRE_BARRIO":"LOS JERONIMOS","OBJECTID":9801834}},{"type":"Feature","id":9779281,"geometry":{"type":"Point","coordinates":[-3.68212341284051,40.417416482097607]},"properties":{"ESA_ESPECIE":"EGL","NOMBRE_COMUN":"Eucalipto blanco","NOMBRE_ESPECIE":"Eucalyptus globulus","ALTURA":"25","MINTDISTRITO":"03","NOMBRE_DISTRITO":"RETIRO","MINTBARRIO":"035","NOMBRE_BARRIO":"LOS JERONIMOS","OBJECTID":9779281}},{"type":"Feature","id":9800174,"geometry":{"type":"Point","coordinates":[-3.679305094904362,40.411537361723724]},"properties":{"ESA_ESPECIE":"PPI","NOMBRE_COMUN":"Pino piñonero","NOMBRE_ESPECIE":"Pinus pinea","ALTURA":"5,5","MINTDISTRITO":"03","NOMBRE_DISTRITO":"RETIRO","MINTBARRIO":"035","NOMBRE_BARRIO":"LOS JERONIMOS","OBJECTID":9800174}},{"type":"Feature","id":9801170,"geometry":{"type":"Point","coordinates":[-3.6785499427207018,40.412545693312566]},"properties":{"ESA_ESPECIE":"CDE","NOMBRE_COMUN":"Cedro llorón","NOMBRE_ESPECIE":"Cedrus deodara","ALTURA":"22","MINTDISTRITO":"03","NOMBRE_DISTRITO":"RETIRO","MINTBARRIO":"035","NOMBRE_BARRIO":"LOS JERONIMOS","OBJECTID":9801170}},{"type":"Feature","id":9810656,"geometry":{"type":"Point","coordinates":[-3.6796403891411171,40.413094714850864]},"properties":{"ESA_ESPECIE":"PDA","NOMBRE_COMUN":"Plátano de sombra/Platanus x hybrida","NOMBRE_ESPECIE":"Platanus x hispanica","ALTURA":"18,5","MINTDISTRITO":"03","NOMBRE_DISTRITO":"RETIRO","MINTBARRIO":"035","NOMBRE_BARRIO":"LOS JERONIMOS","OBJECTID":9810656}},{"type":"Feature","id":9753479,"geometry":{"type":"Point","coordinates":[-3.6798871474840622,40.413164838317073]},"properties":{"ESA_ESPECIE":"PHA","NOMBRE_COMUN":"Pino carrasco","NOMBRE_ESPECIE":"Pinus halepensis","ALTURA":"5","MINTDISTRITO":"03","NOMBRE_DISTRITO":"RETIRO","MINTBARRIO":"035","NOMBRE_BARRIO":"LOS JERONIMOS","OBJECTID":9753479}},{"type":"Feature","id":9781605,"geometry":{"type":"Point","coordinates":[-3.6820824787233715,40.411757957546911]},"properties":{"ESA_ESPECIE":"UMI","NOMBRE_COMUN":"Olmo común","NOMBRE_ESPECIE":"Ulmus minor","ALTURA":"10,5","MINTDISTRITO":"03","NOMBRE_DISTRITO":"RETIRO","MINTBARRIO":"035","NOMBRE_BARRIO":"LOS JERONIMOS","OBJECTID":9781605}},{"type":"Feature","id":9810585,"geometry":{"type":"Point","coordinates":[-3.6815484738581206,40.411902765007682]},"properties":{"ESA_ESPECIE":"SAL","NOMBRE_COMUN":"Sauce blanco","NOMBRE_ESPECIE":"Salix alba","ALTURA":"5,5","MINTDISTRITO":"03","NOMBRE_DISTRITO":"RETIRO","MINTBARRIO":"035","NOMBRE_BARRIO":"LOS JERONIMOS","OBJECTID":9810585}},{"type":"Feature","id":9780941,"geometry":{"type":"Point","coordinates":[-3.6813522385408644,40.41224316663186]},"properties":{"ESA_ESPECIE":"BPE","NOMBRE_COMUN":"Abedul llorón (o péndulo)","NOMBRE_ESPECIE":"Betula pendula","ALTURA":"5","MINTDISTRITO":"03","NOMBRE_DISTRITO":"RETIRO","MINTBARRIO":"035","NOMBRE_BARRIO":"LOS JERONIMOS","OBJECTID":9780941}},{"type":"Feature","id":9801502,"geometry":{"type":"Point","coordinates":[-3.6798974017636996,40.410268945289559]},"properties":{"ESA_ESPECIE":"PDA","NOMBRE_COMUN":"Plátano de sombra/Platanus x hybrida","NOMBRE_ESPECIE":"Platanus x hispanica","ALTURA":"16","MINTDISTRITO":"03","NOMBRE_DISTRITO":"RETIRO","MINTBARRIO":"035","NOMBRE_BARRIO":"LOS JERONIMOS","OBJECTID":9801502}},{"type":"Feature","id":9767210,"geometry":{"type":"Point","coordinates":[-3.6810162166427398,40.40933649787447]},"properties":{"ESA_ESPECIE":"TFO","NOMBRE_COMUN":"Palma de Fortune","NOMBRE_ESPECIE":"Trachycarpus fortunei","ALTURA":null,"MINTDISTRITO":"03","NOMBRE_DISTRITO":"RETIRO","MINTBARRIO":"035","NOMBRE_BARRIO":"LOS JERONIMOS","OBJECTID":9767210}},{"type":"Feature","id":9769534,"geometry":{"type":"Point","coordinates":[-3.6828919335676193,40.41002280969338]},"properties":{"ESA_ESPECIE":"FCA","NOMBRE_COMUN":"Higuera","NOMBRE_ESPECIE":"Ficus carica","ALTURA":"3,5","MINTDISTRITO":"03","NOMBRE_DISTRITO":"RETIRO","MINTBARRIO":"035","NOMBRE_BARRIO":"LOS JERONIMOS","OBJECTID":9769534}},{"type":"Feature","id":9768206,"geometry":{"type":"Point","coordinates":[-3.6792907239249812,40.4181343341887]},"properties":{"ESA_ESPECIE":"AHI","NOMBRE_COMUN":"Castaño de indias","NOMBRE_ESPECIE":"Aesculus hippocastanum","ALTURA":"11","MINTDISTRITO":"03","NOMBRE_DISTRITO":"RETIRO","MINTBARRIO":"035","NOMBRE_BARRIO":"LOS JERONIMOS","OBJECTID":9768206}},{"type":"Feature","id":9782530,"geometry":{"type":"Point","coordinates":[-3.6803282878006964,40.408946024748616]},"properties":{"ESA_ESPECIE":"RPS","NOMBRE_COMUN":"Falsa acacia","NOMBRE_ESPECIE":"Robinia pseudoacacia","ALTURA":"4,5","MINTDISTRITO":"03","NOMBRE_DISTRITO":"RETIRO","MINTBARRIO":"035","NOMBRE_BARRIO":"LOS JERONIMOS","OBJECTID":9782530}},{"type":"Feature","id":9812577,"geometry":{"type":"Point","coordinates":[-3.6816974269601466,40.408837950915348]},"properties":{"ESA_ESPECIE":"SJA","NOMBRE_COMUN":"Acacia del Japón/Sophora japonica","NOMBRE_ESPECIE":"Styphnolobium japonicum","ALTURA":"20","MINTDISTRITO":"03","NOMBRE_DISTRITO":"RETIRO","MINTBARRIO":"035","NOMBRE_BARRIO":"LOS JERONIMOS","OBJECTID":9812577}},{"type":"Feature","id":9812909,"geometry":{"type":"Point","coordinates":[-3.6813485973732445,40.409231793119467]},"properties":{"ESA_ESPECIE":"CSI","NOMBRE_COMUN":"Árbol del amor","NOMBRE_ESPECIE":"Cercis siliquastrum","ALTURA":"6","MINTDISTRITO":"03","NOMBRE_DISTRITO":"RETIRO","MINTBARRIO":"035","NOMBRE_BARRIO":"LOS JERONIMOS","OBJECTID":9812909}},{"type":"Feature","id":9799510,"geometry":{"type":"Point","coordinates":[-3.6813949470593812,40.420594223094213]},"properties":{"ESA_ESPECIE":"PDA","NOMBRE_COMUN":"Plátano de sombra/Platanus x hybrida","NOMBRE_ESPECIE":"Platanus x hispanica","ALTURA":"22","MINTDISTRITO":"03","NOMBRE_DISTRITO":"RETIRO","MINTBARRIO":"035","NOMBRE_BARRIO":"LOS JERONIMOS","OBJECTID":9799510}},{"type":"Feature","id":9799842,"geometry":{"type":"Point","coordinates":[-3.6807316816567188,40.420145299687768]},"properties":{"ESA_ESPECIE":"PAR","NOMBRE_COMUN":"Peral de flor 'Chanticleer'","NOMBRE_ESPECIE":"Pyrus calleryana 'Chanticleer'","ALTURA":"5","MINTDISTRITO":"03","NOMBRE_DISTRITO":"RETIRO","MINTBARRIO":"035","NOMBRE_BARRIO":"LOS JERONIMOS","OBJECTID":9799842}},{"type":"Feature","id":9815162,"geometry":{"type":"Point","coordinates":[-3.6806891027422406,40.419480799989181]},"properties":{"ESA_ESPECIE":"UMI","NOMBRE_COMUN":"Olmo común","NOMBRE_ESPECIE":"Ulmus minor","ALTURA":"10","MINTDISTRITO":"03","NOMBRE_DISTRITO":"RETIRO","MINTBARRIO":"035","NOMBRE_BARRIO":"LOS JERONIMOS","OBJECTID":9815162}},{"type":"Feature","id":9800506,"geometry":{"type":"Point","coordinates":[-3.6803600208240277,40.41896946463774]},"properties":{"ESA_ESPECIE":"PAB","NOMBRE_COMUN":"Álamo\u00A0plateado","NOMBRE_ESPECIE":"Populus alba 'Bolleana'","ALTURA":"17","MINTDISTRITO":"03","NOMBRE_DISTRITO":"RETIRO","MINTBARRIO":"035","NOMBRE_BARRIO":"LOS JERONIMOS","OBJECTID":9800506}},{"type":"Feature","id":9779945,"geometry":{"type":"Point","coordinates":[-3.6824435846690897,40.418960905473554]},"properties":{"ESA_ESPECIE":"LST","NOMBRE_COMUN":"Liquidambar","NOMBRE_ESPECIE":"Liquidambar styraciflua","ALTURA":"7,5","MINTDISTRITO":"03","NOMBRE_DISTRITO":"RETIRO","MINTBARRIO":"035","NOMBRE_BARRIO":"LOS JERONIMOS","OBJECTID":9779945}},{"type":"Feature","id":9811581,"geometry":{"type":"Point","coordinates":[-3.6817925472899744,40.41965929887337]},"properties":{"ESA_ESPECIE":"CSI","NOMBRE_COMUN":"Árbol del amor","NOMBRE_ESPECIE":"Cercis siliquastrum","ALTURA":"4","MINTDISTRITO":"03","NOMBRE_DISTRITO":"RETIRO","MINTBARRIO":"035","NOMBRE_BARRIO":"LOS JERONIMOS","OBJECTID":9811581}},{"type":"Feature","id":9783194,"geometry":{"type":"Point","coordinates":[-3.6842575746471748,40.419557663662616]},"properties":{"ESA_ESPECIE":"TFO","NOMBRE_COMUN":"Palma de Fortune","NOMBRE_ESPECIE":"Trachycarpus fortunei","ALTURA":"6","MINTDISTRITO":"03","NOMBRE_DISTRITO":"RETIRO","MINTBARRIO":"035","NOMBRE_BARRIO":"LOS JERONIMOS","OBJECTID":9783194}},{"type":"Feature","id":9782198,"geometry":{"type":"Point","coordinates":[-3.6837242730727651,40.420168749016185]},"properties":{"ESA_ESPECIE":"AHI","NOMBRE_COMUN":"Castaño de indias","NOMBRE_ESPECIE":"Aesculus hippocastanum","ALTURA":"23","MINTDISTRITO":"03","NOMBRE_DISTRITO":"RETIRO","MINTBARRIO":"035","NOMBRE_BARRIO":"LOS JERONIMOS","OBJECTID":9782198}},{"type":"Feature","id":9781866,"geometry":{"type":"Point","coordinates":[-3.6832698000074484,40.420360625709847]},"properties":{"ESA_ESPECIE":"CHL","NOMBRE_COMUN":"Ciprés de Lawson","NOMBRE_ESPECIE":"Chamaecyparis lawsoniana","ALTURA":"12","MINTDISTRITO":"03","NOMBRE_DISTRITO":"RETIRO","MINTBARRIO":"035","NOMBRE_BARRIO":"LOS JERONIMOS","OBJECTID":9781866}},{"type":"Feature","id":9811913,"geometry":{"type":"Point","coordinates":[-3.6824629880921163,40.419726253460482]},"properties":{"ESA_ESPECIE":"AHI","NOMBRE_COMUN":"Castaño de indias","NOMBRE_ESPECIE":"Aesculus hippocastanum","ALTURA":"12,5","MINTDISTRITO":"03","NOMBRE_DISTRITO":"RETIRO","MINTBARRIO":"035","NOMBRE_BARRIO":"LOS JERONIMOS","OBJECTID":9811913}},{"type":"Feature","id":9777028,"geometry":{"type":"Point","coordinates":[-3.6858485351000052,40.420168959817751]},"properties":{"ESA_ESPECIE":"CSE","NOMBRE_COMUN":"Ciprés común","NOMBRE_ESPECIE":"Cupressus sempervirens","ALTURA":"13","MINTDISTRITO":"03","NOMBRE_DISTRITO":"RETIRO","MINTBARRIO":"035","NOMBRE_BARRIO":"LOS JERONIMOS","OBJECTID":9777028}},{"type":"Feature","id":9767874,"geometry":{"type":"Point","coordinates":[-3.6853938952011167,40.419986069654314]},"properties":{"ESA_ESPECIE":"AHI","NOMBRE_COMUN":"Castaño de indias","NOMBRE_ESPECIE":"Aesculus hippocastanum","ALTURA":"9","MINTDISTRITO":"03","NOMBRE_DISTRITO":"RETIRO","MINTBARRIO":"035","NOMBRE_BARRIO":"LOS JERONIMOS","OBJECTID":9767874}},{"type":"Feature","id":9777692,"geometry":{"type":"Point","coordinates":[-3.6854790540029922,40.419251507897584]},"properties":{"ESA_ESPECIE":"AHI","NOMBRE_COMUN":"Castaño de indias","NOMBRE_ESPECIE":"Aesculus hippocastanum","ALTURA":"9","MINTDISTRITO":"03","NOMBRE_DISTRITO":"RETIRO","MINTBARRIO":"035","NOMBRE_BARRIO":"LOS JERONIMOS","OBJECTID":9777692}},{"type":"Feature","id":9776696,"geometry":{"type":"Point","coordinates":[-3.685575519393598,40.418375707202173]},"properties":{"ESA_ESPECIE":"UPU","NOMBRE_COMUN":"Olmo de Siberia","NOMBRE_ESPECIE":"Ulmus pumila","ALTURA":"19","MINTDISTRITO":"03","NOMBRE_DISTRITO":"RETIRO","MINTBARRIO":"035","NOMBRE_BARRIO":"LOS JERONIMOS","OBJECTID":9776696}},{"type":"Feature","id":9809328,"geometry":{"type":"Point","coordinates":[-3.6849245707230525,40.418578151747546]},"properties":{"ESA_ESPECIE":"PDA","NOMBRE_COMUN":"Plátano de sombra/Platanus x hybrida","NOMBRE_ESPECIE":"Platanus x hispanica","ALTURA":"21","MINTDISTRITO":"03","NOMBRE_DISTRITO":"RETIRO","MINTBARRIO":"035","NOMBRE_BARRIO":"LOS JERONIMOS","OBJECTID":9809328}},{"type":"Feature","id":9778356,"geometry":{"type":"Point","coordinates":[-3.6784056259559041,40.408505337201916]},"properties":{"ESA_ESPECIE":"GTR","NOMBRE_COMUN":"Acacia de tres espinas","NOMBRE_ESPECIE":"Gleditsia triacanthos","ALTURA":"15","MINTDISTRITO":"03","NOMBRE_DISTRITO":"RETIRO","MINTBARRIO":"035","NOMBRE_BARRIO":"LOS JERONIMOS","OBJECTID":9778356}},{"type":"Feature","id":9778949,"geometry":{"type":"Point","coordinates":[-3.6871507501267224,40.419844199268326]},"properties":{"ESA_ESPECIE":"AHI","NOMBRE_COMUN":"Castaño de indias","NOMBRE_ESPECIE":"Aesculus hippocastanum","ALTURA":"9,5","MINTDISTRITO":"03","NOMBRE_DISTRITO":"RETIRO","MINTBARRIO":"035","NOMBRE_BARRIO":"LOS JERONIMOS","OBJECTID":9778949}},{"type":"Feature","id":9765882,"geometry":{"type":"Point","coordinates":[-3.6869085608478245,40.41869770609447]},"properties":{"ESA_ESPECIE":"PAB","NOMBRE_COMUN":"Álamo\u00A0plateado","NOMBRE_ESPECIE":"Populus alba 'Bolleana'","ALTURA":"7","MINTDISTRITO":"03","NOMBRE_DISTRITO":"RETIRO","MINTBARRIO":"035","NOMBRE_BARRIO":"LOS JERONIMOS","OBJECTID":9765882}},{"type":"Feature","id":9814830,"geometry":{"type":"Point","coordinates":[-3.6873526102628502,40.419309042363096]},"properties":{"ESA_ESPECIE":"PTR","NOMBRE_COMUN":"Álamo temblón","NOMBRE_ESPECIE":"Populus tremula","ALTURA":"9","MINTDISTRITO":"03","NOMBRE_DISTRITO":"RETIRO","MINTBARRIO":"035","NOMBRE_BARRIO":"LOS JERONIMOS","OBJECTID":9814830}},{"type":"Feature","id":9808664,"geometry":{"type":"Point","coordinates":[-3.686578593547714,40.419682741960692]},"properties":{"ESA_ESPECIE":"AHI","NOMBRE_COMUN":"Castaño de indias","NOMBRE_ESPECIE":"Aesculus hippocastanum","ALTURA":"10","MINTDISTRITO":"03","NOMBRE_DISTRITO":"RETIRO","MINTBARRIO":"035","NOMBRE_BARRIO":"LOS JERONIMOS","OBJECTID":9808664}},{"type":"Feature","id":9811320,"geometry":{"type":"Point","coordinates":[-3.6824155321452841,40.420942988690697]},"properties":{"ESA_ESPECIE":"CHL","NOMBRE_COMUN":"Ciprés de Lawson","NOMBRE_ESPECIE":"Chamaecyparis lawsoniana","ALTURA":"7","MINTDISTRITO":"03","NOMBRE_DISTRITO":"RETIRO","MINTBARRIO":"035","NOMBRE_BARRIO":"LOS JERONIMOS","OBJECTID":9811320}},{"type":"Feature","id":9818814,"geometry":{"type":"Point","coordinates":[-3.6775105086189157,40.410986780347251]},"properties":{"ESA_ESPECIE":"PDA","NOMBRE_COMUN":"Plátano de sombra/Platanus x hybrida","NOMBRE_ESPECIE":"Platanus x hispanica","ALTURA":"6","MINTDISTRITO":"03","NOMBRE_DISTRITO":"RETIRO","MINTBARRIO":"035","NOMBRE_BARRIO":"LOS JERONIMOS","OBJECTID":9818814}},{"type":"Feature","id":9799249,"geometry":{"type":"Point","coordinates":[-3.6785644355126985,40.416674070093606]},"properties":{"ESA_ESPECIE":"UPU","NOMBRE_COMUN":"Olmo de Siberia","NOMBRE_ESPECIE":"Ulmus pumila","ALTURA":"15","MINTDISTRITO":"03","NOMBRE_DISTRITO":"RETIRO","MINTBARRIO":"035","NOMBRE_BARRIO":"LOS JERONIMOS","OBJECTID":9799249}},{"type":"Feature","id":9768870,"geometry":{"type":"Point","coordinates":[-3.6881229729125065,40.414207762500382]},"properties":{"ESA_ESPECIE":"AHI","NOMBRE_COMUN":"Castaño de indias","NOMBRE_ESPECIE":"Aesculus hippocastanum","ALTURA":"13","MINTDISTRITO":"03","NOMBRE_DISTRITO":"RETIRO","MINTBARRIO":"035","NOMBRE_BARRIO":"LOS JERONIMOS","OBJECTID":9768870}},{"type":"Feature","id":9765218,"geometry":{"type":"Point","coordinates":[-3.6881653417932942,40.414666701649502]},"properties":{"ESA_ESPECIE":"GTR","NOMBRE_COMUN":"Acacia de tres espinas","NOMBRE_ESPECIE":"Gleditsia triacanthos","ALTURA":"6,5","MINTDISTRITO":"03","NOMBRE_DISTRITO":"RETIRO","MINTBARRIO":"035","NOMBRE_BARRIO":"LOS JERONIMOS","OBJECTID":9765218}},{"type":"Feature","id":9771455,"geometry":{"type":"Point","coordinates":[-3.6882638771151628,40.415942517253143]},"properties":{"ESA_ESPECIE":"AHI","NOMBRE_COMUN":"Castaño de indias","NOMBRE_ESPECIE":"Aesculus hippocastanum","ALTURA":"6","MINTDISTRITO":"03","NOMBRE_DISTRITO":"RETIRO","MINTBARRIO":"035","NOMBRE_BARRIO":"LOS JERONIMOS","OBJECTID":9771455}},{"type":"Feature","id":9814237,"geometry":{"type":"Point","coordinates":[-3.6880835672633818,40.417714372773872]},"properties":{"ESA_ESPECIE":"URE","NOMBRE_COMUN":"Olmo resistente a la grafiosis","NOMBRE_ESPECIE":"Ulmus\u00A0minor\u00A0'Resista'","ALTURA":"3","MINTDISTRITO":"03","NOMBRE_DISTRITO":"RETIRO","MINTBARRIO":"035","NOMBRE_BARRIO":"LOS JERONIMOS","OBJECTID":9814237}},{"type":"Feature","id":9807075,"geometry":{"type":"Point","coordinates":[-3.688620218709211,40.418117368498947]},"properties":{"ESA_ESPECIE":"CAT","NOMBRE_COMUN":"Cedro del Atlas","NOMBRE_ESPECIE":"Cedrus atlantica","ALTURA":"5","MINTDISTRITO":"03","NOMBRE_DISTRITO":"RETIRO","MINTBARRIO":"035","NOMBRE_BARRIO":"LOS JERONIMOS","OBJECTID":9807075}},{"type":"Feature","id":9808000,"geometry":{"type":"Point","coordinates":[-3.6883040646740519,40.41926376910979]},"properties":{"ESA_ESPECIE":"AHI","NOMBRE_COMUN":"Castaño de indias","NOMBRE_ESPECIE":"Aesculus hippocastanum","ALTURA":"13","MINTDISTRITO":"03","NOMBRE_DISTRITO":"RETIRO","MINTBARRIO":"035","NOMBRE_BARRIO":"LOS JERONIMOS","OBJECTID":9808000}},{"type":"Feature","id":9901960,"geometry":{"type":"Point","coordinates":[-3.6820112797534548,40.411110112811606]},"properties":{"ESA_ESPECIE":"AHI","NOMBRE_COMUN":"Castaño de indias","NOMBRE_ESPECIE":"Aesculus hippocastanum","ALTURA":"8,5","MINTDISTRITO":"03","NOMBRE_DISTRITO":"RETIRO","MINTBARRIO":"035","NOMBRE_BARRIO":"LOS JERONIMOS","OBJECTID":9901960}},{"type":"Feature","id":9762610,"geometry":{"type":"Point","coordinates":[-3.6803184546986385,40.411901391943083]},"properties":{"ESA_ESPECIE":"TFO","NOMBRE_COMUN":"Palma de Fortune","NOMBRE_ESPECIE":"Trachycarpus fortunei","ALTURA":null,"MINTDISTRITO":"03","NOMBRE_DISTRITO":"RETIRO","MINTBARRIO":"035","NOMBRE_BARRIO":"LOS JERONIMOS","OBJECTID":9762610}},{"type":"Feature","id":9751913,"geometry":{"type":"Point","coordinates":[-3.6809750263564651,40.419956621752455]},"properties":{"ESA_ESPECIE":"CAU","NOMBRE_COMUN":"Almez","NOMBRE_ESPECIE":"Celtis australis","ALTURA":"9","MINTDISTRITO":"03","NOMBRE_DISTRITO":"RETIRO","MINTBARRIO":"035","NOMBRE_BARRIO":"LOS JERONIMOS","OBJECTID":9751913}},{"type":"Feature","id":9773424,"geometry":{"type":"Point","coordinates":[-3.6844690406515408,40.412838183690077]},"properties":{"ESA_ESPECIE":"PPI","NOMBRE_COMUN":"Pino piñonero","NOMBRE_ESPECIE":"Pinus pinea","ALTURA":"20","MINTDISTRITO":"03","NOMBRE_DISTRITO":"RETIRO","MINTBARRIO":"035","NOMBRE_BARRIO":"LOS JERONIMOS","OBJECTID":9773424}},{"type":"Feature","id":9772760,"geometry":{"type":"Point","coordinates":[-3.6844162982934039,40.413793365520661]},"properties":{"ESA_ESPECIE":"SJA","NOMBRE_COMUN":"Acacia del Japón/Sophora japonica","NOMBRE_ESPECIE":"Styphnolobium japonicum","ALTURA":"12","MINTDISTRITO":"03","NOMBRE_DISTRITO":"RETIRO","MINTBARRIO":"035","NOMBRE_BARRIO":"LOS JERONIMOS","OBJECTID":9772760}},{"type":"Feature","id":9772428,"geometry":{"type":"Point","coordinates":[-3.6843522252858034,40.413695456020605]},"properties":{"ESA_ESPECIE":"AHI","NOMBRE_COMUN":"Castaño de indias","NOMBRE_ESPECIE":"Aesculus hippocastanum","ALTURA":"13","MINTDISTRITO":"03","NOMBRE_DISTRITO":"RETIRO","MINTBARRIO":"035","NOMBRE_BARRIO":"LOS JERONIMOS","OBJECTID":9772428}},{"type":"Feature","id":9775723,"geometry":{"type":"Point","coordinates":[-3.68429012570998,40.413454921486981]},"properties":{"ESA_ESPECIE":"ACA","NOMBRE_COMUN":"Arce campestre","NOMBRE_ESPECIE":"Acer campestre","ALTURA":"9","MINTDISTRITO":"03","NOMBRE_DISTRITO":"RETIRO","MINTBARRIO":"035","NOMBRE_BARRIO":"LOS JERONIMOS","OBJECTID":9775723}},{"type":"Feature","id":9811343,"geometry":{"type":"Point","coordinates":[-3.6835495418808577,40.415390924157521]},"properties":{"ESA_ESPECIE":"RPS","NOMBRE_COMUN":"Falsa acacia","NOMBRE_ESPECIE":"Robinia pseudoacacia","ALTURA":"7,5","MINTDISTRITO":"03","NOMBRE_DISTRITO":"RETIRO","MINTBARRIO":"035","NOMBRE_BARRIO":"LOS JERONIMOS","OBJECTID":9811343}},{"type":"Feature","id":9810347,"geometry":{"type":"Point","coordinates":[-3.6833212676211433,40.414115051235363]},"properties":{"ESA_ESPECIE":"AAL","NOMBRE_COMUN":"Ailanto","NOMBRE_ESPECIE":"Ailanthus altissima","ALTURA":"22","MINTDISTRITO":"03","NOMBRE_DISTRITO":"RETIRO","MINTBARRIO":"035","NOMBRE_BARRIO":"LOS JERONIMOS","OBJECTID":9810347}},{"type":"Feature","id":9804728,"geometry":{"type":"Point","coordinates":[-3.6839975433553156,40.414011601436371]},"properties":{"ESA_ESPECIE":"AHI","NOMBRE_COMUN":"Castaño de indias","NOMBRE_ESPECIE":"Aesculus hippocastanum","ALTURA":"17","MINTDISTRITO":"03","NOMBRE_DISTRITO":"RETIRO","MINTBARRIO":"035","NOMBRE_BARRIO":"LOS JERONIMOS","OBJECTID":9804728}},{"type":"Feature","id":9805060,"geometry":{"type":"Point","coordinates":[-3.6840619436097541,40.414795935898582]},"properties":{"ESA_ESPECIE":"AHI","NOMBRE_COMUN":"Castaño de indias","NOMBRE_ESPECIE":"Aesculus hippocastanum","ALTURA":"4","MINTDISTRITO":"03","NOMBRE_DISTRITO":"RETIRO","MINTBARRIO":"035","NOMBRE_BARRIO":"LOS JERONIMOS","OBJECTID":9805060}},{"type":"Feature","id":9901296,"geometry":{"type":"Point","coordinates":[-3.6846935587185428,40.414754602403733]},"properties":{"ESA_ESPECIE":"AAL","NOMBRE_COMUN":"Ailanto","NOMBRE_ESPECIE":"Ailanthus altissima","ALTURA":"15","MINTDISTRITO":"03","NOMBRE_DISTRITO":"RETIRO","MINTBARRIO":"035","NOMBRE_BARRIO":"LOS JERONIMOS","OBJECTID":9901296}},{"type":"Feature","id":9772096,"geometry":{"type":"Point","coordinates":[-3.6846382551791992,40.413913763714028]},"properties":{"ESA_ESPECIE":"CAU","NOMBRE_COMUN":"Almez","NOMBRE_ESPECIE":"Celtis australis","ALTURA":"9","MINTDISTRITO":"03","NOMBRE_DISTRITO":"RETIRO","MINTBARRIO":"035","NOMBRE_BARRIO":"LOS JERONIMOS","OBJECTID":9772096}},{"type":"Feature","id":9776387,"geometry":{"type":"Point","coordinates":[-3.6864023521259854,40.41788323175102]},"properties":{"ESA_ESPECIE":"AHI","NOMBRE_COMUN":"Castaño de indias","NOMBRE_ESPECIE":"Aesculus hippocastanum","ALTURA":"16","MINTDISTRITO":"03","NOMBRE_DISTRITO":"RETIRO","MINTBARRIO":"035","NOMBRE_BARRIO":"LOS JERONIMOS","OBJECTID":9776387}},{"type":"Feature","id":9807359,"geometry":{"type":"Point","coordinates":[-3.6864850169193391,40.417405585811288]},"properties":{"ESA_ESPECIE":"AHI","NOMBRE_COMUN":"Castaño de indias","NOMBRE_ESPECIE":"Aesculus hippocastanum","ALTURA":"18","MINTDISTRITO":"03","NOMBRE_DISTRITO":"RETIRO","MINTBARRIO":"035","NOMBRE_BARRIO":"LOS JERONIMOS","OBJECTID":9807359}},{"type":"Feature","id":9776719,"geometry":{"type":"Point","coordinates":[-3.6861753192978379,40.417718452590215]},"properties":{"ESA_ESPECIE":"GTR","NOMBRE_COMUN":"Acacia de tres espinas","NOMBRE_ESPECIE":"Gleditsia triacanthos","ALTURA":"18","MINTDISTRITO":"03","NOMBRE_DISTRITO":"RETIRO","MINTBARRIO":"035","NOMBRE_BARRIO":"LOS JERONIMOS","OBJECTID":9776719}},{"type":"Feature","id":9804064,"geometry":{"type":"Point","coordinates":[-3.6861722826915244,40.416516906939925]},"properties":{"ESA_ESPECIE":"AHI","NOMBRE_COMUN":"Castaño de indias","NOMBRE_ESPECIE":"Aesculus hippocastanum","ALTURA":"15","MINTDISTRITO":"03","NOMBRE_DISTRITO":"RETIRO","MINTBARRIO":"035","NOMBRE_BARRIO":"LOS JERONIMOS","OBJECTID":9804064}},{"type":"Feature","id":9771432,"geometry":{"type":"Point","coordinates":[-3.6858314184950345,40.415266878777004]},"properties":{"ESA_ESPECIE":"AHI","NOMBRE_COMUN":"Castaño de indias","NOMBRE_ESPECIE":"Aesculus hippocastanum","ALTURA":"4,5","MINTDISTRITO":"03","NOMBRE_DISTRITO":"RETIRO","MINTBARRIO":"035","NOMBRE_BARRIO":"LOS JERONIMOS","OBJECTID":9771432}},{"type":"Feature","id":9771764,"geometry":{"type":"Point","coordinates":[-3.6852626099274821,40.416495482227084]},"properties":{"ESA_ESPECIE":"AHI","NOMBRE_COMUN":"Castaño de indias","NOMBRE_ESPECIE":"Aesculus hippocastanum","ALTURA":"15","MINTDISTRITO":"03","NOMBRE_DISTRITO":"RETIRO","MINTBARRIO":"035","NOMBRE_BARRIO":"LOS JERONIMOS","OBJECTID":9771764}},{"type":"Feature","id":9767897,"geometry":{"type":"Point","coordinates":[-3.6867047645218975,40.413652858501372]},"properties":{"ESA_ESPECIE":"CEO","NOMBRE_COMUN":"Almez americano","NOMBRE_ESPECIE":"Celtis occidentalis","ALTURA":"13","MINTDISTRITO":"03","NOMBRE_DISTRITO":"RETIRO","MINTBARRIO":"035","NOMBRE_BARRIO":"LOS JERONIMOS","OBJECTID":9767897}},{"type":"Feature","id":9770104,"geometry":{"type":"Point","coordinates":[-3.6864726455529602,40.414577484552346]},"properties":{"ESA_ESPECIE":"QRO","NOMBRE_COMUN":"Roble común","NOMBRE_ESPECIE":"Quercus robur","ALTURA":"12","MINTDISTRITO":"03","NOMBRE_DISTRITO":"RETIRO","MINTBARRIO":"035","NOMBRE_BARRIO":"LOS JERONIMOS","OBJECTID":9770104}},{"type":"Feature","id":9770221,"geometry":{"type":"Point","coordinates":[-3.6873654990149158,40.414509927316431]},"properties":{"ESA_ESPECIE":"AHI","NOMBRE_COMUN":"Castaño de indias","NOMBRE_ESPECIE":"Aesculus hippocastanum","ALTURA":"9","MINTDISTRITO":"03","NOMBRE_DISTRITO":"RETIRO","MINTBARRIO":"035","NOMBRE_BARRIO":"LOS JERONIMOS","OBJECTID":9770221}},{"type":"Feature","id":9801525,"geometry":{"type":"Point","coordinates":[-3.6872074995168713,40.414326829639954]},"properties":{"ESA_ESPECIE":"GTR","NOMBRE_COMUN":"Acacia de tres espinas","NOMBRE_ESPECIE":"Gleditsia triacanthos","ALTURA":"18","MINTDISTRITO":"03","NOMBRE_DISTRITO":"RETIRO","MINTBARRIO":"035","NOMBRE_BARRIO":"LOS JERONIMOS","OBJECTID":9801525}},{"type":"Feature","id":9803517,"geometry":{"type":"Point","coordinates":[-3.6877878755939788,40.415130841744229]},"properties":{"ESA_ESPECIE":"LJA","NOMBRE_COMUN":"Aligustre del Japón","NOMBRE_ESPECIE":"Ligustrum japonicum","ALTURA":"3","MINTDISTRITO":"03","NOMBRE_DISTRITO":"RETIRO","MINTBARRIO":"035","NOMBRE_BARRIO":"LOS JERONIMOS","OBJECTID":9803517}},{"type":"Feature","id":9807691,"geometry":{"type":"Point","coordinates":[-3.6875661917858009,40.417833343120996]},"properties":{"ESA_ESPECIE":"AHI","NOMBRE_COMUN":"Castaño de indias","NOMBRE_ESPECIE":"Aesculus hippocastanum","ALTURA":"4,5","MINTDISTRITO":"03","NOMBRE_DISTRITO":"RETIRO","MINTBARRIO":"035","NOMBRE_BARRIO":"LOS JERONIMOS","OBJECTID":9807691}},{"type":"Feature","id":9770553,"geometry":{"type":"Point","coordinates":[-3.6871332101889953,40.411865889717006]},"properties":{"ESA_ESPECIE":"CSE","NOMBRE_COMUN":"Ciprés común","NOMBRE_ESPECIE":"Cupressus sempervirens","ALTURA":"5,5","MINTDISTRITO":"03","NOMBRE_DISTRITO":"RETIRO","MINTBARRIO":"035","NOMBRE_BARRIO":"LOS JERONIMOS","OBJECTID":9770553}},{"type":"Feature","id":9770436,"geometry":{"type":"Point","coordinates":[-3.687525360079182,40.412657076001061]},"properties":{"ESA_ESPECIE":"AJU","NOMBRE_COMUN":"Acacia de Constantinopla","NOMBRE_ESPECIE":"Albizia julibrissin","ALTURA":"4,5","MINTDISTRITO":"03","NOMBRE_DISTRITO":"RETIRO","MINTBARRIO":"035","NOMBRE_BARRIO":"LOS JERONIMOS","OBJECTID":9770436}},{"type":"Feature","id":9802736,"geometry":{"type":"Point","coordinates":[-3.6874695333700003,40.412869481082296]},"properties":{"ESA_ESPECIE":"QPA","NOMBRE_COMUN":"Roble de los pantanos","NOMBRE_ESPECIE":"Quercus palustris","ALTURA":"4,5","MINTDISTRITO":"03","NOMBRE_DISTRITO":"RETIRO","MINTBARRIO":"035","NOMBRE_BARRIO":"LOS JERONIMOS","OBJECTID":9802736}},{"type":"Feature","id":9802853,"geometry":{"type":"Point","coordinates":[-3.687107297275273,40.41373656651178]},"properties":{"ESA_ESPECIE":"LJA","NOMBRE_COMUN":"Aligustre del Japón","NOMBRE_ESPECIE":"Ligustrum japonicum","ALTURA":"9","MINTDISTRITO":"03","NOMBRE_DISTRITO":"RETIRO","MINTBARRIO":"035","NOMBRE_BARRIO":"LOS JERONIMOS","OBJECTID":9802853}},{"type":"Feature","id":9802521,"geometry":{"type":"Point","coordinates":[-3.6856621719246192,40.412461391574645]},"properties":{"ESA_ESPECIE":"LJA","NOMBRE_COMUN":"Aligustre del Japón","NOMBRE_ESPECIE":"Ligustrum japonicum","ALTURA":"6,5","MINTDISTRITO":"03","NOMBRE_DISTRITO":"RETIRO","MINTBARRIO":"035","NOMBRE_BARRIO":"LOS JERONIMOS","OBJECTID":9802521}},{"type":"Feature","id":9770885,"geometry":{"type":"Point","coordinates":[-3.68614294959281,40.413385652119878]},"properties":{"ESA_ESPECIE":"AHI","NOMBRE_COMUN":"Castaño de indias","NOMBRE_ESPECIE":"Aesculus hippocastanum","ALTURA":"12","MINTDISTRITO":"03","NOMBRE_DISTRITO":"RETIRO","MINTBARRIO":"035","NOMBRE_BARRIO":"LOS JERONIMOS","OBJECTID":9770885}},{"type":"Feature","id":9803849,"geometry":{"type":"Point","coordinates":[-3.6855949244280302,40.412114617413387]},"properties":{"ESA_ESPECIE":"UPU","NOMBRE_COMUN":"Olmo de Siberia","NOMBRE_ESPECIE":"Ulmus pumila","ALTURA":"7","MINTDISTRITO":"03","NOMBRE_DISTRITO":"RETIRO","MINTBARRIO":"035","NOMBRE_BARRIO":"LOS JERONIMOS","OBJECTID":9803849}},{"type":"Feature","id":9800529,"geometry":{"type":"Point","coordinates":[-3.6858499002792353,40.411055306882595]},"properties":{"ESA_ESPECIE":"CAU","NOMBRE_COMUN":"Almez","NOMBRE_ESPECIE":"Celtis australis","ALTURA":"6,5","MINTDISTRITO":"03","NOMBRE_DISTRITO":"RETIRO","MINTBARRIO":"035","NOMBRE_BARRIO":"LOS JERONIMOS","OBJECTID":9800529}},{"type":"Feature","id":9766901,"geometry":{"type":"Point","coordinates":[-3.6869610076326658,40.410921245908952]},"properties":{"ESA_ESPECIE":"TFO","NOMBRE_COMUN":"Palma de Fortune","NOMBRE_ESPECIE":"Trachycarpus fortunei","ALTURA":null,"MINTDISTRITO":"03","NOMBRE_DISTRITO":"RETIRO","MINTBARRIO":"035","NOMBRE_BARRIO":"LOS JERONIMOS","OBJECTID":9766901}},{"type":"Feature","id":9900749,"geometry":{"type":"Point","coordinates":[-3.6870820888706048,40.410749457964236]},"properties":{"ESA_ESPECIE":"SJA","NOMBRE_COMUN":"Acacia del Japón/Sophora japonica","NOMBRE_ESPECIE":"Styphnolobium japonicum","ALTURA":"5,4","MINTDISTRITO":"03","NOMBRE_DISTRITO":"RETIRO","MINTBARRIO":"035","NOMBRE_BARRIO":"LOS JERONIMOS","OBJECTID":9900749}},{"type":"Feature","id":9814546,"geometry":{"type":"Point","coordinates":[-3.6872707809901342,40.411942676045896]},"properties":{"ESA_ESPECIE":"CSET","NOMBRE_COMUN":"Ciprés\u00A0común\u00A0'Totem'","NOMBRE_ESPECIE":"Cupressus sempervirens 'Totem'","ALTURA":"2,25","MINTDISTRITO":"03","NOMBRE_DISTRITO":"RETIRO","MINTBARRIO":"035","NOMBRE_BARRIO":"LOS JERONIMOS","OBJECTID":9814546}},{"type":"Feature","id":9803185,"geometry":{"type":"Point","coordinates":[-3.6871853875824594,40.411882138255947]},"properties":{"ESA_ESPECIE":"CSE","NOMBRE_COMUN":"Ciprés común","NOMBRE_ESPECIE":"Cupressus sempervirens","ALTURA":"4,5","MINTDISTRITO":"03","NOMBRE_DISTRITO":"RETIRO","MINTBARRIO":"035","NOMBRE_BARRIO":"LOS JERONIMOS","OBJECTID":9803185}},{"type":"Feature","id":9769557,"geometry":{"type":"Point","coordinates":[-3.6841362715426724,40.410512213053039]},"properties":{"ESA_ESPECIE":"PDU","NOMBRE_COMUN":"Almendro","NOMBRE_ESPECIE":"Prunus dulcis","ALTURA":"3","MINTDISTRITO":"03","NOMBRE_DISTRITO":"RETIRO","MINTBARRIO":"035","NOMBRE_BARRIO":"LOS JERONIMOS","OBJECTID":9769557}},{"type":"Feature","id":9769772,"geometry":{"type":"Point","coordinates":[-3.6843322475516529,40.410544837249397]},"properties":{"ESA_ESPECIE":"AHI","NOMBRE_COMUN":"Castaño de indias","NOMBRE_ESPECIE":"Aesculus hippocastanum","ALTURA":"12","MINTDISTRITO":"03","NOMBRE_DISTRITO":"RETIRO","MINTBARRIO":"035","NOMBRE_BARRIO":"LOS JERONIMOS","OBJECTID":9769772}},{"type":"Feature","id":9773092,"geometry":{"type":"Point","coordinates":[-3.683833609132924,40.412209688229261]},"properties":{"ESA_ESPECIE":"CBE","NOMBRE_COMUN":"Carpe","NOMBRE_ESPECIE":"Carpinus betulus","ALTURA":"6","MINTDISTRITO":"03","NOMBRE_DISTRITO":"RETIRO","MINTBARRIO":"035","NOMBRE_BARRIO":"LOS JERONIMOS","OBJECTID":9773092}},{"type":"Feature","id":9805724,"geometry":{"type":"Point","coordinates":[-3.6848286046220942,40.411885995587276]},"properties":{"ESA_ESPECIE":"QRO","NOMBRE_COMUN":"Roble común","NOMBRE_ESPECIE":"Quercus robur","ALTURA":"8","MINTDISTRITO":"03","NOMBRE_DISTRITO":"RETIRO","MINTBARRIO":"035","NOMBRE_BARRIO":"LOS JERONIMOS","OBJECTID":9805724}},{"type":"Feature","id":9773756,"geometry":{"type":"Point","coordinates":[-3.6850986407563955,40.412211838948693]},"properties":{"ESA_ESPECIE":"AHI","NOMBRE_COMUN":"Castaño de indias","NOMBRE_ESPECIE":"Aesculus hippocastanum","ALTURA":"6","MINTDISTRITO":"03","NOMBRE_DISTRITO":"RETIRO","MINTBARRIO":"035","NOMBRE_BARRIO":"LOS JERONIMOS","OBJECTID":9773756}},{"type":"Feature","id":9771100,"geometry":{"type":"Point","coordinates":[-3.6855949248851663,40.412114662455949]},"properties":{"ESA_ESPECIE":"UPU","NOMBRE_COMUN":"Olmo de Siberia","NOMBRE_ESPECIE":"Ulmus pumila","ALTURA":"7","MINTDISTRITO":"03","NOMBRE_DISTRITO":"RETIRO","MINTBARRIO":"035","NOMBRE_BARRIO":"LOS JERONIMOS","OBJECTID":9771100}},{"type":"Feature","id":9905612,"geometry":{"type":"Point","coordinates":[-3.6854016133435841,40.409148225016523]},"properties":{"ESA_ESPECIE":"CAU","NOMBRE_COMUN":"Almez","NOMBRE_ESPECIE":"Celtis australis","ALTURA":"4","MINTDISTRITO":"03","NOMBRE_DISTRITO":"RETIRO","MINTBARRIO":"035","NOMBRE_BARRIO":"LOS JERONIMOS","OBJECTID":9905612}},{"type":"Feature","id":9813550,"geometry":{"type":"Point","coordinates":[-3.6851804265441301,40.410235361851697]},"properties":{"ESA_ESPECIE":"PDU","NOMBRE_COMUN":"Almendro","NOMBRE_ESPECIE":"Prunus dulcis","ALTURA":"1,8","MINTDISTRITO":"03","NOMBRE_DISTRITO":"RETIRO","MINTBARRIO":"035","NOMBRE_BARRIO":"LOS JERONIMOS","OBJECTID":9813550}},{"type":"Feature","id":9814878,"geometry":{"type":"Point","coordinates":[-3.6852589139519445,40.410485726894798]},"properties":{"ESA_ESPECIE":"CAU","NOMBRE_COMUN":"Almez","NOMBRE_ESPECIE":"Celtis australis","ALTURA":"1,5","MINTDISTRITO":"03","NOMBRE_DISTRITO":"RETIRO","MINTBARRIO":"035","NOMBRE_BARRIO":"LOS JERONIMOS","OBJECTID":9814878}},{"type":"Feature","id":9902624,"geometry":{"type":"Point","coordinates":[-3.6842447482470737,40.41015957821682]},"properties":{"ESA_ESPECIE":"PDU","NOMBRE_COMUN":"Almendro","NOMBRE_ESPECIE":"Prunus dulcis","ALTURA":"2,1","MINTDISTRITO":"03","NOMBRE_DISTRITO":"RETIRO","MINTBARRIO":"035","NOMBRE_BARRIO":"LOS JERONIMOS","OBJECTID":9902624}},{"type":"Feature","id":9775391,"geometry":{"type":"Point","coordinates":[-3.6840714548075959,40.41082935503708]},"properties":{"ESA_ESPECIE":"ZSE","NOMBRE_COMUN":"Zelkova japonesa","NOMBRE_ESPECIE":"Zelkova serrata","ALTURA":"3","MINTDISTRITO":"03","NOMBRE_DISTRITO":"RETIRO","MINTBARRIO":"035","NOMBRE_BARRIO":"LOS JERONIMOS","OBJECTID":9775391}},{"type":"Feature","id":9813218,"geometry":{"type":"Point","coordinates":[-3.6840850871944069,40.410331974375097]},"properties":{"ESA_ESPECIE":"PDU","NOMBRE_COMUN":"Almendro","NOMBRE_ESPECIE":"Prunus dulcis","ALTURA":"3","MINTDISTRITO":"03","NOMBRE_DISTRITO":"RETIRO","MINTBARRIO":"035","NOMBRE_BARRIO":"LOS JERONIMOS","OBJECTID":9813218}},{"type":"Feature","id":9768893,"geometry":{"type":"Point","coordinates":[-3.6880821436286624,40.41404106777405]},"properties":{"ESA_ESPECIE":"CSI","NOMBRE_COMUN":"Árbol del amor","NOMBRE_ESPECIE":"Cercis siliquastrum","ALTURA":"5,5","MINTDISTRITO":"03","NOMBRE_DISTRITO":"RETIRO","MINTBARRIO":"035","NOMBRE_BARRIO":"LOS JERONIMOS","OBJECTID":9768893}},{"type":"Feature","id":9803400,"geometry":{"type":"Point","coordinates":[-3.6883336110107279,40.413166891086064]},"properties":{"ESA_ESPECIE":"AHIB","NOMBRE_COMUN":"Castaño de indias de Baumann","NOMBRE_ESPECIE":"Aesculus hippocastanum 'Baumannii'","ALTURA":"4,5","MINTDISTRITO":"03","NOMBRE_DISTRITO":"RETIRO","MINTBARRIO":"035","NOMBRE_BARRIO":"LOS JERONIMOS","OBJECTID":9803400}},{"type":"Feature","id":9803732,"geometry":{"type":"Point","coordinates":[-3.6885657586091987,40.413174211513883]},"properties":{"ESA_ESPECIE":"UPU","NOMBRE_COMUN":"Olmo de Siberia","NOMBRE_ESPECIE":"Ulmus pumila","ALTURA":"10,5","MINTDISTRITO":"03","NOMBRE_DISTRITO":"RETIRO","MINTBARRIO":"035","NOMBRE_BARRIO":"LOS JERONIMOS","OBJECTID":9803732}},{"type":"Feature","id":9770768,"geometry":{"type":"Point","coordinates":[-3.6882323011644771,40.412342598226346]},"properties":{"ESA_ESPECIE":"AHI","NOMBRE_COMUN":"Castaño de indias","NOMBRE_ESPECIE":"Aesculus hippocastanum","ALTURA":"14","MINTDISTRITO":"03","NOMBRE_DISTRITO":"RETIRO","MINTBARRIO":"035","NOMBRE_BARRIO":"LOS JERONIMOS","OBJECTID":9770768}},{"type":"Feature","id":9769889,"geometry":{"type":"Point","coordinates":[-3.6880433689402374,40.410448307496871]},"properties":{"ESA_ESPECIE":"AHI","NOMBRE_COMUN":"Castaño de indias","NOMBRE_ESPECIE":"Aesculus hippocastanum","ALTURA":"14,5","MINTDISTRITO":"03","NOMBRE_DISTRITO":"RETIRO","MINTBARRIO":"035","NOMBRE_BARRIO":"LOS JERONIMOS","OBJECTID":9769889}},{"type":"Feature","id":9802072,"geometry":{"type":"Point","coordinates":[-3.6885182324872829,40.410044649695834]},"properties":{"ESA_ESPECIE":"AHI","NOMBRE_COMUN":"Castaño de indias","NOMBRE_ESPECIE":"Aesculus hippocastanum","ALTURA":"14","MINTDISTRITO":"03","NOMBRE_DISTRITO":"RETIRO","MINTBARRIO":"035","NOMBRE_BARRIO":"LOS JERONIMOS","OBJECTID":9802072}},{"type":"Feature","id":9807785,"geometry":{"type":"Point","coordinates":[-3.6884796117539786,40.418831055544011]},"properties":{"ESA_ESPECIE":"AHI","NOMBRE_COMUN":"Castaño de indias","NOMBRE_ESPECIE":"Aesculus hippocastanum","ALTURA":"5","MINTDISTRITO":"03","NOMBRE_DISTRITO":"RETIRO","MINTBARRIO":"035","NOMBRE_BARRIO":"LOS JERONIMOS","OBJECTID":9807785}},{"type":"Feature","id":9776911,"geometry":{"type":"Point","coordinates":[-3.6883819723848754,40.418930024706526]},"properties":{"ESA_ESPECIE":"AHI","NOMBRE_COMUN":"Castaño de indias","NOMBRE_ESPECIE":"Aesculus hippocastanum","ALTURA":"12","MINTDISTRITO":"03","NOMBRE_DISTRITO":"RETIRO","MINTBARRIO":"035","NOMBRE_BARRIO":"LOS JERONIMOS","OBJECTID":9776911}},{"type":"Feature","id":9813527,"geometry":{"type":"Point","coordinates":[-3.6880508569832111,40.418291632838091]},"properties":{"ESA_ESPECIE":"FEX","NOMBRE_COMUN":"Fresno común","NOMBRE_ESPECIE":"Fraxinus excelsior","ALTURA":"3,5","MINTDISTRITO":"03","NOMBRE_DISTRITO":"RETIRO","MINTBARRIO":"035","NOMBRE_BARRIO":"LOS JERONIMOS","OBJECTID":9813527}},{"type":"Feature","id":9814191,"geometry":{"type":"Point","coordinates":[-3.6885823186746536,40.418466109128019]},"properties":{"ESA_ESPECIE":"URE","NOMBRE_COMUN":"Olmo resistente a la grafiosis","NOMBRE_ESPECIE":"Ulmus\u00A0minor\u00A0'Resista'","ALTURA":"3","MINTDISTRITO":"03","NOMBRE_DISTRITO":"RETIRO","MINTBARRIO":"035","NOMBRE_BARRIO":"LOS JERONIMOS","OBJECTID":9814191}},{"type":"Feature","id":9807121,"geometry":{"type":"Point","coordinates":[-3.688485639723639,40.418097269003567]},"properties":{"ESA_ESPECIE":"FAN","NOMBRE_COMUN":"Fresno de la tierra","NOMBRE_ESPECIE":"Fraxinus angustifolia","ALTURA":"6","MINTDISTRITO":"03","NOMBRE_DISTRITO":"RETIRO","MINTBARRIO":"035","NOMBRE_BARRIO":"LOS JERONIMOS","OBJECTID":9807121}},{"type":"Feature","id":9775817,"geometry":{"type":"Point","coordinates":[-3.6886737931848042,40.417395037448948]},"properties":{"ESA_ESPECIE":"LST","NOMBRE_COMUN":"Liquidambar","NOMBRE_ESPECIE":"Liquidambar styraciflua","ALTURA":"5,5","MINTDISTRITO":"03","NOMBRE_DISTRITO":"RETIRO","MINTBARRIO":"035","NOMBRE_BARRIO":"LOS JERONIMOS","OBJECTID":9775817}},{"type":"Feature","id":9811203,"geometry":{"type":"Point","coordinates":[-3.6832803381496939,40.420753249593155]},"properties":{"ESA_ESPECIE":"AHI","NOMBRE_COMUN":"Castaño de indias","NOMBRE_ESPECIE":"Aesculus hippocastanum","ALTURA":"11,5","MINTDISTRITO":"03","NOMBRE_DISTRITO":"RETIRO","MINTBARRIO":"035","NOMBRE_BARRIO":"LOS JERONIMOS","OBJECTID":9811203}},{"type":"Feature","id":9800460,"geometry":{"type":"Point","coordinates":[-3.6806051967604709,40.420845470481126]},"properties":{"ESA_ESPECIE":"CAT","NOMBRE_COMUN":"Cedro del Atlas","NOMBRE_ESPECIE":"Cedrus atlantica","ALTURA":"17","MINTDISTRITO":"03","NOMBRE_DISTRITO":"RETIRO","MINTBARRIO":"035","NOMBRE_BARRIO":"LOS JERONIMOS","OBJECTID":9800460}},{"type":"Feature","id":9801788,"geometry":{"type":"Point","coordinates":[-3.6779907888052779,40.41140977818398]},"properties":{"ESA_ESPECIE":"SJA","NOMBRE_COMUN":"Acacia del Japón/Sophora japonica","NOMBRE_ESPECIE":"Styphnolobium japonicum","ALTURA":"9","MINTDISTRITO":"03","NOMBRE_DISTRITO":"RETIRO","MINTBARRIO":"035","NOMBRE_BARRIO":"LOS JERONIMOS","OBJECTID":9801788}},{"type":"Feature","id":9766168,"geometry":{"type":"Point","coordinates":[-3.6782749810291508,40.413846223340677]},"properties":{"ESA_ESPECIE":"PIA","NOMBRE_COMUN":"Abeto rojo","NOMBRE_ESPECIE":"Picea abies","ALTURA":"8","MINTDISTRITO":"03","NOMBRE_DISTRITO":"RETIRO","MINTBARRIO":"035","NOMBRE_BARRIO":"LOS JERONIMOS","OBJECTID":9766168}},{"type":"Feature","id":9799796,"geometry":{"type":"Point","coordinates":[-3.6783116664910684,40.414843319407133]},"properties":{"ESA_ESPECIE":"LST","NOMBRE_COMUN":"Liquidambar","NOMBRE_ESPECIE":"Liquidambar styraciflua","ALTURA":"6,5","MINTDISTRITO":"03","NOMBRE_DISTRITO":"RETIRO","MINTBARRIO":"035","NOMBRE_BARRIO":"LOS JERONIMOS","OBJECTID":9799796}},{"type":"Feature","id":9800128,"geometry":{"type":"Point","coordinates":[-3.678449875210787,40.416630363818378]},"properties":{"ESA_ESPECIE":"CSE","NOMBRE_COMUN":"Ciprés común","NOMBRE_ESPECIE":"Cupressus sempervirens","ALTURA":"7,5","MINTDISTRITO":"03","NOMBRE_DISTRITO":"RETIRO","MINTBARRIO":"035","NOMBRE_BARRIO":"LOS JERONIMOS","OBJECTID":9800128}},{"type":"Feature","id":9777907,"geometry":{"type":"Point","coordinates":[-3.677590882364409,40.410533730221431]},"properties":{"ESA_ESPECIE":"JVI","NOMBRE_COMUN":"Sabina de Virginia","NOMBRE_ESPECIE":"Juniperus virginiana","ALTURA":"1,5","MINTDISTRITO":"03","NOMBRE_DISTRITO":"RETIRO","MINTBARRIO":"035","NOMBRE_BARRIO":"LOS JERONIMOS","OBJECTID":9777907}},{"type":"Feature","id":9776247,"geometry":{"type":"Point","coordinates":[-3.6874463359750003,40.418767483006711]},"properties":{"ESA_ESPECIE":"AHI","NOMBRE_COMUN":"Castaño de indias","NOMBRE_ESPECIE":"Aesculus hippocastanum","ALTURA":"10","MINTDISTRITO":"03","NOMBRE_DISTRITO":"RETIRO","MINTBARRIO":"035","NOMBRE_BARRIO":"LOS JERONIMOS","OBJECTID":9776247}},{"type":"Feature","id":9807453,"geometry":{"type":"Point","coordinates":[-3.6872227104814583,40.418376279372573]},"properties":{"ESA_ESPECIE":"AHI","NOMBRE_COMUN":"Castaño de indias","NOMBRE_ESPECIE":"Aesculus hippocastanum","ALTURA":"4,5","MINTDISTRITO":"03","NOMBRE_DISTRITO":"RETIRO","MINTBARRIO":"035","NOMBRE_BARRIO":"LOS JERONIMOS","OBJECTID":9807453}},{"type":"Feature","id":9776078,"geometry":{"type":"Point","coordinates":[-3.6877696461902527,40.418210332730411]},"properties":{"ESA_ESPECIE":"AHI","NOMBRE_COMUN":"Castaño de indias","NOMBRE_ESPECIE":"Aesculus hippocastanum","ALTURA":"12","MINTDISTRITO":"03","NOMBRE_DISTRITO":"RETIRO","MINTBARRIO":"035","NOMBRE_BARRIO":"LOS JERONIMOS","OBJECTID":9776078}},{"type":"Feature","id":9778903,"geometry":{"type":"Point","coordinates":[-3.6869298389420995,40.420138396011595]},"properties":{"ESA_ESPECIE":"AHI","NOMBRE_COMUN":"Castaño de indias","NOMBRE_ESPECIE":"Aesculus hippocastanum","ALTURA":"10,5","MINTDISTRITO":"03","NOMBRE_DISTRITO":"RETIRO","MINTBARRIO":"035","NOMBRE_BARRIO":"LOS JERONIMOS","OBJECTID":9778903}},{"type":"Feature","id":9813456,"geometry":{"type":"Point","coordinates":[-3.6783693526711021,40.410127721683502]},"properties":{"ESA_ESPECIE":"CAU","NOMBRE_COMUN":"Almez","NOMBRE_ESPECIE":"Celtis australis","ALTURA":"5,5","MINTDISTRITO":"03","NOMBRE_DISTRITO":"RETIRO","MINTBARRIO":"035","NOMBRE_BARRIO":"LOS JERONIMOS","OBJECTID":9813456}},{"type":"Feature","id":9778070,"geometry":{"type":"Point","coordinates":[-3.677947231144957,40.409822267877232]},"properties":{"ESA_ESPECIE":"QIL","NOMBRE_COMUN":"Encina","NOMBRE_ESPECIE":"Quercus ilex","ALTURA":"8","MINTDISTRITO":"03","NOMBRE_DISTRITO":"RETIRO","MINTBARRIO":"035","NOMBRE_BARRIO":"LOS JERONIMOS","OBJECTID":9778070}},{"type":"Feature","id":9777074,"geometry":{"type":"Point","coordinates":[-3.6847096336343492,40.419494716797807]},"properties":{"ESA_ESPECIE":"PDA","NOMBRE_COMUN":"Plátano de sombra/Platanus x hybrida","NOMBRE_ESPECIE":"Platanus x hispanica","ALTURA":"8","MINTDISTRITO":"03","NOMBRE_DISTRITO":"RETIRO","MINTBARRIO":"035","NOMBRE_BARRIO":"LOS JERONIMOS","OBJECTID":9777074}},{"type":"Feature","id":9777738,"geometry":{"type":"Point","coordinates":[-3.685169093533224,40.420258934676554]},"properties":{"ESA_ESPECIE":"AHI","NOMBRE_COMUN":"Castaño de indias","NOMBRE_ESPECIE":"Aesculus hippocastanum","ALTURA":"9,5","MINTDISTRITO":"03","NOMBRE_DISTRITO":"RETIRO","MINTBARRIO":"035","NOMBRE_BARRIO":"LOS JERONIMOS","OBJECTID":9777738}},{"type":"Feature","id":9808781,"geometry":{"type":"Point","coordinates":[-3.6865784276096818,40.419984113454007]},"properties":{"ESA_ESPECIE":"SJA","NOMBRE_COMUN":"Acacia del Japón/Sophora japonica","NOMBRE_ESPECIE":"Styphnolobium japonicum","ALTURA":"10","MINTDISTRITO":"03","NOMBRE_DISTRITO":"RETIRO","MINTBARRIO":"035","NOMBRE_BARRIO":"LOS JERONIMOS","OBJECTID":9808781}},{"type":"Feature","id":9905017,"geometry":{"type":"Point","coordinates":[-3.6858548131058475,40.419681001808726]},"properties":{"ESA_ESPECIE":"SJA","NOMBRE_COMUN":"Acacia del Japón/Sophora japonica","NOMBRE_ESPECIE":"Styphnolobium japonicum","ALTURA":"5,4","MINTDISTRITO":"03","NOMBRE_DISTRITO":"RETIRO","MINTBARRIO":"035","NOMBRE_BARRIO":"LOS JERONIMOS","OBJECTID":9905017}},{"type":"Feature","id":9776742,"geometry":{"type":"Point","coordinates":[-3.6861929019216695,40.417965196103552]},"properties":{"ESA_ESPECIE":"FAN","NOMBRE_COMUN":"Fresno de la tierra","NOMBRE_ESPECIE":"Fraxinus angustifolia","ALTURA":"8","MINTDISTRITO":"03","NOMBRE_DISTRITO":"RETIRO","MINTBARRIO":"035","NOMBRE_BARRIO":"LOS JERONIMOS","OBJECTID":9776742}},{"type":"Feature","id":9808117,"geometry":{"type":"Point","coordinates":[-3.6862277320030898,40.41838853164348]},"properties":{"ESA_ESPECIE":"AHI","NOMBRE_COMUN":"Castaño de indias","NOMBRE_ESPECIE":"Aesculus hippocastanum","ALTURA":"14","MINTDISTRITO":"03","NOMBRE_DISTRITO":"RETIRO","MINTBARRIO":"035","NOMBRE_BARRIO":"LOS JERONIMOS","OBJECTID":9808117}},{"type":"Feature","id":9808449,"geometry":{"type":"Point","coordinates":[-3.6830541458953143,40.417977241792727]},"properties":{"ESA_ESPECIE":"MFL","NOMBRE_COMUN":"Manzano japonés","NOMBRE_ESPECIE":"Malus floribunda","ALTURA":"3,5","MINTDISTRITO":"03","NOMBRE_DISTRITO":"RETIRO","MINTBARRIO":"035","NOMBRE_BARRIO":"LOS JERONIMOS","OBJECTID":9808449}},{"type":"Feature","id":9764840,"geometry":{"type":"Point","coordinates":[-3.6832322370242818,40.418530570185119]},"properties":{"ESA_ESPECIE":"FOR","NOMBRE_COMUN":"Fresno de flor","NOMBRE_ESPECIE":"Fraxinus ornus","ALTURA":"8","MINTDISTRITO":"03","NOMBRE_DISTRITO":"RETIRO","MINTBARRIO":"035","NOMBRE_BARRIO":"LOS JERONIMOS","OBJECTID":9764840}},{"type":"Feature","id":9811034,"geometry":{"type":"Point","coordinates":[-3.6831801453072033,40.420720850575933]},"properties":{"ESA_ESPECIE":"AHI","NOMBRE_COMUN":"Castaño de indias","NOMBRE_ESPECIE":"Aesculus hippocastanum","ALTURA":"12,5","MINTDISTRITO":"03","NOMBRE_DISTRITO":"RETIRO","MINTBARRIO":"035","NOMBRE_BARRIO":"LOS JERONIMOS","OBJECTID":9811034}},{"type":"Feature","id":9782152,"geometry":{"type":"Point","coordinates":[-3.6838120828293359,40.420413636027106]},"properties":{"ESA_ESPECIE":"AHI","NOMBRE_COMUN":"Castaño de indias","NOMBRE_ESPECIE":"Aesculus hippocastanum","ALTURA":"12,5","MINTDISTRITO":"03","NOMBRE_DISTRITO":"RETIRO","MINTBARRIO":"035","NOMBRE_BARRIO":"LOS JERONIMOS","OBJECTID":9782152}},{"type":"Feature","id":9782816,"geometry":{"type":"Point","coordinates":[-3.6839790584817802,40.420580486780452]},"properties":{"ESA_ESPECIE":"APS","NOMBRE_COMUN":"Falso plátano","NOMBRE_ESPECIE":"Acer pseudoplatanus","ALTURA":"5","MINTDISTRITO":"03","NOMBRE_DISTRITO":"RETIRO","MINTBARRIO":"035","NOMBRE_BARRIO":"LOS JERONIMOS","OBJECTID":9782816}},{"type":"Feature","id":9808378,"geometry":{"type":"Point","coordinates":[-3.684196828713266,40.419804979080858]},"properties":{"ESA_ESPECIE":"AHI","NOMBRE_COMUN":"Castaño de indias","NOMBRE_ESPECIE":"Aesculus hippocastanum","ALTURA":"19","MINTDISTRITO":"03","NOMBRE_DISTRITO":"RETIRO","MINTBARRIO":"035","NOMBRE_BARRIO":"LOS JERONIMOS","OBJECTID":9808378}},{"type":"Feature","id":9814120,"geometry":{"type":"Point","coordinates":[-3.6812518837189874,40.419451719347919]},"properties":{"ESA_ESPECIE":"PDA","NOMBRE_COMUN":"Plátano de sombra/Platanus x hybrida","NOMBRE_ESPECIE":"Platanus x hispanica","ALTURA":"5,5","MINTDISTRITO":"03","NOMBRE_DISTRITO":"RETIRO","MINTBARRIO":"035","NOMBRE_BARRIO":"LOS JERONIMOS","OBJECTID":9814120}},{"type":"Feature","id":9808879,"geometry":{"type":"Point","coordinates":[-3.6814169351220629,40.418770987151333]},"properties":{"ESA_ESPECIE":"AHI","NOMBRE_COMUN":"Castaño de indias","NOMBRE_ESPECIE":"Aesculus hippocastanum","ALTURA":"11","MINTDISTRITO":"03","NOMBRE_DISTRITO":"RETIRO","MINTBARRIO":"035","NOMBRE_BARRIO":"LOS JERONIMOS","OBJECTID":9808879}},{"type":"Feature","id":9779899,"geometry":{"type":"Point","coordinates":[-3.682000621462532,40.418258741615745]},"properties":{"ESA_ESPECIE":"UMI","NOMBRE_COMUN":"Olmo común","NOMBRE_ESPECIE":"Ulmus minor","ALTURA":"9","MINTDISTRITO":"03","NOMBRE_DISTRITO":"RETIRO","MINTBARRIO":"035","NOMBRE_BARRIO":"LOS JERONIMOS","OBJECTID":9779899}},{"type":"Feature","id":9779730,"geometry":{"type":"Point","coordinates":[-3.6817458474547915,40.41926015824388]},"properties":{"ESA_ESPECIE":"AHI","NOMBRE_COMUN":"Castaño de indias","NOMBRE_ESPECIE":"Aesculus hippocastanum","ALTURA":"10","MINTDISTRITO":"03","NOMBRE_DISTRITO":"RETIRO","MINTBARRIO":"035","NOMBRE_BARRIO":"LOS JERONIMOS","OBJECTID":9779730}},{"type":"Feature","id":9811867,"geometry":{"type":"Point","coordinates":[-3.6823732963478353,40.419247862043164]},"properties":{"ESA_ESPECIE":"AHI","NOMBRE_COMUN":"Castaño de indias","NOMBRE_ESPECIE":"Aesculus hippocastanum","ALTURA":"14","MINTDISTRITO":"03","NOMBRE_DISTRITO":"RETIRO","MINTBARRIO":"035","NOMBRE_BARRIO":"LOS JERONIMOS","OBJECTID":9811867}},{"type":"Feature","id":9809211,"geometry":{"type":"Point","coordinates":[-3.6826329207237198,40.418167478145648]},"properties":{"ESA_ESPECIE":"CSE","NOMBRE_COMUN":"Ciprés común","NOMBRE_ESPECIE":"Cupressus sempervirens","ALTURA":"13,5","MINTDISTRITO":"03","NOMBRE_DISTRITO":"RETIRO","MINTBARRIO":"035","NOMBRE_BARRIO":"LOS JERONIMOS","OBJECTID":9809211}},{"type":"Feature","id":9782484,"geometry":{"type":"Point","coordinates":[-3.6808500476595749,40.409282775282364]},"properties":{"ESA_ESPECIE":"MAL","NOMBRE_COMUN":"Morera blanca","NOMBRE_ESPECIE":"Morus alba","ALTURA":"13","MINTDISTRITO":"03","NOMBRE_DISTRITO":"RETIRO","MINTBARRIO":"035","NOMBRE_BARRIO":"LOS JERONIMOS","OBJECTID":9782484}},{"type":"Feature","id":9777575,"geometry":{"type":"Point","coordinates":[-3.6804844392348932,40.409444533957469]},"properties":{"ESA_ESPECIE":"ZECA","NOMBRE_COMUN":"Olmo de Siberia","NOMBRE_ESPECIE":"Zelkova carpinifolia","ALTURA":"10","MINTDISTRITO":"03","NOMBRE_DISTRITO":"RETIRO","MINTBARRIO":"035","NOMBRE_BARRIO":"LOS JERONIMOS","OBJECTID":9777575}},{"type":"Feature","id":9778402,"geometry":{"type":"Point","coordinates":[-3.6791612090207049,40.409246401287085]},"properties":{"ESA_ESPECIE":"CSI","NOMBRE_COMUN":"Árbol del amor","NOMBRE_ESPECIE":"Cercis siliquastrum","ALTURA":"5","MINTDISTRITO":"03","NOMBRE_DISTRITO":"RETIRO","MINTBARRIO":"035","NOMBRE_BARRIO":"LOS JERONIMOS","OBJECTID":9778402}},{"type":"Feature","id":9812694,"geometry":{"type":"Point","coordinates":[-3.6790864672475174,40.409184542634868]},"properties":{"ESA_ESPECIE":"CSI","NOMBRE_COMUN":"Árbol del amor","NOMBRE_ESPECIE":"Cercis siliquastrum","ALTURA":"8","MINTDISTRITO":"03","NOMBRE_DISTRITO":"RETIRO","MINTBARRIO":"035","NOMBRE_BARRIO":"LOS JERONIMOS","OBJECTID":9812694}},{"type":"Feature","id":9900680,"geometry":{"type":"Point","coordinates":[-3.6803382071759145,40.419891984131112]},"properties":{"ESA_ESPECIE":"SAU","NOMBRE_COMUN":"Serbal de los cazadores","NOMBRE_ESPECIE":"Sorbus aucuparia","ALTURA":"4","MINTDISTRITO":"03","NOMBRE_DISTRITO":"RETIRO","MINTBARRIO":"035","NOMBRE_BARRIO":"LOS JERONIMOS","OBJECTID":9900680}},{"type":"Feature","id":9781820,"geometry":{"type":"Point","coordinates":[-3.6814307864609508,40.419630936031105]},"properties":{"ESA_ESPECIE":"LST","NOMBRE_COMUN":"Liquidambar","NOMBRE_ESPECIE":"Liquidambar styraciflua","ALTURA":"4","MINTDISTRITO":"03","NOMBRE_DISTRITO":"RETIRO","MINTBARRIO":"035","NOMBRE_BARRIO":"LOS JERONIMOS","OBJECTID":9781820}},{"type":"Feature","id":9813026,"geometry":{"type":"Point","coordinates":[-3.6824893895918227,40.410708766897358]},"properties":{"ESA_ESPECIE":"AHI","NOMBRE_COMUN":"Castaño de indias","NOMBRE_ESPECIE":"Aesculus hippocastanum","ALTURA":"13","MINTDISTRITO":"03","NOMBRE_DISTRITO":"RETIRO","MINTBARRIO":"035","NOMBRE_BARRIO":"LOS JERONIMOS","OBJECTID":9813026}},{"type":"Feature","id":9813788,"geometry":{"type":"Point","coordinates":[-3.6825213170165378,40.410260738123547]},"properties":{"ESA_ESPECIE":"PDU","NOMBRE_COMUN":"Almendro","NOMBRE_ESPECIE":"Prunus dulcis","ALTURA":"2,5","MINTDISTRITO":"03","NOMBRE_DISTRITO":"RETIRO","MINTBARRIO":"035","NOMBRE_BARRIO":"LOS JERONIMOS","OBJECTID":9813788}},{"type":"Feature","id":9905349,"geometry":{"type":"Point","coordinates":[-3.6817439483528669,40.410151080513792]},"properties":{"ESA_ESPECIE":"RPS","NOMBRE_COMUN":"Falsa acacia","NOMBRE_ESPECIE":"Robinia pseudoacacia","ALTURA":"9","MINTDISTRITO":"03","NOMBRE_DISTRITO":"RETIRO","MINTBARRIO":"035","NOMBRE_BARRIO":"LOS JERONIMOS","OBJECTID":9905349}},{"type":"Feature","id":9813195,"geometry":{"type":"Point","coordinates":[-3.6815091455717264,40.410207753357952]},"properties":{"ESA_ESPECIE":"RPS","NOMBRE_COMUN":"Falsa acacia","NOMBRE_ESPECIE":"Robinia pseudoacacia","ALTURA":"9","MINTDISTRITO":"03","NOMBRE_DISTRITO":"RETIRO","MINTBARRIO":"035","NOMBRE_BARRIO":"LOS JERONIMOS","OBJECTID":9813195}},{"type":"Feature","id":9812199,"geometry":{"type":"Point","coordinates":[-3.681312973376726,40.408767054397067]},"properties":{"ESA_ESPECIE":"RPS","NOMBRE_COMUN":"Falsa acacia","NOMBRE_ESPECIE":"Robinia pseudoacacia","ALTURA":"12","MINTDISTRITO":"03","NOMBRE_DISTRITO":"RETIRO","MINTBARRIO":"035","NOMBRE_BARRIO":"LOS JERONIMOS","OBJECTID":9812199}},{"type":"Feature","id":9812362,"geometry":{"type":"Point","coordinates":[-3.6806734117471853,40.408754785178623]},"properties":{"ESA_ESPECIE":"PCP","NOMBRE_COMUN":"Ciruelo púrpura","NOMBRE_ESPECIE":"Prunus cerasifera  subsp. pissardii","ALTURA":"4,5","MINTDISTRITO":"03","NOMBRE_DISTRITO":"RETIRO","MINTBARRIO":"035","NOMBRE_BARRIO":"LOS JERONIMOS","OBJECTID":9812362}},{"type":"Feature","id":9810702,"geometry":{"type":"Point","coordinates":[-3.6807991622696603,40.412336920588196]},"properties":{"ESA_ESPECIE":"URE","NOMBRE_COMUN":"Olmo resistente a la grafiosis","NOMBRE_ESPECIE":"Ulmus\u00A0minor\u00A0'Resista'","ALTURA":"10","MINTDISTRITO":"03","NOMBRE_DISTRITO":"RETIRO","MINTBARRIO":"035","NOMBRE_BARRIO":"LOS JERONIMOS","OBJECTID":9810702}},{"type":"Feature","id":9812030,"geometry":{"type":"Point","coordinates":[-3.6811830864101087,40.411687106321246]},"properties":{"ESA_ESPECIE":"AHI","NOMBRE_COMUN":"Castaño de indias","NOMBRE_ESPECIE":"Aesculus hippocastanum","ALTURA":"6","MINTDISTRITO":"03","NOMBRE_DISTRITO":"RETIRO","MINTBARRIO":"035","NOMBRE_BARRIO":"LOS JERONIMOS","OBJECTID":9812030}},{"type":"Feature","id":9811698,"geometry":{"type":"Point","coordinates":[-3.6817506404100238,40.411434372420246]},"properties":{"ESA_ESPECIE":"CDE","NOMBRE_COMUN":"Cedro llorón","NOMBRE_ESPECIE":"Cedrus deodara","ALTURA":"16","MINTDISTRITO":"03","NOMBRE_DISTRITO":"RETIRO","MINTBARRIO":"035","NOMBRE_BARRIO":"LOS JERONIMOS","OBJECTID":9811698}},{"type":"Feature","id":9811535,"geometry":{"type":"Point","coordinates":[-3.6823985869546454,40.412232175865604]},"properties":{"ESA_ESPECIE":"AHI","NOMBRE_COMUN":"Castaño de indias","NOMBRE_ESPECIE":"Aesculus hippocastanum","ALTURA":"13","MINTDISTRITO":"03","NOMBRE_DISTRITO":"RETIRO","MINTBARRIO":"035","NOMBRE_BARRIO":"LOS JERONIMOS","OBJECTID":9811535}},{"type":"Feature","id":9764579,"geometry":{"type":"Point","coordinates":[-3.6825806946863824,40.411696728724259]},"properties":{"ESA_ESPECIE":"PAB","NOMBRE_COMUN":"Álamo\u00A0plateado","NOMBRE_ESPECIE":"Populus alba 'Bolleana'","ALTURA":"3","MINTDISTRITO":"03","NOMBRE_DISTRITO":"RETIRO","MINTBARRIO":"035","NOMBRE_BARRIO":"LOS JERONIMOS","OBJECTID":9764579}},{"type":"Feature","id":9813124,"geometry":{"type":"Point","coordinates":[-3.6821962578316385,40.410642973941975]},"properties":{"ESA_ESPECIE":"UMI","NOMBRE_COMUN":"Olmo común","NOMBRE_ESPECIE":"Ulmus minor","ALTURA":"10","MINTDISTRITO":"03","NOMBRE_DISTRITO":"RETIRO","MINTBARRIO":"035","NOMBRE_BARRIO":"LOS JERONIMOS","OBJECTID":9813124}},{"type":"Feature","id":9762587,"geometry":{"type":"Point","coordinates":[-3.6795677108221194,40.411824546159899]},"properties":{"ESA_ESPECIE":"TFO","NOMBRE_COMUN":"Palma de Fortune","NOMBRE_ESPECIE":"Trachycarpus fortunei","ALTURA":null,"MINTDISTRITO":"03","NOMBRE_DISTRITO":"RETIRO","MINTBARRIO":"035","NOMBRE_BARRIO":"LOS JERONIMOS","OBJECTID":9762587}},{"type":"Feature","id":9812531,"geometry":{"type":"Point","coordinates":[-3.6786456715365135,40.409742944788562]},"properties":{"ESA_ESPECIE":"QIL","NOMBRE_COMUN":"Encina","NOMBRE_ESPECIE":"Quercus ilex","ALTURA":"7","MINTDISTRITO":"03","NOMBRE_DISTRITO":"RETIRO","MINTBARRIO":"035","NOMBRE_BARRIO":"LOS JERONIMOS","OBJECTID":9812531}},{"type":"Feature","id":9778571,"geometry":{"type":"Point","coordinates":[-3.6792824945020279,40.410194613170106]},"properties":{"ESA_ESPECIE":"PDA","NOMBRE_COMUN":"Plátano de sombra/Platanus x hybrida","NOMBRE_ESPECIE":"Platanus x hispanica","ALTURA":"12","MINTDISTRITO":"03","NOMBRE_DISTRITO":"RETIRO","MINTBARRIO":"035","NOMBRE_BARRIO":"LOS JERONIMOS","OBJECTID":9778571}},{"type":"Feature","id":9814452,"geometry":{"type":"Point","coordinates":[-3.6805700170076516,40.409965698106454]},"properties":{"ESA_ESPECIE":"PDA","NOMBRE_COMUN":"Plátano de sombra/Platanus x hybrida","NOMBRE_ESPECIE":"Platanus x hispanica","ALTURA":"6","MINTDISTRITO":"03","NOMBRE_DISTRITO":"RETIRO","MINTBARRIO":"035","NOMBRE_BARRIO":"LOS JERONIMOS","OBJECTID":9814452}},{"type":"Feature","id":9810871,"geometry":{"type":"Point","coordinates":[-3.6799728148426145,40.411842249202003]},"properties":{"ESA_ESPECIE":"AHI","NOMBRE_COMUN":"Castaño de indias","NOMBRE_ESPECIE":"Aesculus hippocastanum","ALTURA":"5","MINTDISTRITO":"03","NOMBRE_DISTRITO":"RETIRO","MINTBARRIO":"035","NOMBRE_BARRIO":"LOS JERONIMOS","OBJECTID":9810871}},{"type":"Feature","id":9781488,"geometry":{"type":"Point","coordinates":[-3.6804820191135552,40.412202345416887]},"properties":{"ESA_ESPECIE":"AHI","NOMBRE_COMUN":"Castaño de indias","NOMBRE_ESPECIE":"Aesculus hippocastanum","ALTURA":"15","MINTDISTRITO":"03","NOMBRE_DISTRITO":"RETIRO","MINTBARRIO":"035","NOMBRE_BARRIO":"LOS JERONIMOS","OBJECTID":9781488}},{"type":"Feature","id":9799132,"geometry":{"type":"Point","coordinates":[-3.6786225325419202,40.413906472515691]},"properties":{"ESA_ESPECIE":"CAR","NOMBRE_COMUN":"Ciprés de Arizona","NOMBRE_ESPECIE":"Cupressus arizonica","ALTURA":"3,2","MINTDISTRITO":"03","NOMBRE_DISTRITO":"RETIRO","MINTBARRIO":"035","NOMBRE_BARRIO":"LOS JERONIMOS","OBJECTID":9799132}},{"type":"Feature","id":9810539,"geometry":{"type":"Point","coordinates":[-3.6808002188748512,40.414959603234578]},"properties":{"ESA_ESPECIE":"CAU","NOMBRE_COMUN":"Almez","NOMBRE_ESPECIE":"Celtis australis","ALTURA":"14","MINTDISTRITO":"03","NOMBRE_DISTRITO":"RETIRO","MINTBARRIO":"035","NOMBRE_BARRIO":"LOS JERONIMOS","OBJECTID":9810539}},{"type":"Feature","id":9809875,"geometry":{"type":"Point","coordinates":[-3.6809205782211842,40.414646829882166]},"properties":{"ESA_ESPECIE":"AHI","NOMBRE_COMUN":"Castaño de indias","NOMBRE_ESPECIE":"Aesculus hippocastanum","ALTURA":"12,5","MINTDISTRITO":"03","NOMBRE_DISTRITO":"RETIRO","MINTBARRIO":"035","NOMBRE_BARRIO":"LOS JERONIMOS","OBJECTID":9809875}},{"type":"Feature","id":9780231,"geometry":{"type":"Point","coordinates":[-3.6807761145720654,40.414151434919674]},"properties":{"ESA_ESPECIE":"QRO","NOMBRE_COMUN":"Roble común","NOMBRE_ESPECIE":"Quercus robur","ALTURA":"14","MINTDISTRITO":"03","NOMBRE_DISTRITO":"RETIRO","MINTBARRIO":"035","NOMBRE_BARRIO":"LOS JERONIMOS","OBJECTID":9780231}},{"type":"Feature","id":9781227,"geometry":{"type":"Point","coordinates":[-3.6797603066509934,40.413243803444587]},"properties":{"ESA_ESPECIE":"PDA","NOMBRE_COMUN":"Plátano de sombra/Platanus x hybrida","NOMBRE_ESPECIE":"Platanus x hispanica","ALTURA":"6,5","MINTDISTRITO":"03","NOMBRE_DISTRITO":"RETIRO","MINTBARRIO":"035","NOMBRE_BARRIO":"LOS JERONIMOS","OBJECTID":9781227}},{"type":"Feature","id":9810207,"geometry":{"type":"Point","coordinates":[-3.6802912927445322,40.413724718883401]},"properties":{"ESA_ESPECIE":"PHA","NOMBRE_COMUN":"Pino carrasco","NOMBRE_ESPECIE":"Pinus halepensis","ALTURA":"24","MINTDISTRITO":"03","NOMBRE_DISTRITO":"RETIRO","MINTBARRIO":"035","NOMBRE_BARRIO":"LOS JERONIMOS","OBJECTID":9810207}},{"type":"Feature","id":9780160,"geometry":{"type":"Point","coordinates":[-3.6808002107119897,40.415391479216062]},"properties":{"ESA_ESPECIE":"MAL","NOMBRE_COMUN":"Morera blanca","NOMBRE_ESPECIE":"Morus alba","ALTURA":"14","MINTDISTRITO":"03","NOMBRE_DISTRITO":"RETIRO","MINTBARRIO":"035","NOMBRE_BARRIO":"LOS JERONIMOS","OBJECTID":9780160}},{"type":"Feature","id":9777406,"geometry":{"type":"Point","coordinates":[-3.6806506161009538,40.416436238714418]},"properties":{"ESA_ESPECIE":"AHI","NOMBRE_COMUN":"Castaño de indias","NOMBRE_ESPECIE":"Aesculus hippocastanum","ALTURA":"6","MINTDISTRITO":"03","NOMBRE_DISTRITO":"RETIRO","MINTBARRIO":"035","NOMBRE_BARRIO":"LOS JERONIMOS","OBJECTID":9777406}},{"type":"Feature","id":9813859,"geometry":{"type":"Point","coordinates":[-3.6806633896807908,40.417424221987979]},"properties":{"ESA_ESPECIE":"CDE","NOMBRE_COMUN":"Cedro llorón","NOMBRE_ESPECIE":"Cedrus deodara","ALTURA":"3","MINTDISTRITO":"03","NOMBRE_DISTRITO":"RETIRO","MINTBARRIO":"035","NOMBRE_BARRIO":"LOS JERONIMOS","OBJECTID":9813859}},{"type":"Feature","id":9768160,"geometry":{"type":"Point","coordinates":[-3.6796578815532448,40.417673796035437]},"properties":{"ESA_ESPECIE":"AHI","NOMBRE_COMUN":"Castaño de indias","NOMBRE_ESPECIE":"Aesculus hippocastanum","ALTURA":"8","MINTDISTRITO":"03","NOMBRE_DISTRITO":"RETIRO","MINTBARRIO":"035","NOMBRE_BARRIO":"LOS JERONIMOS","OBJECTID":9768160}},{"type":"Feature","id":9766500,"geometry":{"type":"Point","coordinates":[-3.679108324373634,40.415274671940843]},"properties":{"ESA_ESPECIE":"JVI","NOMBRE_COMUN":"Sabina de Virginia","NOMBRE_ESPECIE":"Juniperus virginiana","ALTURA":"8","MINTDISTRITO":"03","NOMBRE_DISTRITO":"RETIRO","MINTBARRIO":"035","NOMBRE_BARRIO":"LOS JERONIMOS","OBJECTID":9766500}},{"type":"Feature","id":9799464,"geometry":{"type":"Point","coordinates":[-3.6786896287288964,40.414697884427483]},"properties":{"ESA_ESPECIE":"AMS","NOMBRE_COMUN":"Abeto\u00A0de\u00A0Masjoan","NOMBRE_ESPECIE":"Abies x masjoannis","ALTURA":"23","MINTDISTRITO":"03","NOMBRE_DISTRITO":"RETIRO","MINTBARRIO":"035","NOMBRE_BARRIO":"LOS JERONIMOS","OBJECTID":9799464}},{"type":"Feature","id":9809042,"geometry":{"type":"Point","coordinates":[-3.6823733065900783,40.416742896422505]},"properties":{"ESA_ESPECIE":"TBA","NOMBRE_COMUN":"Tejo","NOMBRE_ESPECIE":"Taxus baccata","ALTURA":"3,5","MINTDISTRITO":"03","NOMBRE_DISTRITO":"RETIRO","MINTBARRIO":"035","NOMBRE_BARRIO":"LOS JERONIMOS","OBJECTID":9809042}},{"type":"Feature","id":9779567,"geometry":{"type":"Point","coordinates":[-3.681977444083687,40.417200765683504]},"properties":{"ESA_ESPECIE":"AHI","NOMBRE_COMUN":"Castaño de indias","NOMBRE_ESPECIE":"Aesculus hippocastanum","ALTURA":"8","MINTDISTRITO":"03","NOMBRE_DISTRITO":"RETIRO","MINTBARRIO":"035","NOMBRE_BARRIO":"LOS JERONIMOS","OBJECTID":9779567}},{"type":"Feature","id":9779398,"geometry":{"type":"Point","coordinates":[-3.6820059522916746,40.417898348284488]},"properties":{"ESA_ESPECIE":"AHI","NOMBRE_COMUN":"Castaño de indias","NOMBRE_ESPECIE":"Aesculus hippocastanum","ALTURA":"11","MINTDISTRITO":"03","NOMBRE_DISTRITO":"RETIRO","MINTBARRIO":"035","NOMBRE_BARRIO":"LOS JERONIMOS","OBJECTID":9779398}},{"type":"Feature","id":9779235,"geometry":{"type":"Point","coordinates":[-3.6817836770168566,40.417636324784823]},"properties":{"ESA_ESPECIE":"CSE","NOMBRE_COMUN":"Ciprés común","NOMBRE_ESPECIE":"Cupressus sempervirens","ALTURA":"7,5","MINTDISTRITO":"03","NOMBRE_DISTRITO":"RETIRO","MINTBARRIO":"035","NOMBRE_BARRIO":"LOS JERONIMOS","OBJECTID":9779235}},{"type":"Feature","id":9809374,"geometry":{"type":"Point","coordinates":[-3.6812975399077486,40.416245688797375]},"properties":{"ESA_ESPECIE":"AHI","NOMBRE_COMUN":"Castaño de indias","NOMBRE_ESPECIE":"Aesculus hippocastanum","ALTURA":"6,5","MINTDISTRITO":"03","NOMBRE_DISTRITO":"RETIRO","MINTBARRIO":"035","NOMBRE_BARRIO":"LOS JERONIMOS","OBJECTID":9809374}},{"type":"Feature","id":9780824,"geometry":{"type":"Point","coordinates":[-3.6817966932859907,40.415757861243272]},"properties":{"ESA_ESPECIE":"RPS","NOMBRE_COMUN":"Falsa acacia","NOMBRE_ESPECIE":"Robinia pseudoacacia","ALTURA":"9","MINTDISTRITO":"03","NOMBRE_DISTRITO":"RETIRO","MINTBARRIO":"035","NOMBRE_BARRIO":"LOS JERONIMOS","OBJECTID":9780824}},{"type":"Feature","id":9811366,"geometry":{"type":"Point","coordinates":[-3.6817641867691728,40.412715911906396]},"properties":{"ESA_ESPECIE":"PAB","NOMBRE_COMUN":"Álamo\u00A0plateado","NOMBRE_ESPECIE":"Populus alba 'Bolleana'","ALTURA":"18","MINTDISTRITO":"03","NOMBRE_DISTRITO":"RETIRO","MINTBARRIO":"035","NOMBRE_BARRIO":"LOS JERONIMOS","OBJECTID":9811366}},{"type":"Feature","id":9780492,"geometry":{"type":"Point","coordinates":[-3.6810040886579496,40.413756216521691]},"properties":{"ESA_ESPECIE":"AHI","NOMBRE_COMUN":"Castaño de indias","NOMBRE_ESPECIE":"Aesculus hippocastanum","ALTURA":"12","MINTDISTRITO":"03","NOMBRE_DISTRITO":"RETIRO","MINTBARRIO":"035","NOMBRE_BARRIO":"LOS JERONIMOS","OBJECTID":9780492}},{"type":"Feature","id":9809706,"geometry":{"type":"Point","coordinates":[-3.6826159135938399,40.414764455181533]},"properties":{"ESA_ESPECIE":"AHI","NOMBRE_COMUN":"Castaño de indias","NOMBRE_ESPECIE":"Aesculus hippocastanum","ALTURA":"16","MINTDISTRITO":"03","NOMBRE_DISTRITO":"RETIRO","MINTBARRIO":"035","NOMBRE_BARRIO":"LOS JERONIMOS","OBJECTID":9809706}},{"type":"Feature","id":9780062,"geometry":{"type":"Point","coordinates":[-3.6824424091072325,40.414037106533989]},"properties":{"ESA_ESPECIE":"PHA","NOMBRE_COMUN":"Pino carrasco","NOMBRE_ESPECIE":"Pinus halepensis","ALTURA":"32","MINTDISTRITO":"03","NOMBRE_DISTRITO":"RETIRO","MINTBARRIO":"035","NOMBRE_BARRIO":"LOS JERONIMOS","OBJECTID":9780062}},{"type":"Feature","id":9809543,"geometry":{"type":"Point","coordinates":[-3.6827002564890483,40.416339721254175]},"properties":{"ESA_ESPECIE":"AHI","NOMBRE_COMUN":"Castaño de indias","NOMBRE_ESPECIE":"Aesculus hippocastanum","ALTURA":"6","MINTDISTRITO":"03","NOMBRE_DISTRITO":"RETIRO","MINTBARRIO":"035","NOMBRE_BARRIO":"LOS JERONIMOS","OBJECTID":9809543}},{"type":"Feature","id":9777243,"geometry":{"type":"Point","coordinates":[-3.6828795634631812,40.415903002700617]},"properties":{"ESA_ESPECIE":"CDE","NOMBRE_COMUN":"Cedro llorón","NOMBRE_ESPECIE":"Cedrus deodara","ALTURA":"17","MINTDISTRITO":"03","NOMBRE_DISTRITO":"RETIRO","MINTBARRIO":"035","NOMBRE_BARRIO":"LOS JERONIMOS","OBJECTID":9777243}},{"type":"Feature","id":9773161,"geometry":{"type":"Point","coordinates":[-3.6843710450581786,40.412605068907418]},"properties":{"ESA_ESPECIE":"ACA","NOMBRE_COMUN":"Arce campestre","NOMBRE_ESPECIE":"Acer campestre","ALTURA":"10","MINTDISTRITO":"03","NOMBRE_DISTRITO":"RETIRO","MINTBARRIO":"035","NOMBRE_BARRIO":"LOS JERONIMOS","OBJECTID":9773161}},{"type":"Feature","id":9781156,"geometry":{"type":"Point","coordinates":[-3.6833232961493185,40.413407936664186]},"properties":{"ESA_ESPECIE":"AHI","NOMBRE_COMUN":"Castaño de indias","NOMBRE_ESPECIE":"Aesculus hippocastanum","ALTURA":"9,5","MINTDISTRITO":"03","NOMBRE_DISTRITO":"RETIRO","MINTBARRIO":"035","NOMBRE_BARRIO":"LOS JERONIMOS","OBJECTID":9781156}},{"type":"Feature","id":9765836,"geometry":{"type":"Point","coordinates":[-3.6833341841291638,40.412918320303199]},"properties":{"ESA_ESPECIE":"AHI","NOMBRE_COMUN":"Castaño de indias","NOMBRE_ESPECIE":"Aesculus hippocastanum","ALTURA":"15","MINTDISTRITO":"03","NOMBRE_DISTRITO":"RETIRO","MINTBARRIO":"035","NOMBRE_BARRIO":"LOS JERONIMOS","OBJECTID":9765836}},{"type":"Feature","id":9767164,"geometry":{"type":"Point","coordinates":[-3.6830029965784905,40.41312852512069]},"properties":{"ESA_ESPECIE":"TFO","NOMBRE_COMUN":"Palma de Fortune","NOMBRE_ESPECIE":"Trachycarpus fortunei","ALTURA":null,"MINTDISTRITO":"03","NOMBRE_DISTRITO":"RETIRO","MINTBARRIO":"035","NOMBRE_BARRIO":"LOS JERONIMOS","OBJECTID":9767164}},{"type":"Feature","id":9780563,"geometry":{"type":"Point","coordinates":[-3.683002107771665,40.413665781705625]},"properties":{"ESA_ESPECIE":"AHI","NOMBRE_COMUN":"Castaño de indias","NOMBRE_ESPECIE":"Aesculus hippocastanum","ALTURA":"18","MINTDISTRITO":"03","NOMBRE_DISTRITO":"RETIRO","MINTBARRIO":"035","NOMBRE_BARRIO":"LOS JERONIMOS","OBJECTID":9780563}},{"type":"Feature","id":9780895,"geometry":{"type":"Point","coordinates":[-3.682533134768792,40.413039088530745]},"properties":{"ESA_ESPECIE":"SBA","NOMBRE_COMUN":"Sauce llorón","NOMBRE_ESPECIE":"Salix babylonica","ALTURA":"6,5","MINTDISTRITO":"03","NOMBRE_DISTRITO":"RETIRO","MINTBARRIO":"035","NOMBRE_BARRIO":"LOS JERONIMOS","OBJECTID":9780895}},{"type":"Feature","id":9804797,"geometry":{"type":"Point","coordinates":[-3.685134819991903,40.414437932858981]},"properties":{"ESA_ESPECIE":"AHI","NOMBRE_COMUN":"Castaño de indias","NOMBRE_ESPECIE":"Aesculus hippocastanum","ALTURA":"6,5","MINTDISTRITO":"03","NOMBRE_DISTRITO":"RETIRO","MINTBARRIO":"035","NOMBRE_BARRIO":"LOS JERONIMOS","OBJECTID":9804797}},{"type":"Feature","id":9772829,"geometry":{"type":"Point","coordinates":[-3.6848027506034535,40.414410539673042]},"properties":{"ESA_ESPECIE":"BRP","NOMBRE_COMUN":"Morera de papel","NOMBRE_ESPECIE":"Broussonetia papyrifera","ALTURA":"14","MINTDISTRITO":"03","NOMBRE_DISTRITO":"RETIRO","MINTBARRIO":"035","NOMBRE_BARRIO":"LOS JERONIMOS","OBJECTID":9772829}},{"type":"Feature","id":9783480,"geometry":{"type":"Point","coordinates":[-3.6855422949759613,40.413752910631764]},"properties":{"ESA_ESPECIE":"TFO","NOMBRE_COMUN":"Palma de Fortune","NOMBRE_ESPECIE":"Trachycarpus fortunei","ALTURA":"8","MINTDISTRITO":"03","NOMBRE_DISTRITO":"RETIRO","MINTBARRIO":"035","NOMBRE_BARRIO":"LOS JERONIMOS","OBJECTID":9783480}},{"type":"Feature","id":9773825,"geometry":{"type":"Point","coordinates":[-3.6855164581646624,40.412812068190384]},"properties":{"ESA_ESPECIE":"AHI","NOMBRE_COMUN":"Castaño de indias","NOMBRE_ESPECIE":"Aesculus hippocastanum","ALTURA":"12","MINTDISTRITO":"03","NOMBRE_DISTRITO":"RETIRO","MINTBARRIO":"035","NOMBRE_BARRIO":"LOS JERONIMOS","OBJECTID":9773825}},{"type":"Feature","id":9775485,"geometry":{"type":"Point","coordinates":[-3.6852557604642433,40.412441719825182]},"properties":{"ESA_ESPECIE":"GTR","NOMBRE_COMUN":"Acacia de tres espinas","NOMBRE_ESPECIE":"Gleditsia triacanthos","ALTURA":"16","MINTDISTRITO":"03","NOMBRE_DISTRITO":"RETIRO","MINTBARRIO":"035","NOMBRE_BARRIO":"LOS JERONIMOS","OBJECTID":9775485}},{"type":"Feature","id":9773493,"geometry":{"type":"Point","coordinates":[-3.6848728895384104,40.413003630866378]},"properties":{"ESA_ESPECIE":"AHI","NOMBRE_COMUN":"Castaño de indias","NOMBRE_ESPECIE":"Aesculus hippocastanum","ALTURA":"14","MINTDISTRITO":"03","NOMBRE_DISTRITO":"RETIRO","MINTBARRIO":"035","NOMBRE_BARRIO":"LOS JERONIMOS","OBJECTID":9773493}},{"type":"Feature","id":9810038,"geometry":{"type":"Point","coordinates":[-3.6838497592673569,40.41495644411188]},"properties":{"ESA_ESPECIE":"PPI","NOMBRE_COMUN":"Pino piñonero","NOMBRE_ESPECIE":"Pinus pinea","ALTURA":"24","MINTDISTRITO":"03","NOMBRE_DISTRITO":"RETIRO","MINTBARRIO":"035","NOMBRE_BARRIO":"LOS JERONIMOS","OBJECTID":9810038}},{"type":"Feature","id":9772165,"geometry":{"type":"Point","coordinates":[-3.6839419312602164,40.414106714667575]},"properties":{"ESA_ESPECIE":"AHI","NOMBRE_COMUN":"Castaño de indias","NOMBRE_ESPECIE":"Aesculus hippocastanum","ALTURA":"19","MINTDISTRITO":"03","NOMBRE_DISTRITO":"RETIRO","MINTBARRIO":"035","NOMBRE_BARRIO":"LOS JERONIMOS","OBJECTID":9772165}},{"type":"Feature","id":9805461,"geometry":{"type":"Point","coordinates":[-3.6842729584955447,40.414001160900995]},"properties":{"ESA_ESPECIE":"AHI","NOMBRE_COMUN":"Castaño de indias","NOMBRE_ESPECIE":"Aesculus hippocastanum","ALTURA":"12","MINTDISTRITO":"03","NOMBRE_DISTRITO":"RETIRO","MINTBARRIO":"035","NOMBRE_BARRIO":"LOS JERONIMOS","OBJECTID":9805461}},{"type":"Feature","id":9804465,"geometry":{"type":"Point","coordinates":[-3.6841915946671611,40.414628194972245]},"properties":{"ESA_ESPECIE":"QRO","NOMBRE_COMUN":"Roble común","NOMBRE_ESPECIE":"Quercus robur","ALTURA":"10","MINTDISTRITO":"03","NOMBRE_DISTRITO":"RETIRO","MINTBARRIO":"035","NOMBRE_BARRIO":"LOS JERONIMOS","OBJECTID":9804465}},{"type":"Feature","id":9805129,"geometry":{"type":"Point","coordinates":[-3.6841316715770369,40.41463400904842]},"properties":{"ESA_ESPECIE":"AHI","NOMBRE_COMUN":"Castaño de indias","NOMBRE_ESPECIE":"Aesculus hippocastanum","ALTURA":"7","MINTDISTRITO":"03","NOMBRE_DISTRITO":"RETIRO","MINTBARRIO":"035","NOMBRE_BARRIO":"LOS JERONIMOS","OBJECTID":9805129}},{"type":"Feature","id":9772497,"geometry":{"type":"Point","coordinates":[-3.6843763577959048,40.415149013815345]},"properties":{"ESA_ESPECIE":"AHI","NOMBRE_COMUN":"Castaño de indias","NOMBRE_ESPECIE":"Aesculus hippocastanum","ALTURA":"7","MINTDISTRITO":"03","NOMBRE_DISTRITO":"RETIRO","MINTBARRIO":"035","NOMBRE_BARRIO":"LOS JERONIMOS","OBJECTID":9772497}},{"type":"Feature","id":9771169,"geometry":{"type":"Point","coordinates":[-3.6865256470818961,40.415789067284038]},"properties":{"ESA_ESPECIE":"ACA","NOMBRE_COMUN":"Arce campestre","NOMBRE_ESPECIE":"Acer campestre","ALTURA":"5,5","MINTDISTRITO":"03","NOMBRE_DISTRITO":"RETIRO","MINTBARRIO":"035","NOMBRE_BARRIO":"LOS JERONIMOS","OBJECTID":9771169}},{"type":"Feature","id":9771501,"geometry":{"type":"Point","coordinates":[-3.6853264965171211,40.415910145999817]},"properties":{"ESA_ESPECIE":"CSI","NOMBRE_COMUN":"Árbol del amor","NOMBRE_ESPECIE":"Cercis siliquastrum","ALTURA":"4","MINTDISTRITO":"03","NOMBRE_DISTRITO":"RETIRO","MINTBARRIO":"035","NOMBRE_BARRIO":"LOS JERONIMOS","OBJECTID":9771501}},{"type":"Feature","id":9776579,"geometry":{"type":"Point","coordinates":[-3.6856258795533146,40.417364863836383]},"properties":{"ESA_ESPECIE":"AHI","NOMBRE_COMUN":"Castaño de indias","NOMBRE_ESPECIE":"Aesculus hippocastanum","ALTURA":"16","MINTDISTRITO":"03","NOMBRE_DISTRITO":"RETIRO","MINTBARRIO":"035","NOMBRE_BARRIO":"LOS JERONIMOS","OBJECTID":9776579}},{"type":"Feature","id":9775915,"geometry":{"type":"Point","coordinates":[-3.6851629485207682,40.417323644026141]},"properties":{"ESA_ESPECIE":"CSE","NOMBRE_COMUN":"Ciprés común","NOMBRE_ESPECIE":"Cupressus sempervirens","ALTURA":"20","MINTDISTRITO":"03","NOMBRE_DISTRITO":"RETIRO","MINTBARRIO":"035","NOMBRE_BARRIO":"LOS JERONIMOS","OBJECTID":9775915}},{"type":"Feature","id":9779066,"geometry":{"type":"Point","coordinates":[-3.6839881074029659,40.415727800484127]},"properties":{"ESA_ESPECIE":"CAT","NOMBRE_COMUN":"Cedro del Atlas","NOMBRE_ESPECIE":"Cedrus atlantica","ALTURA":"17,5","MINTDISTRITO":"03","NOMBRE_DISTRITO":"RETIRO","MINTBARRIO":"035","NOMBRE_BARRIO":"LOS JERONIMOS","OBJECTID":9779066}},{"type":"Feature","id":9810370,"geometry":{"type":"Point","coordinates":[-3.6834136723820281,40.415099302571356]},"properties":{"ESA_ESPECIE":"AAL","NOMBRE_COMUN":"Ailanto","NOMBRE_ESPECIE":"Ailanthus altissima","ALTURA":"15","MINTDISTRITO":"03","NOMBRE_DISTRITO":"RETIRO","MINTBARRIO":"035","NOMBRE_BARRIO":"LOS JERONIMOS","OBJECTID":9810370}},{"type":"Feature","id":9806789,"geometry":{"type":"Point","coordinates":[-3.6876945755397714,40.417642146340377]},"properties":{"ESA_ESPECIE":"AHI","NOMBRE_COMUN":"Castaño de indias","NOMBRE_ESPECIE":"Aesculus hippocastanum","ALTURA":"16","MINTDISTRITO":"03","NOMBRE_DISTRITO":"RETIRO","MINTBARRIO":"035","NOMBRE_BARRIO":"LOS JERONIMOS","OBJECTID":9806789}},{"type":"Feature","id":9776410,"geometry":{"type":"Point","coordinates":[-3.686978375746957,40.41777746774698]},"properties":{"ESA_ESPECIE":"AHI","NOMBRE_COMUN":"Castaño de indias","NOMBRE_ESPECIE":"Aesculus hippocastanum","ALTURA":"16","MINTDISTRITO":"03","NOMBRE_DISTRITO":"RETIRO","MINTBARRIO":"035","NOMBRE_BARRIO":"LOS JERONIMOS","OBJECTID":9776410}},{"type":"Feature","id":9808046,"geometry":{"type":"Point","coordinates":[-3.6868703431132963,40.416940304302443]},"properties":{"ESA_ESPECIE":"AHI","NOMBRE_COMUN":"Castaño de indias","NOMBRE_ESPECIE":"Aesculus hippocastanum","ALTURA":"10","MINTDISTRITO":"03","NOMBRE_DISTRITO":"RETIRO","MINTBARRIO":"035","NOMBRE_BARRIO":"LOS JERONIMOS","OBJECTID":9808046}},{"type":"Feature","id":9804133,"geometry":{"type":"Point","coordinates":[-3.685890853247535,40.416554730159859]},"properties":{"ESA_ESPECIE":"AHI","NOMBRE_COMUN":"Castaño de indias","NOMBRE_ESPECIE":"Aesculus hippocastanum","ALTURA":"6,5","MINTDISTRITO":"03","NOMBRE_DISTRITO":"RETIRO","MINTBARRIO":"035","NOMBRE_BARRIO":"LOS JERONIMOS","OBJECTID":9804133}},{"type":"Feature","id":9771833,"geometry":{"type":"Point","coordinates":[-3.6862937757206486,40.416155490553336]},"properties":{"ESA_ESPECIE":"GTR","NOMBRE_COMUN":"Acacia de tres espinas","NOMBRE_ESPECIE":"Gleditsia triacanthos","ALTURA":"18","MINTDISTRITO":"03","NOMBRE_DISTRITO":"RETIRO","MINTBARRIO":"035","NOMBRE_BARRIO":"LOS JERONIMOS","OBJECTID":9771833}},{"type":"Feature","id":9815116,"geometry":{"type":"Point","coordinates":[-3.6864993311659666,40.415828890386734]},"properties":{"ESA_ESPECIE":"GTR","NOMBRE_COMUN":"Acacia de tres espinas","NOMBRE_ESPECIE":"Gleditsia triacanthos","ALTURA":"1,5","MINTDISTRITO":"03","NOMBRE_DISTRITO":"RETIRO","MINTBARRIO":"035","NOMBRE_BARRIO":"LOS JERONIMOS","OBJECTID":9815116}},{"type":"Feature","id":9767828,"geometry":{"type":"Point","coordinates":[-3.6859102105836259,40.411515131712896]},"properties":{"ESA_ESPECIE":"PAL","NOMBRE_COMUN":"Álamo blanco","NOMBRE_ESPECIE":"Populus alba","ALTURA":"19","MINTDISTRITO":"03","NOMBRE_DISTRITO":"RETIRO","MINTBARRIO":"035","NOMBRE_BARRIO":"LOS JERONIMOS","OBJECTID":9767828}},{"type":"Feature","id":9896696,"geometry":{"type":"Point","coordinates":[-3.6872561768718213,40.411184894072939]},"properties":{"ESA_ESPECIE":"PHA","NOMBRE_COMUN":"Pino carrasco","NOMBRE_ESPECIE":"Pinus halepensis","ALTURA":"30","MINTDISTRITO":"03","NOMBRE_DISTRITO":"RETIRO","MINTBARRIO":"035","NOMBRE_BARRIO":"LOS JERONIMOS","OBJECTID":9896696}},{"type":"Feature","id":9765504,"geometry":{"type":"Point","coordinates":[-3.6867934557157076,40.413066112619454]},"properties":{"ESA_ESPECIE":"PDA","NOMBRE_COMUN":"Plátano de sombra/Platanus x hybrida","NOMBRE_ESPECIE":"Platanus x hispanica","ALTURA":"9","MINTDISTRITO":"03","NOMBRE_DISTRITO":"RETIRO","MINTBARRIO":"035","NOMBRE_BARRIO":"LOS JERONIMOS","OBJECTID":9765504}},{"type":"Feature","id":9801456,"geometry":{"type":"Point","coordinates":[-3.6867081769593426,40.414462715963353]},"properties":{"ESA_ESPECIE":"GTR","NOMBRE_COMUN":"Acacia de tres espinas","NOMBRE_ESPECIE":"Gleditsia triacanthos","ALTURA":"16","MINTDISTRITO":"03","NOMBRE_DISTRITO":"RETIRO","MINTBARRIO":"035","NOMBRE_BARRIO":"LOS JERONIMOS","OBJECTID":9801456}},{"type":"Feature","id":9768824,"geometry":{"type":"Point","coordinates":[-3.6873780907432057,40.414210301502663]},"properties":{"ESA_ESPECIE":"AHI","NOMBRE_COMUN":"Castaño de indias","NOMBRE_ESPECIE":"Aesculus hippocastanum","ALTURA":"9","MINTDISTRITO":"03","NOMBRE_DISTRITO":"RETIRO","MINTBARRIO":"035","NOMBRE_BARRIO":"LOS JERONIMOS","OBJECTID":9768824}},{"type":"Feature","id":9801124,"geometry":{"type":"Point","coordinates":[-3.6878039508802014,40.413990506591425]},"properties":{"ESA_ESPECIE":"AHI","NOMBRE_COMUN":"Castaño de indias","NOMBRE_ESPECIE":"Aesculus hippocastanum","ALTURA":"6,5","MINTDISTRITO":"03","NOMBRE_DISTRITO":"RETIRO","MINTBARRIO":"035","NOMBRE_BARRIO":"LOS JERONIMOS","OBJECTID":9801124}},{"type":"Feature","id":9806457,"geometry":{"type":"Point","coordinates":[-3.6835508801415835,40.411996304915689]},"properties":{"ESA_ESPECIE":"ACA","NOMBRE_COMUN":"Arce campestre","NOMBRE_ESPECIE":"Acer campestre","ALTURA":"8,5","MINTDISTRITO":"03","NOMBRE_DISTRITO":"RETIRO","MINTBARRIO":"035","NOMBRE_BARRIO":"LOS JERONIMOS","OBJECTID":9806457}},{"type":"Feature","id":9806125,"geometry":{"type":"Point","coordinates":[-3.6837502582253827,40.412245875057785]},"properties":{"ESA_ESPECIE":"AHI","NOMBRE_COMUN":"Castaño de indias","NOMBRE_ESPECIE":"Aesculus hippocastanum","ALTURA":"18","MINTDISTRITO":"03","NOMBRE_DISTRITO":"RETIRO","MINTBARRIO":"035","NOMBRE_BARRIO":"LOS JERONIMOS","OBJECTID":9806125}},{"type":"Feature","id":9805793,"geometry":{"type":"Point","coordinates":[-3.6845898155263765,40.411235622503085]},"properties":{"ESA_ESPECIE":"QRO","NOMBRE_COMUN":"Roble común","NOMBRE_ESPECIE":"Quercus robur","ALTURA":"5,5","MINTDISTRITO":"03","NOMBRE_DISTRITO":"RETIRO","MINTBARRIO":"035","NOMBRE_BARRIO":"LOS JERONIMOS","OBJECTID":9805793}},{"type":"Feature","id":9814784,"geometry":{"type":"Point","coordinates":[-3.6847804562545101,40.411276529816575]},"properties":{"ESA_ESPECIE":"ACA","NOMBRE_COMUN":"Arce campestre","NOMBRE_ESPECIE":"Acer campestre","ALTURA":"1,5","MINTDISTRITO":"03","NOMBRE_DISTRITO":"RETIRO","MINTBARRIO":"035","NOMBRE_BARRIO":"LOS JERONIMOS","OBJECTID":9814784}},{"type":"Feature","id":9775414,"geometry":{"type":"Point","coordinates":[-3.6851796289572842,40.411746401670158]},"properties":{"ESA_ESPECIE":"SJA","NOMBRE_COMUN":"Acacia del Japón/Sophora japonica","NOMBRE_ESPECIE":"Styphnolobium japonicum","ALTURA":"11","MINTDISTRITO":"03","NOMBRE_DISTRITO":"RETIRO","MINTBARRIO":"035","NOMBRE_BARRIO":"LOS JERONIMOS","OBJECTID":9775414}},{"type":"Feature","id":9783148,"geometry":{"type":"Point","coordinates":[-3.6862329918064898,40.411281593543791]},"properties":{"ESA_ESPECIE":"TFO","NOMBRE_COMUN":"Palma de Fortune","NOMBRE_ESPECIE":"Trachycarpus fortunei","ALTURA":"6,5","MINTDISTRITO":"03","NOMBRE_DISTRITO":"RETIRO","MINTBARRIO":"035","NOMBRE_BARRIO":"LOS JERONIMOS","OBJECTID":9783148}},{"type":"Feature","id":9803801,"geometry":{"type":"Point","coordinates":[-3.6887546036303931,40.415471475755204]},"properties":{"ESA_ESPECIE":"AHI","NOMBRE_COMUN":"Castaño de indias","NOMBRE_ESPECIE":"Aesculus hippocastanum","ALTURA":"12","MINTDISTRITO":"03","NOMBRE_DISTRITO":"RETIRO","MINTBARRIO":"035","NOMBRE_BARRIO":"LOS JERONIMOS","OBJECTID":9803801}},{"type":"Feature","id":9770837,"geometry":{"type":"Point","coordinates":[-3.6879878137450679,40.412970362706879]},"properties":{"ESA_ESPECIE":"AHI","NOMBRE_COMUN":"Castaño de indias","NOMBRE_ESPECIE":"Aesculus hippocastanum","ALTURA":"13,5","MINTDISTRITO":"03","NOMBRE_DISTRITO":"RETIRO","MINTBARRIO":"035","NOMBRE_BARRIO":"LOS JERONIMOS","OBJECTID":9770837}},{"type":"Feature","id":9766832,"geometry":{"type":"Point","coordinates":[-3.6882276694850522,40.411393639890697]},"properties":{"ESA_ESPECIE":"TFO","NOMBRE_COMUN":"Palma de Fortune","NOMBRE_ESPECIE":"Trachycarpus fortunei","ALTURA":null,"MINTDISTRITO":"03","NOMBRE_DISTRITO":"RETIRO","MINTBARRIO":"035","NOMBRE_BARRIO":"LOS JERONIMOS","OBJECTID":9766832}},{"type":"Feature","id":9800792,"geometry":{"type":"Point","coordinates":[-3.6854552205604088,40.41022564293398]},"properties":{"ESA_ESPECIE":"CSI","NOMBRE_COMUN":"Árbol del amor","NOMBRE_ESPECIE":"Cercis siliquastrum","ALTURA":"1,5","MINTDISTRITO":"03","NOMBRE_DISTRITO":"RETIRO","MINTBARRIO":"035","NOMBRE_BARRIO":"LOS JERONIMOS","OBJECTID":9800792}},{"type":"Feature","id":9765172,"geometry":{"type":"Point","coordinates":[-3.6835183977324371,40.410882716252928]},"properties":{"ESA_ESPECIE":"CAU","NOMBRE_COMUN":"Almez","NOMBRE_ESPECIE":"Celtis australis","ALTURA":"4","MINTDISTRITO":"03","NOMBRE_DISTRITO":"RETIRO","MINTBARRIO":"035","NOMBRE_BARRIO":"LOS JERONIMOS","OBJECTID":9765172}},{"type":"Feature","id":9775746,"geometry":{"type":"Point","coordinates":[-3.6838675753380716,40.411368942381422]},"properties":{"ESA_ESPECIE":"UPU","NOMBRE_COMUN":"Olmo de Siberia","NOMBRE_ESPECIE":"Ulmus pumila","ALTURA":"8","MINTDISTRITO":"03","NOMBRE_DISTRITO":"RETIRO","MINTBARRIO":"035","NOMBRE_BARRIO":"LOS JERONIMOS","OBJECTID":9775746}},{"type":"Feature","id":9807762,"geometry":{"type":"Point","coordinates":[-3.6885007126617988,40.419106399419832]},"properties":{"ESA_ESPECIE":"AHI","NOMBRE_COMUN":"Castaño de indias","NOMBRE_ESPECIE":"Aesculus hippocastanum","ALTURA":"11,5","MINTDISTRITO":"03","NOMBRE_DISTRITO":"RETIRO","MINTBARRIO":"035","NOMBRE_BARRIO":"LOS JERONIMOS","OBJECTID":9807762}},{"type":"Feature","id":9896719,"geometry":{"type":"Point","coordinates":[-3.6881756882029522,40.417950807428852]},"properties":{"ESA_ESPECIE":"CBI","NOMBRE_COMUN":"Catalpa","NOMBRE_ESPECIE":"Catalpa bignonioides","ALTURA":"8","MINTDISTRITO":"03","NOMBRE_DISTRITO":"RETIRO","MINTBARRIO":"035","NOMBRE_BARRIO":"LOS JERONIMOS","OBJECTID":9896719}},{"type":"Feature","id":9776101,"geometry":{"type":"Point","coordinates":[-3.6884265992957133,40.417795610342665]},"properties":{"ESA_ESPECIE":"AHI","NOMBRE_COMUN":"Castaño de indias","NOMBRE_ESPECIE":"Aesculus hippocastanum","ALTURA":"6","MINTDISTRITO":"03","NOMBRE_DISTRITO":"RETIRO","MINTBARRIO":"035","NOMBRE_BARRIO":"LOS JERONIMOS","OBJECTID":9776101}},{"type":"Feature","id":9776224,"geometry":{"type":"Point","coordinates":[-3.688198496057292,40.416894622256152]},"properties":{"ESA_ESPECIE":"AHI","NOMBRE_COMUN":"Castaño de indias","NOMBRE_ESPECIE":"Aesculus hippocastanum","ALTURA":"15","MINTDISTRITO":"03","NOMBRE_DISTRITO":"RETIRO","MINTBARRIO":"035","NOMBRE_BARRIO":"LOS JERONIMOS","OBJECTID":9776224}},{"type":"Feature","id":9804110,"geometry":{"type":"Point","coordinates":[-3.688484436424655,40.416303719151934]},"properties":{"ESA_ESPECIE":"AHI","NOMBRE_COMUN":"Castaño de indias","NOMBRE_ESPECIE":"Aesculus hippocastanum","ALTURA":"8","MINTDISTRITO":"03","NOMBRE_DISTRITO":"RETIRO","MINTBARRIO":"035","NOMBRE_BARRIO":"LOS JERONIMOS","OBJECTID":9804110}},{"type":"Feature","id":9801479,"geometry":{"type":"Point","coordinates":[-3.6885387363909885,40.414105421927765]},"properties":{"ESA_ESPECIE":"AHI","NOMBRE_COMUN":"Castaño de indias","NOMBRE_ESPECIE":"Aesculus hippocastanum","ALTURA":"15","MINTDISTRITO":"03","NOMBRE_DISTRITO":"RETIRO","MINTBARRIO":"035","NOMBRE_BARRIO":"LOS JERONIMOS","OBJECTID":9801479}},{"type":"Feature","id":9799819,"geometry":{"type":"Point","coordinates":[-3.6779790133436792,40.414691936460429]},"properties":{"ESA_ESPECIE":"LST","NOMBRE_COMUN":"Liquidambar","NOMBRE_ESPECIE":"Liquidambar styraciflua","ALTURA":"16","MINTDISTRITO":"03","NOMBRE_DISTRITO":"RETIRO","MINTBARRIO":"035","NOMBRE_BARRIO":"LOS JERONIMOS","OBJECTID":9799819}},{"type":"Feature","id":9799487,"geometry":{"type":"Point","coordinates":[-3.6783935295155605,40.415174750630122]},"properties":{"ESA_ESPECIE":"TBA","NOMBRE_COMUN":"Tejo","NOMBRE_ESPECIE":"Taxus baccata","ALTURA":"6","MINTDISTRITO":"03","NOMBRE_DISTRITO":"RETIRO","MINTBARRIO":"035","NOMBRE_BARRIO":"LOS JERONIMOS","OBJECTID":9799487}},{"type":"Feature","id":9762564,"geometry":{"type":"Point","coordinates":[-3.6781192978797344,40.415379962161538]},"properties":{"ESA_ESPECIE":"TFO","NOMBRE_COMUN":"Palma de Fortune","NOMBRE_ESPECIE":"Trachycarpus fortunei","ALTURA":null,"MINTDISTRITO":"03","NOMBRE_DISTRITO":"RETIRO","MINTBARRIO":"035","NOMBRE_BARRIO":"LOS JERONIMOS","OBJECTID":9762564}},{"type":"Feature","id":9799155,"geometry":{"type":"Point","coordinates":[-3.6784833443846585,40.416734221944928]},"properties":{"ESA_ESPECIE":"PCP","NOMBRE_COMUN":"Ciruelo púrpura","NOMBRE_ESPECIE":"Prunus cerasifera  subsp. pissardii","ALTURA":"4","MINTDISTRITO":"03","NOMBRE_DISTRITO":"RETIRO","MINTBARRIO":"035","NOMBRE_BARRIO":"LOS JERONIMOS","OBJECTID":9799155}},{"type":"Feature","id":9801811,"geometry":{"type":"Point","coordinates":[-3.6774274571864973,40.41204500253599]},"properties":{"ESA_ESPECIE":"QIL","NOMBRE_COMUN":"Encina","NOMBRE_ESPECIE":"Quercus ilex","ALTURA":"7,5","MINTDISTRITO":"03","NOMBRE_DISTRITO":"RETIRO","MINTBARRIO":"035","NOMBRE_BARRIO":"LOS JERONIMOS","OBJECTID":9801811}},{"type":"Feature","id":9776888,"geometry":{"type":"Point","coordinates":[-3.6877873792614815,40.41891572552445]},"properties":{"ESA_ESPECIE":"AHI","NOMBRE_COMUN":"Castaño de indias","NOMBRE_ESPECIE":"Aesculus hippocastanum","ALTURA":"14,5","MINTDISTRITO":"03","NOMBRE_DISTRITO":"RETIRO","MINTBARRIO":"035","NOMBRE_BARRIO":"LOS JERONIMOS","OBJECTID":9776888}},{"type":"Feature","id":9777097,"geometry":{"type":"Point","coordinates":[-3.6874773444697349,40.419783789019334]},"properties":{"ESA_ESPECIE":"CAU","NOMBRE_COMUN":"Almez","NOMBRE_ESPECIE":"Celtis australis","ALTURA":"7","MINTDISTRITO":"03","NOMBRE_DISTRITO":"RETIRO","MINTBARRIO":"035","NOMBRE_BARRIO":"LOS JERONIMOS","OBJECTID":9777097}},{"type":"Feature","id":9812508,"geometry":{"type":"Point","coordinates":[-3.6784525523347296,40.409759573737034]},"properties":{"ESA_ESPECIE":"QIL","NOMBRE_COMUN":"Encina","NOMBRE_ESPECIE":"Quercus ilex","ALTURA":"9","MINTDISTRITO":"03","NOMBRE_DISTRITO":"RETIRO","MINTBARRIO":"035","NOMBRE_BARRIO":"LOS JERONIMOS","OBJECTID":9812508}},{"type":"Feature","id":9813049,"geometry":{"type":"Point","coordinates":[-3.6780824083165489,40.410044827821075]},"properties":{"ESA_ESPECIE":"CEO","NOMBRE_COMUN":"Almez americano","NOMBRE_ESPECIE":"Celtis occidentalis","ALTURA":"6","MINTDISTRITO":"03","NOMBRE_DISTRITO":"RETIRO","MINTBARRIO":"035","NOMBRE_BARRIO":"LOS JERONIMOS","OBJECTID":9813049}},{"type":"Feature","id":9812385,"geometry":{"type":"Point","coordinates":[-3.6781442943835003,40.410330025050825]},"properties":{"ESA_ESPECIE":"PLOR","NOMBRE_COMUN":"Arbol de la vida, thuya orientalis","NOMBRE_ESPECIE":"Platycladus orientalis","ALTURA":"7,5","MINTDISTRITO":"03","NOMBRE_DISTRITO":"RETIRO","MINTBARRIO":"035","NOMBRE_BARRIO":"LOS JERONIMOS","OBJECTID":9812385}},{"type":"Feature","id":9769179,"geometry":{"type":"Point","coordinates":[-3.6784784635746237,40.41171411733221]},"properties":{"ESA_ESPECIE":"CAT","NOMBRE_COMUN":"Cedro del Atlas","NOMBRE_ESPECIE":"Cedrus atlantica","ALTURA":"10","MINTDISTRITO":"03","NOMBRE_DISTRITO":"RETIRO","MINTBARRIO":"035","NOMBRE_BARRIO":"LOS JERONIMOS","OBJECTID":9769179}},{"type":"Feature","id":9808524,"geometry":{"type":"Point","coordinates":[-3.6859179277420697,40.420351098375527]},"properties":{"ESA_ESPECIE":"AHI","NOMBRE_COMUN":"Castaño de indias","NOMBRE_ESPECIE":"Aesculus hippocastanum","ALTURA":"6","MINTDISTRITO":"03","NOMBRE_DISTRITO":"RETIRO","MINTBARRIO":"035","NOMBRE_BARRIO":"LOS JERONIMOS","OBJECTID":9808524}},{"type":"Feature","id":9808733,"geometry":{"type":"Point","coordinates":[-3.6866412703177085,40.419401287581096]},"properties":{"ESA_ESPECIE":"AHI","NOMBRE_COMUN":"Castaño de indias","NOMBRE_ESPECIE":"Aesculus hippocastanum","ALTURA":"9,5","MINTDISTRITO":"03","NOMBRE_DISTRITO":"RETIRO","MINTBARRIO":"035","NOMBRE_BARRIO":"LOS JERONIMOS","OBJECTID":9808733}},{"type":"Feature","id":9778880,"geometry":{"type":"Point","coordinates":[-3.6860071827706538,40.419071077436271]},"properties":{"ESA_ESPECIE":"CSI","NOMBRE_COMUN":"Árbol del amor","NOMBRE_ESPECIE":"Cercis siliquastrum","ALTURA":"4,5","MINTDISTRITO":"03","NOMBRE_DISTRITO":"RETIRO","MINTBARRIO":"035","NOMBRE_BARRIO":"LOS JERONIMOS","OBJECTID":9778880}},{"type":"Feature","id":9808094,"geometry":{"type":"Point","coordinates":[-3.687021920721957,40.418593554643081]},"properties":{"ESA_ESPECIE":"AHI","NOMBRE_COMUN":"Castaño de indias","NOMBRE_ESPECIE":"Aesculus hippocastanum","ALTURA":"22","MINTDISTRITO":"03","NOMBRE_DISTRITO":"RETIRO","MINTBARRIO":"035","NOMBRE_BARRIO":"LOS JERONIMOS","OBJECTID":9808094}},{"type":"Feature","id":9807430,"geometry":{"type":"Point","coordinates":[-3.6875506564795697,40.41855007803283]},"properties":{"ESA_ESPECIE":"AHI","NOMBRE_COMUN":"Castaño de indias","NOMBRE_ESPECIE":"Aesculus hippocastanum","ALTURA":"11","MINTDISTRITO":"03","NOMBRE_DISTRITO":"RETIRO","MINTBARRIO":"035","NOMBRE_BARRIO":"LOS JERONIMOS","OBJECTID":9807430}},{"type":"Feature","id":9765859,"geometry":{"type":"Point","coordinates":[-3.6879072528764629,40.418128432652765]},"properties":{"ESA_ESPECIE":"TIT","NOMBRE_COMUN":"Tilo plateado","NOMBRE_ESPECIE":"Tilia tomentosa","ALTURA":"5,5","MINTDISTRITO":"03","NOMBRE_DISTRITO":"RETIRO","MINTBARRIO":"035","NOMBRE_BARRIO":"LOS JERONIMOS","OBJECTID":9765859}},{"type":"Feature","id":9781843,"geometry":{"type":"Point","coordinates":[-3.6833093358321891,40.420307058514048]},"properties":{"ESA_ESPECIE":"CAT","NOMBRE_COMUN":"Cedro del Atlas","NOMBRE_ESPECIE":"Cedrus atlantica","ALTURA":"16","MINTDISTRITO":"03","NOMBRE_DISTRITO":"RETIRO","MINTBARRIO":"035","NOMBRE_BARRIO":"LOS JERONIMOS","OBJECTID":9781843}},{"type":"Feature","id":9782175,"geometry":{"type":"Point","coordinates":[-3.6836333660714873,40.420505143717939]},"properties":{"ESA_ESPECIE":"AHI","NOMBRE_COMUN":"Castaño de indias","NOMBRE_ESPECIE":"Aesculus hippocastanum","ALTURA":"12,5","MINTDISTRITO":"03","NOMBRE_DISTRITO":"RETIRO","MINTBARRIO":"035","NOMBRE_BARRIO":"LOS JERONIMOS","OBJECTID":9782175}},{"type":"Feature","id":9811512,"geometry":{"type":"Point","coordinates":[-3.6836407064423962,40.419834097750972]},"properties":{"ESA_ESPECIE":"AHI","NOMBRE_COMUN":"Castaño de indias","NOMBRE_ESPECIE":"Aesculus hippocastanum","ALTURA":"14","MINTDISTRITO":"03","NOMBRE_DISTRITO":"RETIRO","MINTBARRIO":"035","NOMBRE_BARRIO":"LOS JERONIMOS","OBJECTID":9811512}},{"type":"Feature","id":9777220,"geometry":{"type":"Point","coordinates":[-3.6848490562320468,40.419876054644888]},"properties":{"ESA_ESPECIE":"GTR","NOMBRE_COMUN":"Acacia de tres espinas","NOMBRE_ESPECIE":"Gleditsia triacanthos","ALTURA":"13","MINTDISTRITO":"03","NOMBRE_DISTRITO":"RETIRO","MINTBARRIO":"035","NOMBRE_BARRIO":"LOS JERONIMOS","OBJECTID":9777220}},{"type":"Feature","id":9777761,"geometry":{"type":"Point","coordinates":[-3.6848411909122358,40.420438355613356]},"properties":{"ESA_ESPECIE":"AHI","NOMBRE_COMUN":"Castaño de indias","NOMBRE_ESPECIE":"Aesculus hippocastanum","ALTURA":"2","MINTDISTRITO":"03","NOMBRE_DISTRITO":"RETIRO","MINTBARRIO":"035","NOMBRE_BARRIO":"LOS JERONIMOS","OBJECTID":9777761}},{"type":"Feature","id":9764863,"geometry":{"type":"Point","coordinates":[-3.6854727736725277,40.420370107963642]},"properties":{"ESA_ESPECIE":"AHI","NOMBRE_COMUN":"Castaño de indias","NOMBRE_ESPECIE":"Aesculus hippocastanum","ALTURA":"11,5","MINTDISTRITO":"03","NOMBRE_DISTRITO":"RETIRO","MINTBARRIO":"035","NOMBRE_BARRIO":"LOS JERONIMOS","OBJECTID":9764863}},{"type":"Feature","id":9779753,"geometry":{"type":"Point","coordinates":[-3.6811447339704646,40.418884690699045]},"properties":{"ESA_ESPECIE":"AHI","NOMBRE_COMUN":"Castaño de indias","NOMBRE_ESPECIE":"Aesculus hippocastanum","ALTURA":"15","MINTDISTRITO":"03","NOMBRE_DISTRITO":"RETIRO","MINTBARRIO":"035","NOMBRE_BARRIO":"LOS JERONIMOS","OBJECTID":9779753}},{"type":"Feature","id":9808856,"geometry":{"type":"Point","coordinates":[-3.6818302163585663,40.41819130495572]},"properties":{"ESA_ESPECIE":"AHI","NOMBRE_COMUN":"Castaño de indias","NOMBRE_ESPECIE":"Aesculus hippocastanum","ALTURA":"11","MINTDISTRITO":"03","NOMBRE_DISTRITO":"RETIRO","MINTBARRIO":"035","NOMBRE_BARRIO":"LOS JERONIMOS","OBJECTID":9808856}},{"type":"Feature","id":9809520,"geometry":{"type":"Point","coordinates":[-3.682174622139903,40.419032213773278]},"properties":{"ESA_ESPECIE":"GBI","NOMBRE_COMUN":"Gingo","NOMBRE_ESPECIE":"Ginkgo biloba","ALTURA":"8,5","MINTDISTRITO":"03","NOMBRE_DISTRITO":"RETIRO","MINTBARRIO":"035","NOMBRE_BARRIO":"LOS JERONIMOS","OBJECTID":9809520}},{"type":"Feature","id":9809397,"geometry":{"type":"Point","coordinates":[-3.6824178303801967,40.418030089666473]},"properties":{"ESA_ESPECIE":"AHI","NOMBRE_COMUN":"Castaño de indias","NOMBRE_ESPECIE":"Aesculus hippocastanum","ALTURA":"8","MINTDISTRITO":"03","NOMBRE_DISTRITO":"RETIRO","MINTBARRIO":"035","NOMBRE_BARRIO":"LOS JERONIMOS","OBJECTID":9809397}},{"type":"Feature","id":9779089,"geometry":{"type":"Point","coordinates":[-3.6829555464445094,40.41807751838563]},"properties":{"ESA_ESPECIE":"CMO","NOMBRE_COMUN":"Majuelo","NOMBRE_ESPECIE":"Crataegus monogyna","ALTURA":"4,5","MINTDISTRITO":"03","NOMBRE_DISTRITO":"RETIRO","MINTBARRIO":"035","NOMBRE_BARRIO":"LOS JERONIMOS","OBJECTID":9779089}},{"type":"Feature","id":9812053,"geometry":{"type":"Point","coordinates":[-3.6828756156196922,40.42052661290893]},"properties":{"ESA_ESPECIE":"CSI","NOMBRE_COMUN":"Árbol del amor","NOMBRE_ESPECIE":"Cercis siliquastrum","ALTURA":"4","MINTDISTRITO":"03","NOMBRE_DISTRITO":"RETIRO","MINTBARRIO":"035","NOMBRE_BARRIO":"LOS JERONIMOS","OBJECTID":9812053}},{"type":"Feature","id":9778548,"geometry":{"type":"Point","coordinates":[-3.678959082791915,40.408882631301175]},"properties":{"ESA_ESPECIE":"CAU","NOMBRE_COMUN":"Almez","NOMBRE_ESPECIE":"Celtis australis","ALTURA":"10","MINTDISTRITO":"03","NOMBRE_DISTRITO":"RETIRO","MINTBARRIO":"035","NOMBRE_BARRIO":"LOS JERONIMOS","OBJECTID":9778548}},{"type":"Feature","id":9766191,"geometry":{"type":"Point","coordinates":[-3.679320780523692,40.418266680682358]},"properties":{"ESA_ESPECIE":"AHI","NOMBRE_COMUN":"Castaño de indias","NOMBRE_ESPECIE":"Aesculus hippocastanum","ALTURA":"11","MINTDISTRITO":"03","NOMBRE_DISTRITO":"RETIRO","MINTBARRIO":"035","NOMBRE_BARRIO":"LOS JERONIMOS","OBJECTID":9766191}},{"type":"Feature","id":9809188,"geometry":{"type":"Point","coordinates":[-3.680967349386802,40.419174916986478]},"properties":{"ESA_ESPECIE":"GTR","NOMBRE_COMUN":"Acacia de tres espinas","NOMBRE_ESPECIE":"Gleditsia triacanthos","ALTURA":"18","MINTDISTRITO":"03","NOMBRE_DISTRITO":"RETIRO","MINTBARRIO":"035","NOMBRE_BARRIO":"LOS JERONIMOS","OBJECTID":9809188}},{"type":"Feature","id":9813381,"geometry":{"type":"Point","coordinates":[-3.680295670181625,40.419446556967571]},"properties":{"ESA_ESPECIE":"CAU","NOMBRE_COMUN":"Almez","NOMBRE_ESPECIE":"Celtis australis","ALTURA":"4,5","MINTDISTRITO":"03","NOMBRE_DISTRITO":"RETIRO","MINTBARRIO":"035","NOMBRE_BARRIO":"LOS JERONIMOS","OBJECTID":9813381}},{"type":"Feature","id":9782839,"geometry":{"type":"Point","coordinates":[-3.6801262064688971,40.419421229561536]},"properties":{"ESA_ESPECIE":"AII","NOMBRE_COMUN":"Arce de Freeman","NOMBRE_ESPECIE":"Acer x freemanii","ALTURA":"5","MINTDISTRITO":"03","NOMBRE_DISTRITO":"RETIRO","MINTBARRIO":"035","NOMBRE_BARRIO":"LOS JERONIMOS","OBJECTID":9782839}},{"type":"Feature","id":9811180,"geometry":{"type":"Point","coordinates":[-3.6816823634465239,40.41942861432949]},"properties":{"ESA_ESPECIE":"PDA","NOMBRE_COMUN":"Plátano de sombra/Platanus x hybrida","NOMBRE_ESPECIE":"Platanus x hispanica","ALTURA":"22","MINTDISTRITO":"03","NOMBRE_DISTRITO":"RETIRO","MINTBARRIO":"035","NOMBRE_BARRIO":"LOS JERONIMOS","OBJECTID":9811180}},{"type":"Feature","id":9812176,"geometry":{"type":"Point","coordinates":[-3.6810162248195817,40.409336490619047]},"properties":{"ESA_ESPECIE":"TFO","NOMBRE_COMUN":"Palma de Fortune","NOMBRE_ESPECIE":"Trachycarpus fortunei","ALTURA":"6,5","MINTDISTRITO":"03","NOMBRE_DISTRITO":"RETIRO","MINTBARRIO":"035","NOMBRE_BARRIO":"LOS JERONIMOS","OBJECTID":9812176}},{"type":"Feature","id":9782507,"geometry":{"type":"Point","coordinates":[-3.6802560765311463,40.409463299472463]},"properties":{"ESA_ESPECIE":"CSI","NOMBRE_COMUN":"Árbol del amor","NOMBRE_ESPECIE":"Cercis siliquastrum","ALTURA":"3","MINTDISTRITO":"03","NOMBRE_DISTRITO":"RETIRO","MINTBARRIO":"035","NOMBRE_BARRIO":"LOS JERONIMOS","OBJECTID":9782507}},{"type":"Feature","id":9778757,"geometry":{"type":"Point","coordinates":[-3.6791712495863838,40.408389310215419]},"properties":{"ESA_ESPECIE":"CDE","NOMBRE_COMUN":"Cedro llorón","NOMBRE_ESPECIE":"Cedrus deodara","ALTURA":"12","MINTDISTRITO":"03","NOMBRE_DISTRITO":"RETIRO","MINTBARRIO":"035","NOMBRE_BARRIO":"LOS JERONIMOS","OBJECTID":9778757}},{"type":"Feature","id":9778093,"geometry":{"type":"Point","coordinates":[-3.6793270975702579,40.408813262039416]},"properties":{"ESA_ESPECIE":"ADE","NOMBRE_COMUN":"Mimosa plateada","NOMBRE_ESPECIE":"Acacia dealbata","ALTURA":"3","MINTDISTRITO":"03","NOMBRE_DISTRITO":"RETIRO","MINTBARRIO":"035","NOMBRE_BARRIO":"LOS JERONIMOS","OBJECTID":9778093}},{"type":"Feature","id":9778425,"geometry":{"type":"Point","coordinates":[-3.6793501626326619,40.409378264965476]},"properties":{"ESA_ESPECIE":"CSI","NOMBRE_COMUN":"Árbol del amor","NOMBRE_ESPECIE":"Cercis siliquastrum","ALTURA":"6","MINTDISTRITO":"03","NOMBRE_DISTRITO":"RETIRO","MINTBARRIO":"035","NOMBRE_BARRIO":"LOS JERONIMOS","OBJECTID":9778425}},{"type":"Feature","id":9812840,"geometry":{"type":"Point","coordinates":[-3.6787500870162382,40.409524132407888]},"properties":{"ESA_ESPECIE":"CSI","NOMBRE_COMUN":"Árbol del amor","NOMBRE_ESPECIE":"Cercis siliquastrum","ALTURA":"4,5","MINTDISTRITO":"03","NOMBRE_DISTRITO":"RETIRO","MINTBARRIO":"035","NOMBRE_BARRIO":"LOS JERONIMOS","OBJECTID":9812840}},{"type":"Feature","id":9767187,"geometry":{"type":"Point","coordinates":[-3.6802910109068101,40.4118914623769]},"properties":{"ESA_ESPECIE":"TFO","NOMBRE_COMUN":"Palma de Fortune","NOMBRE_ESPECIE":"Trachycarpus fortunei","ALTURA":null,"MINTDISTRITO":"03","NOMBRE_DISTRITO":"RETIRO","MINTBARRIO":"035","NOMBRE_BARRIO":"LOS JERONIMOS","OBJECTID":9767187}},{"type":"Feature","id":9811844,"geometry":{"type":"Point","coordinates":[-3.6812828914252465,40.411739743779492]},"properties":{"ESA_ESPECIE":"AHI","NOMBRE_COMUN":"Castaño de indias","NOMBRE_ESPECIE":"Aesculus hippocastanum","ALTURA":"3","MINTDISTRITO":"03","NOMBRE_DISTRITO":"RETIRO","MINTBARRIO":"035","NOMBRE_BARRIO":"LOS JERONIMOS","OBJECTID":9811844}},{"type":"Feature","id":9777552,"geometry":{"type":"Point","coordinates":[-3.6820315565908071,40.411474833007489]},"properties":{"ESA_ESPECIE":"AHI","NOMBRE_COMUN":"Castaño de indias","NOMBRE_ESPECIE":"Aesculus hippocastanum","ALTURA":"5","MINTDISTRITO":"03","NOMBRE_DISTRITO":"RETIRO","MINTBARRIO":"035","NOMBRE_BARRIO":"LOS JERONIMOS","OBJECTID":9777552}},{"type":"Feature","id":9781179,"geometry":{"type":"Point","coordinates":[-3.6814989191482392,40.412037706470542]},"properties":{"ESA_ESPECIE":"FEX","NOMBRE_COMUN":"Fresno común","NOMBRE_ESPECIE":"Fraxinus excelsior","ALTURA":"7,5","MINTDISTRITO":"03","NOMBRE_DISTRITO":"RETIRO","MINTBARRIO":"035","NOMBRE_BARRIO":"LOS JERONIMOS","OBJECTID":9781179}},{"type":"Feature","id":9806434,"geometry":{"type":"Point","coordinates":[-3.6831721072323402,40.411541595269505]},"properties":{"ESA_ESPECIE":"QIL","NOMBRE_COMUN":"Encina","NOMBRE_ESPECIE":"Quercus ilex","ALTURA":"9,5","MINTDISTRITO":"03","NOMBRE_DISTRITO":"RETIRO","MINTBARRIO":"035","NOMBRE_BARRIO":"LOS JERONIMOS","OBJECTID":9806434}},{"type":"Feature","id":9778216,"geometry":{"type":"Point","coordinates":[-3.6819243550346168,40.410655025735849]},"properties":{"ESA_ESPECIE":"PPI","NOMBRE_COMUN":"Pino piñonero","NOMBRE_ESPECIE":"Pinus pinea","ALTURA":"15","MINTDISTRITO":"03","NOMBRE_DISTRITO":"RETIRO","MINTBARRIO":"035","NOMBRE_BARRIO":"LOS JERONIMOS","OBJECTID":9778216}},{"type":"Feature","id":9767519,"geometry":{"type":"Point","coordinates":[-3.6787531400616325,40.411328358912897]},"properties":{"ESA_ESPECIE":"PHA","NOMBRE_COMUN":"Pino carrasco","NOMBRE_ESPECIE":"Pinus halepensis","ALTURA":"20","MINTDISTRITO":"03","NOMBRE_DISTRITO":"RETIRO","MINTBARRIO":"035","NOMBRE_BARRIO":"LOS JERONIMOS","OBJECTID":9767519}},{"type":"Feature","id":9765195,"geometry":{"type":"Point","coordinates":[-3.6785945972436735,40.411146766006972]},"properties":{"ESA_ESPECIE":"AHI","NOMBRE_COMUN":"Castaño de indias","NOMBRE_ESPECIE":"Aesculus hippocastanum","ALTURA":"3,5","MINTDISTRITO":"03","NOMBRE_DISTRITO":"RETIRO","MINTBARRIO":"035","NOMBRE_BARRIO":"LOS JERONIMOS","OBJECTID":9765195}},{"type":"Feature","id":9777884,"geometry":{"type":"Point","coordinates":[-3.6788328397843961,40.410167434065052]},"properties":{"ESA_ESPECIE":"LJA","NOMBRE_COMUN":"Aligustre del Japón","NOMBRE_ESPECIE":"Ligustrum japonicum","ALTURA":"5,5","MINTDISTRITO":"03","NOMBRE_DISTRITO":"RETIRO","MINTBARRIO":"035","NOMBRE_BARRIO":"LOS JERONIMOS","OBJECTID":9777884}},{"type":"Feature","id":9812717,"geometry":{"type":"Point","coordinates":[-3.6799829619198854,40.409689997399632]},"properties":{"ESA_ESPECIE":"LJA","NOMBRE_COMUN":"Aligustre del Japón","NOMBRE_ESPECIE":"Ligustrum japonicum","ALTURA":"5","MINTDISTRITO":"03","NOMBRE_DISTRITO":"RETIRO","MINTBARRIO":"035","NOMBRE_BARRIO":"LOS JERONIMOS","OBJECTID":9812717}},{"type":"Feature","id":9800815,"geometry":{"type":"Point","coordinates":[-3.680850942465935,40.410252171927638]},"properties":{"ESA_ESPECIE":"CHA","NOMBRE_COMUN":"Tejo de Hokkaido","NOMBRE_ESPECIE":"Cephalotaxus harringtonia","ALTURA":"4,5","MINTDISTRITO":"03","NOMBRE_DISTRITO":"RETIRO","MINTBARRIO":"035","NOMBRE_BARRIO":"LOS JERONIMOS","OBJECTID":9800815}},{"type":"Feature","id":9781511,"geometry":{"type":"Point","coordinates":[-3.6803817735378255,40.411634373776494]},"properties":{"ESA_ESPECIE":"AHI","NOMBRE_COMUN":"Castaño de indias","NOMBRE_ESPECIE":"Aesculus hippocastanum","ALTURA":"9","MINTDISTRITO":"03","NOMBRE_DISTRITO":"RETIRO","MINTBARRIO":"035","NOMBRE_BARRIO":"LOS JERONIMOS","OBJECTID":9781511}},{"type":"Feature","id":9768183,"geometry":{"type":"Point","coordinates":[-3.6801944110410365,40.417860191136114]},"properties":{"ESA_ESPECIE":"AHI","NOMBRE_COMUN":"Castaño de indias","NOMBRE_ESPECIE":"Aesculus hippocastanum","ALTURA":"13","MINTDISTRITO":"03","NOMBRE_DISTRITO":"RETIRO","MINTBARRIO":"035","NOMBRE_BARRIO":"LOS JERONIMOS","OBJECTID":9768183}},{"type":"Feature","id":9766523,"geometry":{"type":"Point","coordinates":[-3.6793815235353544,40.415530815895963]},"properties":{"ESA_ESPECIE":"CDE","NOMBRE_COMUN":"Cedro llorón","NOMBRE_ESPECIE":"Cedrus deodara","ALTURA":"15","MINTDISTRITO":"03","NOMBRE_DISTRITO":"RETIRO","MINTBARRIO":"035","NOMBRE_BARRIO":"LOS JERONIMOS","OBJECTID":9766523}},{"type":"Feature","id":9780417,"geometry":{"type":"Point","coordinates":[-3.6798976680807538,40.414221919630315]},"properties":{"ESA_ESPECIE":"PDA","NOMBRE_COMUN":"Plátano de sombra/Platanus x hybrida","NOMBRE_ESPECIE":"Platanus x hispanica","ALTURA":"5","MINTDISTRITO":"03","NOMBRE_DISTRITO":"RETIRO","MINTBARRIO":"035","NOMBRE_BARRIO":"LOS JERONIMOS","OBJECTID":9780417}},{"type":"Feature","id":9801147,"geometry":{"type":"Point","coordinates":[-3.6789555731859833,40.412378725570534]},"properties":{"ESA_ESPECIE":"PDA","NOMBRE_COMUN":"Plátano de sombra/Platanus x hybrida","NOMBRE_ESPECIE":"Platanus x hispanica","ALTURA":"12","MINTDISTRITO":"03","NOMBRE_DISTRITO":"RETIRO","MINTBARRIO":"035","NOMBRE_BARRIO":"LOS JERONIMOS","OBJECTID":9801147}},{"type":"Feature","id":9810516,"geometry":{"type":"Point","coordinates":[-3.6796127527331772,40.412249125125108]},"properties":{"ESA_ESPECIE":"PCY","NOMBRE_COMUN":"Peral de flor","NOMBRE_ESPECIE":"Pyrus calleryana","ALTURA":"4","MINTDISTRITO":"03","NOMBRE_DISTRITO":"RETIRO","MINTBARRIO":"035","NOMBRE_BARRIO":"LOS JERONIMOS","OBJECTID":9810516}},{"type":"Feature","id":9813713,"geometry":{"type":"Point","coordinates":[-3.679512341644962,40.411095691035889]},"properties":{"ESA_ESPECIE":"PGR","NOMBRE_COMUN":"Granado","NOMBRE_ESPECIE":"Punica granatum","ALTURA":"2","MINTDISTRITO":"03","NOMBRE_DISTRITO":"RETIRO","MINTBARRIO":"035","NOMBRE_BARRIO":"LOS JERONIMOS","OBJECTID":9813713}},{"type":"Feature","id":9779212,"geometry":{"type":"Point","coordinates":[-3.6826795513334765,40.417873652025953]},"properties":{"ESA_ESPECIE":"QIL","NOMBRE_COMUN":"Encina","NOMBRE_ESPECIE":"Quercus ilex","ALTURA":"8","MINTDISTRITO":"03","NOMBRE_DISTRITO":"RETIRO","MINTBARRIO":"035","NOMBRE_BARRIO":"LOS JERONIMOS","OBJECTID":9779212}},{"type":"Feature","id":9779421,"geometry":{"type":"Point","coordinates":[-3.6821820892915404,40.417598569119214]},"properties":{"ESA_ESPECIE":"AHI","NOMBRE_COMUN":"Castaño de indias","NOMBRE_ESPECIE":"Aesculus hippocastanum","ALTURA":"9","MINTDISTRITO":"03","NOMBRE_DISTRITO":"RETIRO","MINTBARRIO":"035","NOMBRE_BARRIO":"LOS JERONIMOS","OBJECTID":9779421}},{"type":"Feature","id":9779876,"geometry":{"type":"Point","coordinates":[-3.6824041898328068,40.417139688869327]},"properties":{"ESA_ESPECIE":"CSI","NOMBRE_COMUN":"Árbol del amor","NOMBRE_ESPECIE":"Cercis siliquastrum","ALTURA":"5,5","MINTDISTRITO":"03","NOMBRE_DISTRITO":"RETIRO","MINTBARRIO":"035","NOMBRE_BARRIO":"LOS JERONIMOS","OBJECTID":9779876}},{"type":"Feature","id":9777429,"geometry":{"type":"Point","coordinates":[-3.6813367666574144,40.416237511656625]},"properties":{"ESA_ESPECIE":"AHI","NOMBRE_COMUN":"Castaño de indias","NOMBRE_ESPECIE":"Aesculus hippocastanum","ALTURA":"6,5","MINTDISTRITO":"03","NOMBRE_DISTRITO":"RETIRO","MINTBARRIO":"035","NOMBRE_BARRIO":"LOS JERONIMOS","OBJECTID":9777429}},{"type":"Feature","id":9780749,"geometry":{"type":"Point","coordinates":[-3.6820722841072562,40.415765244803225]},"properties":{"ESA_ESPECIE":"UMI","NOMBRE_COMUN":"Olmo común","NOMBRE_ESPECIE":"Ulmus minor","ALTURA":"14","MINTDISTRITO":"03","NOMBRE_DISTRITO":"RETIRO","MINTBARRIO":"035","NOMBRE_BARRIO":"LOS JERONIMOS","OBJECTID":9780749}},{"type":"Feature","id":9809065,"geometry":{"type":"Point","coordinates":[-3.6807016758199347,40.416425595718991]},"properties":{"ESA_ESPECIE":"AHI","NOMBRE_COMUN":"Castaño de indias","NOMBRE_ESPECIE":"Aesculus hippocastanum","ALTURA":"8","MINTDISTRITO":"03","NOMBRE_DISTRITO":"RETIRO","MINTBARRIO":"035","NOMBRE_BARRIO":"LOS JERONIMOS","OBJECTID":9809065}},{"type":"Feature","id":9810725,"geometry":{"type":"Point","coordinates":[-3.6810680036476096,40.41424690553805]},"properties":{"ESA_ESPECIE":"PDA","NOMBRE_COMUN":"Plátano de sombra/Platanus x hybrida","NOMBRE_ESPECIE":"Platanus x hispanica","ALTURA":"6,5","MINTDISTRITO":"03","NOMBRE_DISTRITO":"RETIRO","MINTBARRIO":"035","NOMBRE_BARRIO":"LOS JERONIMOS","OBJECTID":9810725}},{"type":"Feature","id":9809852,"geometry":{"type":"Point","coordinates":[-3.6812400830306711,40.414703470555779]},"properties":{"ESA_ESPECIE":"PDA","NOMBRE_COMUN":"Plátano de sombra/Platanus x hybrida","NOMBRE_ESPECIE":"Platanus x hispanica","ALTURA":"18","MINTDISTRITO":"03","NOMBRE_DISTRITO":"RETIRO","MINTBARRIO":"035","NOMBRE_BARRIO":"LOS JERONIMOS","OBJECTID":9809852}},{"type":"Feature","id":9810393,"geometry":{"type":"Point","coordinates":[-3.6823662469484533,40.414069988650802]},"properties":{"ESA_ESPECIE":"CAT","NOMBRE_COMUN":"Cedro del Atlas","NOMBRE_ESPECIE":"Cedrus atlantica","ALTURA":"32","MINTDISTRITO":"03","NOMBRE_DISTRITO":"RETIRO","MINTBARRIO":"035","NOMBRE_BARRIO":"LOS JERONIMOS","OBJECTID":9810393}},{"type":"Feature","id":9780085,"geometry":{"type":"Point","coordinates":[-3.6831705073475813,40.413968301791655]},"properties":{"ESA_ESPECIE":"CAT","NOMBRE_COMUN":"Cedro del Atlas","NOMBRE_ESPECIE":"Cedrus atlantica","ALTURA":"30","MINTDISTRITO":"03","NOMBRE_DISTRITO":"RETIRO","MINTBARRIO":"035","NOMBRE_BARRIO":"LOS JERONIMOS","OBJECTID":9780085}},{"type":"Feature","id":9811057,"geometry":{"type":"Point","coordinates":[-3.6822348040305735,40.415475032323897]},"properties":{"ESA_ESPECIE":"RPS","NOMBRE_COMUN":"Falsa acacia","NOMBRE_ESPECIE":"Robinia pseudoacacia","ALTURA":"8","MINTDISTRITO":"03","NOMBRE_DISTRITO":"RETIRO","MINTBARRIO":"035","NOMBRE_BARRIO":"LOS JERONIMOS","OBJECTID":9811057}},{"type":"Feature","id":9779544,"geometry":{"type":"Point","coordinates":[-3.6827002448849666,40.416339739340806]},"properties":{"ESA_ESPECIE":"AHI","NOMBRE_COMUN":"Castaño de indias","NOMBRE_ESPECIE":"Aesculus hippocastanum","ALTURA":"6","MINTDISTRITO":"03","NOMBRE_DISTRITO":"RETIRO","MINTBARRIO":"035","NOMBRE_BARRIO":"LOS JERONIMOS","OBJECTID":9779544}},{"type":"Feature","id":9775769,"geometry":{"type":"Point","coordinates":[-3.6838801477376264,40.413106804927068]},"properties":{"ESA_ESPECIE":"UPU","NOMBRE_COMUN":"Olmo de Siberia","NOMBRE_ESPECIE":"Ulmus pumila","ALTURA":"18","MINTDISTRITO":"03","NOMBRE_DISTRITO":"RETIRO","MINTBARRIO":"035","NOMBRE_BARRIO":"LOS JERONIMOS","OBJECTID":9775769}},{"type":"Feature","id":9807098,"geometry":{"type":"Point","coordinates":[-3.6837307808157806,40.412776218184803]},"properties":{"ESA_ESPECIE":"BRP","NOMBRE_COMUN":"Morera de papel","NOMBRE_ESPECIE":"Broussonetia papyrifera","ALTURA":"12","MINTDISTRITO":"03","NOMBRE_DISTRITO":"RETIRO","MINTBARRIO":"035","NOMBRE_BARRIO":"LOS JERONIMOS","OBJECTID":9807098}},{"type":"Feature","id":9810848,"geometry":{"type":"Point","coordinates":[-3.6829338380170169,40.41286226202223]},"properties":{"ESA_ESPECIE":"ANE","NOMBRE_COMUN":"Arce negundo","NOMBRE_ESPECIE":"Acer negundo","ALTURA":"10","MINTDISTRITO":"03","NOMBRE_DISTRITO":"RETIRO","MINTBARRIO":"035","NOMBRE_BARRIO":"LOS JERONIMOS","OBJECTID":9810848}},{"type":"Feature","id":9811389,"geometry":{"type":"Point","coordinates":[-3.6831107626944326,40.413389147426145]},"properties":{"ESA_ESPECIE":"LJA","NOMBRE_COMUN":"Aligustre del Japón","NOMBRE_ESPECIE":"Ligustrum japonicum","ALTURA":"9","MINTDISTRITO":"03","NOMBRE_DISTRITO":"RETIRO","MINTBARRIO":"035","NOMBRE_BARRIO":"LOS JERONIMOS","OBJECTID":9811389}},{"type":"Feature","id":9811721,"geometry":{"type":"Point","coordinates":[-3.6822819927363413,40.412742767499502]},"properties":{"ESA_ESPECIE":"CDE","NOMBRE_COMUN":"Cedro llorón","NOMBRE_ESPECIE":"Cedrus deodara","ALTURA":"28","MINTDISTRITO":"03","NOMBRE_DISTRITO":"RETIRO","MINTBARRIO":"035","NOMBRE_BARRIO":"LOS JERONIMOS","OBJECTID":9811721}},{"type":"Feature","id":9780208,"geometry":{"type":"Point","coordinates":[-3.6820099023168447,40.414121010365243]},"properties":{"ESA_ESPECIE":"PCP","NOMBRE_COMUN":"Ciruelo púrpura","NOMBRE_ESPECIE":"Prunus cerasifera  subsp. pissardii","ALTURA":"7","MINTDISTRITO":"03","NOMBRE_DISTRITO":"RETIRO","MINTBARRIO":"035","NOMBRE_BARRIO":"LOS JERONIMOS","OBJECTID":9780208}},{"type":"Feature","id":9772142,"geometry":{"type":"Point","coordinates":[-3.685129819029243,40.414595629907161]},"properties":{"ESA_ESPECIE":"AHI","NOMBRE_COMUN":"Castaño de indias","NOMBRE_ESPECIE":"Aesculus hippocastanum","ALTURA":"6,5","MINTDISTRITO":"03","NOMBRE_DISTRITO":"RETIRO","MINTBARRIO":"035","NOMBRE_BARRIO":"LOS JERONIMOS","OBJECTID":9772142}},{"type":"Feature","id":9804774,"geometry":{"type":"Point","coordinates":[-3.6850820184652275,40.414449777326809]},"properties":{"ESA_ESPECIE":"AHI","NOMBRE_COMUN":"Castaño de indias","NOMBRE_ESPECIE":"Aesculus hippocastanum","ALTURA":"6,5","MINTDISTRITO":"03","NOMBRE_DISTRITO":"RETIRO","MINTBARRIO":"035","NOMBRE_BARRIO":"LOS JERONIMOS","OBJECTID":9804774}},{"type":"Feature","id":9805106,"geometry":{"type":"Point","coordinates":[-3.684700736200309,40.413704554858654]},"properties":{"ESA_ESPECIE":"AHI","NOMBRE_COMUN":"Castaño de indias","NOMBRE_ESPECIE":"Aesculus hippocastanum","ALTURA":"13","MINTDISTRITO":"03","NOMBRE_DISTRITO":"RETIRO","MINTBARRIO":"035","NOMBRE_BARRIO":"LOS JERONIMOS","OBJECTID":9805106}},{"type":"Feature","id":9770482,"geometry":{"type":"Point","coordinates":[-3.6851456751306562,40.412791292913759]},"properties":{"ESA_ESPECIE":"CSI","NOMBRE_COMUN":"Árbol del amor","NOMBRE_ESPECIE":"Cercis siliquastrum","ALTURA":"4","MINTDISTRITO":"03","NOMBRE_DISTRITO":"RETIRO","MINTBARRIO":"035","NOMBRE_BARRIO":"LOS JERONIMOS","OBJECTID":9770482}},{"type":"Feature","id":9773802,"geometry":{"type":"Point","coordinates":[-3.6854018508183342,40.412440583609403]},"properties":{"ESA_ESPECIE":"AHI","NOMBRE_COMUN":"Castaño de indias","NOMBRE_ESPECIE":"Aesculus hippocastanum","ALTURA":"12","MINTDISTRITO":"03","NOMBRE_DISTRITO":"RETIRO","MINTBARRIO":"035","NOMBRE_BARRIO":"LOS JERONIMOS","OBJECTID":9773802}},{"type":"Feature","id":9773470,"geometry":{"type":"Point","coordinates":[-3.6844013645664884,40.413123270429573]},"properties":{"ESA_ESPECIE":"AHI","NOMBRE_COMUN":"Castaño de indias","NOMBRE_ESPECIE":"Aesculus hippocastanum","ALTURA":"10","MINTDISTRITO":"03","NOMBRE_DISTRITO":"RETIRO","MINTBARRIO":"035","NOMBRE_BARRIO":"LOS JERONIMOS","OBJECTID":9773470}},{"type":"Feature","id":9810184,"geometry":{"type":"Point","coordinates":[-3.6836262928992012,40.415334614252487]},"properties":{"ESA_ESPECIE":"GTR","NOMBRE_COMUN":"Acacia de tres espinas","NOMBRE_ESPECIE":"Gleditsia triacanthos","ALTURA":"12","MINTDISTRITO":"03","NOMBRE_DISTRITO":"RETIRO","MINTBARRIO":"035","NOMBRE_BARRIO":"LOS JERONIMOS","OBJECTID":9810184}},{"type":"Feature","id":9780847,"geometry":{"type":"Point","coordinates":[-3.6837178140611799,40.415364622759071]},"properties":{"ESA_ESPECIE":"RPS","NOMBRE_COMUN":"Falsa acacia","NOMBRE_ESPECIE":"Robinia pseudoacacia","ALTURA":"8,5","MINTDISTRITO":"03","NOMBRE_DISTRITO":"RETIRO","MINTBARRIO":"035","NOMBRE_BARRIO":"LOS JERONIMOS","OBJECTID":9780847}},{"type":"Feature","id":9809729,"geometry":{"type":"Point","coordinates":[-3.6834028176783105,40.413940226041149]},"properties":{"ESA_ESPECIE":"QRO","NOMBRE_COMUN":"Roble común","NOMBRE_ESPECIE":"Quercus robur","ALTURA":"4,5","MINTDISTRITO":"03","NOMBRE_DISTRITO":"RETIRO","MINTBARRIO":"035","NOMBRE_BARRIO":"LOS JERONIMOS","OBJECTID":9809729}},{"type":"Feature","id":9810061,"geometry":{"type":"Point","coordinates":[-3.6834763970668387,40.413838529344034]},"properties":{"ESA_ESPECIE":"AHI","NOMBRE_COMUN":"Castaño de indias","NOMBRE_ESPECIE":"Aesculus hippocastanum","ALTURA":"12","MINTDISTRITO":"03","NOMBRE_DISTRITO":"RETIRO","MINTBARRIO":"035","NOMBRE_BARRIO":"LOS JERONIMOS","OBJECTID":9810061}},{"type":"Feature","id":9772806,"geometry":{"type":"Point","coordinates":[-3.6842225989872763,40.414116765801381]},"properties":{"ESA_ESPECIE":"GTR","NOMBRE_COMUN":"Acacia de tres espinas","NOMBRE_ESPECIE":"Gleditsia triacanthos","ALTURA":"15","MINTDISTRITO":"03","NOMBRE_DISTRITO":"RETIRO","MINTBARRIO":"035","NOMBRE_BARRIO":"LOS JERONIMOS","OBJECTID":9772806}},{"type":"Feature","id":9772474,"geometry":{"type":"Point","coordinates":[-3.6847416179846624,40.414974868368844]},"properties":{"ESA_ESPECIE":"AHI","NOMBRE_COMUN":"Castaño de indias","NOMBRE_ESPECIE":"Aesculus hippocastanum","ALTURA":"14","MINTDISTRITO":"03","NOMBRE_DISTRITO":"RETIRO","MINTBARRIO":"035","NOMBRE_BARRIO":"LOS JERONIMOS","OBJECTID":9772474}},{"type":"Feature","id":9771146,"geometry":{"type":"Point","coordinates":[-3.6868225317980046,40.415635951997089]},"properties":{"ESA_ESPECIE":"CSE","NOMBRE_COMUN":"Ciprés común","NOMBRE_ESPECIE":"Cupressus sempervirens","ALTURA":"4,5","MINTDISTRITO":"03","NOMBRE_DISTRITO":"RETIRO","MINTBARRIO":"035","NOMBRE_BARRIO":"LOS JERONIMOS","OBJECTID":9771146}},{"type":"Feature","id":9814807,"geometry":{"type":"Point","coordinates":[-3.6855136948039946,40.415541998527495]},"properties":{"ESA_ESPECIE":"CSI","NOMBRE_COMUN":"Árbol del amor","NOMBRE_ESPECIE":"Cercis siliquastrum","ALTURA":"1,5","MINTDISTRITO":"03","NOMBRE_DISTRITO":"RETIRO","MINTBARRIO":"035","NOMBRE_BARRIO":"LOS JERONIMOS","OBJECTID":9814807}},{"type":"Feature","id":9805438,"geometry":{"type":"Point","coordinates":[-3.6848987740053718,40.415250812670919]},"properties":{"ESA_ESPECIE":"AHI","NOMBRE_COMUN":"Castaño de indias","NOMBRE_ESPECIE":"Aesculus hippocastanum","ALTURA":"10","MINTDISTRITO":"03","NOMBRE_DISTRITO":"RETIRO","MINTBARRIO":"035","NOMBRE_BARRIO":"LOS JERONIMOS","OBJECTID":9805438}},{"type":"Feature","id":9771810,"geometry":{"type":"Point","coordinates":[-3.6853630615821324,40.416490021918655]},"properties":{"ESA_ESPECIE":"LST","NOMBRE_COMUN":"Liquidambar","NOMBRE_ESPECIE":"Liquidambar styraciflua","ALTURA":"6,5","MINTDISTRITO":"03","NOMBRE_DISTRITO":"RETIRO","MINTBARRIO":"035","NOMBRE_BARRIO":"LOS JERONIMOS","OBJECTID":9771810}},{"type":"Feature","id":9897051,"geometry":{"type":"Point","coordinates":[-3.6851029931409016,40.417455486361739]},"properties":{"ESA_ESPECIE":"AHI","NOMBRE_COMUN":"Castaño de indias","NOMBRE_ESPECIE":"Aesculus hippocastanum","ALTURA":null,"MINTDISTRITO":"03","NOMBRE_DISTRITO":"RETIRO","MINTBARRIO":"035","NOMBRE_BARRIO":"LOS JERONIMOS","OBJECTID":9897051}},{"type":"Feature","id":9808192,"geometry":{"type":"Point","coordinates":[-3.6840565811507555,40.415645593199663]},"properties":{"ESA_ESPECIE":"AHI","NOMBRE_COMUN":"Castaño de indias","NOMBRE_ESPECIE":"Aesculus hippocastanum","ALTURA":"13","MINTDISTRITO":"03","NOMBRE_DISTRITO":"RETIRO","MINTBARRIO":"035","NOMBRE_BARRIO":"LOS JERONIMOS","OBJECTID":9808192}},{"type":"Feature","id":9771478,"geometry":{"type":"Point","coordinates":[-3.6879602910257199,40.415992972952445]},"properties":{"ESA_ESPECIE":"AHI","NOMBRE_COMUN":"Castaño de indias","NOMBRE_ESPECIE":"Aesculus hippocastanum","ALTURA":"10","MINTDISTRITO":"03","NOMBRE_DISTRITO":"RETIRO","MINTBARRIO":"035","NOMBRE_BARRIO":"LOS JERONIMOS","OBJECTID":9771478}},{"type":"Feature","id":9804442,"geometry":{"type":"Point","coordinates":[-3.6878927293285155,40.416627233551594]},"properties":{"ESA_ESPECIE":"AHI","NOMBRE_COMUN":"Castaño de indias","NOMBRE_ESPECIE":"Aesculus hippocastanum","ALTURA":"6,5","MINTDISTRITO":"03","NOMBRE_DISTRITO":"RETIRO","MINTBARRIO":"035","NOMBRE_BARRIO":"LOS JERONIMOS","OBJECTID":9804442}},{"type":"Feature","id":9776765,"geometry":{"type":"Point","coordinates":[-3.6876156742399009,40.416870071853054]},"properties":{"ESA_ESPECIE":"AHI","NOMBRE_COMUN":"Castaño de indias","NOMBRE_ESPECIE":"Aesculus hippocastanum","ALTURA":"12","MINTDISTRITO":"03","NOMBRE_DISTRITO":"RETIRO","MINTBARRIO":"035","NOMBRE_BARRIO":"LOS JERONIMOS","OBJECTID":9776765}},{"type":"Feature","id":9776433,"geometry":{"type":"Point","coordinates":[-3.6871115429639842,40.417797937752681]},"properties":{"ESA_ESPECIE":"AHI","NOMBRE_COMUN":"Castaño de indias","NOMBRE_ESPECIE":"Aesculus hippocastanum","ALTURA":"15","MINTDISTRITO":"03","NOMBRE_DISTRITO":"RETIRO","MINTBARRIO":"035","NOMBRE_BARRIO":"LOS JERONIMOS","OBJECTID":9776433}},{"type":"Feature","id":9775892,"geometry":{"type":"Point","coordinates":[-3.6869028944484152,40.417657285095956]},"properties":{"ESA_ESPECIE":"PCP","NOMBRE_COMUN":"Ciruelo púrpura","NOMBRE_ESPECIE":"Prunus cerasifera  subsp. pissardii","ALTURA":"3","MINTDISTRITO":"03","NOMBRE_DISTRITO":"RETIRO","MINTBARRIO":"035","NOMBRE_BARRIO":"LOS JERONIMOS","OBJECTID":9775892}},{"type":"Feature","id":9776556,"geometry":{"type":"Point","coordinates":[-3.6868088497551166,40.41737144621036]},"properties":{"ESA_ESPECIE":"AHI","NOMBRE_COMUN":"Castaño de indias","NOMBRE_ESPECIE":"Aesculus hippocastanum","ALTURA":"13","MINTDISTRITO":"03","NOMBRE_DISTRITO":"RETIRO","MINTBARRIO":"035","NOMBRE_BARRIO":"LOS JERONIMOS","OBJECTID":9776556}},{"type":"Feature","id":9815139,"geometry":{"type":"Point","coordinates":[-3.6857752137862998,40.414820516404596]},"properties":{"ESA_ESPECIE":"AHI","NOMBRE_COMUN":"Castaño de indias","NOMBRE_ESPECIE":"Aesculus hippocastanum","ALTURA":"1,5","MINTDISTRITO":"03","NOMBRE_DISTRITO":"RETIRO","MINTBARRIO":"035","NOMBRE_BARRIO":"LOS JERONIMOS","OBJECTID":9815139}},{"type":"Feature","id":9768847,"geometry":{"type":"Point","coordinates":[-3.6862741733628508,40.414664699233384]},"properties":{"ESA_ESPECIE":"AHI","NOMBRE_COMUN":"Castaño de indias","NOMBRE_ESPECIE":"Aesculus hippocastanum","ALTURA":"13","MINTDISTRITO":"03","NOMBRE_DISTRITO":"RETIRO","MINTBARRIO":"035","NOMBRE_BARRIO":"LOS JERONIMOS","OBJECTID":9768847}},{"type":"Feature","id":9770150,"geometry":{"type":"Point","coordinates":[-3.6872318355813736,40.41389324149587]},"properties":{"ESA_ESPECIE":"AHI","NOMBRE_COMUN":"Castaño de indias","NOMBRE_ESPECIE":"Aesculus hippocastanum","ALTURA":"15","MINTDISTRITO":"03","NOMBRE_DISTRITO":"RETIRO","MINTBARRIO":"035","NOMBRE_BARRIO":"LOS JERONIMOS","OBJECTID":9770150}},{"type":"Feature","id":9767851,"geometry":{"type":"Point","coordinates":[-3.6874296224231466,40.414575222057245]},"properties":{"ESA_ESPECIE":"UMI","NOMBRE_COMUN":"Olmo común","NOMBRE_ESPECIE":"Ulmus minor","ALTURA":"9","MINTDISTRITO":"03","NOMBRE_DISTRITO":"RETIRO","MINTBARRIO":"035","NOMBRE_BARRIO":"LOS JERONIMOS","OBJECTID":9767851}},{"type":"Feature","id":9803446,"geometry":{"type":"Point","coordinates":[-3.6878972302318362,40.415447742143826]},"properties":{"ESA_ESPECIE":"LJA","NOMBRE_COMUN":"Aligustre del Japón","NOMBRE_ESPECIE":"Ligustrum japonicum","ALTURA":"4","MINTDISTRITO":"03","NOMBRE_DISTRITO":"RETIRO","MINTBARRIO":"035","NOMBRE_BARRIO":"LOS JERONIMOS","OBJECTID":9803446}},{"type":"Feature","id":9814143,"geometry":{"type":"Point","coordinates":[-3.687575420686064,40.416248200463656]},"properties":{"ESA_ESPECIE":"GIS","NOMBRE_COMUN":"Acacia de tres espinas inerme","NOMBRE_ESPECIE":"Gleditsia triacanthos 'Inermis'","ALTURA":"5","MINTDISTRITO":"03","NOMBRE_DISTRITO":"RETIRO","MINTBARRIO":"035","NOMBRE_BARRIO":"LOS JERONIMOS","OBJECTID":9814143}},{"type":"Feature","id":9800151,"geometry":{"type":"Point","coordinates":[-3.6862347062282521,40.411416719211559]},"properties":{"ESA_ESPECIE":"AHI","NOMBRE_COMUN":"Castaño de indias","NOMBRE_ESPECIE":"Aesculus hippocastanum","ALTURA":"14","MINTDISTRITO":"03","NOMBRE_DISTRITO":"RETIRO","MINTBARRIO":"035","NOMBRE_BARRIO":"LOS JERONIMOS","OBJECTID":9800151}},{"type":"Feature","id":9800483,"geometry":{"type":"Point","coordinates":[-3.6870152704378754,40.410786143498989]},"properties":{"ESA_ESPECIE":"AHI","NOMBRE_COMUN":"Castaño de indias","NOMBRE_ESPECIE":"Aesculus hippocastanum","ALTURA":"12","MINTDISTRITO":"03","NOMBRE_DISTRITO":"RETIRO","MINTBARRIO":"035","NOMBRE_BARRIO":"LOS JERONIMOS","OBJECTID":9800483}},{"type":"Feature","id":9783171,"geometry":{"type":"Point","coordinates":[-3.6878132825363261,40.410177152498093]},"properties":{"ESA_ESPECIE":"TFO","NOMBRE_COMUN":"Palma de Fortune","NOMBRE_ESPECIE":"Trachycarpus fortunei","ALTURA":"11,5","MINTDISTRITO":"03","NOMBRE_DISTRITO":"RETIRO","MINTBARRIO":"035","NOMBRE_BARRIO":"LOS JERONIMOS","OBJECTID":9783171}},{"type":"Feature","id":9766855,"geometry":{"type":"Point","coordinates":[-3.6869980035593168,40.411557617710642]},"properties":{"ESA_ESPECIE":"TFO","NOMBRE_COMUN":"Palma de Fortune","NOMBRE_ESPECIE":"Trachycarpus fortunei","ALTURA":null,"MINTDISTRITO":"03","NOMBRE_DISTRITO":"RETIRO","MINTBARRIO":"035","NOMBRE_BARRIO":"LOS JERONIMOS","OBJECTID":9766855}},{"type":"Feature","id":9803778,"geometry":{"type":"Point","coordinates":[-3.6870894676372288,40.411664995485545]},"properties":{"ESA_ESPECIE":"PDA","NOMBRE_COMUN":"Plátano de sombra/Platanus x hybrida","NOMBRE_ESPECIE":"Platanus x hispanica","ALTURA":"6","MINTDISTRITO":"03","NOMBRE_DISTRITO":"RETIRO","MINTBARRIO":"035","NOMBRE_BARRIO":"LOS JERONIMOS","OBJECTID":9803778}},{"type":"Feature","id":9765527,"geometry":{"type":"Point","coordinates":[-3.6876360706289968,40.413172546280066]},"properties":{"ESA_ESPECIE":"PDA","NOMBRE_COMUN":"Plátano de sombra/Platanus x hybrida","NOMBRE_ESPECIE":"Platanus x hispanica","ALTURA":"10","MINTDISTRITO":"03","NOMBRE_DISTRITO":"RETIRO","MINTBARRIO":"035","NOMBRE_BARRIO":"LOS JERONIMOS","OBJECTID":9765527}},{"type":"Feature","id":9773138,"geometry":{"type":"Point","coordinates":[-3.6843706902101476,40.411859211309078]},"properties":{"ESA_ESPECIE":"ACA","NOMBRE_COMUN":"Arce campestre","NOMBRE_ESPECIE":"Acer campestre","ALTURA":"5,5","MINTDISTRITO":"03","NOMBRE_DISTRITO":"RETIRO","MINTBARRIO":"035","NOMBRE_BARRIO":"LOS JERONIMOS","OBJECTID":9773138}},{"type":"Feature","id":9775560,"geometry":{"type":"Point","coordinates":[-3.6848755644915734,40.411787572774436]},"properties":{"ESA_ESPECIE":"GTR","NOMBRE_COMUN":"Acacia de tres espinas","NOMBRE_ESPECIE":"Gleditsia triacanthos","ALTURA":"17","MINTDISTRITO":"03","NOMBRE_DISTRITO":"RETIRO","MINTBARRIO":"035","NOMBRE_BARRIO":"LOS JERONIMOS","OBJECTID":9775560}},{"type":"Feature","id":9806766,"geometry":{"type":"Point","coordinates":[-3.6844669057051247,40.411710857199111]},"properties":{"ESA_ESPECIE":"CSI","NOMBRE_COMUN":"Árbol del amor","NOMBRE_ESPECIE":"Cercis siliquastrum","ALTURA":"6","MINTDISTRITO":"03","NOMBRE_DISTRITO":"RETIRO","MINTBARRIO":"035","NOMBRE_BARRIO":"LOS JERONIMOS","OBJECTID":9806766}},{"type":"Feature","id":9806102,"geometry":{"type":"Point","coordinates":[-3.6849115070100207,40.411620836470327]},"properties":{"ESA_ESPECIE":"AHI","NOMBRE_COMUN":"Castaño de indias","NOMBRE_ESPECIE":"Aesculus hippocastanum","ALTURA":"11","MINTDISTRITO":"03","NOMBRE_DISTRITO":"RETIRO","MINTBARRIO":"035","NOMBRE_BARRIO":"LOS JERONIMOS","OBJECTID":9806102}},{"type":"Feature","id":9805770,"geometry":{"type":"Point","coordinates":[-3.685168634143924,40.411040030671927]},"properties":{"ESA_ESPECIE":"ACA","NOMBRE_COMUN":"Arce campestre","NOMBRE_ESPECIE":"Acer campestre","ALTURA":"10","MINTDISTRITO":"03","NOMBRE_DISTRITO":"RETIRO","MINTBARRIO":"035","NOMBRE_BARRIO":"LOS JERONIMOS","OBJECTID":9805770}},{"type":"Feature","id":9904994,"geometry":{"type":"Point","coordinates":[-3.6862411431911544,40.411513195023723]},"properties":{"ESA_ESPECIE":"TFO","NOMBRE_COMUN":"Palma de Fortune","NOMBRE_ESPECIE":"Trachycarpus fortunei","ALTURA":"6","MINTDISTRITO":"03","NOMBRE_DISTRITO":"RETIRO","MINTBARRIO":"035","NOMBRE_BARRIO":"LOS JERONIMOS","OBJECTID":9904994}},{"type":"Feature","id":9803114,"geometry":{"type":"Point","coordinates":[-3.688254275872354,40.41381341152816]},"properties":{"ESA_ESPECIE":"PCP","NOMBRE_COMUN":"Ciruelo púrpura","NOMBRE_ESPECIE":"Prunus cerasifera  subsp. pissardii","ALTURA":"7,5","MINTDISTRITO":"03","NOMBRE_DISTRITO":"RETIRO","MINTBARRIO":"035","NOMBRE_BARRIO":"LOS JERONIMOS","OBJECTID":9803114}},{"type":"Feature","id":9770814,"geometry":{"type":"Point","coordinates":[-3.6883086887646264,40.41247574776888]},"properties":{"ESA_ESPECIE":"AHIB","NOMBRE_COMUN":"Castaño de indias de Baumann","NOMBRE_ESPECIE":"Aesculus hippocastanum 'Baumannii'","ALTURA":"7,5","MINTDISTRITO":"03","NOMBRE_DISTRITO":"RETIRO","MINTBARRIO":"035","NOMBRE_BARRIO":"LOS JERONIMOS","OBJECTID":9770814}},{"type":"Feature","id":9802475,"geometry":{"type":"Point","coordinates":[-3.6885412194921474,40.410543515472781]},"properties":{"ESA_ESPECIE":"AHI","NOMBRE_COMUN":"Castaño de indias","NOMBRE_ESPECIE":"Aesculus hippocastanum","ALTURA":"14","MINTDISTRITO":"03","NOMBRE_DISTRITO":"RETIRO","MINTBARRIO":"035","NOMBRE_BARRIO":"LOS JERONIMOS","OBJECTID":9802475}},{"type":"Feature","id":9802143,"geometry":{"type":"Point","coordinates":[-3.6848285633747002,40.410190284071994]},"properties":{"ESA_ESPECIE":"PDU","NOMBRE_COMUN":"Almendro","NOMBRE_ESPECIE":"Prunus dulcis","ALTURA":"6","MINTDISTRITO":"03","NOMBRE_DISTRITO":"RETIRO","MINTBARRIO":"035","NOMBRE_BARRIO":"LOS JERONIMOS","OBJECTID":9802143}},{"type":"Feature","id":9769511,"geometry":{"type":"Point","coordinates":[-3.6841981777809631,40.410013645796631]},"properties":{"ESA_ESPECIE":"MFL","NOMBRE_COMUN":"Manzano japonés","NOMBRE_ESPECIE":"Malus floribunda","ALTURA":"5","MINTDISTRITO":"03","NOMBRE_DISTRITO":"RETIRO","MINTBARRIO":"035","NOMBRE_BARRIO":"LOS JERONIMOS","OBJECTID":9769511}},{"type":"Feature","id":9813172,"geometry":{"type":"Point","coordinates":[-3.6837846248167092,40.410509554474565]},"properties":{"ESA_ESPECIE":"PNI","NOMBRE_COMUN":"Chopo negro","NOMBRE_ESPECIE":"Populus nigra","ALTURA":"5","MINTDISTRITO":"03","NOMBRE_DISTRITO":"RETIRO","MINTBARRIO":"035","NOMBRE_BARRIO":"LOS JERONIMOS","OBJECTID":9813172}},{"type":"Feature","id":9776788,"geometry":{"type":"Point","coordinates":[-3.6886212552932638,40.418913824917738]},"properties":{"ESA_ESPECIE":"CAD","NOMBRE_COMUN":"Cedro blanco","NOMBRE_ESPECIE":"Calocedrus decurrens","ALTURA":"8","MINTDISTRITO":"03","NOMBRE_DISTRITO":"RETIRO","MINTBARRIO":"035","NOMBRE_BARRIO":"LOS JERONIMOS","OBJECTID":9776788}},{"type":"Feature","id":9776859,"geometry":{"type":"Point","coordinates":[-3.6885784289687815,40.418892728555782]},"properties":{"ESA_ESPECIE":"PAR","NOMBRE_COMUN":"Peral de flor 'Chanticleer'","NOMBRE_ESPECIE":"Pyrus calleryana 'Chanticleer'","ALTURA":"4,5","MINTDISTRITO":"03","NOMBRE_DISTRITO":"RETIRO","MINTBARRIO":"035","NOMBRE_BARRIO":"LOS JERONIMOS","OBJECTID":9776859}},{"type":"Feature","id":9806912,"geometry":{"type":"Point","coordinates":[-3.6884876158556894,40.417230794237497]},"properties":{"ESA_ESPECIE":"AHI","NOMBRE_COMUN":"Castaño de indias","NOMBRE_ESPECIE":"Aesculus hippocastanum","ALTURA":"14","MINTDISTRITO":"03","NOMBRE_DISTRITO":"RETIRO","MINTBARRIO":"035","NOMBRE_BARRIO":"LOS JERONIMOS","OBJECTID":9806912}},{"type":"Feature","id":9776195,"geometry":{"type":"Point","coordinates":[-3.6883562101077429,40.417001431569055]},"properties":{"ESA_ESPECIE":"AHI","NOMBRE_COMUN":"Castaño de indias","NOMBRE_ESPECIE":"Aesculus hippocastanum","ALTURA":"15","MINTDISTRITO":"03","NOMBRE_DISTRITO":"RETIRO","MINTBARRIO":"035","NOMBRE_BARRIO":"LOS JERONIMOS","OBJECTID":9776195}},{"type":"Feature","id":9769033,"geometry":{"type":"Point","coordinates":[-3.6883841141774072,40.414295577762203]},"properties":{"ESA_ESPECIE":"UMI","NOMBRE_COMUN":"Olmo común","NOMBRE_ESPECIE":"Ulmus minor","ALTURA":"11","MINTDISTRITO":"03","NOMBRE_DISTRITO":"RETIRO","MINTBARRIO":"035","NOMBRE_BARRIO":"LOS JERONIMOS","OBJECTID":9769033}},{"type":"Feature","id":9770960,"geometry":{"type":"Point","coordinates":[-3.6884863579301803,40.412291085407155]},"properties":{"ESA_ESPECIE":"CEO","NOMBRE_COMUN":"Almez americano","NOMBRE_ESPECIE":"Celtis occidentalis","ALTURA":"10,5","MINTDISTRITO":"03","NOMBRE_DISTRITO":"RETIRO","MINTBARRIO":"035","NOMBRE_BARRIO":"LOS JERONIMOS","OBJECTID":9770960}},{"type":"Feature","id":9768375,"geometry":{"type":"Point","coordinates":[-3.677676475487031,40.41200864215557]},"properties":{"ESA_ESPECIE":"QIL","NOMBRE_COMUN":"Encina","NOMBRE_ESPECIE":"Quercus ilex","ALTURA":"10","MINTDISTRITO":"03","NOMBRE_DISTRITO":"RETIRO","MINTBARRIO":"035","NOMBRE_BARRIO":"LOS JERONIMOS","OBJECTID":9768375}},{"type":"Feature","id":9801001,"geometry":{"type":"Point","coordinates":[-3.6774235119270133,40.412007701124935]},"properties":{"ESA_ESPECIE":"QIL","NOMBRE_COMUN":"Encina","NOMBRE_ESPECIE":"Quercus ilex","ALTURA":"10,5","MINTDISTRITO":"03","NOMBRE_DISTRITO":"RETIRO","MINTBARRIO":"035","NOMBRE_BARRIO":"LOS JERONIMOS","OBJECTID":9801001}},{"type":"Feature","id":9768369,"geometry":{"type":"Point","coordinates":[-3.6776159024987636,40.411824942119125]},"properties":{"ESA_ESPECIE":"QIL","NOMBRE_COMUN":"Encina","NOMBRE_ESPECIE":"Quercus ilex","ALTURA":"12","MINTDISTRITO":"03","NOMBRE_DISTRITO":"RETIRO","MINTBARRIO":"035","NOMBRE_BARRIO":"LOS JERONIMOS","OBJECTID":9768369}},{"type":"Feature","id":9762541,"geometry":{"type":"Point","coordinates":[-3.6808756485313636,40.420911990020208]},"properties":{"ESA_ESPECIE":"TFO","NOMBRE_COMUN":"Palma de Fortune","NOMBRE_ESPECIE":"Trachycarpus fortunei","ALTURA":null,"MINTDISTRITO":"03","NOMBRE_DISTRITO":"RETIRO","MINTBARRIO":"035","NOMBRE_BARRIO":"LOS JERONIMOS","OBJECTID":9762541}},{"type":"Feature","id":9808240,"geometry":{"type":"Point","coordinates":[-3.6871367386758584,40.419673119736217]},"properties":{"ESA_ESPECIE":"LIN","NOMBRE_COMUN":"Árbol\u00A0de\u00A0Júpiter","NOMBRE_ESPECIE":"Lagerstroemia indica","ALTURA":"3","MINTDISTRITO":"03","NOMBRE_DISTRITO":"RETIRO","MINTBARRIO":"035","NOMBRE_BARRIO":"LOS JERONIMOS","OBJECTID":9808240}},{"type":"Feature","id":9807499,"geometry":{"type":"Point","coordinates":[-3.686965618891485,40.419946498017978]},"properties":{"ESA_ESPECIE":"PIN","NOMBRE_COMUN":"Pino laricio","NOMBRE_ESPECIE":"Pinus nigra","ALTURA":"12","MINTDISTRITO":"03","NOMBRE_DISTRITO":"RETIRO","MINTBARRIO":"035","NOMBRE_BARRIO":"LOS JERONIMOS","OBJECTID":9807499}},{"type":"Feature","id":9813665,"geometry":{"type":"Point","coordinates":[-3.6784560093065495,40.409220090852763]},"properties":{"ESA_ESPECIE":"CAT","NOMBRE_COMUN":"Cedro del Atlas","NOMBRE_ESPECIE":"Cedrus atlantica","ALTURA":"2,5","MINTDISTRITO":"03","NOMBRE_DISTRITO":"RETIRO","MINTBARRIO":"035","NOMBRE_BARRIO":"LOS JERONIMOS","OBJECTID":9813665}},{"type":"Feature","id":9814068,"geometry":{"type":"Point","coordinates":[-3.6784911844450701,40.41232117207948]},"properties":{"ESA_ESPECIE":"PPI","NOMBRE_COMUN":"Pino piñonero","NOMBRE_ESPECIE":"Pinus pinea","ALTURA":"3,75","MINTDISTRITO":"03","NOMBRE_DISTRITO":"RETIRO","MINTBARRIO":"035","NOMBRE_BARRIO":"LOS JERONIMOS","OBJECTID":9814068}},{"type":"Feature","id":9801665,"geometry":{"type":"Point","coordinates":[-3.6780051525733568,40.414373367180552]},"properties":{"ESA_ESPECIE":"PAB","NOMBRE_COMUN":"Álamo\u00A0plateado","NOMBRE_ESPECIE":"Populus alba 'Bolleana'","ALTURA":"18","MINTDISTRITO":"03","NOMBRE_DISTRITO":"RETIRO","MINTBARRIO":"035","NOMBRE_BARRIO":"LOS JERONIMOS","OBJECTID":9801665}},{"type":"Feature","id":9800343,"geometry":{"type":"Point","coordinates":[-3.6778374619944256,40.410824583832976]},"properties":{"ESA_ESPECIE":"PDA","NOMBRE_COMUN":"Plátano de sombra/Platanus x hybrida","NOMBRE_ESPECIE":"Platanus x hispanica","ALTURA":"11","MINTDISTRITO":"03","NOMBRE_DISTRITO":"RETIRO","MINTBARRIO":"035","NOMBRE_BARRIO":"LOS JERONIMOS","OBJECTID":9800343}},{"type":"Feature","id":9807837,"geometry":{"type":"Point","coordinates":[-3.6863675750387452,40.419461300355835]},"properties":{"ESA_ESPECIE":"CAU","NOMBRE_COMUN":"Almez","NOMBRE_ESPECIE":"Celtis australis","ALTURA":"7","MINTDISTRITO":"03","NOMBRE_DISTRITO":"RETIRO","MINTBARRIO":"035","NOMBRE_BARRIO":"LOS JERONIMOS","OBJECTID":9807837}},{"type":"Feature","id":9808163,"geometry":{"type":"Point","coordinates":[-3.6861957180116627,40.419820150683748]},"properties":{"ESA_ESPECIE":"UPU","NOMBRE_COMUN":"Olmo de Siberia","NOMBRE_ESPECIE":"Ulmus pumila","ALTURA":"13","MINTDISTRITO":"03","NOMBRE_DISTRITO":"RETIRO","MINTBARRIO":"035","NOMBRE_BARRIO":"LOS JERONIMOS","OBJECTID":9808163}},{"type":"Feature","id":9775869,"geometry":{"type":"Point","coordinates":[-3.6861298591163236,40.418791969988867]},"properties":{"ESA_ESPECIE":"PAB","NOMBRE_COMUN":"Álamo\u00A0plateado","NOMBRE_ESPECIE":"Populus alba 'Bolleana'","ALTURA":"22","MINTDISTRITO":"03","NOMBRE_DISTRITO":"RETIRO","MINTBARRIO":"035","NOMBRE_BARRIO":"LOS JERONIMOS","OBJECTID":9775869}},{"type":"Feature","id":9807576,"geometry":{"type":"Point","coordinates":[-3.6872972401397366,40.418666900562712]},"properties":{"ESA_ESPECIE":"AHI","NOMBRE_COMUN":"Castaño de indias","NOMBRE_ESPECIE":"Aesculus hippocastanum","ALTURA":"10","MINTDISTRITO":"03","NOMBRE_DISTRITO":"RETIRO","MINTBARRIO":"035","NOMBRE_BARRIO":"LOS JERONIMOS","OBJECTID":9807576}},{"type":"Feature","id":9777197,"geometry":{"type":"Point","coordinates":[-3.6875382221515971,40.419852796636846]},"properties":{"ESA_ESPECIE":"PHA","NOMBRE_COMUN":"Pino carrasco","NOMBRE_ESPECIE":"Pinus halepensis","ALTURA":"16,5","MINTDISTRITO":"03","NOMBRE_DISTRITO":"RETIRO","MINTBARRIO":"035","NOMBRE_BARRIO":"LOS JERONIMOS","OBJECTID":9777197}},{"type":"Feature","id":9900818,"geometry":{"type":"Point","coordinates":[-3.6870948638987993,40.419483710225208]},"properties":{"ESA_ESPECIE":"ULA","NOMBRE_COMUN":"Olmo de Los Llanillos","NOMBRE_ESPECIE":"Ulmus laevis","ALTURA":"4,2","MINTDISTRITO":"03","NOMBRE_DISTRITO":"RETIRO","MINTBARRIO":"035","NOMBRE_BARRIO":"LOS JERONIMOS","OBJECTID":9900818}},{"type":"Feature","id":9810748,"geometry":{"type":"Point","coordinates":[-3.682298244616736,40.419575585569007]},"properties":{"ESA_ESPECIE":"CDE","NOMBRE_COMUN":"Cedro llorón","NOMBRE_ESPECIE":"Cedrus deodara","ALTURA":"4","MINTDISTRITO":"03","NOMBRE_DISTRITO":"RETIRO","MINTBARRIO":"035","NOMBRE_BARRIO":"LOS JERONIMOS","OBJECTID":9810748}},{"type":"Feature","id":9781774,"geometry":{"type":"Point","coordinates":[-3.6827064628195543,40.420078817375433]},"properties":{"ESA_ESPECIE":"MFL","NOMBRE_COMUN":"Manzano japonés","NOMBRE_ESPECIE":"Malus floribunda","ALTURA":"5","MINTDISTRITO":"03","NOMBRE_DISTRITO":"RETIRO","MINTBARRIO":"035","NOMBRE_BARRIO":"LOS JERONIMOS","OBJECTID":9781774}},{"type":"Feature","id":9811821,"geometry":{"type":"Point","coordinates":[-3.6834234694284578,40.420542961371808]},"properties":{"ESA_ESPECIE":"TIP","NOMBRE_COMUN":"Tilo de hojas grandes","NOMBRE_ESPECIE":"Tilia platyphyllos","ALTURA":"8","MINTDISTRITO":"03","NOMBRE_DISTRITO":"RETIRO","MINTBARRIO":"035","NOMBRE_BARRIO":"LOS JERONIMOS","OBJECTID":9811821}},{"type":"Feature","id":9814329,"geometry":{"type":"Point","coordinates":[-3.6838463235037584,40.420604317101784]},"properties":{"ESA_ESPECIE":"APS","NOMBRE_COMUN":"Falso plátano","NOMBRE_ESPECIE":"Acer pseudoplatanus","ALTURA":"6","MINTDISTRITO":"03","NOMBRE_DISTRITO":"RETIRO","MINTBARRIO":"035","NOMBRE_BARRIO":"LOS JERONIMOS","OBJECTID":9814329}},{"type":"Feature","id":9781697,"geometry":{"type":"Point","coordinates":[-3.6833695600420309,40.420014809548775]},"properties":{"ESA_ESPECIE":"PDA","NOMBRE_COMUN":"Plátano de sombra/Platanus x hybrida","NOMBRE_ESPECIE":"Platanus x hispanica","ALTURA":"7,5","MINTDISTRITO":"03","NOMBRE_DISTRITO":"RETIRO","MINTBARRIO":"035","NOMBRE_BARRIO":"LOS JERONIMOS","OBJECTID":9781697}},{"type":"Feature","id":9809165,"geometry":{"type":"Point","coordinates":[-3.6845708343694126,40.418613039722921]},"properties":{"ESA_ESPECIE":"PDA","NOMBRE_COMUN":"Plátano de sombra/Platanus x hybrida","NOMBRE_ESPECIE":"Platanus x hispanica","ALTURA":"22","MINTDISTRITO":"03","NOMBRE_DISTRITO":"RETIRO","MINTBARRIO":"035","NOMBRE_BARRIO":"LOS JERONIMOS","OBJECTID":9809165}},{"type":"Feature","id":9809491,"geometry":{"type":"Point","coordinates":[-3.681081160989518,40.419389247458206]},"properties":{"ESA_ESPECIE":"PDA","NOMBRE_COMUN":"Plátano de sombra/Platanus x hybrida","NOMBRE_ESPECIE":"Platanus x hispanica","ALTURA":"22","MINTDISTRITO":"03","NOMBRE_DISTRITO":"RETIRO","MINTBARRIO":"035","NOMBRE_BARRIO":"LOS JERONIMOS","OBJECTID":9809491}},{"type":"Feature","id":9779118,"geometry":{"type":"Point","coordinates":[-3.6810149285911096,40.418214551662928]},"properties":{"ESA_ESPECIE":"MGR","NOMBRE_COMUN":"Magnolio","NOMBRE_ESPECIE":"Magnolia grandiflora","ALTURA":"6","MINTDISTRITO":"03","NOMBRE_DISTRITO":"RETIRO","MINTBARRIO":"035","NOMBRE_BARRIO":"LOS JERONIMOS","OBJECTID":9779118}},{"type":"Feature","id":9904731,"geometry":{"type":"Point","coordinates":[-3.6819257921822675,40.419102384680592]},"properties":{"ESA_ESPECIE":"TFO","NOMBRE_COMUN":"Palma de Fortune","NOMBRE_ESPECIE":"Trachycarpus fortunei","ALTURA":"7,5","MINTDISTRITO":"03","NOMBRE_DISTRITO":"RETIRO","MINTBARRIO":"035","NOMBRE_BARRIO":"LOS JERONIMOS","OBJECTID":9904731}},{"type":"Feature","id":9767041,"geometry":{"type":"Point","coordinates":[-3.6826936761899116,40.418809711258362]},"properties":{"ESA_ESPECIE":"TFO","NOMBRE_COMUN":"Palma de Fortune","NOMBRE_ESPECIE":"Trachycarpus fortunei","ALTURA":null,"MINTDISTRITO":"03","NOMBRE_DISTRITO":"RETIRO","MINTBARRIO":"035","NOMBRE_BARRIO":"LOS JERONIMOS","OBJECTID":9767041}},{"type":"Feature","id":9779189,"geometry":{"type":"Point","coordinates":[-3.6832122192867383,40.418555913807552]},"properties":{"ESA_ESPECIE":"FOR","NOMBRE_COMUN":"Fresno de flor","NOMBRE_ESPECIE":"Fraxinus ornus","ALTURA":"6","MINTDISTRITO":"03","NOMBRE_DISTRITO":"RETIRO","MINTBARRIO":"035","NOMBRE_BARRIO":"LOS JERONIMOS","OBJECTID":9779189}},{"type":"Feature","id":9811157,"geometry":{"type":"Point","coordinates":[-3.683258158793751,40.419165716872449]},"properties":{"ESA_ESPECIE":"AHI","NOMBRE_COMUN":"Castaño de indias","NOMBRE_ESPECIE":"Aesculus hippocastanum","ALTURA":"14","MINTDISTRITO":"03","NOMBRE_DISTRITO":"RETIRO","MINTBARRIO":"035","NOMBRE_BARRIO":"LOS JERONIMOS","OBJECTID":9811157}},{"type":"Feature","id":9813404,"geometry":{"type":"Point","coordinates":[-3.6789846487089202,40.408845399868859]},"properties":{"ESA_ESPECIE":"CAU","NOMBRE_COMUN":"Almez","NOMBRE_ESPECIE":"Celtis australis","ALTURA":"12","MINTDISTRITO":"03","NOMBRE_DISTRITO":"RETIRO","MINTBARRIO":"035","NOMBRE_BARRIO":"LOS JERONIMOS","OBJECTID":9813404}},{"type":"Feature","id":9799679,"geometry":{"type":"Point","coordinates":[-3.6792516200450174,40.418405673204965]},"properties":{"ESA_ESPECIE":"AHI","NOMBRE_COMUN":"Castaño de indias","NOMBRE_ESPECIE":"Aesculus hippocastanum","ALTURA":"11","MINTDISTRITO":"03","NOMBRE_DISTRITO":"RETIRO","MINTBARRIO":"035","NOMBRE_BARRIO":"LOS JERONIMOS","OBJECTID":9799679}},{"type":"Feature","id":9809420,"geometry":{"type":"Point","coordinates":[-3.6809438557191068,40.418373952938232]},"properties":{"ESA_ESPECIE":"UMI","NOMBRE_COMUN":"Olmo común","NOMBRE_ESPECIE":"Ulmus minor","ALTURA":"18","MINTDISTRITO":"03","NOMBRE_DISTRITO":"RETIRO","MINTBARRIO":"035","NOMBRE_BARRIO":"LOS JERONIMOS","OBJECTID":9809420}},{"type":"Feature","id":9766377,"geometry":{"type":"Point","coordinates":[-3.6798103102999171,40.420139756989592]},"properties":{"ESA_ESPECIE":"QRO","NOMBRE_COMUN":"Roble común","NOMBRE_ESPECIE":"Quercus robur","ALTURA":"4","MINTDISTRITO":"03","NOMBRE_DISTRITO":"RETIRO","MINTBARRIO":"035","NOMBRE_BARRIO":"LOS JERONIMOS","OBJECTID":9766377}},{"type":"Feature","id":9766383,"geometry":{"type":"Point","coordinates":[-3.6798667468029387,40.420187533428766]},"properties":{"ESA_ESPECIE":"QRO","NOMBRE_COMUN":"Roble común","NOMBRE_ESPECIE":"Quercus robur","ALTURA":"4","MINTDISTRITO":"03","NOMBRE_DISTRITO":"RETIRO","MINTBARRIO":"035","NOMBRE_BARRIO":"LOS JERONIMOS","OBJECTID":9766383}},{"type":"Feature","id":9811750,"geometry":{"type":"Point","coordinates":[-3.6821058924300401,40.419977785212843]},"properties":{"ESA_ESPECIE":"AHI","NOMBRE_COMUN":"Castaño de indias","NOMBRE_ESPECIE":"Aesculus hippocastanum","ALTURA":"10,5","MINTDISTRITO":"03","NOMBRE_DISTRITO":"RETIRO","MINTBARRIO":"035","NOMBRE_BARRIO":"LOS JERONIMOS","OBJECTID":9811750}},{"type":"Feature","id":9782438,"geometry":{"type":"Point","coordinates":[-3.6810889515456875,40.40918307936716]},"properties":{"ESA_ESPECIE":"PPI","NOMBRE_COMUN":"Pino piñonero","NOMBRE_ESPECIE":"Pinus pinea","ALTURA":"2,5","MINTDISTRITO":"03","NOMBRE_DISTRITO":"RETIRO","MINTBARRIO":"035","NOMBRE_BARRIO":"LOS JERONIMOS","OBJECTID":9782438}},{"type":"Feature","id":9812414,"geometry":{"type":"Point","coordinates":[-3.680690188568712,40.408767073871225]},"properties":{"ESA_ESPECIE":"PCP","NOMBRE_COMUN":"Ciruelo púrpura","NOMBRE_ESPECIE":"Prunus cerasifera  subsp. pissardii","ALTURA":"3,5","MINTDISTRITO":"03","NOMBRE_DISTRITO":"RETIRO","MINTBARRIO":"035","NOMBRE_BARRIO":"LOS JERONIMOS","OBJECTID":9812414}},{"type":"Feature","id":9778780,"geometry":{"type":"Point","coordinates":[-3.6799595874949009,40.4092739612923]},"properties":{"ESA_ESPECIE":"CLE","NOMBRE_COMUN":"Ciprés de Leyland/x Cupressocyparis leylandii","NOMBRE_ESPECIE":"x Cupressocyparis x leylandii","ALTURA":"2","MINTDISTRITO":"03","NOMBRE_DISTRITO":"RETIRO","MINTBARRIO":"035","NOMBRE_BARRIO":"LOS JERONIMOS","OBJECTID":9778780}},{"type":"Feature","id":9782361,"geometry":{"type":"Point","coordinates":[-3.6799938088077595,40.408573305475961]},"properties":{"ESA_ESPECIE":"CSE","NOMBRE_COMUN":"Ciprés común","NOMBRE_ESPECIE":"Cupressus sempervirens","ALTURA":"8","MINTDISTRITO":"03","NOMBRE_DISTRITO":"RETIRO","MINTBARRIO":"035","NOMBRE_BARRIO":"LOS JERONIMOS","OBJECTID":9782361}},{"type":"Feature","id":9778116,"geometry":{"type":"Point","coordinates":[-3.6796536151555812,40.409644861517506]},"properties":{"ESA_ESPECIE":"EGL","NOMBRE_COMUN":"Eucalipto blanco","NOMBRE_ESPECIE":"Eucalyptus globulus","ALTURA":"14","MINTDISTRITO":"03","NOMBRE_DISTRITO":"RETIRO","MINTBARRIO":"035","NOMBRE_BARRIO":"LOS JERONIMOS","OBJECTID":9778116}},{"type":"Feature","id":9778525,"geometry":{"type":"Point","coordinates":[-3.6794215175704905,40.409441990203689]},"properties":{"ESA_ESPECIE":"CAU","NOMBRE_COMUN":"Almez","NOMBRE_ESPECIE":"Celtis australis","ALTURA":"8,5","MINTDISTRITO":"03","NOMBRE_DISTRITO":"RETIRO","MINTBARRIO":"035","NOMBRE_BARRIO":"LOS JERONIMOS","OBJECTID":9778525}},{"type":"Feature","id":9781110,"geometry":{"type":"Point","coordinates":[-3.6827318246418983,40.412320344186014]},"properties":{"ESA_ESPECIE":"AHI","NOMBRE_COMUN":"Castaño de indias","NOMBRE_ESPECIE":"Aesculus hippocastanum","ALTURA":"11","MINTDISTRITO":"03","NOMBRE_DISTRITO":"RETIRO","MINTBARRIO":"035","NOMBRE_BARRIO":"LOS JERONIMOS","OBJECTID":9781110}},{"type":"Feature","id":9773616,"geometry":{"type":"Point","coordinates":[-3.6831755998527398,40.412389254748312]},"properties":{"ESA_ESPECIE":"AHI","NOMBRE_COMUN":"Castaño de indias","NOMBRE_ESPECIE":"Aesculus hippocastanum","ALTURA":"16","MINTDISTRITO":"03","NOMBRE_DISTRITO":"RETIRO","MINTBARRIO":"035","NOMBRE_BARRIO":"LOS JERONIMOS","OBJECTID":9773616}},{"type":"Feature","id":9800337,"geometry":{"type":"Point","coordinates":[-3.682483066107364,40.410423487338925]},"properties":{"ESA_ESPECIE":"PHA","NOMBRE_COMUN":"Pino carrasco","NOMBRE_ESPECIE":"Pinus halepensis","ALTURA":"5,5","MINTDISTRITO":"03","NOMBRE_DISTRITO":"RETIRO","MINTBARRIO":"035","NOMBRE_BARRIO":"LOS JERONIMOS","OBJECTID":9800337}},{"type":"Feature","id":9783031,"geometry":{"type":"Point","coordinates":[-3.6826916659209288,40.410260390072658]},"properties":{"ESA_ESPECIE":"PDU","NOMBRE_COMUN":"Almendro","NOMBRE_ESPECIE":"Prunus dulcis","ALTURA":"2","MINTDISTRITO":"03","NOMBRE_DISTRITO":"RETIRO","MINTBARRIO":"035","NOMBRE_BARRIO":"LOS JERONIMOS","OBJECTID":9783031}},{"type":"Feature","id":9802258,"geometry":{"type":"Point","coordinates":[-3.6829864312499723,40.41030252334987]},"properties":{"ESA_ESPECIE":"PDU","NOMBRE_COMUN":"Almendro","NOMBRE_ESPECIE":"Prunus dulcis","ALTURA":"4,5","MINTDISTRITO":"03","NOMBRE_DISTRITO":"RETIRO","MINTBARRIO":"035","NOMBRE_BARRIO":"LOS JERONIMOS","OBJECTID":9802258}},{"type":"Feature","id":9783025,"geometry":{"type":"Point","coordinates":[-3.6823513310275815,40.410084644960577]},"properties":{"ESA_ESPECIE":"PDU","NOMBRE_COMUN":"Almendro","NOMBRE_ESPECIE":"Prunus dulcis","ALTURA":"1,8","MINTDISTRITO":"03","NOMBRE_DISTRITO":"RETIRO","MINTBARRIO":"035","NOMBRE_BARRIO":"LOS JERONIMOS","OBJECTID":9783025}},{"type":"Feature","id":9801671,"geometry":{"type":"Point","coordinates":[-3.6799186956200378,40.411589566106635]},"properties":{"ESA_ESPECIE":"AHI","NOMBRE_COMUN":"Castaño de indias","NOMBRE_ESPECIE":"Aesculus hippocastanum","ALTURA":"4,5","MINTDISTRITO":"03","NOMBRE_DISTRITO":"RETIRO","MINTBARRIO":"035","NOMBRE_BARRIO":"LOS JERONIMOS","OBJECTID":9801671}},{"type":"Feature","id":9812076,"geometry":{"type":"Point","coordinates":[-3.6800074127492488,40.411746801967766]},"properties":{"ESA_ESPECIE":"AHI","NOMBRE_COMUN":"Castaño de indias","NOMBRE_ESPECIE":"Aesculus hippocastanum","ALTURA":"5,5","MINTDISTRITO":"03","NOMBRE_DISTRITO":"RETIRO","MINTBARRIO":"035","NOMBRE_BARRIO":"LOS JERONIMOS","OBJECTID":9812076}},{"type":"Feature","id":9765049,"geometry":{"type":"Point","coordinates":[-3.6816850358726732,40.411182911029996]},"properties":{"ESA_ESPECIE":"AHI","NOMBRE_COMUN":"Castaño de indias","NOMBRE_ESPECIE":"Aesculus hippocastanum","ALTURA":"5,5","MINTDISTRITO":"03","NOMBRE_DISTRITO":"RETIRO","MINTBARRIO":"035","NOMBRE_BARRIO":"LOS JERONIMOS","OBJECTID":9765049}},{"type":"Feature","id":9765126,"geometry":{"type":"Point","coordinates":[-3.6818437378925788,40.411072334995779]},"properties":{"ESA_ESPECIE":"PPI","NOMBRE_COMUN":"Pino piñonero","NOMBRE_ESPECIE":"Pinus pinea","ALTURA":"6,5","MINTDISTRITO":"03","NOMBRE_DISTRITO":"RETIRO","MINTBARRIO":"035","NOMBRE_BARRIO":"LOS JERONIMOS","OBJECTID":9765126}},{"type":"Feature","id":9811412,"geometry":{"type":"Point","coordinates":[-3.6822957356166905,40.412174485257019]},"properties":{"ESA_ESPECIE":"AHI","NOMBRE_COMUN":"Castaño de indias","NOMBRE_ESPECIE":"Aesculus hippocastanum","ALTURA":"10","MINTDISTRITO":"03","NOMBRE_DISTRITO":"RETIRO","MINTBARRIO":"035","NOMBRE_BARRIO":"LOS JERONIMOS","OBJECTID":9811412}},{"type":"Feature","id":9781436,"geometry":{"type":"Point","coordinates":[-3.68257248223509,40.412413177360058]},"properties":{"ESA_ESPECIE":"AHI","NOMBRE_COMUN":"Castaño de indias","NOMBRE_ESPECIE":"Aesculus hippocastanum","ALTURA":"12","MINTDISTRITO":"03","NOMBRE_DISTRITO":"RETIRO","MINTBARRIO":"035","NOMBRE_BARRIO":"LOS JERONIMOS","OBJECTID":9781436}},{"type":"Feature","id":9810155,"geometry":{"type":"Point","coordinates":[-3.6798172650714052,40.414207158105185]},"properties":{"ESA_ESPECIE":"PDA","NOMBRE_COMUN":"Plátano de sombra/Platanus x hybrida","NOMBRE_ESPECIE":"Platanus x hispanica","ALTURA":"13","MINTDISTRITO":"03","NOMBRE_DISTRITO":"RETIRO","MINTBARRIO":"035","NOMBRE_BARRIO":"LOS JERONIMOS","OBJECTID":9810155}},{"type":"Feature","id":9777452,"geometry":{"type":"Point","coordinates":[-3.6807223176438746,40.413678596157744]},"properties":{"ESA_ESPECIE":"AHI","NOMBRE_COMUN":"Castaño de indias","NOMBRE_ESPECIE":"Aesculus hippocastanum","ALTURA":"14,5","MINTDISTRITO":"03","NOMBRE_DISTRITO":"RETIRO","MINTBARRIO":"035","NOMBRE_BARRIO":"LOS JERONIMOS","OBJECTID":9777452}},{"type":"Feature","id":9813078,"geometry":{"type":"Point","coordinates":[-3.6808191057671338,40.412434109970448]},"properties":{"ESA_ESPECIE":"TAR","NOMBRE_COMUN":"Ciprés de Cartagena","NOMBRE_ESPECIE":"Tetraclinis articulata","ALTURA":"1,5","MINTDISTRITO":"03","NOMBRE_DISTRITO":"RETIRO","MINTBARRIO":"035","NOMBRE_BARRIO":"LOS JERONIMOS","OBJECTID":9813078}},{"type":"Feature","id":9768298,"geometry":{"type":"Point","coordinates":[-3.6787339228172851,40.412275593972765]},"properties":{"ESA_ESPECIE":"AHI","NOMBRE_COMUN":"Castaño de indias","NOMBRE_ESPECIE":"Aesculus hippocastanum","ALTURA":"3,5","MINTDISTRITO":"03","NOMBRE_DISTRITO":"RETIRO","MINTBARRIO":"035","NOMBRE_BARRIO":"LOS JERONIMOS","OBJECTID":9768298}},{"type":"Feature","id":9801594,"geometry":{"type":"Point","coordinates":[-3.6799606353044374,40.410228212845482]},"properties":{"ESA_ESPECIE":"PDA","NOMBRE_COMUN":"Plátano de sombra/Platanus x hybrida","NOMBRE_ESPECIE":"Platanus x hispanica","ALTURA":"14","MINTDISTRITO":"03","NOMBRE_DISTRITO":"RETIRO","MINTBARRIO":"035","NOMBRE_BARRIO":"LOS JERONIMOS","OBJECTID":9801594}},{"type":"Feature","id":9813742,"geometry":{"type":"Point","coordinates":[-3.68082998049857,40.411487635496513]},"properties":{"ESA_ESPECIE":"AHI","NOMBRE_COMUN":"Castaño de indias","NOMBRE_ESPECIE":"Aesculus hippocastanum","ALTURA":"4","MINTDISTRITO":"03","NOMBRE_DISTRITO":"RETIRO","MINTBARRIO":"035","NOMBRE_BARRIO":"LOS JERONIMOS","OBJECTID":9813742}},{"type":"Feature","id":9780446,"geometry":{"type":"Point","coordinates":[-3.6808329940674906,40.416030388258186]},"properties":{"ESA_ESPECIE":"AHI","NOMBRE_COMUN":"Castaño de indias","NOMBRE_ESPECIE":"Aesculus hippocastanum","ALTURA":"11","MINTDISTRITO":"03","NOMBRE_DISTRITO":"RETIRO","MINTBARRIO":"035","NOMBRE_BARRIO":"LOS JERONIMOS","OBJECTID":9780446}},{"type":"Feature","id":9779444,"geometry":{"type":"Point","coordinates":[-3.6804762334754395,40.416847357141641]},"properties":{"ESA_ESPECIE":"AHI","NOMBRE_COMUN":"Castaño de indias","NOMBRE_ESPECIE":"Aesculus hippocastanum","ALTURA":"11","MINTDISTRITO":"03","NOMBRE_DISTRITO":"RETIRO","MINTBARRIO":"035","NOMBRE_BARRIO":"LOS JERONIMOS","OBJECTID":9779444}},{"type":"Feature","id":9767047,"geometry":{"type":"Point","coordinates":[-3.6809312499058229,40.416976198597581]},"properties":{"ESA_ESPECIE":"TFO","NOMBRE_COMUN":"Palma de Fortune","NOMBRE_ESPECIE":"Trachycarpus fortunei","ALTURA":null,"MINTDISTRITO":"03","NOMBRE_DISTRITO":"RETIRO","MINTBARRIO":"035","NOMBRE_BARRIO":"LOS JERONIMOS","OBJECTID":9767047}},{"type":"Feature","id":9808827,"geometry":{"type":"Point","coordinates":[-3.6808933875771745,40.417451939900573]},"properties":{"ESA_ESPECIE":"AHI","NOMBRE_COMUN":"Castaño de indias","NOMBRE_ESPECIE":"Aesculus hippocastanum","ALTURA":"12","MINTDISTRITO":"03","NOMBRE_DISTRITO":"RETIRO","MINTBARRIO":"035","NOMBRE_BARRIO":"LOS JERONIMOS","OBJECTID":9808827}},{"type":"Feature","id":9799750,"geometry":{"type":"Point","coordinates":[-3.6801949352462837,40.417338744329619]},"properties":{"ESA_ESPECIE":"PDA","NOMBRE_COMUN":"Plátano de sombra/Platanus x hybrida","NOMBRE_ESPECIE":"Platanus x hispanica","ALTURA":"24","MINTDISTRITO":"03","NOMBRE_DISTRITO":"RETIRO","MINTBARRIO":"035","NOMBRE_BARRIO":"LOS JERONIMOS","OBJECTID":9799750}},{"type":"Feature","id":9799673,"geometry":{"type":"Point","coordinates":[-3.6793717584924441,40.414534156739151]},"properties":{"ESA_ESPECIE":"AHI","NOMBRE_COMUN":"Castaño de indias","NOMBRE_ESPECIE":"Aesculus hippocastanum","ALTURA":"6,5","MINTDISTRITO":"03","NOMBRE_DISTRITO":"RETIRO","MINTBARRIO":"035","NOMBRE_BARRIO":"LOS JERONIMOS","OBJECTID":9799673}},{"type":"Feature","id":9810493,"geometry":{"type":"Point","coordinates":[-3.682103971497753,40.414397745073451]},"properties":{"ESA_ESPECIE":"PCP","NOMBRE_COMUN":"Ciruelo púrpura","NOMBRE_ESPECIE":"Prunus cerasifera  subsp. pissardii","ALTURA":"7","MINTDISTRITO":"03","NOMBRE_DISTRITO":"RETIRO","MINTBARRIO":"035","NOMBRE_BARRIO":"LOS JERONIMOS","OBJECTID":9810493}},{"type":"Feature","id":9780108,"geometry":{"type":"Point","coordinates":[-3.6829150491350306,40.41401512650765]},"properties":{"ESA_ESPECIE":"MEA","NOMBRE_COMUN":"Cinamomo","NOMBRE_ESPECIE":"Melia azedarach","ALTURA":"8","MINTDISTRITO":"03","NOMBRE_DISTRITO":"RETIRO","MINTBARRIO":"035","NOMBRE_BARRIO":"LOS JERONIMOS","OBJECTID":9780108}},{"type":"Feature","id":9767118,"geometry":{"type":"Point","coordinates":[-3.6830550829196986,40.414383655144476]},"properties":{"ESA_ESPECIE":"TFO","NOMBRE_COMUN":"Palma de Fortune","NOMBRE_ESPECIE":"Trachycarpus fortunei","ALTURA":null,"MINTDISTRITO":"03","NOMBRE_DISTRITO":"RETIRO","MINTBARRIO":"035","NOMBRE_BARRIO":"LOS JERONIMOS","OBJECTID":9767118}},{"type":"Feature","id":9780772,"geometry":{"type":"Point","coordinates":[-3.6825983853842335,40.41535330919951]},"properties":{"ESA_ESPECIE":"PDU","NOMBRE_COMUN":"Almendro","NOMBRE_ESPECIE":"Prunus dulcis","ALTURA":"5,5","MINTDISTRITO":"03","NOMBRE_DISTRITO":"RETIRO","MINTBARRIO":"035","NOMBRE_BARRIO":"LOS JERONIMOS","OBJECTID":9780772}},{"type":"Feature","id":9779782,"geometry":{"type":"Point","coordinates":[-3.6812776349732013,40.417305882909886]},"properties":{"ESA_ESPECIE":"AHI","NOMBRE_COMUN":"Castaño de indias","NOMBRE_ESPECIE":"Aesculus hippocastanum","ALTURA":"12","MINTDISTRITO":"03","NOMBRE_DISTRITO":"RETIRO","MINTBARRIO":"035","NOMBRE_BARRIO":"LOS JERONIMOS","OBJECTID":9779782}},{"type":"Feature","id":9764788,"geometry":{"type":"Point","coordinates":[-3.6813187285763114,40.416718521033246]},"properties":{"ESA_ESPECIE":"CSI","NOMBRE_COMUN":"Árbol del amor","NOMBRE_ESPECIE":"Cercis siliquastrum","ALTURA":"13","MINTDISTRITO":"03","NOMBRE_DISTRITO":"RETIRO","MINTBARRIO":"035","NOMBRE_BARRIO":"LOS JERONIMOS","OBJECTID":9764788}},{"type":"Feature","id":9772875,"geometry":{"type":"Point","coordinates":[-3.6840495902480157,40.413649408863243]},"properties":{"ESA_ESPECIE":"ACA","NOMBRE_COMUN":"Arce campestre","NOMBRE_ESPECIE":"Acer campestre","ALTURA":"9","MINTDISTRITO":"03","NOMBRE_DISTRITO":"RETIRO","MINTBARRIO":"035","NOMBRE_BARRIO":"LOS JERONIMOS","OBJECTID":9772875}},{"type":"Feature","id":9777523,"geometry":{"type":"Point","coordinates":[-3.6831041584500066,40.412697606372497]},"properties":{"ESA_ESPECIE":"AHI","NOMBRE_COMUN":"Castaño de indias","NOMBRE_ESPECIE":"Aesculus hippocastanum","ALTURA":"4","MINTDISTRITO":"03","NOMBRE_DISTRITO":"RETIRO","MINTBARRIO":"035","NOMBRE_BARRIO":"LOS JERONIMOS","OBJECTID":9777523}},{"type":"Feature","id":9781033,"geometry":{"type":"Point","coordinates":[-3.6813207474146368,40.41283930125249]},"properties":{"ESA_ESPECIE":"PIN","NOMBRE_COMUN":"Pino laricio","NOMBRE_ESPECIE":"Pinus nigra","ALTURA":"14,5","MINTDISTRITO":"03","NOMBRE_DISTRITO":"RETIRO","MINTBARRIO":"035","NOMBRE_BARRIO":"LOS JERONIMOS","OBJECTID":9781033}},{"type":"Feature","id":9815070,"geometry":{"type":"Point","coordinates":[-3.6814439100612302,40.413398551242437]},"properties":{"ESA_ESPECIE":"LJA","NOMBRE_COMUN":"Aligustre del Japón","NOMBRE_ESPECIE":"Ligustrum japonicum","ALTURA":"1,5","MINTDISTRITO":"03","NOMBRE_DISTRITO":"RETIRO","MINTBARRIO":"035","NOMBRE_BARRIO":"LOS JERONIMOS","OBJECTID":9815070}},{"type":"Feature","id":9810084,"geometry":{"type":"Point","coordinates":[-3.6812303118916936,40.413595531675206]},"properties":{"ESA_ESPECIE":"TDI","NOMBRE_COMUN":"Ciprés de los pantanos","NOMBRE_ESPECIE":"Taxodium distichum","ALTURA":"8","MINTDISTRITO":"03","NOMBRE_DISTRITO":"RETIRO","MINTBARRIO":"035","NOMBRE_BARRIO":"LOS JERONIMOS","OBJECTID":9810084}},{"type":"Feature","id":9809829,"geometry":{"type":"Point","coordinates":[-3.6812952659815381,40.414876227310721]},"properties":{"ESA_ESPECIE":"PDA","NOMBRE_COMUN":"Plátano de sombra/Platanus x hybrida","NOMBRE_ESPECIE":"Platanus x hispanica","ALTURA":"17","MINTDISTRITO":"03","NOMBRE_DISTRITO":"RETIRO","MINTBARRIO":"035","NOMBRE_BARRIO":"LOS JERONIMOS","OBJECTID":9809829}},{"type":"Feature","id":9805584,"geometry":{"type":"Point","coordinates":[-3.6851769546448891,40.414824639947327]},"properties":{"ESA_ESPECIE":"AHI","NOMBRE_COMUN":"Castaño de indias","NOMBRE_ESPECIE":"Aesculus hippocastanum","ALTURA":"8","MINTDISTRITO":"03","NOMBRE_DISTRITO":"RETIRO","MINTBARRIO":"035","NOMBRE_BARRIO":"LOS JERONIMOS","OBJECTID":9805584}},{"type":"Feature","id":9772288,"geometry":{"type":"Point","coordinates":[-3.6851457457418721,40.414062560013527]},"properties":{"ESA_ESPECIE":"AHI","NOMBRE_COMUN":"Castaño de indias","NOMBRE_ESPECIE":"Aesculus hippocastanum","ALTURA":"4","MINTDISTRITO":"03","NOMBRE_DISTRITO":"RETIRO","MINTBARRIO":"035","NOMBRE_BARRIO":"LOS JERONIMOS","OBJECTID":9772288}},{"type":"Feature","id":9772282,"geometry":{"type":"Point","coordinates":[-3.6849669982990112,40.413937672565147]},"properties":{"ESA_ESPECIE":"AHI","NOMBRE_COMUN":"Castaño de indias","NOMBRE_ESPECIE":"Aesculus hippocastanum","ALTURA":"7,5","MINTDISTRITO":"03","NOMBRE_DISTRITO":"RETIRO","MINTBARRIO":"035","NOMBRE_BARRIO":"LOS JERONIMOS","OBJECTID":9772282}},{"type":"Feature","id":9806171,"geometry":{"type":"Point","coordinates":[-3.6854729850997816,40.41336906744278]},"properties":{"ESA_ESPECIE":"CAU","NOMBRE_COMUN":"Almez","NOMBRE_ESPECIE":"Celtis australis","ALTURA":"12","MINTDISTRITO":"03","NOMBRE_DISTRITO":"RETIRO","MINTBARRIO":"035","NOMBRE_BARRIO":"LOS JERONIMOS","OBJECTID":9806171}},{"type":"Feature","id":9773539,"geometry":{"type":"Point","coordinates":[-3.685152221271486,40.413165940679384]},"properties":{"ESA_ESPECIE":"AHI","NOMBRE_COMUN":"Castaño de indias","NOMBRE_ESPECIE":"Aesculus hippocastanum","ALTURA":"16","MINTDISTRITO":"03","NOMBRE_DISTRITO":"RETIRO","MINTBARRIO":"035","NOMBRE_BARRIO":"LOS JERONIMOS","OBJECTID":9773539}},{"type":"Feature","id":9806242,"geometry":{"type":"Point","coordinates":[-3.6839119433751977,40.412776966541017]},"properties":{"ESA_ESPECIE":"AHI","NOMBRE_COMUN":"Castaño de indias","NOMBRE_ESPECIE":"Aesculus hippocastanum","ALTURA":"17","MINTDISTRITO":"03","NOMBRE_DISTRITO":"RETIRO","MINTBARRIO":"035","NOMBRE_BARRIO":"LOS JERONIMOS","OBJECTID":9806242}},{"type":"Feature","id":9814406,"geometry":{"type":"Point","coordinates":[-3.686802079781573,40.416216508498756]},"properties":{"ESA_ESPECIE":"AHI","NOMBRE_COMUN":"Castaño de indias","NOMBRE_ESPECIE":"Aesculus hippocastanum","ALTURA":"3","MINTDISTRITO":"03","NOMBRE_DISTRITO":"RETIRO","MINTBARRIO":"035","NOMBRE_BARRIO":"LOS JERONIMOS","OBJECTID":9814406}},{"type":"Feature","id":9804250,"geometry":{"type":"Point","coordinates":[-3.6860195380088676,40.415542286500425]},"properties":{"ESA_ESPECIE":"AHI","NOMBRE_COMUN":"Castaño de indias","NOMBRE_ESPECIE":"Aesculus hippocastanum","ALTURA":"12","MINTDISTRITO":"03","NOMBRE_DISTRITO":"RETIRO","MINTBARRIO":"035","NOMBRE_BARRIO":"LOS JERONIMOS","OBJECTID":9804250}},{"type":"Feature","id":9803586,"geometry":{"type":"Point","coordinates":[-3.6845993799580574,40.415750867406203]},"properties":{"ESA_ESPECIE":"PCS","NOMBRE_COMUN":"Guindo","NOMBRE_ESPECIE":"Prunus cerasus","ALTURA":"4,5","MINTDISTRITO":"03","NOMBRE_DISTRITO":"RETIRO","MINTBARRIO":"035","NOMBRE_BARRIO":"LOS JERONIMOS","OBJECTID":9803586}},{"type":"Feature","id":9804256,"geometry":{"type":"Point","coordinates":[-3.6851848462061723,40.416637862648749]},"properties":{"ESA_ESPECIE":"PDA","NOMBRE_COMUN":"Plátano de sombra/Platanus x hybrida","NOMBRE_ESPECIE":"Platanus x hispanica","ALTURA":"6","MINTDISTRITO":"03","NOMBRE_DISTRITO":"RETIRO","MINTBARRIO":"035","NOMBRE_BARRIO":"LOS JERONIMOS","OBJECTID":9804256}},{"type":"Feature","id":9808501,"geometry":{"type":"Point","coordinates":[-3.6837381299922858,40.415778711730233]},"properties":{"ESA_ESPECIE":"TIP","NOMBRE_COMUN":"Tilo de hojas grandes","NOMBRE_ESPECIE":"Tilia platyphyllos","ALTURA":"5","MINTDISTRITO":"03","NOMBRE_DISTRITO":"RETIRO","MINTBARRIO":"035","NOMBRE_BARRIO":"LOS JERONIMOS","OBJECTID":9808501}},{"type":"Feature","id":9765790,"geometry":{"type":"Point","coordinates":[-3.6839475261680366,40.414509115939438]},"properties":{"ESA_ESPECIE":"AHI","NOMBRE_COMUN":"Castaño de indias","NOMBRE_ESPECIE":"Aesculus hippocastanum","ALTURA":"12","MINTDISTRITO":"03","NOMBRE_DISTRITO":"RETIRO","MINTBARRIO":"035","NOMBRE_BARRIO":"LOS JERONIMOS","OBJECTID":9765790}},{"type":"Feature","id":9769039,"geometry":{"type":"Point","coordinates":[-3.6871186792342545,40.413789499123858]},"properties":{"ESA_ESPECIE":"UPU","NOMBRE_COMUN":"Olmo de Siberia","NOMBRE_ESPECIE":"Ulmus pumila","ALTURA":"13","MINTDISTRITO":"03","NOMBRE_DISTRITO":"RETIRO","MINTBARRIO":"035","NOMBRE_BARRIO":"LOS JERONIMOS","OBJECTID":9769039}},{"type":"Feature","id":9771624,"geometry":{"type":"Point","coordinates":[-3.6871401049073786,40.416552627622607]},"properties":{"ESA_ESPECIE":"AHI","NOMBRE_COMUN":"Castaño de indias","NOMBRE_ESPECIE":"Aesculus hippocastanum","ALTURA":"12","MINTDISTRITO":"03","NOMBRE_DISTRITO":"RETIRO","MINTBARRIO":"035","NOMBRE_BARRIO":"LOS JERONIMOS","OBJECTID":9771624}},{"type":"Feature","id":9776533,"geometry":{"type":"Point","coordinates":[-3.686920838863029,40.417469970497478]},"properties":{"ESA_ESPECIE":"AHI","NOMBRE_COMUN":"Castaño de indias","NOMBRE_ESPECIE":"Aesculus hippocastanum","ALTURA":"7","MINTDISTRITO":"03","NOMBRE_DISTRITO":"RETIRO","MINTBARRIO":"035","NOMBRE_BARRIO":"LOS JERONIMOS","OBJECTID":9776533}},{"type":"Feature","id":9771618,"geometry":{"type":"Point","coordinates":[-3.686756730399865,40.41659274348234]},"properties":{"ESA_ESPECIE":"AHI","NOMBRE_COMUN":"Castaño de indias","NOMBRE_ESPECIE":"Aesculus hippocastanum","ALTURA":"16","MINTDISTRITO":"03","NOMBRE_DISTRITO":"RETIRO","MINTBARRIO":"035","NOMBRE_BARRIO":"LOS JERONIMOS","OBJECTID":9771618}},{"type":"Feature","id":9765713,"geometry":{"type":"Point","coordinates":[-3.6857071143950089,40.416773748911545]},"properties":{"ESA_ESPECIE":"AHI","NOMBRE_COMUN":"Castaño de indias","NOMBRE_ESPECIE":"Aesculus hippocastanum","ALTURA":"3,5","MINTDISTRITO":"03","NOMBRE_DISTRITO":"RETIRO","MINTBARRIO":"035","NOMBRE_BARRIO":"LOS JERONIMOS","OBJECTID":9765713}},{"type":"Feature","id":9803663,"geometry":{"type":"Point","coordinates":[-3.6861252564410312,40.416093742722694]},"properties":{"ESA_ESPECIE":"PAL","NOMBRE_COMUN":"Álamo blanco","NOMBRE_ESPECIE":"Populus alba","ALTURA":"17","MINTDISTRITO":"03","NOMBRE_DISTRITO":"RETIRO","MINTBARRIO":"035","NOMBRE_BARRIO":"LOS JERONIMOS","OBJECTID":9803663}},{"type":"Feature","id":9803592,"geometry":{"type":"Point","coordinates":[-3.6868093314616091,40.413446299454812]},"properties":{"ESA_ESPECIE":"PDA","NOMBRE_COMUN":"Plátano de sombra/Platanus x hybrida","NOMBRE_ESPECIE":"Platanus x hispanica","ALTURA":"5,5","MINTDISTRITO":"03","NOMBRE_DISTRITO":"RETIRO","MINTBARRIO":"035","NOMBRE_BARRIO":"LOS JERONIMOS","OBJECTID":9803592}},{"type":"Feature","id":9768962,"geometry":{"type":"Point","coordinates":[-3.6867081655398222,40.414462752067358]},"properties":{"ESA_ESPECIE":"GTR","NOMBRE_COMUN":"Acacia de tres espinas","NOMBRE_ESPECIE":"Gleditsia triacanthos","ALTURA":"16","MINTDISTRITO":"03","NOMBRE_DISTRITO":"RETIRO","MINTBARRIO":"035","NOMBRE_BARRIO":"LOS JERONIMOS","OBJECTID":9768962}},{"type":"Feature","id":9801007,"geometry":{"type":"Point","coordinates":[-3.6861145765681882,40.41417092338731]},"properties":{"ESA_ESPECIE":"UMI","NOMBRE_COMUN":"Olmo común","NOMBRE_ESPECIE":"Ulmus minor","ALTURA":"10","MINTDISTRITO":"03","NOMBRE_DISTRITO":"RETIRO","MINTBARRIO":"035","NOMBRE_BARRIO":"LOS JERONIMOS","OBJECTID":9801007}},{"type":"Feature","id":9804920,"geometry":{"type":"Point","coordinates":[-3.6857614017786919,40.414618696482442]},"properties":{"ESA_ESPECIE":"AHI","NOMBRE_COMUN":"Castaño de indias","NOMBRE_ESPECIE":"Aesculus hippocastanum","ALTURA":"9","MINTDISTRITO":"03","NOMBRE_DISTRITO":"RETIRO","MINTBARRIO":"035","NOMBRE_BARRIO":"LOS JERONIMOS","OBJECTID":9804920}},{"type":"Feature","id":9805578,"geometry":{"type":"Point","coordinates":[-3.6857150652501178,40.415111802431326]},"properties":{"ESA_ESPECIE":"CSI","NOMBRE_COMUN":"Árbol del amor","NOMBRE_ESPECIE":"Cercis siliquastrum","ALTURA":"6,5","MINTDISTRITO":"03","NOMBRE_DISTRITO":"RETIRO","MINTBARRIO":"035","NOMBRE_BARRIO":"LOS JERONIMOS","OBJECTID":9805578}},{"type":"Feature","id":9804327,"geometry":{"type":"Point","coordinates":[-3.685721632468892,40.415108520223527]},"properties":{"ESA_ESPECIE":"PIN","NOMBRE_COMUN":"Pino laricio","NOMBRE_ESPECIE":"Pinus nigra","ALTURA":"1,1","MINTDISTRITO":"03","NOMBRE_DISTRITO":"RETIRO","MINTBARRIO":"035","NOMBRE_BARRIO":"LOS JERONIMOS","OBJECTID":9804327}},{"type":"Feature","id":9770954,"geometry":{"type":"Point","coordinates":[-3.6876939198757204,40.411756789727939]},"properties":{"ESA_ESPECIE":"RPS","NOMBRE_COMUN":"Falsa acacia","NOMBRE_ESPECIE":"Robinia pseudoacacia","ALTURA":"18","MINTDISTRITO":"03","NOMBRE_DISTRITO":"RETIRO","MINTBARRIO":"035","NOMBRE_BARRIO":"LOS JERONIMOS","OBJECTID":9770954}},{"type":"Feature","id":9802999,"geometry":{"type":"Point","coordinates":[-3.6879310368966065,40.412433130312628]},"properties":{"ESA_ESPECIE":"AHI","NOMBRE_COMUN":"Castaño de indias","NOMBRE_ESPECIE":"Aesculus hippocastanum","ALTURA":"12","MINTDISTRITO":"03","NOMBRE_DISTRITO":"RETIRO","MINTBARRIO":"035","NOMBRE_BARRIO":"LOS JERONIMOS","OBJECTID":9802999}},{"type":"Feature","id":9770367,"geometry":{"type":"Point","coordinates":[-3.6878593819281025,40.412729954505842]},"properties":{"ESA_ESPECIE":"CAU","NOMBRE_COMUN":"Almez","NOMBRE_ESPECIE":"Celtis australis","ALTURA":"8","MINTDISTRITO":"03","NOMBRE_DISTRITO":"RETIRO","MINTBARRIO":"035","NOMBRE_BARRIO":"LOS JERONIMOS","OBJECTID":9770367}},{"type":"Feature","id":9770296,"geometry":{"type":"Point","coordinates":[-3.6874695333700003,40.412869481082296]},"properties":{"ESA_ESPECIE":"QPA","NOMBRE_COMUN":"Roble de los pantanos","NOMBRE_ESPECIE":"Quercus palustris","ALTURA":"4,5","MINTDISTRITO":"03","NOMBRE_DISTRITO":"RETIRO","MINTBARRIO":"035","NOMBRE_BARRIO":"LOS JERONIMOS","OBJECTID":9770296}},{"type":"Feature","id":9802922,"geometry":{"type":"Point","coordinates":[-3.6871621785584878,40.413249138887892]},"properties":{"ESA_ESPECIE":"MGR","NOMBRE_COMUN":"Magnolio","NOMBRE_ESPECIE":"Magnolia grandiflora","ALTURA":"6,5","MINTDISTRITO":"03","NOMBRE_DISTRITO":"RETIRO","MINTBARRIO":"035","NOMBRE_BARRIO":"LOS JERONIMOS","OBJECTID":9802922}},{"type":"Feature","id":9771031,"geometry":{"type":"Point","coordinates":[-3.6859327629508982,40.413115186237569]},"properties":{"ESA_ESPECIE":"CSI","NOMBRE_COMUN":"Árbol del amor","NOMBRE_ESPECIE":"Cercis siliquastrum","ALTURA":"8","MINTDISTRITO":"03","NOMBRE_DISTRITO":"RETIRO","MINTBARRIO":"035","NOMBRE_BARRIO":"LOS JERONIMOS","OBJECTID":9771031}},{"type":"Feature","id":9770290,"geometry":{"type":"Point","coordinates":[-3.6856644100621598,40.412040916695624]},"properties":{"ESA_ESPECIE":"CDE","NOMBRE_COMUN":"Cedro llorón","NOMBRE_ESPECIE":"Cedrus deodara","ALTURA":"11","MINTDISTRITO":"03","NOMBRE_DISTRITO":"RETIRO","MINTBARRIO":"035","NOMBRE_BARRIO":"LOS JERONIMOS","OBJECTID":9770290}},{"type":"Feature","id":9783102,"geometry":{"type":"Point","coordinates":[-3.6864786400078713,40.411316802160862]},"properties":{"ESA_ESPECIE":"TFO","NOMBRE_COMUN":"Palma de Fortune","NOMBRE_ESPECIE":"Trachycarpus fortunei","ALTURA":"5,5","MINTDISTRITO":"03","NOMBRE_DISTRITO":"RETIRO","MINTBARRIO":"035","NOMBRE_BARRIO":"LOS JERONIMOS","OBJECTID":9783102}},{"type":"Feature","id":9802335,"geometry":{"type":"Point","coordinates":[-3.6867218496575709,40.409992071531164]},"properties":{"ESA_ESPECIE":"AHI","NOMBRE_COMUN":"Castaño de indias","NOMBRE_ESPECIE":"Aesculus hippocastanum","ALTURA":"8,5","MINTDISTRITO":"03","NOMBRE_DISTRITO":"RETIRO","MINTBARRIO":"035","NOMBRE_BARRIO":"LOS JERONIMOS","OBJECTID":9802335}},{"type":"Feature","id":9767705,"geometry":{"type":"Point","coordinates":[-3.68621956443469,40.410933202928497]},"properties":{"ESA_ESPECIE":"CAT","NOMBRE_COMUN":"Cedro del Atlas","NOMBRE_ESPECIE":"Cedrus atlantica","ALTURA":"21","MINTDISTRITO":"03","NOMBRE_DISTRITO":"RETIRO","MINTBARRIO":"035","NOMBRE_BARRIO":"LOS JERONIMOS","OBJECTID":9767705}},{"type":"Feature","id":9802329,"geometry":{"type":"Point","coordinates":[-3.6870756599057839,40.409949293662983]},"properties":{"ESA_ESPECIE":"AHI","NOMBRE_COMUN":"Castaño de indias","NOMBRE_ESPECIE":"Aesculus hippocastanum","ALTURA":"8","MINTDISTRITO":"03","NOMBRE_DISTRITO":"RETIRO","MINTBARRIO":"035","NOMBRE_BARRIO":"LOS JERONIMOS","OBJECTID":9802329}},{"type":"Feature","id":9767711,"geometry":{"type":"Point","coordinates":[-3.6877694196446611,40.411485708616631]},"properties":{"ESA_ESPECIE":"AHI","NOMBRE_COMUN":"Castaño de indias","NOMBRE_ESPECIE":"Aesculus hippocastanum","ALTURA":"10","MINTDISTRITO":"03","NOMBRE_DISTRITO":"RETIRO","MINTBARRIO":"035","NOMBRE_BARRIO":"LOS JERONIMOS","OBJECTID":9767711}},{"type":"Feature","id":9806248,"geometry":{"type":"Point","coordinates":[-3.6833818614631086,40.410991451851423]},"properties":{"ESA_ESPECIE":"ZSE","NOMBRE_COMUN":"Zelkova japonesa","NOMBRE_ESPECIE":"Zelkova serrata","ALTURA":"3","MINTDISTRITO":"03","NOMBRE_DISTRITO":"RETIRO","MINTBARRIO":"035","NOMBRE_BARRIO":"LOS JERONIMOS","OBJECTID":9806248}},{"type":"Feature","id":9769626,"geometry":{"type":"Point","coordinates":[-3.6841759812524271,40.41051251862428]},"properties":{"ESA_ESPECIE":"PDU","NOMBRE_COMUN":"Almendro","NOMBRE_ESPECIE":"Prunus dulcis","ALTURA":"3","MINTDISTRITO":"03","NOMBRE_DISTRITO":"RETIRO","MINTBARRIO":"035","NOMBRE_BARRIO":"LOS JERONIMOS","OBJECTID":9769626}},{"type":"Feature","id":9805507,"geometry":{"type":"Point","coordinates":[-3.6853138935743299,40.41159395648117]},"properties":{"ESA_ESPECIE":"UPU","NOMBRE_COMUN":"Olmo de Siberia","NOMBRE_ESPECIE":"Ulmus pumila","ALTURA":"15","MINTDISTRITO":"03","NOMBRE_DISTRITO":"RETIRO","MINTBARRIO":"035","NOMBRE_BARRIO":"LOS JERONIMOS","OBJECTID":9805507}},{"type":"Feature","id":9806835,"geometry":{"type":"Point","coordinates":[-3.6850989282432396,40.411972890068277]},"properties":{"ESA_ESPECIE":"GTR","NOMBRE_COMUN":"Acacia de tres espinas","NOMBRE_ESPECIE":"Gleditsia triacanthos","ALTURA":"20","MINTDISTRITO":"03","NOMBRE_DISTRITO":"RETIRO","MINTBARRIO":"035","NOMBRE_BARRIO":"LOS JERONIMOS","OBJECTID":9806835}},{"type":"Feature","id":9775531,"geometry":{"type":"Point","coordinates":[-3.6852923703733382,40.412145645471]},"properties":{"ESA_ESPECIE":"GTR","NOMBRE_COMUN":"Acacia de tres espinas","NOMBRE_ESPECIE":"Gleditsia triacanthos","ALTURA":"16","MINTDISTRITO":"03","NOMBRE_DISTRITO":"RETIRO","MINTBARRIO":"035","NOMBRE_BARRIO":"LOS JERONIMOS","OBJECTID":9775531}},{"type":"Feature","id":9814993,"geometry":{"type":"Point","coordinates":[-3.6855841567375913,40.412377556479477]},"properties":{"ESA_ESPECIE":"ACA","NOMBRE_COMUN":"Arce campestre","NOMBRE_ESPECIE":"Acer campestre","ALTURA":"1,5","MINTDISTRITO":"03","NOMBRE_DISTRITO":"RETIRO","MINTBARRIO":"035","NOMBRE_BARRIO":"LOS JERONIMOS","OBJECTID":9814993}},{"type":"Feature","id":9777861,"geometry":{"type":"Point","coordinates":[-3.6880049962805184,40.411292863707786]},"properties":{"ESA_ESPECIE":"CSI","NOMBRE_COMUN":"Árbol del amor","NOMBRE_ESPECIE":"Cercis siliquastrum","ALTURA":"2","MINTDISTRITO":"03","NOMBRE_DISTRITO":"RETIRO","MINTBARRIO":"035","NOMBRE_BARRIO":"LOS JERONIMOS","OBJECTID":9777861}},{"type":"Feature","id":9804914,"geometry":{"type":"Point","coordinates":[-3.6849108240096102,40.410638583035855]},"properties":{"ESA_ESPECIE":"AHI","NOMBRE_COMUN":"Castaño de indias","NOMBRE_ESPECIE":"Aesculus hippocastanum","ALTURA":"5","MINTDISTRITO":"03","NOMBRE_DISTRITO":"RETIRO","MINTBARRIO":"035","NOMBRE_BARRIO":"LOS JERONIMOS","OBJECTID":9804914}},{"type":"Feature","id":9772946,"geometry":{"type":"Point","coordinates":[-3.6847277139430901,40.41067303714474]},"properties":{"ESA_ESPECIE":"AHI","NOMBRE_COMUN":"Castaño de indias","NOMBRE_ESPECIE":"Aesculus hippocastanum","ALTURA":"5,5","MINTDISTRITO":"03","NOMBRE_DISTRITO":"RETIRO","MINTBARRIO":"035","NOMBRE_BARRIO":"LOS JERONIMOS","OBJECTID":9772946}},{"type":"Feature","id":9772952,"geometry":{"type":"Point","coordinates":[-3.6846757283311593,40.410746498550523]},"properties":{"ESA_ESPECIE":"AHI","NOMBRE_COMUN":"Castaño de indias","NOMBRE_ESPECIE":"Aesculus hippocastanum","ALTURA":"12,5","MINTDISTRITO":"03","NOMBRE_DISTRITO":"RETIRO","MINTBARRIO":"035","NOMBRE_BARRIO":"LOS JERONIMOS","OBJECTID":9772952}},{"type":"Feature","id":9896644,"geometry":{"type":"Point","coordinates":[-3.6841293509114506,40.410068557872016]},"properties":{"ESA_ESPECIE":"PDU","NOMBRE_COMUN":"Almendro","NOMBRE_ESPECIE":"Prunus dulcis","ALTURA":"1,8","MINTDISTRITO":"03","NOMBRE_DISTRITO":"RETIRO","MINTBARRIO":"035","NOMBRE_BARRIO":"LOS JERONIMOS","OBJECTID":9896644}},{"type":"Feature","id":9769703,"geometry":{"type":"Point","coordinates":[-3.6840827072554081,40.410241267237076]},"properties":{"ESA_ESPECIE":"PDU","NOMBRE_COMUN":"Almendro","NOMBRE_ESPECIE":"Prunus dulcis","ALTURA":"4","MINTDISTRITO":"03","NOMBRE_DISTRITO":"RETIRO","MINTBARRIO":"035","NOMBRE_BARRIO":"LOS JERONIMOS","OBJECTID":9769703}},{"type":"Feature","id":9776172,"geometry":{"type":"Point","coordinates":[-3.6880751766870037,40.417435718860595]},"properties":{"ESA_ESPECIE":"AHI","NOMBRE_COMUN":"Castaño de indias","NOMBRE_ESPECIE":"Aesculus hippocastanum","ALTURA":"6","MINTDISTRITO":"03","NOMBRE_DISTRITO":"RETIRO","MINTBARRIO":"035","NOMBRE_BARRIO":"LOS JERONIMOS","OBJECTID":9776172}},{"type":"Feature","id":9765475,"geometry":{"type":"Point","coordinates":[-3.6880449252092755,40.414673184106455]},"properties":{"ESA_ESPECIE":"AHI","NOMBRE_COMUN":"Castaño de indias","NOMBRE_ESPECIE":"Aesculus hippocastanum","ALTURA":"9,5","MINTDISTRITO":"03","NOMBRE_DISTRITO":"RETIRO","MINTBARRIO":"035","NOMBRE_BARRIO":"LOS JERONIMOS","OBJECTID":9765475}},{"type":"Feature","id":9768985,"geometry":{"type":"Point","coordinates":[-3.6882249268524716,40.414311930922501]},"properties":{"ESA_ESPECIE":"BRP","NOMBRE_COMUN":"Morera de papel","NOMBRE_ESPECIE":"Broussonetia papyrifera","ALTURA":"10","MINTDISTRITO":"03","NOMBRE_DISTRITO":"RETIRO","MINTBARRIO":"035","NOMBRE_BARRIO":"LOS JERONIMOS","OBJECTID":9768985}},{"type":"Feature","id":9770977,"geometry":{"type":"Point","coordinates":[-3.6885853530912365,40.412660227438629]},"properties":{"ESA_ESPECIE":"UPU","NOMBRE_COMUN":"Olmo de Siberia","NOMBRE_ESPECIE":"Ulmus pumila","ALTURA":"11,5","MINTDISTRITO":"03","NOMBRE_DISTRITO":"RETIRO","MINTBARRIO":"035","NOMBRE_BARRIO":"LOS JERONIMOS","OBJECTID":9770977}},{"type":"Feature","id":9770344,"geometry":{"type":"Point","coordinates":[-3.6882780797714978,40.412683949037245]},"properties":{"ESA_ESPECIE":"CAU","NOMBRE_COMUN":"Almez","NOMBRE_ESPECIE":"Celtis australis","ALTURA":"8","MINTDISTRITO":"03","NOMBRE_DISTRITO":"RETIRO","MINTBARRIO":"035","NOMBRE_BARRIO":"LOS JERONIMOS","OBJECTID":9770344}},{"type":"Feature","id":9767688,"geometry":{"type":"Point","coordinates":[-3.6883242895734791,40.411066458519983]},"properties":{"ESA_ESPECIE":"PPI","NOMBRE_COMUN":"Pino piñonero","NOMBRE_ESPECIE":"Pinus pinea","ALTURA":"26","MINTDISTRITO":"03","NOMBRE_DISTRITO":"RETIRO","MINTBARRIO":"035","NOMBRE_BARRIO":"LOS JERONIMOS","OBJECTID":9767688}},{"type":"Feature","id":9801648,"geometry":{"type":"Point","coordinates":[-3.6785022754216099,40.411815428598871]},"properties":{"ESA_ESPECIE":"CAT","NOMBRE_COMUN":"Cedro del Atlas","NOMBRE_ESPECIE":"Cedrus atlantica","ALTURA":"6,5","MINTDISTRITO":"03","NOMBRE_DISTRITO":"RETIRO","MINTBARRIO":"035","NOMBRE_BARRIO":"LOS JERONIMOS","OBJECTID":9801648}},{"type":"Feature","id":9768352,"geometry":{"type":"Point","coordinates":[-3.677542812140405,40.412011317414745]},"properties":{"ESA_ESPECIE":"QIL","NOMBRE_COMUN":"Encina","NOMBRE_ESPECIE":"Quercus ilex","ALTURA":"9","MINTDISTRITO":"03","NOMBRE_DISTRITO":"RETIRO","MINTBARRIO":"035","NOMBRE_BARRIO":"LOS JERONIMOS","OBJECTID":9768352}},{"type":"Feature","id":9768346,"geometry":{"type":"Point","coordinates":[-3.6776449321104541,40.411899006619215]},"properties":{"ESA_ESPECIE":"QIL","NOMBRE_COMUN":"Encina","NOMBRE_ESPECIE":"Quercus ilex","ALTURA":"11","MINTDISTRITO":"03","NOMBRE_DISTRITO":"RETIRO","MINTBARRIO":"035","NOMBRE_BARRIO":"LOS JERONIMOS","OBJECTID":9768346}},{"type":"Feature","id":9781674,"geometry":{"type":"Point","coordinates":[-3.683491270942953,40.420841030144189]},"properties":{"ESA_ESPECIE":"AHI","NOMBRE_COMUN":"Castaño de indias","NOMBRE_ESPECIE":"Aesculus hippocastanum","ALTURA":"6,5","MINTDISTRITO":"03","NOMBRE_DISTRITO":"RETIRO","MINTBARRIO":"035","NOMBRE_BARRIO":"LOS JERONIMOS","OBJECTID":9781674}},{"type":"Feature","id":9814755,"geometry":{"type":"Point","coordinates":[-3.6862544809080631,40.418848266604094]},"properties":{"ESA_ESPECIE":"PTR","NOMBRE_COMUN":"Álamo temblón","NOMBRE_ESPECIE":"Populus tremula","ALTURA":"9","MINTDISTRITO":"03","NOMBRE_DISTRITO":"RETIRO","MINTBARRIO":"035","NOMBRE_BARRIO":"LOS JERONIMOS","OBJECTID":9814755}},{"type":"Feature","id":9807814,"geometry":{"type":"Point","coordinates":[-3.6860439934003373,40.418111296608281]},"properties":{"ESA_ESPECIE":"AHI","NOMBRE_COMUN":"Castaño de indias","NOMBRE_ESPECIE":"Aesculus hippocastanum","ALTURA":"15","MINTDISTRITO":"03","NOMBRE_DISTRITO":"RETIRO","MINTBARRIO":"035","NOMBRE_BARRIO":"LOS JERONIMOS","OBJECTID":9807814}},{"type":"Feature","id":9776836,"geometry":{"type":"Point","coordinates":[-3.6871158231404242,40.419206926942422]},"properties":{"ESA_ESPECIE":"LST","NOMBRE_COMUN":"Liquidambar","NOMBRE_ESPECIE":"Liquidambar styraciflua","ALTURA":"2,5","MINTDISTRITO":"03","NOMBRE_DISTRITO":"RETIRO","MINTBARRIO":"035","NOMBRE_BARRIO":"LOS JERONIMOS","OBJECTID":9776836}},{"type":"Feature","id":9807599,"geometry":{"type":"Point","coordinates":[-3.6878984219829838,40.418874650313448]},"properties":{"ESA_ESPECIE":"AHI","NOMBRE_COMUN":"Castaño de indias","NOMBRE_ESPECIE":"Aesculus hippocastanum","ALTURA":"7","MINTDISTRITO":"03","NOMBRE_DISTRITO":"RETIRO","MINTBARRIO":"035","NOMBRE_BARRIO":"LOS JERONIMOS","OBJECTID":9807599}},{"type":"Feature","id":9814976,"geometry":{"type":"Point","coordinates":[-3.6869936075081755,40.41962601518663]},"properties":{"ESA_ESPECIE":"CSI","NOMBRE_COMUN":"Árbol del amor","NOMBRE_ESPECIE":"Cercis siliquastrum","ALTURA":"1,5","MINTDISTRITO":"03","NOMBRE_DISTRITO":"RETIRO","MINTBARRIO":"035","NOMBRE_BARRIO":"LOS JERONIMOS","OBJECTID":9814976}},{"type":"Feature","id":9812978,"geometry":{"type":"Point","coordinates":[-3.6779782645354651,40.409529985113664]},"properties":{"ESA_ESPECIE":"QIL","NOMBRE_COMUN":"Encina","NOMBRE_ESPECIE":"Quercus ilex","ALTURA":"12","MINTDISTRITO":"03","NOMBRE_DISTRITO":"RETIRO","MINTBARRIO":"035","NOMBRE_BARRIO":"LOS JERONIMOS","OBJECTID":9812978}},{"type":"Feature","id":9809142,"geometry":{"type":"Point","coordinates":[-3.684817190425548,40.418589959052163]},"properties":{"ESA_ESPECIE":"PDA","NOMBRE_COMUN":"Plátano de sombra/Platanus x hybrida","NOMBRE_ESPECIE":"Platanus x hispanica","ALTURA":"25","MINTDISTRITO":"03","NOMBRE_DISTRITO":"RETIRO","MINTBARRIO":"035","NOMBRE_BARRIO":"LOS JERONIMOS","OBJECTID":9809142}},{"type":"Feature","id":9921356,"geometry":{"type":"Point","coordinates":[-3.685664089376544,40.420245018085048]},"properties":{"ESA_ESPECIE":"PCP","NOMBRE_COMUN":"Ciruelo púrpura","NOMBRE_ESPECIE":"Prunus cerasifera  subsp. pissardii","ALTURA":"5,5","MINTDISTRITO":"03","NOMBRE_DISTRITO":"RETIRO","MINTBARRIO":"035","NOMBRE_BARRIO":"LOS JERONIMOS","OBJECTID":9921356}},{"type":"Feature","id":9808140,"geometry":{"type":"Point","coordinates":[-3.6854496200395332,40.420424416610956]},"properties":{"ESA_ESPECIE":"PCP","NOMBRE_COMUN":"Ciruelo púrpura","NOMBRE_ESPECIE":"Prunus cerasifera  subsp. pissardii","ALTURA":"2,5","MINTDISTRITO":"03","NOMBRE_DISTRITO":"RETIRO","MINTBARRIO":"035","NOMBRE_BARRIO":"LOS JERONIMOS","OBJECTID":9808140}},{"type":"Feature","id":9777174,"geometry":{"type":"Point","coordinates":[-3.6868439307984029,40.419699084936816]},"properties":{"ESA_ESPECIE":"LIN","NOMBRE_COMUN":"Árbol\u00A0de\u00A0Júpiter","NOMBRE_ESPECIE":"Lagerstroemia indica","ALTURA":"3","MINTDISTRITO":"03","NOMBRE_DISTRITO":"RETIRO","MINTBARRIO":"035","NOMBRE_BARRIO":"LOS JERONIMOS","OBJECTID":9777174}},{"type":"Feature","id":9815093,"geometry":{"type":"Point","coordinates":[-3.6866016114067031,40.419818092266915]},"properties":{"ESA_ESPECIE":"SJA","NOMBRE_COMUN":"Acacia del Japón/Sophora japonica","NOMBRE_ESPECIE":"Styphnolobium japonicum","ALTURA":"1,5","MINTDISTRITO":"03","NOMBRE_DISTRITO":"RETIRO","MINTBARRIO":"035","NOMBRE_BARRIO":"LOS JERONIMOS","OBJECTID":9815093}},{"type":"Feature","id":9808263,"geometry":{"type":"Point","coordinates":[-3.6860974251681586,40.41914865035821]},"properties":{"ESA_ESPECIE":"AND","NOMBRE_COMUN":"Abeto del Cáucaso","NOMBRE_ESPECIE":"Abies nordmanniana","ALTURA":"10,5","MINTDISTRITO":"03","NOMBRE_DISTRITO":"RETIRO","MINTBARRIO":"035","NOMBRE_BARRIO":"LOS JERONIMOS","OBJECTID":9808263}},{"type":"Feature","id":9779467,"geometry":{"type":"Point","coordinates":[-3.6825633489852678,40.418640647620926]},"properties":{"ESA_ESPECIE":"AHI","NOMBRE_COMUN":"Castaño de indias","NOMBRE_ESPECIE":"Aesculus hippocastanum","ALTURA":"7,5","MINTDISTRITO":"03","NOMBRE_DISTRITO":"RETIRO","MINTBARRIO":"035","NOMBRE_BARRIO":"LOS JERONIMOS","OBJECTID":9779467}},{"type":"Feature","id":9811798,"geometry":{"type":"Point","coordinates":[-3.6827781384959124,40.419301877541386]},"properties":{"ESA_ESPECIE":"GTR","NOMBRE_COMUN":"Acacia de tres espinas","NOMBRE_ESPECIE":"Gleditsia triacanthos","ALTURA":"15","MINTDISTRITO":"03","NOMBRE_DISTRITO":"RETIRO","MINTBARRIO":"035","NOMBRE_BARRIO":"LOS JERONIMOS","OBJECTID":9811798}},{"type":"Feature","id":9811435,"geometry":{"type":"Point","coordinates":[-3.6833123107655421,40.419683056540798]},"properties":{"ESA_ESPECIE":"CEO","NOMBRE_COMUN":"Almez americano","NOMBRE_ESPECIE":"Celtis occidentalis","ALTURA":"8","MINTDISTRITO":"03","NOMBRE_DISTRITO":"RETIRO","MINTBARRIO":"035","NOMBRE_BARRIO":"LOS JERONIMOS","OBJECTID":9811435}},{"type":"Feature","id":9781797,"geometry":{"type":"Point","coordinates":[-3.6827159109217344,40.420049121829514]},"properties":{"ESA_ESPECIE":"MFL","NOMBRE_COMUN":"Manzano japonés","NOMBRE_ESPECIE":"Malus floribunda","ALTURA":"5","MINTDISTRITO":"03","NOMBRE_DISTRITO":"RETIRO","MINTBARRIO":"035","NOMBRE_BARRIO":"LOS JERONIMOS","OBJECTID":9781797}},{"type":"Feature","id":9812099,"geometry":{"type":"Point","coordinates":[-3.683675200192531,40.420149994096597]},"properties":{"ESA_ESPECIE":"AHI","NOMBRE_COMUN":"Castaño de indias","NOMBRE_ESPECIE":"Aesculus hippocastanum","ALTURA":"19","MINTDISTRITO":"03","NOMBRE_DISTRITO":"RETIRO","MINTBARRIO":"035","NOMBRE_BARRIO":"LOS JERONIMOS","OBJECTID":9812099}},{"type":"Feature","id":9782123,"geometry":{"type":"Point","coordinates":[-3.6839632631945114,40.41974715362678]},"properties":{"ESA_ESPECIE":"AHI","NOMBRE_COMUN":"Castaño de indias","NOMBRE_ESPECIE":"Aesculus hippocastanum","ALTURA":"12,5","MINTDISTRITO":"03","NOMBRE_DISTRITO":"RETIRO","MINTBARRIO":"035","NOMBRE_BARRIO":"LOS JERONIMOS","OBJECTID":9782123}},{"type":"Feature","id":9766477,"geometry":{"type":"Point","coordinates":[-3.6806956174441474,40.419936529220756]},"properties":{"ESA_ESPECIE":"CSI","NOMBRE_COMUN":"Árbol del amor","NOMBRE_ESPECIE":"Cercis siliquastrum","ALTURA":"7","MINTDISTRITO":"03","NOMBRE_DISTRITO":"RETIRO","MINTBARRIO":"035","NOMBRE_BARRIO":"LOS JERONIMOS","OBJECTID":9766477}},{"type":"Feature","id":9800320,"geometry":{"type":"Point","coordinates":[-3.6800172561803279,40.420690307885515]},"properties":{"ESA_ESPECIE":"PAR","NOMBRE_COMUN":"Peral de flor 'Chanticleer'","NOMBRE_ESPECIE":"Pyrus calleryana 'Chanticleer'","ALTURA":"5","MINTDISTRITO":"03","NOMBRE_DISTRITO":"RETIRO","MINTBARRIO":"035","NOMBRE_BARRIO":"LOS JERONIMOS","OBJECTID":9800320}},{"type":"Feature","id":9766354,"geometry":{"type":"Point","coordinates":[-3.6813949469684881,40.42059421408571]},"properties":{"ESA_ESPECIE":"PDA","NOMBRE_COMUN":"Plátano de sombra/Platanus x hybrida","NOMBRE_ESPECIE":"Platanus x hispanica","ALTURA":"22","MINTDISTRITO":"03","NOMBRE_DISTRITO":"RETIRO","MINTBARRIO":"035","NOMBRE_BARRIO":"LOS JERONIMOS","OBJECTID":9766354}},{"type":"Feature","id":9767018,"geometry":{"type":"Point","coordinates":[-3.6812907040232186,40.418303984968347]},"properties":{"ESA_ESPECIE":"TFO","NOMBRE_COMUN":"Palma de Fortune","NOMBRE_ESPECIE":"Trachycarpus fortunei","ALTURA":null,"MINTDISTRITO":"03","NOMBRE_DISTRITO":"RETIRO","MINTBARRIO":"035","NOMBRE_BARRIO":"LOS JERONIMOS","OBJECTID":9767018}},{"type":"Feature","id":9808478,"geometry":{"type":"Point","coordinates":[-3.6822486803367611,40.418006367118423]},"properties":{"ESA_ESPECIE":"KPA","NOMBRE_COMUN":"Árbol de los farolitos","NOMBRE_ESPECIE":"Koelreuteria paniculata","ALTURA":"7","MINTDISTRITO":"03","NOMBRE_DISTRITO":"RETIRO","MINTBARRIO":"035","NOMBRE_BARRIO":"LOS JERONIMOS","OBJECTID":9808478}},{"type":"Feature","id":9767024,"geometry":{"type":"Point","coordinates":[-3.6824271880478503,40.418058419237411]},"properties":{"ESA_ESPECIE":"TFO","NOMBRE_COMUN":"Palma de Fortune","NOMBRE_ESPECIE":"Trachycarpus fortunei","ALTURA":null,"MINTDISTRITO":"03","NOMBRE_DISTRITO":"RETIRO","MINTBARRIO":"035","NOMBRE_BARRIO":"LOS JERONIMOS","OBJECTID":9767024}},{"type":"Feature","id":9782344,"geometry":{"type":"Point","coordinates":[-3.6807620297101593,40.408691848663707]},"properties":{"ESA_ESPECIE":"CSE","NOMBRE_COMUN":"Ciprés común","NOMBRE_ESPECIE":"Cupressus sempervirens","ALTURA":"10","MINTDISTRITO":"03","NOMBRE_DISTRITO":"RETIRO","MINTBARRIO":"035","NOMBRE_BARRIO":"LOS JERONIMOS","OBJECTID":9782344}},{"type":"Feature","id":9778803,"geometry":{"type":"Point","coordinates":[-3.680265760366904,40.409495675116688]},"properties":{"ESA_ESPECIE":"CLE","NOMBRE_COMUN":"Ciprés de Leyland/x Cupressocyparis leylandii","NOMBRE_ESPECIE":"x Cupressocyparis x leylandii","ALTURA":"2","MINTDISTRITO":"03","NOMBRE_DISTRITO":"RETIRO","MINTBARRIO":"035","NOMBRE_BARRIO":"LOS JERONIMOS","OBJECTID":9778803}},{"type":"Feature","id":9778139,"geometry":{"type":"Point","coordinates":[-3.6792302953087535,40.40855932473913]},"properties":{"ESA_ESPECIE":"PDU","NOMBRE_COMUN":"Almendro","NOMBRE_ESPECIE":"Prunus dulcis","ALTURA":"6,5","MINTDISTRITO":"03","NOMBRE_DISTRITO":"RETIRO","MINTBARRIO":"035","NOMBRE_BARRIO":"LOS JERONIMOS","OBJECTID":9778139}},{"type":"Feature","id":9814970,"geometry":{"type":"Point","coordinates":[-3.6794530166199664,40.408870873838509]},"properties":{"ESA_ESPECIE":"PDU","NOMBRE_COMUN":"Almendro","NOMBRE_ESPECIE":"Prunus dulcis","ALTURA":"1,5","MINTDISTRITO":"03","NOMBRE_DISTRITO":"RETIRO","MINTBARRIO":"035","NOMBRE_BARRIO":"LOS JERONIMOS","OBJECTID":9814970}},{"type":"Feature","id":9766360,"geometry":{"type":"Point","coordinates":[-3.679762200317052,40.419324180725987]},"properties":{"ESA_ESPECIE":"PDA","NOMBRE_COMUN":"Plátano de sombra/Platanus x hybrida","NOMBRE_ESPECIE":"Platanus x hispanica","ALTURA":"20","MINTDISTRITO":"03","NOMBRE_DISTRITO":"RETIRO","MINTBARRIO":"035","NOMBRE_BARRIO":"LOS JERONIMOS","OBJECTID":9766360}},{"type":"Feature","id":9800314,"geometry":{"type":"Point","coordinates":[-3.68072216724874,40.419698389973945]},"properties":{"ESA_ESPECIE":"PAR","NOMBRE_COMUN":"Peral de flor 'Chanticleer'","NOMBRE_ESPECIE":"Pyrus calleryana 'Chanticleer'","ALTURA":"7","MINTDISTRITO":"03","NOMBRE_DISTRITO":"RETIRO","MINTBARRIO":"035","NOMBRE_BARRIO":"LOS JERONIMOS","OBJECTID":9800314}},{"type":"Feature","id":9802312,"geometry":{"type":"Point","coordinates":[-3.682922431755288,40.410080765017163]},"properties":{"ESA_ESPECIE":"PDU","NOMBRE_COMUN":"Almendro","NOMBRE_ESPECIE":"Prunus dulcis","ALTURA":"6","MINTDISTRITO":"03","NOMBRE_DISTRITO":"RETIRO","MINTBARRIO":"035","NOMBRE_BARRIO":"LOS JERONIMOS","OBJECTID":9802312}},{"type":"Feature","id":9813642,"geometry":{"type":"Point","coordinates":[-3.6816014959313024,40.409862810643958]},"properties":{"ESA_ESPECIE":"CAU","NOMBRE_COMUN":"Almez","NOMBRE_ESPECIE":"Celtis australis","ALTURA":"9","MINTDISTRITO":"03","NOMBRE_DISTRITO":"RETIRO","MINTBARRIO":"035","NOMBRE_BARRIO":"LOS JERONIMOS","OBJECTID":9813642}},{"type":"Feature","id":9777838,"geometry":{"type":"Point","coordinates":[-3.6808711560283296,40.408713278296503]},"properties":{"ESA_ESPECIE":"CSE","NOMBRE_COMUN":"Ciprés común","NOMBRE_ESPECIE":"Cupressus sempervirens","ALTURA":"6","MINTDISTRITO":"03","NOMBRE_DISTRITO":"RETIRO","MINTBARRIO":"035","NOMBRE_BARRIO":"LOS JERONIMOS","OBJECTID":9777838}},{"type":"Feature","id":9898880,"geometry":{"type":"Point","coordinates":[-3.6829898847469433,40.409296461264745]},"properties":{"ESA_ESPECIE":"MEA","NOMBRE_COMUN":"Cinamomo","NOMBRE_ESPECIE":"Melia azedarach","ALTURA":"6,5","MINTDISTRITO":"03","NOMBRE_DISTRITO":"RETIRO","MINTBARRIO":"035","NOMBRE_BARRIO":"LOS JERONIMOS","OBJECTID":9898880}},{"type":"Feature","id":9782461,"geometry":{"type":"Point","coordinates":[-3.6803778105413807,40.408805552340084]},"properties":{"ESA_ESPECIE":"PCP","NOMBRE_COMUN":"Ciruelo púrpura","NOMBRE_ESPECIE":"Prunus cerasifera  subsp. pissardii","ALTURA":"3,5","MINTDISTRITO":"03","NOMBRE_DISTRITO":"RETIRO","MINTBARRIO":"035","NOMBRE_BARRIO":"LOS JERONIMOS","OBJECTID":9782461}},{"type":"Feature","id":9782338,"geometry":{"type":"Point","coordinates":[-3.6807449470482578,40.408687805073768]},"properties":{"ESA_ESPECIE":"CSE","NOMBRE_COMUN":"Ciprés común","NOMBRE_ESPECIE":"Cupressus sempervirens","ALTURA":"10","MINTDISTRITO":"03","NOMBRE_DISTRITO":"RETIRO","MINTBARRIO":"035","NOMBRE_BARRIO":"LOS JERONIMOS","OBJECTID":9782338}},{"type":"Feature","id":9751040,"geometry":{"type":"Point","coordinates":[-3.6802969239597534,40.41197314964321]},"properties":{"ESA_ESPECIE":"LJA","NOMBRE_COMUN":"Aligustre del Japón","NOMBRE_ESPECIE":"Ligustrum japonicum","ALTURA":"7","MINTDISTRITO":"03","NOMBRE_DISTRITO":"RETIRO","MINTBARRIO":"035","NOMBRE_BARRIO":"LOS JERONIMOS","OBJECTID":9751040}},{"type":"Feature","id":9765026,"geometry":{"type":"Point","coordinates":[-3.6819337256144178,40.411127390166534]},"properties":{"ESA_ESPECIE":"AHI","NOMBRE_COMUN":"Castaño de indias","NOMBRE_ESPECIE":"Aesculus hippocastanum","ALTURA":"8,5","MINTDISTRITO":"03","NOMBRE_DISTRITO":"RETIRO","MINTBARRIO":"035","NOMBRE_BARRIO":"LOS JERONIMOS","OBJECTID":9765026}},{"type":"Feature","id":9767141,"geometry":{"type":"Point","coordinates":[-3.6815110341174968,40.411924966896741]},"properties":{"ESA_ESPECIE":"TFO","NOMBRE_COMUN":"Palma de Fortune","NOMBRE_ESPECIE":"Trachycarpus fortunei","ALTURA":null,"MINTDISTRITO":"03","NOMBRE_DISTRITO":"RETIRO","MINTBARRIO":"035","NOMBRE_BARRIO":"LOS JERONIMOS","OBJECTID":9767141}},{"type":"Feature","id":9781133,"geometry":{"type":"Point","coordinates":[-3.6828091024902729,40.412124030959802]},"properties":{"ESA_ESPECIE":"AHI","NOMBRE_COMUN":"Castaño de indias","NOMBRE_ESPECIE":"Aesculus hippocastanum","ALTURA":"3,5","MINTDISTRITO":"03","NOMBRE_DISTRITO":"RETIRO","MINTBARRIO":"035","NOMBRE_BARRIO":"LOS JERONIMOS","OBJECTID":9781133}},{"type":"Feature","id":9765813,"geometry":{"type":"Point","coordinates":[-3.6829300041498909,40.411869802051427]},"properties":{"ESA_ESPECIE":"AHI","NOMBRE_COMUN":"Castaño de indias","NOMBRE_ESPECIE":"Aesculus hippocastanum","ALTURA":"8","MINTDISTRITO":"03","NOMBRE_DISTRITO":"RETIRO","MINTBARRIO":"035","NOMBRE_BARRIO":"LOS JERONIMOS","OBJECTID":9765813}},{"type":"Feature","id":9805484,"geometry":{"type":"Point","coordinates":[-3.68314233064741,40.411397743414874]},"properties":{"ESA_ESPECIE":"MAL","NOMBRE_COMUN":"Morera blanca","NOMBRE_ESPECIE":"Morus alba","ALTURA":"8,5","MINTDISTRITO":"03","NOMBRE_DISTRITO":"RETIRO","MINTBARRIO":"035","NOMBRE_BARRIO":"LOS JERONIMOS","OBJECTID":9805484}},{"type":"Feature","id":9814429,"geometry":{"type":"Point","coordinates":[-3.6796088921688583,40.412601113639518]},"properties":{"ESA_ESPECIE":"PDA","NOMBRE_COMUN":"Plátano de sombra/Platanus x hybrida","NOMBRE_ESPECIE":"Platanus x hispanica","ALTURA":"3","MINTDISTRITO":"03","NOMBRE_DISTRITO":"RETIRO","MINTBARRIO":"035","NOMBRE_BARRIO":"LOS JERONIMOS","OBJECTID":9814429}},{"type":"Feature","id":9800984,"geometry":{"type":"Point","coordinates":[-3.6787670855374062,40.411231258492641]},"properties":{"ESA_ESPECIE":"CAU","NOMBRE_COMUN":"Almez","NOMBRE_ESPECIE":"Celtis australis","ALTURA":"4","MINTDISTRITO":"03","NOMBRE_DISTRITO":"RETIRO","MINTBARRIO":"035","NOMBRE_BARRIO":"LOS JERONIMOS","OBJECTID":9800984}},{"type":"Feature","id":9812763,"geometry":{"type":"Point","coordinates":[-3.6786193764737556,40.409965767073487]},"properties":{"ESA_ESPECIE":"CSI","NOMBRE_COMUN":"Árbol del amor","NOMBRE_ESPECIE":"Cercis siliquastrum","ALTURA":"5","MINTDISTRITO":"03","NOMBRE_DISTRITO":"RETIRO","MINTBARRIO":"035","NOMBRE_BARRIO":"LOS JERONIMOS","OBJECTID":9812763}},{"type":"Feature","id":9778502,"geometry":{"type":"Point","coordinates":[-3.6796583016371192,40.410073214796213]},"properties":{"ESA_ESPECIE":"PDA","NOMBRE_COMUN":"Plátano de sombra/Platanus x hybrida","NOMBRE_ESPECIE":"Platanus x hispanica","ALTURA":"8","MINTDISTRITO":"03","NOMBRE_DISTRITO":"RETIRO","MINTBARRIO":"035","NOMBRE_BARRIO":"LOS JERONIMOS","OBJECTID":9778502}},{"type":"Feature","id":9802281,"geometry":{"type":"Point","coordinates":[-3.680762228249121,40.411388790656403]},"properties":{"ESA_ESPECIE":"AHI","NOMBRE_COMUN":"Castaño de indias","NOMBRE_ESPECIE":"Aesculus hippocastanum","ALTURA":"5,5","MINTDISTRITO":"03","NOMBRE_DISTRITO":"RETIRO","MINTBARRIO":"035","NOMBRE_BARRIO":"LOS JERONIMOS","OBJECTID":9802281}},{"type":"Feature","id":9781010,"geometry":{"type":"Point","coordinates":[-3.6804138446794679,40.411682473593224]},"properties":{"ESA_ESPECIE":"CSE","NOMBRE_COMUN":"Ciprés común","NOMBRE_ESPECIE":"Cupressus sempervirens","ALTURA":"12","MINTDISTRITO":"03","NOMBRE_DISTRITO":"RETIRO","MINTBARRIO":"035","NOMBRE_BARRIO":"LOS JERONIMOS","OBJECTID":9781010}},{"type":"Feature","id":9799650,"geometry":{"type":"Point","coordinates":[-3.6796604617155184,40.41623409870958]},"properties":{"ESA_ESPECIE":"AHI","NOMBRE_COMUN":"Castaño de indias","NOMBRE_ESPECIE":"Aesculus hippocastanum","ALTURA":"10","MINTDISTRITO":"03","NOMBRE_DISTRITO":"RETIRO","MINTBARRIO":"035","NOMBRE_BARRIO":"LOS JERONIMOS","OBJECTID":9799650}},{"type":"Feature","id":9780795,"geometry":{"type":"Point","coordinates":[-3.680575443769091,40.414689015349218]},"properties":{"ESA_ESPECIE":"LJA","NOMBRE_COMUN":"Aligustre del Japón","NOMBRE_ESPECIE":"Ligustrum japonicum","ALTURA":"12","MINTDISTRITO":"03","NOMBRE_DISTRITO":"RETIRO","MINTBARRIO":"035","NOMBRE_BARRIO":"LOS JERONIMOS","OBJECTID":9780795}},{"type":"Feature","id":9751034,"geometry":{"type":"Point","coordinates":[-3.680252054693681,40.414123958052251]},"properties":{"ESA_ESPECIE":"CSI","NOMBRE_COMUN":"Árbol del amor","NOMBRE_ESPECIE":"Cercis siliquastrum","ALTURA":"11","MINTDISTRITO":"03","NOMBRE_DISTRITO":"RETIRO","MINTBARRIO":"035","NOMBRE_BARRIO":"LOS JERONIMOS","OBJECTID":9751034}},{"type":"Feature","id":9813765,"geometry":{"type":"Point","coordinates":[-3.6799633827910494,40.414158001327003]},"properties":{"ESA_ESPECIE":"PDA","NOMBRE_COMUN":"Plátano de sombra/Platanus x hybrida","NOMBRE_ESPECIE":"Platanus x hispanica","ALTURA":"6","MINTDISTRITO":"03","NOMBRE_DISTRITO":"RETIRO","MINTBARRIO":"035","NOMBRE_BARRIO":"LOS JERONIMOS","OBJECTID":9813765}},{"type":"Feature","id":9780469,"geometry":{"type":"Point","coordinates":[-3.6801479449521062,40.413757382222059]},"properties":{"ESA_ESPECIE":"AHI","NOMBRE_COMUN":"Castaño de indias","NOMBRE_ESPECIE":"Aesculus hippocastanum","ALTURA":"17","MINTDISTRITO":"03","NOMBRE_DISTRITO":"RETIRO","MINTBARRIO":"035","NOMBRE_BARRIO":"LOS JERONIMOS","OBJECTID":9780469}},{"type":"Feature","id":9810470,"geometry":{"type":"Point","coordinates":[-3.6808713152254775,40.412949453851581]},"properties":{"ESA_ESPECIE":"CAT","NOMBRE_COMUN":"Cedro del Atlas","NOMBRE_ESPECIE":"Cedrus atlantica","ALTURA":"24","MINTDISTRITO":"03","NOMBRE_DISTRITO":"RETIRO","MINTBARRIO":"035","NOMBRE_BARRIO":"LOS JERONIMOS","OBJECTID":9810470}},{"type":"Feature","id":9809468,"geometry":{"type":"Point","coordinates":[-3.6809976110190115,40.416363762639875]},"properties":{"ESA_ESPECIE":"AHI","NOMBRE_COMUN":"Castaño de indias","NOMBRE_ESPECIE":"Aesculus hippocastanum","ALTURA":"7","MINTDISTRITO":"03","NOMBRE_DISTRITO":"RETIRO","MINTBARRIO":"035","NOMBRE_BARRIO":"LOS JERONIMOS","OBJECTID":9809468}},{"type":"Feature","id":9780131,"geometry":{"type":"Point","coordinates":[-3.6815840915578293,40.415871998168477]},"properties":{"ESA_ESPECIE":"LST","NOMBRE_COMUN":"Liquidambar","NOMBRE_ESPECIE":"Liquidambar styraciflua","ALTURA":"4","MINTDISTRITO":"03","NOMBRE_DISTRITO":"RETIRO","MINTBARRIO":"035","NOMBRE_BARRIO":"LOS JERONIMOS","OBJECTID":9780131}},{"type":"Feature","id":9780346,"geometry":{"type":"Point","coordinates":[-3.6801452313983392,40.415614794626215]},"properties":{"ESA_ESPECIE":"PDA","NOMBRE_COMUN":"Plátano de sombra/Platanus x hybrida","NOMBRE_ESPECIE":"Platanus x hispanica","ALTURA":"16","MINTDISTRITO":"03","NOMBRE_DISTRITO":"RETIRO","MINTBARRIO":"035","NOMBRE_BARRIO":"LOS JERONIMOS","OBJECTID":9780346}},{"type":"Feature","id":9799656,"geometry":{"type":"Point","coordinates":[-3.6797686805020131,40.416212192120909]},"properties":{"ESA_ESPECIE":"AHI","NOMBRE_COMUN":"Castaño de indias","NOMBRE_ESPECIE":"Aesculus hippocastanum","ALTURA":"6","MINTDISTRITO":"03","NOMBRE_DISTRITO":"RETIRO","MINTBARRIO":"035","NOMBRE_BARRIO":"LOS JERONIMOS","OBJECTID":9799656}},{"type":"Feature","id":9808927,"geometry":{"type":"Point","coordinates":[-3.6808305080674013,40.417195146903062]},"properties":{"ESA_ESPECIE":"PDA","NOMBRE_COMUN":"Plátano de sombra/Platanus x hybrida","NOMBRE_ESPECIE":"Platanus x hispanica","ALTURA":"13","MINTDISTRITO":"03","NOMBRE_DISTRITO":"RETIRO","MINTBARRIO":"035","NOMBRE_BARRIO":"LOS JERONIMOS","OBJECTID":9808927}},{"type":"Feature","id":9799773,"geometry":{"type":"Point","coordinates":[-3.680249006919404,40.41753111173476]},"properties":{"ESA_ESPECIE":"MGR","NOMBRE_COMUN":"Magnolio","NOMBRE_ESPECIE":"Magnolia grandiflora","ALTURA":"3,5","MINTDISTRITO":"03","NOMBRE_DISTRITO":"RETIRO","MINTBARRIO":"035","NOMBRE_BARRIO":"LOS JERONIMOS","OBJECTID":9799773}},{"type":"Feature","id":9810771,"geometry":{"type":"Point","coordinates":[-3.6824003959543199,40.412597932851796]},"properties":{"ESA_ESPECIE":"TFO","NOMBRE_COMUN":"Palma de Fortune","NOMBRE_ESPECIE":"Trachycarpus fortunei","ALTURA":"3","MINTDISTRITO":"03","NOMBRE_DISTRITO":"RETIRO","MINTBARRIO":"035","NOMBRE_BARRIO":"LOS JERONIMOS","OBJECTID":9810771}},{"type":"Feature","id":9781459,"geometry":{"type":"Point","coordinates":[-3.6813968823804908,40.4125724548053]},"properties":{"ESA_ESPECIE":"AHI","NOMBRE_COMUN":"Castaño de indias","NOMBRE_ESPECIE":"Aesculus hippocastanum","ALTURA":"15","MINTDISTRITO":"03","NOMBRE_DISTRITO":"RETIRO","MINTBARRIO":"035","NOMBRE_BARRIO":"LOS JERONIMOS","OBJECTID":9781459}},{"type":"Feature","id":9809806,"geometry":{"type":"Point","coordinates":[-3.6828240733900102,40.41554295039419]},"properties":{"ESA_ESPECIE":"AHI","NOMBRE_COMUN":"Castaño de indias","NOMBRE_ESPECIE":"Aesculus hippocastanum","ALTURA":"15,5","MINTDISTRITO":"03","NOMBRE_DISTRITO":"RETIRO","MINTBARRIO":"035","NOMBRE_BARRIO":"LOS JERONIMOS","OBJECTID":9809806}},{"type":"Feature","id":9813427,"geometry":{"type":"Point","coordinates":[-3.6823887440216589,40.416243217480456]},"properties":{"ESA_ESPECIE":"ZECA","NOMBRE_COMUN":"Olmo de Siberia","NOMBRE_ESPECIE":"Zelkova carpinifolia","ALTURA":"3","MINTDISTRITO":"03","NOMBRE_DISTRITO":"RETIRO","MINTBARRIO":"035","NOMBRE_BARRIO":"LOS JERONIMOS","OBJECTID":9813427}},{"type":"Feature","id":9779805,"geometry":{"type":"Point","coordinates":[-3.6822916073172425,40.416646837614302]},"properties":{"ESA_ESPECIE":"CEO","NOMBRE_COMUN":"Almez americano","NOMBRE_ESPECIE":"Celtis occidentalis","ALTURA":"10","MINTDISTRITO":"03","NOMBRE_DISTRITO":"RETIRO","MINTBARRIO":"035","NOMBRE_BARRIO":"LOS JERONIMOS","OBJECTID":9779805}},{"type":"Feature","id":9764811,"geometry":{"type":"Point","coordinates":[-3.6809558877348083,40.416980119272729]},"properties":{"ESA_ESPECIE":"SNI","NOMBRE_COMUN":"Saúco","NOMBRE_ESPECIE":"Sambucus nigra","ALTURA":"6","MINTDISTRITO":"03","NOMBRE_DISTRITO":"RETIRO","MINTBARRIO":"035","NOMBRE_BARRIO":"LOS JERONIMOS","OBJECTID":9764811}},{"type":"Feature","id":9804937,"geometry":{"type":"Point","coordinates":[-3.6843880611267412,40.413413269539056]},"properties":{"ESA_ESPECIE":"LJA","NOMBRE_COMUN":"Aligustre del Japón","NOMBRE_ESPECIE":"Ligustrum japonicum","ALTURA":"8","MINTDISTRITO":"03","NOMBRE_DISTRITO":"RETIRO","MINTBARRIO":"035","NOMBRE_BARRIO":"LOS JERONIMOS","OBJECTID":9804937}},{"type":"Feature","id":9772969,"geometry":{"type":"Point","coordinates":[-3.6836484825679787,40.413368356464417]},"properties":{"ESA_ESPECIE":"LJA","NOMBRE_COMUN":"Aligustre del Japón","NOMBRE_ESPECIE":"Ligustrum japonicum","ALTURA":"10","MINTDISTRITO":"03","NOMBRE_DISTRITO":"RETIRO","MINTBARRIO":"035","NOMBRE_BARRIO":"LOS JERONIMOS","OBJECTID":9772969}},{"type":"Feature","id":9772188,"geometry":{"type":"Point","coordinates":[-3.6836190356497553,40.413657901383083]},"properties":{"ESA_ESPECIE":"AHI","NOMBRE_COMUN":"Castaño de indias","NOMBRE_ESPECIE":"Aesculus hippocastanum","ALTURA":"10","MINTDISTRITO":"03","NOMBRE_DISTRITO":"RETIRO","MINTBARRIO":"035","NOMBRE_BARRIO":"LOS JERONIMOS","OBJECTID":9772188}},{"type":"Feature","id":9777475,"geometry":{"type":"Point","coordinates":[-3.683487565976491,40.413692462600416]},"properties":{"ESA_ESPECIE":"AHI","NOMBRE_COMUN":"Castaño de indias","NOMBRE_ESPECIE":"Aesculus hippocastanum","ALTURA":"3","MINTDISTRITO":"03","NOMBRE_DISTRITO":"RETIRO","MINTBARRIO":"035","NOMBRE_BARRIO":"LOS JERONIMOS","OBJECTID":9777475}},{"type":"Feature","id":9773633,"geometry":{"type":"Point","coordinates":[-3.6835414709388536,40.412424569970121]},"properties":{"ESA_ESPECIE":"AHI","NOMBRE_COMUN":"Castaño de indias","NOMBRE_ESPECIE":"Aesculus hippocastanum","ALTURA":"12","MINTDISTRITO":"03","NOMBRE_DISTRITO":"RETIRO","MINTBARRIO":"035","NOMBRE_BARRIO":"LOS JERONIMOS","OBJECTID":9773633}},{"type":"Feature","id":9811134,"geometry":{"type":"Point","coordinates":[-3.6831357025265952,40.413103593233132]},"properties":{"ESA_ESPECIE":"AHI","NOMBRE_COMUN":"Castaño de indias","NOMBRE_ESPECIE":"Aesculus hippocastanum","ALTURA":"14","MINTDISTRITO":"03","NOMBRE_DISTRITO":"RETIRO","MINTBARRIO":"035","NOMBRE_BARRIO":"LOS JERONIMOS","OBJECTID":9811134}},{"type":"Feature","id":9772311,"geometry":{"type":"Point","coordinates":[-3.6852915077597328,40.413559351367418]},"properties":{"ESA_ESPECIE":"AHI","NOMBRE_COMUN":"Castaño de indias","NOMBRE_ESPECIE":"Aesculus hippocastanum","ALTURA":"12","MINTDISTRITO":"03","NOMBRE_DISTRITO":"RETIRO","MINTBARRIO":"035","NOMBRE_BARRIO":"LOS JERONIMOS","OBJECTID":9772311}},{"type":"Feature","id":9806271,"geometry":{"type":"Point","coordinates":[-3.6855055388346987,40.413324910255362]},"properties":{"ESA_ESPECIE":"AHI","NOMBRE_COMUN":"Castaño de indias","NOMBRE_ESPECIE":"Aesculus hippocastanum","ALTURA":"5","MINTDISTRITO":"03","NOMBRE_DISTRITO":"RETIRO","MINTBARRIO":"035","NOMBRE_BARRIO":"LOS JERONIMOS","OBJECTID":9806271}},{"type":"Feature","id":9807150,"geometry":{"type":"Point","coordinates":[-3.6854227694517938,40.412824884964145]},"properties":{"ESA_ESPECIE":"SJA","NOMBRE_COMUN":"Acacia del Japón/Sophora japonica","NOMBRE_ESPECIE":"Styphnolobium japonicum","ALTURA":"16","MINTDISTRITO":"03","NOMBRE_DISTRITO":"RETIRO","MINTBARRIO":"035","NOMBRE_BARRIO":"LOS JERONIMOS","OBJECTID":9807150}},{"type":"Feature","id":9773516,"geometry":{"type":"Point","coordinates":[-3.6853730225319894,40.412903009085944]},"properties":{"ESA_ESPECIE":"AHI","NOMBRE_COMUN":"Castaño de indias","NOMBRE_ESPECIE":"Aesculus hippocastanum","ALTURA":"14","MINTDISTRITO":"03","NOMBRE_DISTRITO":"RETIRO","MINTBARRIO":"035","NOMBRE_BARRIO":"LOS JERONIMOS","OBJECTID":9773516}},{"type":"Feature","id":9806148,"geometry":{"type":"Point","coordinates":[-3.6845103696595305,40.412492189511717]},"properties":{"ESA_ESPECIE":"ACA","NOMBRE_COMUN":"Arce campestre","NOMBRE_ESPECIE":"Acer campestre","ALTURA":"7","MINTDISTRITO":"03","NOMBRE_DISTRITO":"RETIRO","MINTBARRIO":"035","NOMBRE_BARRIO":"LOS JERONIMOS","OBJECTID":9806148}},{"type":"Feature","id":9814091,"geometry":{"type":"Point","coordinates":[-3.6843248699906792,40.413208074983146]},"properties":{"ESA_ESPECIE":"CSI","NOMBRE_COMUN":"Árbol del amor","NOMBRE_ESPECIE":"Cercis siliquastrum","ALTURA":"2,25","MINTDISTRITO":"03","NOMBRE_DISTRITO":"RETIRO","MINTBARRIO":"035","NOMBRE_BARRIO":"LOS JERONIMOS","OBJECTID":9814091}},{"type":"Feature","id":9808804,"geometry":{"type":"Point","coordinates":[-3.6837861916259853,40.415725832658133]},"properties":{"ESA_ESPECIE":"AHI","NOMBRE_COMUN":"Castaño de indias","NOMBRE_ESPECIE":"Aesculus hippocastanum","ALTURA":"4,5","MINTDISTRITO":"03","NOMBRE_DISTRITO":"RETIRO","MINTBARRIO":"035","NOMBRE_BARRIO":"LOS JERONIMOS","OBJECTID":9808804}},{"type":"Feature","id":9804820,"geometry":{"type":"Point","coordinates":[-3.6844402744753886,40.414971958955213]},"properties":{"ESA_ESPECIE":"AHI","NOMBRE_COMUN":"Castaño de indias","NOMBRE_ESPECIE":"Aesculus hippocastanum","ALTURA":"13","MINTDISTRITO":"03","NOMBRE_DISTRITO":"RETIRO","MINTBARRIO":"035","NOMBRE_BARRIO":"LOS JERONIMOS","OBJECTID":9804820}},{"type":"Feature","id":9805607,"geometry":{"type":"Point","coordinates":[-3.6846242707103181,40.414988887680373]},"properties":{"ESA_ESPECIE":"AHI","NOMBRE_COMUN":"Castaño de indias","NOMBRE_ESPECIE":"Aesculus hippocastanum","ALTURA":"12,5","MINTDISTRITO":"03","NOMBRE_DISTRITO":"RETIRO","MINTBARRIO":"035","NOMBRE_BARRIO":"LOS JERONIMOS","OBJECTID":9805607}},{"type":"Feature","id":9772852,"geometry":{"type":"Point","coordinates":[-3.6846951204667553,40.414536583115101]},"properties":{"ESA_ESPECIE":"UMI","NOMBRE_COMUN":"Olmo común","NOMBRE_ESPECIE":"Ulmus minor","ALTURA":"15","MINTDISTRITO":"03","NOMBRE_DISTRITO":"RETIRO","MINTBARRIO":"035","NOMBRE_BARRIO":"LOS JERONIMOS","OBJECTID":9772852}},{"type":"Feature","id":9805601,"geometry":{"type":"Point","coordinates":[-3.6850557785893172,40.414992214635149]},"properties":{"ESA_ESPECIE":"AHI","NOMBRE_COMUN":"Castaño de indias","NOMBRE_ESPECIE":"Aesculus hippocastanum","ALTURA":"5,5","MINTDISTRITO":"03","NOMBRE_DISTRITO":"RETIRO","MINTBARRIO":"035","NOMBRE_BARRIO":"LOS JERONIMOS","OBJECTID":9805601}},{"type":"Feature","id":9804279,"geometry":{"type":"Point","coordinates":[-3.6844679812345755,40.414092241199533]},"properties":{"ESA_ESPECIE":"CAU","NOMBRE_COMUN":"Almez","NOMBRE_ESPECIE":"Celtis australis","ALTURA":"13","MINTDISTRITO":"03","NOMBRE_DISTRITO":"RETIRO","MINTBARRIO":"035","NOMBRE_BARRIO":"LOS JERONIMOS","OBJECTID":9804279}},{"type":"Feature","id":9896667,"geometry":{"type":"Point","coordinates":[-3.6862295778105221,40.415983132104913]},"properties":{"ESA_ESPECIE":"PAL","NOMBRE_COMUN":"Álamo blanco","NOMBRE_ESPECIE":"Populus alba","ALTURA":"15","MINTDISTRITO":"03","NOMBRE_DISTRITO":"RETIRO","MINTBARRIO":"035","NOMBRE_BARRIO":"LOS JERONIMOS","OBJECTID":9896667}},{"type":"Feature","id":9804943,"geometry":{"type":"Point","coordinates":[-3.6858670225700574,40.41521777545568]},"properties":{"ESA_ESPECIE":"AHI","NOMBRE_COMUN":"Castaño de indias","NOMBRE_ESPECIE":"Aesculus hippocastanum","ALTURA":"11","MINTDISTRITO":"03","NOMBRE_DISTRITO":"RETIRO","MINTBARRIO":"035","NOMBRE_BARRIO":"LOS JERONIMOS","OBJECTID":9804943}},{"type":"Feature","id":9771524,"geometry":{"type":"Point","coordinates":[-3.6856446800109692,40.416067899866327]},"properties":{"ESA_ESPECIE":"FAN","NOMBRE_COMUN":"Fresno de la tierra","NOMBRE_ESPECIE":"Fraxinus angustifolia","ALTURA":"19","MINTDISTRITO":"03","NOMBRE_DISTRITO":"RETIRO","MINTBARRIO":"035","NOMBRE_BARRIO":"LOS JERONIMOS","OBJECTID":9771524}},{"type":"Feature","id":9765696,"geometry":{"type":"Point","coordinates":[-3.6854253872994458,40.416795149270392]},"properties":{"ESA_ESPECIE":"AHI","NOMBRE_COMUN":"Castaño de indias","NOMBRE_ESPECIE":"Aesculus hippocastanum","ALTURA":"12","MINTDISTRITO":"03","NOMBRE_DISTRITO":"RETIRO","MINTBARRIO":"035","NOMBRE_BARRIO":"LOS JERONIMOS","OBJECTID":9765696}},{"type":"Feature","id":9765690,"geometry":{"type":"Point","coordinates":[-3.6851317996115616,40.416614095822744]},"properties":{"ESA_ESPECIE":"AHI","NOMBRE_COMUN":"Castaño de indias","NOMBRE_ESPECIE":"Aesculus hippocastanum","ALTURA":"14","MINTDISTRITO":"03","NOMBRE_DISTRITO":"RETIRO","MINTBARRIO":"035","NOMBRE_BARRIO":"LOS JERONIMOS","OBJECTID":9765690}},{"type":"Feature","id":9814306,"geometry":{"type":"Point","coordinates":[-3.685580380656563,40.417147637224033]},"properties":{"ESA_ESPECIE":"URE","NOMBRE_COMUN":"Olmo resistente a la grafiosis","NOMBRE_ESPECIE":"Ulmus\u00A0minor\u00A0'Resista'","ALTURA":"3","MINTDISTRITO":"03","NOMBRE_DISTRITO":"RETIRO","MINTBARRIO":"035","NOMBRE_BARRIO":"LOS JERONIMOS","OBJECTID":9814306}},{"type":"Feature","id":9776295,"geometry":{"type":"Point","coordinates":[-3.6877133236278854,40.417731927084589]},"properties":{"ESA_ESPECIE":"AHI","NOMBRE_COMUN":"Castaño de indias","NOMBRE_ESPECIE":"Aesculus hippocastanum","ALTURA":"5","MINTDISTRITO":"03","NOMBRE_DISTRITO":"RETIRO","MINTBARRIO":"035","NOMBRE_BARRIO":"LOS JERONIMOS","OBJECTID":9776295}},{"type":"Feature","id":9807476,"geometry":{"type":"Point","coordinates":[-3.6871804758506546,40.417363661398134]},"properties":{"ESA_ESPECIE":"AHI","NOMBRE_COMUN":"Castaño de indias","NOMBRE_ESPECIE":"Aesculus hippocastanum","ALTURA":"7","MINTDISTRITO":"03","NOMBRE_DISTRITO":"RETIRO","MINTBARRIO":"035","NOMBRE_BARRIO":"LOS JERONIMOS","OBJECTID":9807476}},{"type":"Feature","id":9775846,"geometry":{"type":"Point","coordinates":[-3.6871855211110822,40.417831732447723]},"properties":{"ESA_ESPECIE":"PCY","NOMBRE_COMUN":"Peral de flor","NOMBRE_ESPECIE":"Pyrus calleryana","ALTURA":"6","MINTDISTRITO":"03","NOMBRE_DISTRITO":"RETIRO","MINTBARRIO":"035","NOMBRE_BARRIO":"LOS JERONIMOS","OBJECTID":9775846}},{"type":"Feature","id":9776510,"geometry":{"type":"Point","coordinates":[-3.6861881553080589,40.417268284431884]},"properties":{"ESA_ESPECIE":"AHI","NOMBRE_COMUN":"Castaño de indias","NOMBRE_ESPECIE":"Aesculus hippocastanum","ALTURA":"10","MINTDISTRITO":"03","NOMBRE_DISTRITO":"RETIRO","MINTBARRIO":"035","NOMBRE_BARRIO":"LOS JERONIMOS","OBJECTID":9776510}},{"type":"Feature","id":9771641,"geometry":{"type":"Point","coordinates":[-3.6861841212150566,40.416615963236346]},"properties":{"ESA_ESPECIE":"AHI","NOMBRE_COMUN":"Castaño de indias","NOMBRE_ESPECIE":"Aesculus hippocastanum","ALTURA":"16","MINTDISTRITO":"03","NOMBRE_DISTRITO":"RETIRO","MINTBARRIO":"035","NOMBRE_BARRIO":"LOS JERONIMOS","OBJECTID":9771641}},{"type":"Feature","id":9771647,"geometry":{"type":"Point","coordinates":[-3.6857400745991575,40.416624363587147]},"properties":{"ESA_ESPECIE":"AHI","NOMBRE_COMUN":"Castaño de indias","NOMBRE_ESPECIE":"Aesculus hippocastanum","ALTURA":"12","MINTDISTRITO":"03","NOMBRE_DISTRITO":"RETIRO","MINTBARRIO":"035","NOMBRE_BARRIO":"LOS JERONIMOS","OBJECTID":9771647}},{"type":"Feature","id":9802945,"geometry":{"type":"Point","coordinates":[-3.6859769559544322,40.413705386395947]},"properties":{"ESA_ESPECIE":"AHI","NOMBRE_COMUN":"Castaño de indias","NOMBRE_ESPECIE":"Aesculus hippocastanum","ALTURA":"10","MINTDISTRITO":"03","NOMBRE_DISTRITO":"RETIRO","MINTBARRIO":"035","NOMBRE_BARRIO":"LOS JERONIMOS","OBJECTID":9802945}},{"type":"Feature","id":9772305,"geometry":{"type":"Point","coordinates":[-3.6856982397828082,40.41388279731941]},"properties":{"ESA_ESPECIE":"AHI","NOMBRE_COMUN":"Castaño de indias","NOMBRE_ESPECIE":"Aesculus hippocastanum","ALTURA":"9,5","MINTDISTRITO":"03","NOMBRE_DISTRITO":"RETIRO","MINTBARRIO":"035","NOMBRE_BARRIO":"LOS JERONIMOS","OBJECTID":9772305}},{"type":"Feature","id":9769016,"geometry":{"type":"Point","coordinates":[-3.6876556523048429,40.414336579527536]},"properties":{"ESA_ESPECIE":"UMI","NOMBRE_COMUN":"Olmo común","NOMBRE_ESPECIE":"Ulmus minor","ALTURA":"11","MINTDISTRITO":"03","NOMBRE_DISTRITO":"RETIRO","MINTBARRIO":"035","NOMBRE_BARRIO":"LOS JERONIMOS","OBJECTID":9769016}},{"type":"Feature","id":9897005,"geometry":{"type":"Point","coordinates":[-3.6877899966423948,40.414777737422327]},"properties":{"ESA_ESPECIE":"GTR","NOMBRE_COMUN":"Acacia de tres espinas","NOMBRE_ESPECIE":"Gleditsia triacanthos","ALTURA":"14","MINTDISTRITO":"03","NOMBRE_DISTRITO":"RETIRO","MINTBARRIO":"035","NOMBRE_BARRIO":"LOS JERONIMOS","OBJECTID":9897005}},{"type":"Feature","id":9804273,"geometry":{"type":"Point","coordinates":[-3.6872190113396033,40.41636889657903]},"properties":{"ESA_ESPECIE":"GTR","NOMBRE_COMUN":"Acacia de tres espinas","NOMBRE_ESPECIE":"Gleditsia triacanthos","ALTURA":"12","MINTDISTRITO":"03","NOMBRE_DISTRITO":"RETIRO","MINTBARRIO":"035","NOMBRE_BARRIO":"LOS JERONIMOS","OBJECTID":9804273}},{"type":"Feature","id":9902833,"geometry":{"type":"Point","coordinates":[-3.6877422989372977,40.417559699966766]},"properties":{"ESA_ESPECIE":"CBI","NOMBRE_COMUN":"Catalpa","NOMBRE_ESPECIE":"Catalpa bignonioides","ALTURA":"10","MINTDISTRITO":"03","NOMBRE_DISTRITO":"RETIRO","MINTBARRIO":"035","NOMBRE_BARRIO":"LOS JERONIMOS","OBJECTID":9902833}},{"type":"Feature","id":9767805,"geometry":{"type":"Point","coordinates":[-3.6867333249766503,40.411155739336628]},"properties":{"ESA_ESPECIE":"AHI","NOMBRE_COMUN":"Castaño de indias","NOMBRE_ESPECIE":"Aesculus hippocastanum","ALTURA":"11","MINTDISTRITO":"03","NOMBRE_DISTRITO":"RETIRO","MINTBARRIO":"035","NOMBRE_BARRIO":"LOS JERONIMOS","OBJECTID":9767805}},{"type":"Feature","id":9767682,"geometry":{"type":"Point","coordinates":[-3.6878320695900348,40.411294253853463]},"properties":{"ESA_ESPECIE":"PPI","NOMBRE_COMUN":"Pino piñonero","NOMBRE_ESPECIE":"Pinus pinea","ALTURA":"26","MINTDISTRITO":"03","NOMBRE_DISTRITO":"RETIRO","MINTBARRIO":"035","NOMBRE_BARRIO":"LOS JERONIMOS","OBJECTID":9767682}},{"type":"Feature","id":9803640,"geometry":{"type":"Point","coordinates":[-3.6876528335759762,40.412434127616891]},"properties":{"ESA_ESPECIE":"PDA","NOMBRE_COMUN":"Plátano de sombra/Platanus x hybrida","NOMBRE_ESPECIE":"Platanus x hispanica","ALTURA":"7,5","MINTDISTRITO":"03","NOMBRE_DISTRITO":"RETIRO","MINTBARRIO":"035","NOMBRE_BARRIO":"LOS JERONIMOS","OBJECTID":9803640}},{"type":"Feature","id":9802976,"geometry":{"type":"Point","coordinates":[-3.6875569861627988,40.413523594881148]},"properties":{"ESA_ESPECIE":"AJU","NOMBRE_COMUN":"Acacia de Constantinopla","NOMBRE_ESPECIE":"Albizia julibrissin","ALTURA":"5,5","MINTDISTRITO":"03","NOMBRE_DISTRITO":"RETIRO","MINTBARRIO":"035","NOMBRE_BARRIO":"LOS JERONIMOS","OBJECTID":9802976}},{"type":"Feature","id":9770313,"geometry":{"type":"Point","coordinates":[-3.6869101702994462,40.413202356868531]},"properties":{"ESA_ESPECIE":"GBI","NOMBRE_COMUN":"Gingo","NOMBRE_ESPECIE":"Ginkgo biloba","ALTURA":"5,5","MINTDISTRITO":"03","NOMBRE_DISTRITO":"RETIRO","MINTBARRIO":"035","NOMBRE_BARRIO":"LOS JERONIMOS","OBJECTID":9770313}},{"type":"Feature","id":9803609,"geometry":{"type":"Point","coordinates":[-3.6859327743706172,40.413115150133621]},"properties":{"ESA_ESPECIE":"CSI","NOMBRE_COMUN":"Árbol del amor","NOMBRE_ESPECIE":"Cercis siliquastrum","ALTURA":"8","MINTDISTRITO":"03","NOMBRE_DISTRITO":"RETIRO","MINTBARRIO":"035","NOMBRE_BARRIO":"LOS JERONIMOS","OBJECTID":9803609}},{"type":"Feature","id":9772975,"geometry":{"type":"Point","coordinates":[-3.6848585116558561,40.412319027882432]},"properties":{"ESA_ESPECIE":"CDE","NOMBRE_COMUN":"Cedro llorón","NOMBRE_ESPECIE":"Cedrus deodara","ALTURA":"22","MINTDISTRITO":"03","NOMBRE_DISTRITO":"RETIRO","MINTBARRIO":"035","NOMBRE_BARRIO":"LOS JERONIMOS","OBJECTID":9772975}},{"type":"Feature","id":9775508,"geometry":{"type":"Point","coordinates":[-3.6847902207024794,40.411672401998118]},"properties":{"ESA_ESPECIE":"GTR","NOMBRE_COMUN":"Acacia de tres espinas","NOMBRE_ESPECIE":"Gleditsia triacanthos","ALTURA":"24","MINTDISTRITO":"03","NOMBRE_DISTRITO":"RETIRO","MINTBARRIO":"035","NOMBRE_BARRIO":"LOS JERONIMOS","OBJECTID":9775508}},{"type":"Feature","id":9806935,"geometry":{"type":"Point","coordinates":[-3.6852020553337574,40.411495159344952]},"properties":{"ESA_ESPECIE":"UMI","NOMBRE_COMUN":"Olmo común","NOMBRE_ESPECIE":"Ulmus minor","ALTURA":"18","MINTDISTRITO":"03","NOMBRE_DISTRITO":"RETIRO","MINTBARRIO":"035","NOMBRE_BARRIO":"LOS JERONIMOS","OBJECTID":9806935}},{"type":"Feature","id":9775631,"geometry":{"type":"Point","coordinates":[-3.6851210173650042,40.411269989735871]},"properties":{"ESA_ESPECIE":"UPU","NOMBRE_COMUN":"Olmo de Siberia","NOMBRE_ESPECIE":"Ulmus pumila","ALTURA":"13","MINTDISTRITO":"03","NOMBRE_DISTRITO":"RETIRO","MINTBARRIO":"035","NOMBRE_BARRIO":"LOS JERONIMOS","OBJECTID":9775631}},{"type":"Feature","id":9806265,"geometry":{"type":"Point","coordinates":[-3.6851049469947879,40.412259549573719]},"properties":{"ESA_ESPECIE":"AHI","NOMBRE_COMUN":"Castaño de indias","NOMBRE_ESPECIE":"Aesculus hippocastanum","ALTURA":"12","MINTDISTRITO":"03","NOMBRE_DISTRITO":"RETIRO","MINTBARRIO":"035","NOMBRE_BARRIO":"LOS JERONIMOS","OBJECTID":9806265}},{"type":"Feature","id":9773854,"geometry":{"type":"Point","coordinates":[-3.6854405711428515,40.412162064356643]},"properties":{"ESA_ESPECIE":"AHI","NOMBRE_COMUN":"Castaño de indias","NOMBRE_ESPECIE":"Aesculus hippocastanum","ALTURA":"12","MINTDISTRITO":"03","NOMBRE_DISTRITO":"RETIRO","MINTBARRIO":"035","NOMBRE_BARRIO":"LOS JERONIMOS","OBJECTID":9773854}},{"type":"Feature","id":9769680,"geometry":{"type":"Point","coordinates":[-3.6845327889519184,40.410064908755693]},"properties":{"ESA_ESPECIE":"PDU","NOMBRE_COMUN":"Almendro","NOMBRE_ESPECIE":"Prunus dulcis","ALTURA":"3,5","MINTDISTRITO":"03","NOMBRE_DISTRITO":"RETIRO","MINTBARRIO":"035","NOMBRE_BARRIO":"LOS JERONIMOS","OBJECTID":9769680}},{"type":"Feature","id":9783008,"geometry":{"type":"Point","coordinates":[-3.6847732057622511,40.410239041039318]},"properties":{"ESA_ESPECIE":"PDU","NOMBRE_COMUN":"Almendro","NOMBRE_ESPECIE":"Prunus dulcis","ALTURA":"1,8","MINTDISTRITO":"03","NOMBRE_DISTRITO":"RETIRO","MINTBARRIO":"035","NOMBRE_BARRIO":"LOS JERONIMOS","OBJECTID":9783008}},{"type":"Feature","id":9769649,"geometry":{"type":"Point","coordinates":[-3.6848872783923121,40.410285423294141]},"properties":{"ESA_ESPECIE":"PDU","NOMBRE_COMUN":"Almendro","NOMBRE_ESPECIE":"Prunus dulcis","ALTURA":"5,5","MINTDISTRITO":"03","NOMBRE_DISTRITO":"RETIRO","MINTBARRIO":"035","NOMBRE_BARRIO":"LOS JERONIMOS","OBJECTID":9769649}},{"type":"Feature","id":9806812,"geometry":{"type":"Point","coordinates":[-3.6836105823412062,40.41099985656426]},"properties":{"ESA_ESPECIE":"UPU","NOMBRE_COMUN":"Olmo de Siberia","NOMBRE_ESPECIE":"Ulmus pumila","ALTURA":"5,5","MINTDISTRITO":"03","NOMBRE_DISTRITO":"RETIRO","MINTBARRIO":"035","NOMBRE_BARRIO":"LOS JERONIMOS","OBJECTID":9806812}},{"type":"Feature","id":9806929,"geometry":{"type":"Point","coordinates":[-3.68373042463219,40.411167806492472]},"properties":{"ESA_ESPECIE":"GTR","NOMBRE_COMUN":"Acacia de tres espinas","NOMBRE_ESPECIE":"Gleditsia triacanthos","ALTURA":"11","MINTDISTRITO":"03","NOMBRE_DISTRITO":"RETIRO","MINTBARRIO":"035","NOMBRE_BARRIO":"LOS JERONIMOS","OBJECTID":9806929}},{"type":"Feature","id":9773639,"geometry":{"type":"Point","coordinates":[-3.6836911017369665,40.412395937366249]},"properties":{"ESA_ESPECIE":"AHI","NOMBRE_COMUN":"Castaño de indias","NOMBRE_ESPECIE":"Aesculus hippocastanum","ALTURA":"13","MINTDISTRITO":"03","NOMBRE_DISTRITO":"RETIRO","MINTBARRIO":"035","NOMBRE_BARRIO":"LOS JERONIMOS","OBJECTID":9773639}},{"type":"Feature","id":9799109,"geometry":{"type":"Point","coordinates":[-3.6883044124027009,40.410641331375551]},"properties":{"ESA_ESPECIE":"TFO","NOMBRE_COMUN":"Palma de Fortune","NOMBRE_ESPECIE":"Trachycarpus fortunei","ALTURA":"4","MINTDISTRITO":"03","NOMBRE_DISTRITO":"RETIRO","MINTBARRIO":"035","NOMBRE_BARRIO":"LOS JERONIMOS","OBJECTID":9799109}},{"type":"Feature","id":9783125,"geometry":{"type":"Point","coordinates":[-3.6882812446206907,40.410691397486126]},"properties":{"ESA_ESPECIE":"TFO","NOMBRE_COMUN":"Palma de Fortune","NOMBRE_ESPECIE":"Trachycarpus fortunei","ALTURA":"3,5","MINTDISTRITO":"03","NOMBRE_DISTRITO":"RETIRO","MINTBARRIO":"035","NOMBRE_BARRIO":"LOS JERONIMOS","OBJECTID":9783125}},{"type":"Feature","id":9813101,"geometry":{"type":"Point","coordinates":[-3.6879878862506001,40.410613152042792]},"properties":{"ESA_ESPECIE":"AHI","NOMBRE_COMUN":"Castaño de indias","NOMBRE_ESPECIE":"Aesculus hippocastanum","ALTURA":"2,5","MINTDISTRITO":"03","NOMBRE_DISTRITO":"RETIRO","MINTBARRIO":"035","NOMBRE_BARRIO":"LOS JERONIMOS","OBJECTID":9813101}},{"type":"Feature","id":9765149,"geometry":{"type":"Point","coordinates":[-3.6884266344318646,40.409808815465738]},"properties":{"ESA_ESPECIE":"SJA","NOMBRE_COMUN":"Acacia del Japón/Sophora japonica","NOMBRE_ESPECIE":"Styphnolobium japonicum","ALTURA":"6,5","MINTDISTRITO":"03","NOMBRE_DISTRITO":"RETIRO","MINTBARRIO":"035","NOMBRE_BARRIO":"LOS JERONIMOS","OBJECTID":9765149}},{"type":"Feature","id":9898874,"geometry":{"type":"Point","coordinates":[-3.6854025954263836,40.409825880638486]},"properties":{"ESA_ESPECIE":"MEA","NOMBRE_COMUN":"Cinamomo","NOMBRE_ESPECIE":"Melia azedarach","ALTURA":"5","MINTDISTRITO":"03","NOMBRE_DISTRITO":"RETIRO","MINTBARRIO":"035","NOMBRE_BARRIO":"LOS JERONIMOS","OBJECTID":9898874}},{"type":"Feature","id":9783002,"geometry":{"type":"Point","coordinates":[-3.6851804265715411,40.410235364554254]},"properties":{"ESA_ESPECIE":"PDU","NOMBRE_COMUN":"Almendro","NOMBRE_ESPECIE":"Prunus dulcis","ALTURA":"1,8","MINTDISTRITO":"03","NOMBRE_DISTRITO":"RETIRO","MINTBARRIO":"035","NOMBRE_BARRIO":"LOS JERONIMOS","OBJECTID":9783002}},{"type":"Feature","id":9776982,"geometry":{"type":"Point","coordinates":[-3.6885773085591071,40.419129673078025]},"properties":{"ESA_ESPECIE":"AHI","NOMBRE_COMUN":"Castaño de indias","NOMBRE_ESPECIE":"Aesculus hippocastanum","ALTURA":"8,5","MINTDISTRITO":"03","NOMBRE_DISTRITO":"RETIRO","MINTBARRIO":"035","NOMBRE_BARRIO":"LOS JERONIMOS","OBJECTID":9776982}},{"type":"Feature","id":9776318,"geometry":{"type":"Point","coordinates":[-3.6884030609491623,40.418531158845923]},"properties":{"ESA_ESPECIE":"AHI","NOMBRE_COMUN":"Castaño de indias","NOMBRE_ESPECIE":"Aesculus hippocastanum","ALTURA":"10,5","MINTDISTRITO":"03","NOMBRE_DISTRITO":"RETIRO","MINTBARRIO":"035","NOMBRE_BARRIO":"LOS JERONIMOS","OBJECTID":9776318}},{"type":"Feature","id":9807127,"geometry":{"type":"Point","coordinates":[-3.6880846524454416,40.41761610465155]},"properties":{"ESA_ESPECIE":"PPI","NOMBRE_COMUN":"Pino piñonero","NOMBRE_ESPECIE":"Pinus pinea","ALTURA":"18","MINTDISTRITO":"03","NOMBRE_DISTRITO":"RETIRO","MINTBARRIO":"035","NOMBRE_BARRIO":"LOS JERONIMOS","OBJECTID":9807127}},{"type":"Feature","id":9801548,"geometry":{"type":"Point","coordinates":[-3.6886791702639994,40.414173405661877]},"properties":{"ESA_ESPECIE":"AHI","NOMBRE_COMUN":"Castaño de indias","NOMBRE_ESPECIE":"Aesculus hippocastanum","ALTURA":"10","MINTDISTRITO":"03","NOMBRE_DISTRITO":"RETIRO","MINTBARRIO":"035","NOMBRE_BARRIO":"LOS JERONIMOS","OBJECTID":9801548}},{"type":"Feature","id":9802876,"geometry":{"type":"Point","coordinates":[-3.6886090245699052,40.414157967532923]},"properties":{"ESA_ESPECIE":"LJA","NOMBRE_COMUN":"Aligustre del Japón","NOMBRE_ESPECIE":"Ligustrum japonicum","ALTURA":"9","MINTDISTRITO":"03","NOMBRE_DISTRITO":"RETIRO","MINTBARRIO":"035","NOMBRE_BARRIO":"LOS JERONIMOS","OBJECTID":9802876}},{"type":"Feature","id":9803045,"geometry":{"type":"Point","coordinates":[-3.6886942609969324,40.414595750164764]},"properties":{"ESA_ESPECIE":"PAV","NOMBRE_COMUN":"Cerezo silvestre","NOMBRE_ESPECIE":"Prunus avium","ALTURA":"7,5","MINTDISTRITO":"03","NOMBRE_DISTRITO":"RETIRO","MINTBARRIO":"035","NOMBRE_BARRIO":"LOS JERONIMOS","OBJECTID":9803045}},{"type":"Feature","id":9768252,"geometry":{"type":"Point","coordinates":[-3.6774593329643537,40.412950550333413]},"properties":{"ESA_ESPECIE":"CAT","NOMBRE_COMUN":"Cedro del Atlas","NOMBRE_ESPECIE":"Cedrus atlantica","ALTURA":"20","MINTDISTRITO":"03","NOMBRE_DISTRITO":"RETIRO","MINTBARRIO":"035","NOMBRE_BARRIO":"LOS JERONIMOS","OBJECTID":9768252}},{"type":"Feature","id":9800291,"geometry":{"type":"Point","coordinates":[-3.6777757597839313,40.414253261091446]},"properties":{"ESA_ESPECIE":"CAT","NOMBRE_COMUN":"Cedro del Atlas","NOMBRE_ESPECIE":"Cedrus atlantica","ALTURA":"20","MINTDISTRITO":"03","NOMBRE_DISTRITO":"RETIRO","MINTBARRIO":"035","NOMBRE_BARRIO":"LOS JERONIMOS","OBJECTID":9800291}},{"type":"Feature","id":9906846,"geometry":{"type":"Point","coordinates":[-3.6781675798843829,40.409066367639113]},"properties":{"ESA_ESPECIE":"CSI","NOMBRE_COMUN":"Árbol del amor","NOMBRE_ESPECIE":"Cercis siliquastrum","ALTURA":"4","MINTDISTRITO":"03","NOMBRE_DISTRITO":"RETIRO","MINTBARRIO":"035","NOMBRE_BARRIO":"LOS JERONIMOS","OBJECTID":9906846}},{"type":"Feature","id":9813696,"geometry":{"type":"Point","coordinates":[-3.678489698110571,40.410419981161596]},"properties":{"ESA_ESPECIE":"PDA","NOMBRE_COMUN":"Plátano de sombra/Platanus x hybrida","NOMBRE_ESPECIE":"Platanus x hispanica","ALTURA":"5,5","MINTDISTRITO":"03","NOMBRE_DISTRITO":"RETIRO","MINTBARRIO":"035","NOMBRE_BARRIO":"LOS JERONIMOS","OBJECTID":9813696}},{"type":"Feature","id":9769085,"geometry":{"type":"Point","coordinates":[-3.6782077993072102,40.41251273663584]},"properties":{"ESA_ESPECIE":"PPI","NOMBRE_COMUN":"Pino piñonero","NOMBRE_ESPECIE":"Pinus pinea","ALTURA":"17","MINTDISTRITO":"03","NOMBRE_DISTRITO":"RETIRO","MINTBARRIO":"035","NOMBRE_BARRIO":"LOS JERONIMOS","OBJECTID":9769085}},{"type":"Feature","id":9778162,"geometry":{"type":"Point","coordinates":[-3.6778655447776463,40.409377158638861]},"properties":{"ESA_ESPECIE":"PGR","NOMBRE_COMUN":"Granado","NOMBRE_ESPECIE":"Punica granatum","ALTURA":"3","MINTDISTRITO":"03","NOMBRE_DISTRITO":"RETIRO","MINTBARRIO":"035","NOMBRE_BARRIO":"LOS JERONIMOS","OBJECTID":9778162}},{"type":"Feature","id":9801717,"geometry":{"type":"Point","coordinates":[-3.6777678956667326,40.411490094447394]},"properties":{"ESA_ESPECIE":"CSI","NOMBRE_COMUN":"Árbol del amor","NOMBRE_ESPECIE":"Cercis siliquastrum","ALTURA":"1,5","MINTDISTRITO":"03","NOMBRE_DISTRITO":"RETIRO","MINTBARRIO":"035","NOMBRE_BARRIO":"LOS JERONIMOS","OBJECTID":9801717}},{"type":"Feature","id":9801053,"geometry":{"type":"Point","coordinates":[-3.6779206000261899,40.41188514729847]},"properties":{"ESA_ESPECIE":"QIL","NOMBRE_COMUN":"Encina","NOMBRE_ESPECIE":"Quercus ilex","ALTURA":"12","MINTDISTRITO":"03","NOMBRE_DISTRITO":"RETIRO","MINTBARRIO":"035","NOMBRE_BARRIO":"LOS JERONIMOS","OBJECTID":9801053}},{"type":"Feature","id":9776905,"geometry":{"type":"Point","coordinates":[-3.6874389552698599,40.419017437778962]},"properties":{"ESA_ESPECIE":"AHI","NOMBRE_COMUN":"Castaño de indias","NOMBRE_ESPECIE":"Aesculus hippocastanum","ALTURA":"11,5","MINTDISTRITO":"03","NOMBRE_DISTRITO":"RETIRO","MINTBARRIO":"035","NOMBRE_BARRIO":"LOS JERONIMOS","OBJECTID":9776905}},{"type":"Feature","id":9783572,"geometry":{"type":"Point","coordinates":[-3.6873085943532287,40.418086211822185]},"properties":{"ESA_ESPECIE":"GTR","NOMBRE_COMUN":"Acacia de tres espinas","NOMBRE_ESPECIE":"Gleditsia triacanthos","ALTURA":"3","MINTDISTRITO":"03","NOMBRE_DISTRITO":"RETIRO","MINTBARRIO":"035","NOMBRE_BARRIO":"LOS JERONIMOS","OBJECTID":9783572}},{"type":"Feature","id":9806881,"geometry":{"type":"Point","coordinates":[-3.6873445931282522,40.417953778356278]},"properties":{"ESA_ESPECIE":"AHI","NOMBRE_COMUN":"Castaño de indias","NOMBRE_ESPECIE":"Aesculus hippocastanum","ALTURA":"14","MINTDISTRITO":"03","NOMBRE_DISTRITO":"RETIRO","MINTBARRIO":"035","NOMBRE_BARRIO":"LOS JERONIMOS","OBJECTID":9806881}},{"type":"Feature","id":9776241,"geometry":{"type":"Point","coordinates":[-3.6875143006257685,40.418526537379819]},"properties":{"ESA_ESPECIE":"AHI","NOMBRE_COMUN":"Castaño de indias","NOMBRE_ESPECIE":"Aesculus hippocastanum","ALTURA":"5","MINTDISTRITO":"03","NOMBRE_DISTRITO":"RETIRO","MINTBARRIO":"035","NOMBRE_BARRIO":"LOS JERONIMOS","OBJECTID":9776241}},{"type":"Feature","id":9775823,"geometry":{"type":"Point","coordinates":[-3.6875712755345877,40.417959889980324]},"properties":{"ESA_ESPECIE":"PAR","NOMBRE_COMUN":"Peral de flor 'Chanticleer'","NOMBRE_ESPECIE":"Pyrus calleryana 'Chanticleer'","ALTURA":"6","MINTDISTRITO":"03","NOMBRE_DISTRITO":"RETIRO","MINTBARRIO":"035","NOMBRE_BARRIO":"LOS JERONIMOS","OBJECTID":9775823}},{"type":"Feature","id":9813032,"geometry":{"type":"Point","coordinates":[-3.6784811468651015,40.408514650877727]},"properties":{"ESA_ESPECIE":"UMI","NOMBRE_COMUN":"Olmo común","NOMBRE_ESPECIE":"Ulmus minor","ALTURA":"8","MINTDISTRITO":"03","NOMBRE_DISTRITO":"RETIRO","MINTBARRIO":"035","NOMBRE_BARRIO":"LOS JERONIMOS","OBJECTID":9813032}},{"type":"Feature","id":9778995,"geometry":{"type":"Point","coordinates":[-3.6863465433518989,40.419993391199512]},"properties":{"ESA_ESPECIE":"SJA","NOMBRE_COMUN":"Acacia del Japón/Sophora japonica","NOMBRE_ESPECIE":"Styphnolobium japonicum","ALTURA":"14","MINTDISTRITO":"03","NOMBRE_DISTRITO":"RETIRO","MINTBARRIO":"035","NOMBRE_BARRIO":"LOS JERONIMOS","OBJECTID":9778995}},{"type":"Feature","id":9777151,"geometry":{"type":"Point","coordinates":[-3.6863688581365976,40.419915780956394]},"properties":{"ESA_ESPECIE":"UPU","NOMBRE_COMUN":"Olmo de Siberia","NOMBRE_ESPECIE":"Ulmus pumila","ALTURA":"13","MINTDISTRITO":"03","NOMBRE_DISTRITO":"RETIRO","MINTBARRIO":"035","NOMBRE_BARRIO":"LOS JERONIMOS","OBJECTID":9777151}},{"type":"Feature","id":9808286,"geometry":{"type":"Point","coordinates":[-3.6858034629006657,40.419217457777457]},"properties":{"ESA_ESPECIE":"AHI","NOMBRE_COMUN":"Castaño de indias","NOMBRE_ESPECIE":"Aesculus hippocastanum","ALTURA":"13","MINTDISTRITO":"03","NOMBRE_DISTRITO":"RETIRO","MINTBARRIO":"035","NOMBRE_BARRIO":"LOS JERONIMOS","OBJECTID":9808286}},{"type":"Feature","id":9808209,"geometry":{"type":"Point","coordinates":[-3.685872602383959,40.419075326360165]},"properties":{"ESA_ESPECIE":"ABP","NOMBRE_COMUN":"Pinsapo","NOMBRE_ESPECIE":"Abies pinsapo","ALTURA":"13,5","MINTDISTRITO":"03","NOMBRE_DISTRITO":"RETIRO","MINTBARRIO":"035","NOMBRE_BARRIO":"LOS JERONIMOS","OBJECTID":9808209}},{"type":"Feature","id":9806958,"geometry":{"type":"Point","coordinates":[-3.6861140551184386,40.41846620661898]},"properties":{"ESA_ESPECIE":"TIP","NOMBRE_COMUN":"Tilo de hojas grandes","NOMBRE_ESPECIE":"Tilia platyphyllos","ALTURA":"5","MINTDISTRITO":"03","NOMBRE_DISTRITO":"RETIRO","MINTBARRIO":"035","NOMBRE_BARRIO":"LOS JERONIMOS","OBJECTID":9806958}},{"type":"Feature","id":9814778,"geometry":{"type":"Point","coordinates":[-3.6865262432014867,40.418962437432434]},"properties":{"ESA_ESPECIE":"PTR","NOMBRE_COMUN":"Álamo temblón","NOMBRE_ESPECIE":"Populus tremula","ALTURA":"9","MINTDISTRITO":"03","NOMBRE_DISTRITO":"RETIRO","MINTBARRIO":"035","NOMBRE_BARRIO":"LOS JERONIMOS","OBJECTID":9814778}},{"type":"Feature","id":9777080,"geometry":{"type":"Point","coordinates":[-3.6839750294492699,40.418888431974892]},"properties":{"ESA_ESPECIE":"PDA","NOMBRE_COMUN":"Plátano de sombra/Platanus x hybrida","NOMBRE_ESPECIE":"Platanus x hispanica","ALTURA":"14","MINTDISTRITO":"03","NOMBRE_DISTRITO":"RETIRO","MINTBARRIO":"035","NOMBRE_BARRIO":"LOS JERONIMOS","OBJECTID":9777080}},{"type":"Feature","id":9779659,"geometry":{"type":"Point","coordinates":[-3.684891669607365,40.418543004168768]},"properties":{"ESA_ESPECIE":"TIP","NOMBRE_COMUN":"Tilo de hojas grandes","NOMBRE_ESPECIE":"Tilia platyphyllos","ALTURA":"18","MINTDISTRITO":"03","NOMBRE_DISTRITO":"RETIRO","MINTBARRIO":"035","NOMBRE_BARRIO":"LOS JERONIMOS","OBJECTID":9779659}},{"type":"Feature","id":9807622,"geometry":{"type":"Point","coordinates":[-3.6852424221257349,40.419308451398813]},"properties":{"ESA_ESPECIE":"PDA","NOMBRE_COMUN":"Plátano de sombra/Platanus x hybrida","NOMBRE_ESPECIE":"Platanus x hispanica","ALTURA":"8","MINTDISTRITO":"03","NOMBRE_DISTRITO":"RETIRO","MINTBARRIO":"035","NOMBRE_BARRIO":"LOS JERONIMOS","OBJECTID":9807622}},{"type":"Feature","id":9778897,"geometry":{"type":"Point","coordinates":[-3.6850529887523922,40.420402145749641]},"properties":{"ESA_ESPECIE":"AHI","NOMBRE_COMUN":"Castaño de indias","NOMBRE_ESPECIE":"Aesculus hippocastanum","ALTURA":"12","MINTDISTRITO":"03","NOMBRE_DISTRITO":"RETIRO","MINTBARRIO":"035","NOMBRE_BARRIO":"LOS JERONIMOS","OBJECTID":9778897}},{"type":"Feature","id":9777744,"geometry":{"type":"Point","coordinates":[-3.6855438405778762,40.420066982752026]},"properties":{"ESA_ESPECIE":"AHI","NOMBRE_COMUN":"Castaño de indias","NOMBRE_ESPECIE":"Aesculus hippocastanum","ALTURA":"4","MINTDISTRITO":"03","NOMBRE_DISTRITO":"RETIRO","MINTBARRIO":"035","NOMBRE_BARRIO":"LOS JERONIMOS","OBJECTID":9777744}},{"type":"Feature","id":9751011,"geometry":{"type":"Point","coordinates":[-3.6865846360016854,40.420131469929146]},"properties":{"ESA_ESPECIE":"UPU","NOMBRE_COMUN":"Olmo de Siberia","NOMBRE_ESPECIE":"Ulmus pumila","ALTURA":"13","MINTDISTRITO":"03","NOMBRE_DISTRITO":"RETIRO","MINTBARRIO":"035","NOMBRE_BARRIO":"LOS JERONIMOS","OBJECTID":9751011}},{"type":"Feature","id":9782146,"geometry":{"type":"Point","coordinates":[-3.682929523354439,40.419772724024135]},"properties":{"ESA_ESPECIE":"AHI","NOMBRE_COMUN":"Castaño de indias","NOMBRE_ESPECIE":"Aesculus hippocastanum","ALTURA":"11","MINTDISTRITO":"03","NOMBRE_DISTRITO":"RETIRO","MINTBARRIO":"035","NOMBRE_BARRIO":"LOS JERONIMOS","OBJECTID":9782146}},{"type":"Feature","id":9811704,"geometry":{"type":"Point","coordinates":[-3.683013960659296,40.419542296395996]},"properties":{"ESA_ESPECIE":"AHI","NOMBRE_COMUN":"Castaño de indias","NOMBRE_ESPECIE":"Aesculus hippocastanum","ALTURA":"13","MINTDISTRITO":"03","NOMBRE_DISTRITO":"RETIRO","MINTBARRIO":"035","NOMBRE_BARRIO":"LOS JERONIMOS","OBJECTID":9811704}},{"type":"Feature","id":9811458,"geometry":{"type":"Point","coordinates":[-3.6825236617138608,40.419524813418676]},"properties":{"ESA_ESPECIE":"ANE","NOMBRE_COMUN":"Arce negundo","NOMBRE_ESPECIE":"Acer negundo","ALTURA":"12","MINTDISTRITO":"03","NOMBRE_DISTRITO":"RETIRO","MINTBARRIO":"035","NOMBRE_BARRIO":"LOS JERONIMOS","OBJECTID":9811458}},{"type":"Feature","id":9810865,"geometry":{"type":"Point","coordinates":[-3.6824674474706978,40.420501140044536]},"properties":{"ESA_ESPECIE":"AMO","NOMBRE_COMUN":"Arce de Montpellier","NOMBRE_ESPECIE":"Acer monspessulanum","ALTURA":"6","MINTDISTRITO":"03","NOMBRE_DISTRITO":"RETIRO","MINTBARRIO":"035","NOMBRE_BARRIO":"LOS JERONIMOS","OBJECTID":9810865}},{"type":"Feature","id":9782810,"geometry":{"type":"Point","coordinates":[-3.6836216695960706,40.420688817170742]},"properties":{"ESA_ESPECIE":"APS","NOMBRE_COMUN":"Falso plátano","NOMBRE_ESPECIE":"Acer pseudoplatanus","ALTURA":"5,5","MINTDISTRITO":"03","NOMBRE_DISTRITO":"RETIRO","MINTBARRIO":"035","NOMBRE_BARRIO":"LOS JERONIMOS","OBJECTID":9782810}},{"type":"Feature","id":9766995,"geometry":{"type":"Point","coordinates":[-3.6843036228306811,40.419634840972044]},"properties":{"ESA_ESPECIE":"TFO","NOMBRE_COMUN":"Palma de Fortune","NOMBRE_ESPECIE":"Trachycarpus fortunei","ALTURA":null,"MINTDISTRITO":"03","NOMBRE_DISTRITO":"RETIRO","MINTBARRIO":"035","NOMBRE_BARRIO":"LOS JERONIMOS","OBJECTID":9766995}},{"type":"Feature","id":9781728,"geometry":{"type":"Point","coordinates":[-3.6818620379352653,40.419970196591763]},"properties":{"ESA_ESPECIE":"PDA","NOMBRE_COMUN":"Plátano de sombra/Platanus x hybrida","NOMBRE_ESPECIE":"Platanus x hispanica","ALTURA":"16","MINTDISTRITO":"03","NOMBRE_DISTRITO":"RETIRO","MINTBARRIO":"035","NOMBRE_BARRIO":"LOS JERONIMOS","OBJECTID":9781728}},{"type":"Feature","id":9809614,"geometry":{"type":"Point","coordinates":[-3.6812054551534401,40.419089658112654]},"properties":{"ESA_ESPECIE":"TIT","NOMBRE_COMUN":"Tilo plateado","NOMBRE_ESPECIE":"Tilia tomentosa","ALTURA":"4,5","MINTDISTRITO":"03","NOMBRE_DISTRITO":"RETIRO","MINTBARRIO":"035","NOMBRE_BARRIO":"LOS JERONIMOS","OBJECTID":9809614}},{"type":"Feature","id":9779736,"geometry":{"type":"Point","coordinates":[-3.6815138451202243,40.418948011265535]},"properties":{"ESA_ESPECIE":"AHI","NOMBRE_COMUN":"Castaño de indias","NOMBRE_ESPECIE":"Aesculus hippocastanum","ALTURA":"16,5","MINTDISTRITO":"03","NOMBRE_DISTRITO":"RETIRO","MINTBARRIO":"035","NOMBRE_BARRIO":"LOS JERONIMOS","OBJECTID":9779736}},{"type":"Feature","id":9764834,"geometry":{"type":"Point","coordinates":[-3.6821463973600199,40.418794730687722]},"properties":{"ESA_ESPECIE":"CSI","NOMBRE_COMUN":"Árbol del amor","NOMBRE_ESPECIE":"Cercis siliquastrum","ALTURA":"9","MINTDISTRITO":"03","NOMBRE_DISTRITO":"RETIRO","MINTBARRIO":"035","NOMBRE_BARRIO":"LOS JERONIMOS","OBJECTID":9764834}},{"type":"Feature","id":9808455,"geometry":{"type":"Point","coordinates":[-3.6827904689028506,40.418046250020261]},"properties":{"ESA_ESPECIE":"QIL","NOMBRE_COMUN":"Encina","NOMBRE_ESPECIE":"Quercus ilex","ALTURA":"9","MINTDISTRITO":"03","NOMBRE_DISTRITO":"RETIRO","MINTBARRIO":"035","NOMBRE_BARRIO":"LOS JERONIMOS","OBJECTID":9808455}},{"type":"Feature","id":9779490,"geometry":{"type":"Point","coordinates":[-3.6830665842428454,40.418701279421093]},"properties":{"ESA_ESPECIE":"AHI","NOMBRE_COMUN":"Castaño de indias","NOMBRE_ESPECIE":"Aesculus hippocastanum","ALTURA":"16","MINTDISTRITO":"03","NOMBRE_DISTRITO":"RETIRO","MINTBARRIO":"035","NOMBRE_BARRIO":"LOS JERONIMOS","OBJECTID":9779490}},{"type":"Feature","id":9812368,"geometry":{"type":"Point","coordinates":[-3.6786220424432972,40.408607302038789]},"properties":{"ESA_ESPECIE":"ADE","NOMBRE_COMUN":"Mimosa plateada","NOMBRE_ESPECIE":"Acacia dealbata","ALTURA":"5","MINTDISTRITO":"03","NOMBRE_DISTRITO":"RETIRO","MINTBARRIO":"035","NOMBRE_BARRIO":"LOS JERONIMOS","OBJECTID":9812368}},{"type":"Feature","id":9814283,"geometry":{"type":"Point","coordinates":[-3.6795087925665118,40.418602316003046]},"properties":{"ESA_ESPECIE":"APS","NOMBRE_COMUN":"Falso plátano","NOMBRE_ESPECIE":"Acer pseudoplatanus","ALTURA":"5,25","MINTDISTRITO":"03","NOMBRE_DISTRITO":"RETIRO","MINTBARRIO":"035","NOMBRE_BARRIO":"LOS JERONIMOS","OBJECTID":9814283}},{"type":"Feature","id":9799458,"geometry":{"type":"Point","coordinates":[-3.6803725887848628,40.419631978965775]},"properties":{"ESA_ESPECIE":"AHI","NOMBRE_COMUN":"Castaño de indias","NOMBRE_ESPECIE":"Aesculus hippocastanum","ALTURA":"7","MINTDISTRITO":"03","NOMBRE_DISTRITO":"RETIRO","MINTBARRIO":"035","NOMBRE_BARRIO":"LOS JERONIMOS","OBJECTID":9799458}},{"type":"Feature","id":9766331,"geometry":{"type":"Point","coordinates":[-3.6801063031317867,40.419723780299009]},"properties":{"ESA_ESPECIE":"AHI","NOMBRE_COMUN":"Castaño de indias","NOMBRE_ESPECIE":"Aesculus hippocastanum","ALTURA":"8,5","MINTDISTRITO":"03","NOMBRE_DISTRITO":"RETIRO","MINTBARRIO":"035","NOMBRE_BARRIO":"LOS JERONIMOS","OBJECTID":9766331}},{"type":"Feature","id":9782979,"geometry":{"type":"Point","coordinates":[-3.6806605992352357,40.420227410406909]},"properties":{"ESA_ESPECIE":"MFL","NOMBRE_COMUN":"Manzano japonés","NOMBRE_ESPECIE":"Malus floribunda","ALTURA":"3","MINTDISTRITO":"03","NOMBRE_DISTRITO":"RETIRO","MINTBARRIO":"035","NOMBRE_BARRIO":"LOS JERONIMOS","OBJECTID":9782979}},{"type":"Feature","id":9765080,"geometry":{"type":"Point","coordinates":[-3.6811314965002366,40.420177296395444]},"properties":{"ESA_ESPECIE":"CAU","NOMBRE_COMUN":"Almez","NOMBRE_ESPECIE":"Celtis australis","ALTURA":"4","MINTDISTRITO":"03","NOMBRE_DISTRITO":"RETIRO","MINTBARRIO":"035","NOMBRE_BARRIO":"LOS JERONIMOS","OBJECTID":9765080}},{"type":"Feature","id":9898780,"geometry":{"type":"Point","coordinates":[-3.6828280488537182,40.409352912947739]},"properties":{"ESA_ESPECIE":"ANE","NOMBRE_COMUN":"Arce negundo","NOMBRE_ESPECIE":"Acer negundo","ALTURA":"9","MINTDISTRITO":"03","NOMBRE_DISTRITO":"RETIRO","MINTBARRIO":"035","NOMBRE_BARRIO":"LOS JERONIMOS","OBJECTID":9898780}},{"type":"Feature","id":9778826,"geometry":{"type":"Point","coordinates":[-3.6800208721088024,40.409309006477578]},"properties":{"ESA_ESPECIE":"CLE","NOMBRE_COMUN":"Ciprés de Leyland/x Cupressocyparis leylandii","NOMBRE_ESPECIE":"x Cupressocyparis x leylandii","ALTURA":"2","MINTDISTRITO":"03","NOMBRE_DISTRITO":"RETIRO","MINTBARRIO":"035","NOMBRE_BARRIO":"LOS JERONIMOS","OBJECTID":9778826}},{"type":"Feature","id":9782315,"geometry":{"type":"Point","coordinates":[-3.6802293742557937,40.408585793788383]},"properties":{"ESA_ESPECIE":"CLE","NOMBRE_COMUN":"Ciprés de Leyland/x Cupressocyparis leylandii","NOMBRE_ESPECIE":"x Cupressocyparis x leylandii","ALTURA":"4,5","MINTDISTRITO":"03","NOMBRE_DISTRITO":"RETIRO","MINTBARRIO":"035","NOMBRE_BARRIO":"LOS JERONIMOS","OBJECTID":9782315}},{"type":"Feature","id":9812291,"geometry":{"type":"Point","coordinates":[-3.6802293855871357,40.408585748676423]},"properties":{"ESA_ESPECIE":"CLE","NOMBRE_COMUN":"Ciprés de Leyland/x Cupressocyparis leylandii","NOMBRE_ESPECIE":"x Cupressocyparis x leylandii","ALTURA":"4,5","MINTDISTRITO":"03","NOMBRE_DISTRITO":"RETIRO","MINTBARRIO":"035","NOMBRE_BARRIO":"LOS JERONIMOS","OBJECTID":9812291}},{"type":"Feature","id":9812786,"geometry":{"type":"Point","coordinates":[-3.6794607413775493,40.40945849854338]},"properties":{"ESA_ESPECIE":"QIL","NOMBRE_COMUN":"Encina","NOMBRE_ESPECIE":"Quercus ilex","ALTURA":"4","MINTDISTRITO":"03","NOMBRE_DISTRITO":"RETIRO","MINTBARRIO":"035","NOMBRE_BARRIO":"LOS JERONIMOS","OBJECTID":9812786}},{"type":"Feature","id":9813619,"geometry":{"type":"Point","coordinates":[-3.6786583811132298,40.408981955838463]},"properties":{"ESA_ESPECIE":"AHI","NOMBRE_COMUN":"Castaño de indias","NOMBRE_ESPECIE":"Aesculus hippocastanum","ALTURA":"7","MINTDISTRITO":"03","NOMBRE_DISTRITO":"RETIRO","MINTBARRIO":"035","NOMBRE_BARRIO":"LOS JERONIMOS","OBJECTID":9813619}},{"type":"Feature","id":9767588,"geometry":{"type":"Point","coordinates":[-3.6808960718463237,40.411517561776854]},"properties":{"ESA_ESPECIE":"AHI","NOMBRE_COMUN":"Castaño de indias","NOMBRE_ESPECIE":"Aesculus hippocastanum","ALTURA":"8","MINTDISTRITO":"03","NOMBRE_DISTRITO":"RETIRO","MINTBARRIO":"035","NOMBRE_BARRIO":"LOS JERONIMOS","OBJECTID":9767588}},{"type":"Feature","id":9777815,"geometry":{"type":"Point","coordinates":[-3.6822501674941517,40.411930302420281]},"properties":{"ESA_ESPECIE":"AHI","NOMBRE_COMUN":"Castaño de indias","NOMBRE_ESPECIE":"Aesculus hippocastanum","ALTURA":"5","MINTDISTRITO":"03","NOMBRE_DISTRITO":"RETIRO","MINTBARRIO":"035","NOMBRE_BARRIO":"LOS JERONIMOS","OBJECTID":9777815}},{"type":"Feature","id":9811529,"geometry":{"type":"Point","coordinates":[-3.6822756241849919,40.41205503574264]},"properties":{"ESA_ESPECIE":"AHI","NOMBRE_COMUN":"Castaño de indias","NOMBRE_ESPECIE":"Aesculus hippocastanum","ALTURA":"9,5","MINTDISTRITO":"03","NOMBRE_DISTRITO":"RETIRO","MINTBARRIO":"035","NOMBRE_BARRIO":"LOS JERONIMOS","OBJECTID":9811529}},{"type":"Feature","id":9767659,"geometry":{"type":"Point","coordinates":[-3.682533068930304,40.410558355079885]},"properties":{"ESA_ESPECIE":"PHA","NOMBRE_COMUN":"Pino carrasco","NOMBRE_ESPECIE":"Pinus halepensis","ALTURA":"28","MINTDISTRITO":"03","NOMBRE_DISTRITO":"RETIRO","MINTBARRIO":"035","NOMBRE_BARRIO":"LOS JERONIMOS","OBJECTID":9767659}},{"type":"Feature","id":9769749,"geometry":{"type":"Point","coordinates":[-3.6830969767963615,40.410077004179023]},"properties":{"ESA_ESPECIE":"PDU","NOMBRE_COMUN":"Almendro","NOMBRE_ESPECIE":"Prunus dulcis","ALTURA":"4,5","MINTDISTRITO":"03","NOMBRE_DISTRITO":"RETIRO","MINTBARRIO":"035","NOMBRE_BARRIO":"LOS JERONIMOS","OBJECTID":9769749}},{"type":"Feature","id":9812122,"geometry":{"type":"Point","coordinates":[-3.6813898326376266,40.40876877265449]},"properties":{"ESA_ESPECIE":"CAU","NOMBRE_COMUN":"Almez","NOMBRE_ESPECIE":"Celtis australis","ALTURA":"12","MINTDISTRITO":"03","NOMBRE_DISTRITO":"RETIRO","MINTBARRIO":"035","NOMBRE_BARRIO":"LOS JERONIMOS","OBJECTID":9812122}},{"type":"Feature","id":9778408,"geometry":{"type":"Point","coordinates":[-3.6791137334221786,40.410018756678795]},"properties":{"ESA_ESPECIE":"CSI","NOMBRE_COMUN":"Árbol del amor","NOMBRE_ESPECIE":"Cercis siliquastrum","ALTURA":"4,5","MINTDISTRITO":"03","NOMBRE_DISTRITO":"RETIRO","MINTBARRIO":"035","NOMBRE_BARRIO":"LOS JERONIMOS","OBJECTID":9778408}},{"type":"Feature","id":9765003,"geometry":{"type":"Point","coordinates":[-3.679315272998529,40.41094965004816]},"properties":{"ESA_ESPECIE":"PPI","NOMBRE_COMUN":"Pino piñonero","NOMBRE_ESPECIE":"Pinus pinea","ALTURA":"6","MINTDISTRITO":"03","NOMBRE_DISTRITO":"RETIRO","MINTBARRIO":"035","NOMBRE_BARRIO":"LOS JERONIMOS","OBJECTID":9765003}},{"type":"Feature","id":9814114,"geometry":{"type":"Point","coordinates":[-3.6798081575126509,40.410020450619264]},"properties":{"ESA_ESPECIE":"PDA","NOMBRE_COMUN":"Plátano de sombra/Platanus x hybrida","NOMBRE_ESPECIE":"Platanus x hispanica","ALTURA":"9","MINTDISTRITO":"03","NOMBRE_DISTRITO":"RETIRO","MINTBARRIO":"035","NOMBRE_BARRIO":"LOS JERONIMOS","OBJECTID":9814114}},{"type":"Feature","id":9812955,"geometry":{"type":"Point","coordinates":[-3.6798600164334583,40.409738342286815]},"properties":{"ESA_ESPECIE":"CSE","NOMBRE_COMUN":"Ciprés común","NOMBRE_ESPECIE":"Cupressus sempervirens","ALTURA":"9","MINTDISTRITO":"03","NOMBRE_DISTRITO":"RETIRO","MINTBARRIO":"035","NOMBRE_BARRIO":"LOS JERONIMOS","OBJECTID":9812955}},{"type":"Feature","id":9800884,"geometry":{"type":"Point","coordinates":[-3.680597968153319,40.410343103271678]},"properties":{"ESA_ESPECIE":"PHA","NOMBRE_COMUN":"Pino carrasco","NOMBRE_ESPECIE":"Pinus halepensis","ALTURA":"5","MINTDISTRITO":"03","NOMBRE_DISTRITO":"RETIRO","MINTBARRIO":"035","NOMBRE_BARRIO":"LOS JERONIMOS","OBJECTID":9800884}},{"type":"Feature","id":9777569,"geometry":{"type":"Point","coordinates":[-3.6800352922081006,40.411811728434024]},"properties":{"ESA_ESPECIE":"SJA","NOMBRE_COMUN":"Acacia del Japón/Sophora japonica","NOMBRE_ESPECIE":"Styphnolobium japonicum","ALTURA":"5","MINTDISTRITO":"03","NOMBRE_DISTRITO":"RETIRO","MINTBARRIO":"035","NOMBRE_BARRIO":"LOS JERONIMOS","OBJECTID":9777569}},{"type":"Feature","id":9780323,"geometry":{"type":"Point","coordinates":[-3.6801352601690853,40.415233229849967]},"properties":{"ESA_ESPECIE":"PDA","NOMBRE_COMUN":"Plátano de sombra/Platanus x hybrida","NOMBRE_ESPECIE":"Platanus x hispanica","ALTURA":"16","MINTDISTRITO":"03","NOMBRE_DISTRITO":"RETIRO","MINTBARRIO":"035","NOMBRE_BARRIO":"LOS JERONIMOS","OBJECTID":9780323}},{"type":"Feature","id":9766162,"geometry":{"type":"Point","coordinates":[-3.679403683449507,40.416824565562521]},"properties":{"ESA_ESPECIE":"LLU","NOMBRE_COMUN":"Aligustre arbóreo","NOMBRE_ESPECIE":"Ligustrum lucidum","ALTURA":"6","MINTDISTRITO":"03","NOMBRE_DISTRITO":"RETIRO","MINTBARRIO":"035","NOMBRE_BARRIO":"LOS JERONIMOS","OBJECTID":9766162}},{"type":"Feature","id":9799627,"geometry":{"type":"Point","coordinates":[-3.6796215607710292,40.417719018750105]},"properties":{"ESA_ESPECIE":"AHI","NOMBRE_COMUN":"Castaño de indias","NOMBRE_ESPECIE":"Aesculus hippocastanum","ALTURA":"5","MINTDISTRITO":"03","NOMBRE_DISTRITO":"RETIRO","MINTBARRIO":"035","NOMBRE_BARRIO":"LOS JERONIMOS","OBJECTID":9799627}},{"type":"Feature","id":9810376,"geometry":{"type":"Point","coordinates":[-3.6806771486566312,40.414443217233419]},"properties":{"ESA_ESPECIE":"AHI","NOMBRE_COMUN":"Castaño de indias","NOMBRE_ESPECIE":"Aesculus hippocastanum","ALTURA":"13","MINTDISTRITO":"03","NOMBRE_DISTRITO":"RETIRO","MINTBARRIO":"035","NOMBRE_BARRIO":"LOS JERONIMOS","OBJECTID":9810376}},{"type":"Feature","id":9781482,"geometry":{"type":"Point","coordinates":[-3.6805796997055333,40.412832584584713]},"properties":{"ESA_ESPECIE":"AHI","NOMBRE_COMUN":"Castaño de indias","NOMBRE_ESPECIE":"Aesculus hippocastanum","ALTURA":"14","MINTDISTRITO":"03","NOMBRE_DISTRITO":"RETIRO","MINTBARRIO":"035","NOMBRE_BARRIO":"LOS JERONIMOS","OBJECTID":9781482}},{"type":"Feature","id":9781064,"geometry":{"type":"Point","coordinates":[-3.6797425328265425,40.412504714909709]},"properties":{"ESA_ESPECIE":"PPI","NOMBRE_COMUN":"Pino piñonero","NOMBRE_ESPECIE":"Pinus pinea","ALTURA":"22","MINTDISTRITO":"03","NOMBRE_DISTRITO":"RETIRO","MINTBARRIO":"035","NOMBRE_BARRIO":"LOS JERONIMOS","OBJECTID":9781064}},{"type":"Feature","id":9779072,"geometry":{"type":"Point","coordinates":[-3.6826709591210816,40.416133785206277]},"properties":{"ESA_ESPECIE":"AHI","NOMBRE_COMUN":"Castaño de indias","NOMBRE_ESPECIE":"Aesculus hippocastanum","ALTURA":"5,5","MINTDISTRITO":"03","NOMBRE_DISTRITO":"RETIRO","MINTBARRIO":"035","NOMBRE_BARRIO":"LOS JERONIMOS","OBJECTID":9779072}},{"type":"Feature","id":9808873,"geometry":{"type":"Point","coordinates":[-3.6817487113103167,40.416866275343466]},"properties":{"ESA_ESPECIE":"AHI","NOMBRE_COMUN":"Castaño de indias","NOMBRE_ESPECIE":"Aesculus hippocastanum","ALTURA":"12","MINTDISTRITO":"03","NOMBRE_DISTRITO":"RETIRO","MINTBARRIO":"035","NOMBRE_BARRIO":"LOS JERONIMOS","OBJECTID":9808873}},{"type":"Feature","id":9809119,"geometry":{"type":"Point","coordinates":[-3.6814229357640653,40.416624924503196]},"properties":{"ESA_ESPECIE":"SSE","NOMBRE_COMUN":"Secuoya","NOMBRE_ESPECIE":"Sequoia sempervirens","ALTURA":"24","MINTDISTRITO":"03","NOMBRE_DISTRITO":"RETIRO","MINTBARRIO":"035","NOMBRE_BARRIO":"LOS JERONIMOS","OBJECTID":9809119}},{"type":"Feature","id":9808950,"geometry":{"type":"Point","coordinates":[-3.6810604848118191,40.416295040625428]},"properties":{"ESA_ESPECIE":"AHI","NOMBRE_COMUN":"Castaño de indias","NOMBRE_ESPECIE":"Aesculus hippocastanum","ALTURA":"3,5","MINTDISTRITO":"03","NOMBRE_DISTRITO":"RETIRO","MINTBARRIO":"035","NOMBRE_BARRIO":"LOS JERONIMOS","OBJECTID":9808950}},{"type":"Feature","id":9809537,"geometry":{"type":"Point","coordinates":[-3.6814703511162361,40.416417797255555]},"properties":{"ESA_ESPECIE":"TFO","NOMBRE_COMUN":"Palma de Fortune","NOMBRE_ESPECIE":"Trachycarpus fortunei","ALTURA":"8","MINTDISTRITO":"03","NOMBRE_DISTRITO":"RETIRO","MINTBARRIO":"035","NOMBRE_BARRIO":"LOS JERONIMOS","OBJECTID":9809537}},{"type":"Feature","id":9780818,"geometry":{"type":"Point","coordinates":[-3.6815943516081466,40.415830496050056]},"properties":{"ESA_ESPECIE":"RPS","NOMBRE_COMUN":"Falsa acacia","NOMBRE_ESPECIE":"Robinia pseudoacacia","ALTURA":"16","MINTDISTRITO":"03","NOMBRE_DISTRITO":"RETIRO","MINTBARRIO":"035","NOMBRE_BARRIO":"LOS JERONIMOS","OBJECTID":9780818}},{"type":"Feature","id":9811040,"geometry":{"type":"Point","coordinates":[-3.6831926733562326,40.413049562641831]},"properties":{"ESA_ESPECIE":"AHI","NOMBRE_COMUN":"Castaño de indias","NOMBRE_ESPECIE":"Aesculus hippocastanum","ALTURA":"17","MINTDISTRITO":"03","NOMBRE_DISTRITO":"RETIRO","MINTBARRIO":"035","NOMBRE_BARRIO":"LOS JERONIMOS","OBJECTID":9811040}},{"type":"Feature","id":9781651,"geometry":{"type":"Point","coordinates":[-3.6815893335120444,40.412662942540329]},"properties":{"ESA_ESPECIE":"LJA","NOMBRE_COMUN":"Aligustre del Japón","NOMBRE_ESPECIE":"Ligustrum japonicum","ALTURA":"10","MINTDISTRITO":"03","NOMBRE_DISTRITO":"RETIRO","MINTBARRIO":"035","NOMBRE_BARRIO":"LOS JERONIMOS","OBJECTID":9781651}},{"type":"Feature","id":9809783,"geometry":{"type":"Point","coordinates":[-3.6820321209736551,40.414128122578425]},"properties":{"ESA_ESPECIE":"PDA","NOMBRE_COMUN":"Plátano de sombra/Platanus x hybrida","NOMBRE_ESPECIE":"Platanus x hispanica","ALTURA":"18,5","MINTDISTRITO":"03","NOMBRE_DISTRITO":"RETIRO","MINTBARRIO":"035","NOMBRE_BARRIO":"LOS JERONIMOS","OBJECTID":9809783}},{"type":"Feature","id":9780154,"geometry":{"type":"Point","coordinates":[-3.6812040872749461,40.414925584612817]},"properties":{"ESA_ESPECIE":"PDU","NOMBRE_COMUN":"Almendro","NOMBRE_ESPECIE":"Prunus dulcis","ALTURA":"4","MINTDISTRITO":"03","NOMBRE_DISTRITO":"RETIRO","MINTBARRIO":"035","NOMBRE_BARRIO":"LOS JERONIMOS","OBJECTID":9780154}},{"type":"Feature","id":9780400,"geometry":{"type":"Point","coordinates":[-3.6810072325199932,40.415152961584234]},"properties":{"ESA_ESPECIE":"PDA","NOMBRE_COMUN":"Plátano de sombra/Platanus x hybrida","NOMBRE_ESPECIE":"Platanus x hispanica","ALTURA":"16","MINTDISTRITO":"03","NOMBRE_DISTRITO":"RETIRO","MINTBARRIO":"035","NOMBRE_BARRIO":"LOS JERONIMOS","OBJECTID":9780400}},{"type":"Feature","id":9814360,"geometry":{"type":"Point","coordinates":[-3.6829899104375889,40.414514569613388]},"properties":{"ESA_ESPECIE":"QRO","NOMBRE_COMUN":"Roble común","NOMBRE_ESPECIE":"Quercus robur","ALTURA":"4,5","MINTDISTRITO":"03","NOMBRE_DISTRITO":"RETIRO","MINTBARRIO":"035","NOMBRE_BARRIO":"LOS JERONIMOS","OBJECTID":9814360}},{"type":"Feature","id":9773831,"geometry":{"type":"Point","coordinates":[-3.6847488467860714,40.412803283479448]},"properties":{"ESA_ESPECIE":"AHI","NOMBRE_COMUN":"Castaño de indias","NOMBRE_ESPECIE":"Aesculus hippocastanum","ALTURA":"12","MINTDISTRITO":"03","NOMBRE_DISTRITO":"RETIRO","MINTBARRIO":"035","NOMBRE_BARRIO":"LOS JERONIMOS","OBJECTID":9773831}},{"type":"Feature","id":9806294,"geometry":{"type":"Point","coordinates":[-3.6838373347673192,40.413181986459236]},"properties":{"ESA_ESPECIE":"LJA","NOMBRE_COMUN":"Aligustre del Japón","NOMBRE_ESPECIE":"Ligustrum japonicum","ALTURA":"6","MINTDISTRITO":"03","NOMBRE_DISTRITO":"RETIRO","MINTBARRIO":"035","NOMBRE_BARRIO":"LOS JERONIMOS","OBJECTID":9806294}},{"type":"Feature","id":9896690,"geometry":{"type":"Point","coordinates":[-3.6836484822032913,40.413368320430358]},"properties":{"ESA_ESPECIE":"LJA","NOMBRE_COMUN":"Aligustre del Japón","NOMBRE_ESPECIE":"Ligustrum japonicum","ALTURA":"10","MINTDISTRITO":"03","NOMBRE_DISTRITO":"RETIRO","MINTBARRIO":"035","NOMBRE_BARRIO":"LOS JERONIMOS","OBJECTID":9896690}},{"type":"Feature","id":9810447,"geometry":{"type":"Point","coordinates":[-3.6834393436399275,40.413567413707035]},"properties":{"ESA_ESPECIE":"AHI","NOMBRE_COMUN":"Castaño de indias","NOMBRE_ESPECIE":"Aesculus hippocastanum","ALTURA":"14","MINTDISTRITO":"03","NOMBRE_DISTRITO":"RETIRO","MINTBARRIO":"035","NOMBRE_BARRIO":"LOS JERONIMOS","OBJECTID":9810447}},{"type":"Feature","id":9773662,"geometry":{"type":"Point","coordinates":[-3.6834323252311658,40.41287954183435]},"properties":{"ESA_ESPECIE":"AHI","NOMBRE_COMUN":"Castaño de indias","NOMBRE_ESPECIE":"Aesculus hippocastanum","ALTURA":"16","MINTDISTRITO":"03","NOMBRE_DISTRITO":"RETIRO","MINTBARRIO":"035","NOMBRE_BARRIO":"LOS JERONIMOS","OBJECTID":9773662}},{"type":"Feature","id":9780987,"geometry":{"type":"Point","coordinates":[-3.6827780404410544,40.412700703867074]},"properties":{"ESA_ESPECIE":"CAU","NOMBRE_COMUN":"Almez","NOMBRE_ESPECIE":"Celtis australis","ALTURA":"5","MINTDISTRITO":"03","NOMBRE_DISTRITO":"RETIRO","MINTBARRIO":"035","NOMBRE_BARRIO":"LOS JERONIMOS","OBJECTID":9780987}},{"type":"Feature","id":9804966,"geometry":{"type":"Point","coordinates":[-3.6847611433030805,40.41513945619883]},"properties":{"ESA_ESPECIE":"AHI","NOMBRE_COMUN":"Castaño de indias","NOMBRE_ESPECIE":"Aesculus hippocastanum","ALTURA":"13","MINTDISTRITO":"03","NOMBRE_DISTRITO":"RETIRO","MINTBARRIO":"035","NOMBRE_BARRIO":"LOS JERONIMOS","OBJECTID":9804966}},{"type":"Feature","id":9805630,"geometry":{"type":"Point","coordinates":[-3.6847613244654789,40.414241144580707]},"properties":{"ESA_ESPECIE":"RPS","NOMBRE_COMUN":"Falsa acacia","NOMBRE_ESPECIE":"Robinia pseudoacacia","ALTURA":"15","MINTDISTRITO":"03","NOMBRE_DISTRITO":"RETIRO","MINTBARRIO":"035","NOMBRE_BARRIO":"LOS JERONIMOS","OBJECTID":9805630}},{"type":"Feature","id":9772334,"geometry":{"type":"Point","coordinates":[-3.6844555448075487,40.413582591617761]},"properties":{"ESA_ESPECIE":"AHI","NOMBRE_COMUN":"Castaño de indias","NOMBRE_ESPECIE":"Aesculus hippocastanum","ALTURA":"15","MINTDISTRITO":"03","NOMBRE_DISTRITO":"RETIRO","MINTBARRIO":"035","NOMBRE_BARRIO":"LOS JERONIMOS","OBJECTID":9772334}},{"type":"Feature","id":9775654,"geometry":{"type":"Point","coordinates":[-3.6854496210399579,40.413297872274875]},"properties":{"ESA_ESPECIE":"BRP","NOMBRE_COMUN":"Morera de papel","NOMBRE_ESPECIE":"Broussonetia papyrifera","ALTURA":"12","MINTDISTRITO":"03","NOMBRE_DISTRITO":"RETIRO","MINTBARRIO":"035","NOMBRE_BARRIO":"LOS JERONIMOS","OBJECTID":9775654}},{"type":"Feature","id":9805701,"geometry":{"type":"Point","coordinates":[-3.6854958347870452,40.412451107563335]},"properties":{"ESA_ESPECIE":"AHI","NOMBRE_COMUN":"Castaño de indias","NOMBRE_ESPECIE":"Aesculus hippocastanum","ALTURA":"14","MINTDISTRITO":"03","NOMBRE_DISTRITO":"RETIRO","MINTBARRIO":"035","NOMBRE_BARRIO":"LOS JERONIMOS","OBJECTID":9805701}},{"type":"Feature","id":9773167,"geometry":{"type":"Point","coordinates":[-3.6848026620307262,40.412417197025952]},"properties":{"ESA_ESPECIE":"ACA","NOMBRE_COMUN":"Arce campestre","NOMBRE_ESPECIE":"Acer campestre","ALTURA":"7,5","MINTDISTRITO":"03","NOMBRE_DISTRITO":"RETIRO","MINTBARRIO":"035","NOMBRE_BARRIO":"LOS JERONIMOS","OBJECTID":9773167}},{"type":"Feature","id":9771741,"geometry":{"type":"Point","coordinates":[-3.6849095289827574,40.41683568399187]},"properties":{"ESA_ESPECIE":"AHI","NOMBRE_COMUN":"Castaño de indias","NOMBRE_ESPECIE":"Aesculus hippocastanum","ALTURA":"8","MINTDISTRITO":"03","NOMBRE_DISTRITO":"RETIRO","MINTBARRIO":"035","NOMBRE_BARRIO":"LOS JERONIMOS","OBJECTID":9771741}},{"type":"Feature","id":9810201,"geometry":{"type":"Point","coordinates":[-3.6835552263677753,40.415016213123785]},"properties":{"ESA_ESPECIE":"AHI","NOMBRE_COMUN":"Castaño de indias","NOMBRE_ESPECIE":"Aesculus hippocastanum","ALTURA":"15","MINTDISTRITO":"03","NOMBRE_DISTRITO":"RETIRO","MINTBARRIO":"035","NOMBRE_BARRIO":"LOS JERONIMOS","OBJECTID":9810201}},{"type":"Feature","id":9804868,"geometry":{"type":"Point","coordinates":[-3.6838353729062896,40.41421998515073]},"properties":{"ESA_ESPECIE":"AHI","NOMBRE_COMUN":"Castaño de indias","NOMBRE_ESPECIE":"Aesculus hippocastanum","ALTURA":"12","MINTDISTRITO":"03","NOMBRE_DISTRITO":"RETIRO","MINTBARRIO":"035","NOMBRE_BARRIO":"LOS JERONIMOS","OBJECTID":9804868}},{"type":"Feature","id":9805037,"geometry":{"type":"Point","coordinates":[-3.6838778468980387,40.413876092617265]},"properties":{"ESA_ESPECIE":"GTR","NOMBRE_COMUN":"Acacia de tres espinas","NOMBRE_ESPECIE":"Gleditsia triacanthos","ALTURA":"22","MINTDISTRITO":"03","NOMBRE_DISTRITO":"RETIRO","MINTBARRIO":"035","NOMBRE_BARRIO":"LOS JERONIMOS","OBJECTID":9805037}},{"type":"Feature","id":9814947,"geometry":{"type":"Point","coordinates":[-3.6842209490923246,40.413953882883618]},"properties":{"ESA_ESPECIE":"GTR","NOMBRE_COMUN":"Acacia de tres espinas","NOMBRE_ESPECIE":"Gleditsia triacanthos","ALTURA":"1,5","MINTDISTRITO":"03","NOMBRE_DISTRITO":"RETIRO","MINTBARRIO":"035","NOMBRE_BARRIO":"LOS JERONIMOS","OBJECTID":9814947}},{"type":"Feature","id":9772405,"geometry":{"type":"Point","coordinates":[-3.684445051690195,40.413830042334922]},"properties":{"ESA_ESPECIE":"AHI","NOMBRE_COMUN":"Castaño de indias","NOMBRE_ESPECIE":"Aesculus hippocastanum","ALTURA":"13","MINTDISTRITO":"03","NOMBRE_DISTRITO":"RETIRO","MINTBARRIO":"035","NOMBRE_BARRIO":"LOS JERONIMOS","OBJECTID":9772405}},{"type":"Feature","id":9807791,"geometry":{"type":"Point","coordinates":[-3.6876908599169624,40.417074634546744]},"properties":{"ESA_ESPECIE":"FAN","NOMBRE_COMUN":"Fresno de la tierra","NOMBRE_ESPECIE":"Fraxinus angustifolia","ALTURA":"6,5","MINTDISTRITO":"03","NOMBRE_DISTRITO":"RETIRO","MINTBARRIO":"035","NOMBRE_BARRIO":"LOS JERONIMOS","OBJECTID":9807791}},{"type":"Feature","id":9804373,"geometry":{"type":"Point","coordinates":[-3.6865708249134861,40.416717785073473]},"properties":{"ESA_ESPECIE":"AHI","NOMBRE_COMUN":"Castaño de indias","NOMBRE_ESPECIE":"Aesculus hippocastanum","ALTURA":"13","MINTDISTRITO":"03","NOMBRE_DISTRITO":"RETIRO","MINTBARRIO":"035","NOMBRE_BARRIO":"LOS JERONIMOS","OBJECTID":9804373}},{"type":"Feature","id":9807545,"geometry":{"type":"Point","coordinates":[-3.6859656625910104,40.417919328160082]},"properties":{"ESA_ESPECIE":"AHI","NOMBRE_COMUN":"Castaño de indias","NOMBRE_ESPECIE":"Aesculus hippocastanum","ALTURA":"15","MINTDISTRITO":"03","NOMBRE_DISTRITO":"RETIRO","MINTBARRIO":"035","NOMBRE_BARRIO":"LOS JERONIMOS","OBJECTID":9807545}},{"type":"Feature","id":9776487,"geometry":{"type":"Point","coordinates":[-3.6858948230517816,40.417189394027595]},"properties":{"ESA_ESPECIE":"AHI","NOMBRE_COMUN":"Castaño de indias","NOMBRE_ESPECIE":"Aesculus hippocastanum","ALTURA":"13","MINTDISTRITO":"03","NOMBRE_DISTRITO":"RETIRO","MINTBARRIO":"035","NOMBRE_BARRIO":"LOS JERONIMOS","OBJECTID":9776487}},{"type":"Feature","id":9765667,"geometry":{"type":"Point","coordinates":[-3.6858854026486862,40.416765484131211]},"properties":{"ESA_ESPECIE":"AHI","NOMBRE_COMUN":"Castaño de indias","NOMBRE_ESPECIE":"Aesculus hippocastanum","ALTURA":"12","MINTDISTRITO":"03","NOMBRE_DISTRITO":"RETIRO","MINTBARRIO":"035","NOMBRE_BARRIO":"LOS JERONIMOS","OBJECTID":9765667}},{"type":"Feature","id":9771572,"geometry":{"type":"Point","coordinates":[-3.6849787275304626,40.416254280496844]},"properties":{"ESA_ESPECIE":"PCP","NOMBRE_COMUN":"Ciruelo púrpura","NOMBRE_ESPECIE":"Prunus cerasifera  subsp. pissardii","ALTURA":"4","MINTDISTRITO":"03","NOMBRE_DISTRITO":"RETIRO","MINTBARRIO":"035","NOMBRE_BARRIO":"LOS JERONIMOS","OBJECTID":9771572}},{"type":"Feature","id":9770413,"geometry":{"type":"Point","coordinates":[-3.6868963856682426,40.413435863327223]},"properties":{"ESA_ESPECIE":"AJU","NOMBRE_COMUN":"Acacia de Constantinopla","NOMBRE_ESPECIE":"Albizia julibrissin","ALTURA":"5","MINTDISTRITO":"03","NOMBRE_DISTRITO":"RETIRO","MINTBARRIO":"035","NOMBRE_BARRIO":"LOS JERONIMOS","OBJECTID":9770413}},{"type":"Feature","id":9768916,"geometry":{"type":"Point","coordinates":[-3.6862451298896235,40.413702794976288]},"properties":{"ESA_ESPECIE":"CSI","NOMBRE_COMUN":"Árbol del amor","NOMBRE_ESPECIE":"Cercis siliquastrum","ALTURA":"9","MINTDISTRITO":"03","NOMBRE_DISTRITO":"RETIRO","MINTBARRIO":"035","NOMBRE_BARRIO":"LOS JERONIMOS","OBJECTID":9768916}},{"type":"Feature","id":9766924,"geometry":{"type":"Point","coordinates":[-3.6866004957139786,40.413455708320441]},"properties":{"ESA_ESPECIE":"TFO","NOMBRE_COMUN":"Palma de Fortune","NOMBRE_ESPECIE":"Trachycarpus fortunei","ALTURA":null,"MINTDISTRITO":"03","NOMBRE_DISTRITO":"RETIRO","MINTBARRIO":"035","NOMBRE_BARRIO":"LOS JERONIMOS","OBJECTID":9766924}},{"type":"Feature","id":9813450,"geometry":{"type":"Point","coordinates":[-3.6860906055172444,40.414816383989589]},"properties":{"ESA_ESPECIE":"GTR","NOMBRE_COMUN":"Acacia de tres espinas","NOMBRE_ESPECIE":"Gleditsia triacanthos","ALTURA":"3","MINTDISTRITO":"03","NOMBRE_DISTRITO":"RETIRO","MINTBARRIO":"035","NOMBRE_BARRIO":"LOS JERONIMOS","OBJECTID":9813450}},{"type":"Feature","id":9804204,"geometry":{"type":"Point","coordinates":[-3.68730282077592,40.41647938986312]},"properties":{"ESA_ESPECIE":"AHI","NOMBRE_COMUN":"Castaño de indias","NOMBRE_ESPECIE":"Aesculus hippocastanum","ALTURA":"8","MINTDISTRITO":"03","NOMBRE_DISTRITO":"RETIRO","MINTBARRIO":"035","NOMBRE_BARRIO":"LOS JERONIMOS","OBJECTID":9804204}},{"type":"Feature","id":9765744,"geometry":{"type":"Point","coordinates":[-3.6875808641916032,40.416653250922934]},"properties":{"ESA_ESPECIE":"AHI","NOMBRE_COMUN":"Castaño de indias","NOMBRE_ESPECIE":"Aesculus hippocastanum","ALTURA":"11","MINTDISTRITO":"03","NOMBRE_DISTRITO":"RETIRO","MINTBARRIO":"035","NOMBRE_BARRIO":"LOS JERONIMOS","OBJECTID":9765744}},{"type":"Feature","id":9805799,"geometry":{"type":"Point","coordinates":[-3.6847130557103989,40.411079207215629]},"properties":{"ESA_ESPECIE":"PPI","NOMBRE_COMUN":"Pino piñonero","NOMBRE_ESPECIE":"Pinus pinea","ALTURA":"19","MINTDISTRITO":"03","NOMBRE_DISTRITO":"RETIRO","MINTBARRIO":"035","NOMBRE_BARRIO":"LOS JERONIMOS","OBJECTID":9805799}},{"type":"Feature","id":9800220,"geometry":{"type":"Point","coordinates":[-3.6854877731034561,40.411281482637698]},"properties":{"ESA_ESPECIE":"AHI","NOMBRE_COMUN":"Castaño de indias","NOMBRE_ESPECIE":"Aesculus hippocastanum","ALTURA":"15","MINTDISTRITO":"03","NOMBRE_DISTRITO":"RETIRO","MINTBARRIO":"035","NOMBRE_BARRIO":"LOS JERONIMOS","OBJECTID":9800220}},{"type":"Feature","id":9765498,"geometry":{"type":"Point","coordinates":[-3.686777466032062,40.412140257016667]},"properties":{"ESA_ESPECIE":"AHI","NOMBRE_COMUN":"Castaño de indias","NOMBRE_ESPECIE":"Aesculus hippocastanum","ALTURA":"7","MINTDISTRITO":"03","NOMBRE_DISTRITO":"RETIRO","MINTBARRIO":"035","NOMBRE_BARRIO":"LOS JERONIMOS","OBJECTID":9765498}},{"type":"Feature","id":9767757,"geometry":{"type":"Point","coordinates":[-3.6858007582414323,40.411289203216946]},"properties":{"ESA_ESPECIE":"AHI","NOMBRE_COMUN":"Castaño de indias","NOMBRE_ESPECIE":"Aesculus hippocastanum","ALTURA":"18","MINTDISTRITO":"03","NOMBRE_DISTRITO":"RETIRO","MINTBARRIO":"035","NOMBRE_BARRIO":"LOS JERONIMOS","OBJECTID":9767757}},{"type":"Feature","id":9771077,"geometry":{"type":"Point","coordinates":[-3.6878614979555318,40.41299679007826]},"properties":{"ESA_ESPECIE":"UPU","NOMBRE_COMUN":"Olmo de Siberia","NOMBRE_ESPECIE":"Ulmus pumila","ALTURA":"10,5","MINTDISTRITO":"03","NOMBRE_DISTRITO":"RETIRO","MINTBARRIO":"035","NOMBRE_BARRIO":"LOS JERONIMOS","OBJECTID":9771077}},{"type":"Feature","id":9803709,"geometry":{"type":"Point","coordinates":[-3.6876951378488094,40.413364150854775]},"properties":{"ESA_ESPECIE":"PDA","NOMBRE_COMUN":"Plátano de sombra/Platanus x hybrida","NOMBRE_ESPECIE":"Platanus x hispanica","ALTURA":"7","MINTDISTRITO":"03","NOMBRE_DISTRITO":"RETIRO","MINTBARRIO":"035","NOMBRE_BARRIO":"LOS JERONIMOS","OBJECTID":9803709}},{"type":"Feature","id":9764339,"geometry":{"type":"Point","coordinates":[-3.685005797351995,40.410321515073107]},"properties":{"ESA_ESPECIE":"PDU","NOMBRE_COMUN":"Almendro","NOMBRE_ESPECIE":"Prunus dulcis","ALTURA":"1,8","MINTDISTRITO":"03","NOMBRE_DISTRITO":"RETIRO","MINTBARRIO":"035","NOMBRE_BARRIO":"LOS JERONIMOS","OBJECTID":9764339}},{"type":"Feature","id":9769580,"geometry":{"type":"Point","coordinates":[-3.6843643621804301,40.410287528643963]},"properties":{"ESA_ESPECIE":"PDU","NOMBRE_COMUN":"Almendro","NOMBRE_ESPECIE":"Prunus dulcis","ALTURA":"4","MINTDISTRITO":"03","NOMBRE_DISTRITO":"RETIRO","MINTBARRIO":"035","NOMBRE_BARRIO":"LOS JERONIMOS","OBJECTID":9769580}},{"type":"Feature","id":9815024,"geometry":{"type":"Point","coordinates":[-3.6833392565848828,40.410925171771474]},"properties":{"ESA_ESPECIE":"AHI","NOMBRE_COMUN":"Castaño de indias","NOMBRE_ESPECIE":"Aesculus hippocastanum","ALTURA":"1,5","MINTDISTRITO":"03","NOMBRE_DISTRITO":"RETIRO","MINTBARRIO":"035","NOMBRE_BARRIO":"LOS JERONIMOS","OBJECTID":9815024}},{"type":"Feature","id":9772998,"geometry":{"type":"Point","coordinates":[-3.6843341758800445,40.411050504241842]},"properties":{"ESA_ESPECIE":"CDE","NOMBRE_COMUN":"Cedro llorón","NOMBRE_ESPECIE":"Cedrus deodara","ALTURA":"21","MINTDISTRITO":"03","NOMBRE_DISTRITO":"RETIRO","MINTBARRIO":"035","NOMBRE_BARRIO":"LOS JERONIMOS","OBJECTID":9772998}},{"type":"Feature","id":9806463,"geometry":{"type":"Point","coordinates":[-3.684378221910257,40.411473002538479]},"properties":{"ESA_ESPECIE":"AHI","NOMBRE_COMUN":"Castaño de indias","NOMBRE_ESPECIE":"Aesculus hippocastanum","ALTURA":"13","MINTDISTRITO":"03","NOMBRE_DISTRITO":"RETIRO","MINTBARRIO":"035","NOMBRE_BARRIO":"LOS JERONIMOS","OBJECTID":9806463}},{"type":"Feature","id":9775577,"geometry":{"type":"Point","coordinates":[-3.6834211818592877,40.411849151933701]},"properties":{"ESA_ESPECIE":"SJA","NOMBRE_COMUN":"Acacia del Japón/Sophora japonica","NOMBRE_ESPECIE":"Styphnolobium japonicum","ALTURA":"6,5","MINTDISTRITO":"03","NOMBRE_DISTRITO":"RETIRO","MINTBARRIO":"035","NOMBRE_BARRIO":"LOS JERONIMOS","OBJECTID":9775577}},{"type":"Feature","id":9803540,"geometry":{"type":"Point","coordinates":[-3.6882498091398435,40.413259336359886]},"properties":{"ESA_ESPECIE":"AHI","NOMBRE_COMUN":"Castaño de indias","NOMBRE_ESPECIE":"Aesculus hippocastanum","ALTURA":"11","MINTDISTRITO":"03","NOMBRE_DISTRITO":"RETIRO","MINTBARRIO":"035","NOMBRE_BARRIO":"LOS JERONIMOS","OBJECTID":9803540}},{"type":"Feature","id":9770244,"geometry":{"type":"Point","coordinates":[-3.6881573935903345,40.413304580359764]},"properties":{"ESA_ESPECIE":"LJA","NOMBRE_COMUN":"Aligustre del Japón","NOMBRE_ESPECIE":"Ligustrum japonicum","ALTURA":"9,5","MINTDISTRITO":"03","NOMBRE_DISTRITO":"RETIRO","MINTBARRIO":"035","NOMBRE_BARRIO":"LOS JERONIMOS","OBJECTID":9770244}},{"type":"Feature","id":9770908,"geometry":{"type":"Point","coordinates":[-3.6882895550901686,40.413180910186917]},"properties":{"ESA_ESPECIE":"AHI","NOMBRE_COMUN":"Castaño de indias","NOMBRE_ESPECIE":"Aesculus hippocastanum","ALTURA":"15","MINTDISTRITO":"03","NOMBRE_DISTRITO":"RETIRO","MINTBARRIO":"035","NOMBRE_BARRIO":"LOS JERONIMOS","OBJECTID":9770908}},{"type":"Feature","id":9802212,"geometry":{"type":"Point","coordinates":[-3.6881900214018479,40.409812061904525]},"properties":{"ESA_ESPECIE":"CAU","NOMBRE_COMUN":"Almez","NOMBRE_ESPECIE":"Celtis australis","ALTURA":"5,5","MINTDISTRITO":"03","NOMBRE_DISTRITO":"RETIRO","MINTBARRIO":"035","NOMBRE_BARRIO":"LOS JERONIMOS","OBJECTID":9802212}},{"type":"Feature","id":9802381,"geometry":{"type":"Point","coordinates":[-3.6861081640514151,40.409574307113914]},"properties":{"ESA_ESPECIE":"PCP","NOMBRE_COMUN":"Ciruelo púrpura","NOMBRE_ESPECIE":"Prunus cerasifera  subsp. pissardii","ALTURA":"4","MINTDISTRITO":"03","NOMBRE_DISTRITO":"RETIRO","MINTBARRIO":"035","NOMBRE_BARRIO":"LOS JERONIMOS","OBJECTID":9802381}},{"type":"Feature","id":9898851,"geometry":{"type":"Point","coordinates":[-3.6848264328889462,40.409167399097804]},"properties":{"ESA_ESPECIE":"LJA","NOMBRE_COMUN":"Aligustre del Japón","NOMBRE_ESPECIE":"Ligustrum japonicum","ALTURA":"4","MINTDISTRITO":"03","NOMBRE_DISTRITO":"RETIRO","MINTBARRIO":"035","NOMBRE_BARRIO":"LOS JERONIMOS","OBJECTID":9898851}},{"type":"Feature","id":9776341,"geometry":{"type":"Point","coordinates":[-3.6883236544025242,40.418413613140565]},"properties":{"ESA_ESPECIE":"AHI","NOMBRE_COMUN":"Castaño de indias","NOMBRE_ESPECIE":"Aesculus hippocastanum","ALTURA":"15","MINTDISTRITO":"03","NOMBRE_DISTRITO":"RETIRO","MINTBARRIO":"035","NOMBRE_BARRIO":"LOS JERONIMOS","OBJECTID":9776341}},{"type":"Feature","id":9807104,"geometry":{"type":"Point","coordinates":[-3.6885567885674662,40.418317071397709]},"properties":{"ESA_ESPECIE":"CAT","NOMBRE_COMUN":"Cedro del Atlas","NOMBRE_ESPECIE":"Cedrus atlantica","ALTURA":"15","MINTDISTRITO":"03","NOMBRE_DISTRITO":"RETIRO","MINTBARRIO":"035","NOMBRE_BARRIO":"LOS JERONIMOS","OBJECTID":9807104}},{"type":"Feature","id":9776218,"geometry":{"type":"Point","coordinates":[-3.6880749870459235,40.41712553851751]},"properties":{"ESA_ESPECIE":"AHI","NOMBRE_COMUN":"Castaño de indias","NOMBRE_ESPECIE":"Aesculus hippocastanum","ALTURA":"11","MINTDISTRITO":"03","NOMBRE_DISTRITO":"RETIRO","MINTBARRIO":"035","NOMBRE_BARRIO":"LOS JERONIMOS","OBJECTID":9776218}},{"type":"Feature","id":9771595,"geometry":{"type":"Point","coordinates":[-3.688533014278788,40.416398934782343]},"properties":{"ESA_ESPECIE":"CAT","NOMBRE_COMUN":"Cedro del Atlas","NOMBRE_ESPECIE":"Cedrus atlantica","ALTURA":"8","MINTDISTRITO":"03","NOMBRE_DISTRITO":"RETIRO","MINTBARRIO":"035","NOMBRE_BARRIO":"LOS JERONIMOS","OBJECTID":9771595}},{"type":"Feature","id":9770931,"geometry":{"type":"Point","coordinates":[-3.688646976942251,40.413138241132664]},"properties":{"ESA_ESPECIE":"TIP","NOMBRE_COMUN":"Tilo de hojas grandes","NOMBRE_ESPECIE":"Tilia platyphyllos","ALTURA":"4,5","MINTDISTRITO":"03","NOMBRE_DISTRITO":"RETIRO","MINTBARRIO":"035","NOMBRE_BARRIO":"LOS JERONIMOS","OBJECTID":9770931}},{"type":"Feature","id":9802899,"geometry":{"type":"Point","coordinates":[-3.6881867659266621,40.412804862553699]},"properties":{"ESA_ESPECIE":"AHI","NOMBRE_COMUN":"Castaño de indias","NOMBRE_ESPECIE":"Aesculus hippocastanum","ALTURA":"13","MINTDISTRITO":"03","NOMBRE_DISTRITO":"RETIRO","MINTBARRIO":"035","NOMBRE_BARRIO":"LOS JERONIMOS","OBJECTID":9802899}},{"type":"Feature","id":9815047,"geometry":{"type":"Point","coordinates":[-3.6776520977016416,40.414422662476838]},"properties":{"ESA_ESPECIE":"UMI","NOMBRE_COMUN":"Olmo común","NOMBRE_ESPECIE":"Ulmus minor","ALTURA":"1,5","MINTDISTRITO":"03","NOMBRE_DISTRITO":"RETIRO","MINTBARRIO":"035","NOMBRE_BARRIO":"LOS JERONIMOS","OBJECTID":9815047}},{"type":"Feature","id":9800366,"geometry":{"type":"Point","coordinates":[-3.6779366168375578,40.414554526723506]},"properties":{"ESA_ESPECIE":"RPS","NOMBRE_COMUN":"Falsa acacia","NOMBRE_ESPECIE":"Robinia pseudoacacia","ALTURA":"11","MINTDISTRITO":"03","NOMBRE_DISTRITO":"RETIRO","MINTBARRIO":"035","NOMBRE_BARRIO":"LOS JERONIMOS","OBJECTID":9800366}},{"type":"Feature","id":9808186,"geometry":{"type":"Point","coordinates":[-3.6869532883790987,40.419462028907901]},"properties":{"ESA_ESPECIE":"ABP","NOMBRE_COMUN":"Pinsapo","NOMBRE_ESPECIE":"Abies pinsapo","ALTURA":"10","MINTDISTRITO":"03","NOMBRE_DISTRITO":"RETIRO","MINTBARRIO":"035","NOMBRE_BARRIO":"LOS JERONIMOS","OBJECTID":9808186}},{"type":"Feature","id":9778972,"geometry":{"type":"Point","coordinates":[-3.6872067224608118,40.419831974648972]},"properties":{"ESA_ESPECIE":"AHI","NOMBRE_COMUN":"Castaño de indias","NOMBRE_ESPECIE":"Aesculus hippocastanum","ALTURA":"9,5","MINTDISTRITO":"03","NOMBRE_DISTRITO":"RETIRO","MINTBARRIO":"035","NOMBRE_BARRIO":"LOS JERONIMOS","OBJECTID":9778972}},{"type":"Feature","id":9812391,"geometry":{"type":"Point","coordinates":[-3.6779609207664343,40.410188153674689]},"properties":{"ESA_ESPECIE":"PLOR","NOMBRE_COMUN":"Arbol de la vida, thuya orientalis","NOMBRE_ESPECIE":"Platycladus orientalis","ALTURA":"6","MINTDISTRITO":"03","NOMBRE_DISTRITO":"RETIRO","MINTBARRIO":"035","NOMBRE_BARRIO":"LOS JERONIMOS","OBJECTID":9812391}},{"type":"Feature","id":9777669,"geometry":{"type":"Point","coordinates":[-3.6783373032542079,40.41038205530981]},"properties":{"ESA_ESPECIE":"PDA","NOMBRE_COMUN":"Plátano de sombra/Platanus x hybrida","NOMBRE_ESPECIE":"Platanus x hispanica","ALTURA":"5,5","MINTDISTRITO":"03","NOMBRE_DISTRITO":"RETIRO","MINTBARRIO":"035","NOMBRE_BARRIO":"LOS JERONIMOS","OBJECTID":9777669}},{"type":"Feature","id":9813719,"geometry":{"type":"Point","coordinates":[-3.6783161044225481,40.41191543141823]},"properties":{"ESA_ESPECIE":"CAU","NOMBRE_COMUN":"Almez","NOMBRE_ESPECIE":"Celtis australis","ALTURA":"6","MINTDISTRITO":"03","NOMBRE_DISTRITO":"RETIRO","MINTBARRIO":"035","NOMBRE_BARRIO":"LOS JERONIMOS","OBJECTID":9813719}},{"type":"Feature","id":9768398,"geometry":{"type":"Point","coordinates":[-3.6775651857633735,40.411514607012755]},"properties":{"ESA_ESPECIE":"PIN","NOMBRE_COMUN":"Pino laricio","NOMBRE_ESPECIE":"Pinus nigra","ALTURA":"14","MINTDISTRITO":"03","NOMBRE_DISTRITO":"RETIRO","MINTBARRIO":"035","NOMBRE_BARRIO":"LOS JERONIMOS","OBJECTID":9768398}},{"type":"Feature","id":9764857,"geometry":{"type":"Point","coordinates":[-3.6866626540388925,40.419967402372031]},"properties":{"ESA_ESPECIE":"SJA","NOMBRE_COMUN":"Acacia del Japón/Sophora japonica","NOMBRE_ESPECIE":"Styphnolobium japonicum","ALTURA":"10,5","MINTDISTRITO":"03","NOMBRE_DISTRITO":"RETIRO","MINTBARRIO":"035","NOMBRE_BARRIO":"LOS JERONIMOS","OBJECTID":9764857}},{"type":"Feature","id":9808309,"geometry":{"type":"Point","coordinates":[-3.6865231350008787,40.419550701413584]},"properties":{"ESA_ESPECIE":"BRP","NOMBRE_COMUN":"Morera de papel","NOMBRE_ESPECIE":"Broussonetia papyrifera","ALTURA":"8,5","MINTDISTRITO":"03","NOMBRE_DISTRITO":"RETIRO","MINTBARRIO":"035","NOMBRE_BARRIO":"LOS JERONIMOS","OBJECTID":9808309}},{"type":"Feature","id":9806981,"geometry":{"type":"Point","coordinates":[-3.6862533426801365,40.418432316744465]},"properties":{"ESA_ESPECIE":"TIP","NOMBRE_COMUN":"Tilo de hojas grandes","NOMBRE_ESPECIE":"Tilia platyphyllos","ALTURA":"5","MINTDISTRITO":"03","NOMBRE_DISTRITO":"RETIRO","MINTBARRIO":"035","NOMBRE_BARRIO":"LOS JERONIMOS","OBJECTID":9806981}},{"type":"Feature","id":9807768,"geometry":{"type":"Point","coordinates":[-3.6872319921283876,40.41885403690668]},"properties":{"ESA_ESPECIE":"AHI","NOMBRE_COMUN":"Castaño de indias","NOMBRE_ESPECIE":"Aesculus hippocastanum","ALTURA":"9","MINTDISTRITO":"03","NOMBRE_DISTRITO":"RETIRO","MINTBARRIO":"035","NOMBRE_BARRIO":"LOS JERONIMOS","OBJECTID":9807768}},{"type":"Feature","id":9776882,"geometry":{"type":"Point","coordinates":[-3.6872789028386315,40.41885838870266]},"properties":{"ESA_ESPECIE":"AHI","NOMBRE_COMUN":"Castaño de indias","NOMBRE_ESPECIE":"Aesculus hippocastanum","ALTURA":"9,5","MINTDISTRITO":"03","NOMBRE_DISTRITO":"RETIRO","MINTBARRIO":"035","NOMBRE_BARRIO":"LOS JERONIMOS","OBJECTID":9776882}},{"type":"Feature","id":9807522,"geometry":{"type":"Point","coordinates":[-3.6878261644774004,40.417960193693297]},"properties":{"ESA_ESPECIE":"AHI","NOMBRE_COMUN":"Castaño de indias","NOMBRE_ESPECIE":"Aesculus hippocastanum","ALTURA":"5,5","MINTDISTRITO":"03","NOMBRE_DISTRITO":"RETIRO","MINTBARRIO":"035","NOMBRE_BARRIO":"LOS JERONIMOS","OBJECTID":9807522}},{"type":"Feature","id":9781751,"geometry":{"type":"Point","coordinates":[-3.6839328862967395,40.420376795197861]},"properties":{"ESA_ESPECIE":"TIP","NOMBRE_COMUN":"Tilo de hojas grandes","NOMBRE_ESPECIE":"Tilia platyphyllos","ALTURA":"4","MINTDISTRITO":"03","NOMBRE_DISTRITO":"RETIRO","MINTBARRIO":"035","NOMBRE_BARRIO":"LOS JERONIMOS","OBJECTID":9781751}},{"type":"Feature","id":9766972,"geometry":{"type":"Point","coordinates":[-3.6843509512762966,40.419512757656257]},"properties":{"ESA_ESPECIE":"TFO","NOMBRE_COMUN":"Palma de Fortune","NOMBRE_ESPECIE":"Trachycarpus fortunei","ALTURA":null,"MINTDISTRITO":"03","NOMBRE_DISTRITO":"RETIRO","MINTBARRIO":"035","NOMBRE_BARRIO":"LOS JERONIMOS","OBJECTID":9766972}},{"type":"Feature","id":9767070,"geometry":{"type":"Point","coordinates":[-3.6834214913478069,40.418614458282939]},"properties":{"ESA_ESPECIE":"TFO","NOMBRE_COMUN":"Palma de Fortune","NOMBRE_ESPECIE":"Trachycarpus fortunei","ALTURA":null,"MINTDISTRITO":"03","NOMBRE_DISTRITO":"RETIRO","MINTBARRIO":"035","NOMBRE_BARRIO":"LOS JERONIMOS","OBJECTID":9767070}},{"type":"Feature","id":9777128,"geometry":{"type":"Point","coordinates":[-3.6854145322344438,40.419374863881053]},"properties":{"ESA_ESPECIE":"PDA","NOMBRE_COMUN":"Plátano de sombra/Platanus x hybrida","NOMBRE_ESPECIE":"Platanus x hispanica","ALTURA":"9,5","MINTDISTRITO":"03","NOMBRE_DISTRITO":"RETIRO","MINTBARRIO":"035","NOMBRE_BARRIO":"LOS JERONIMOS","OBJECTID":9777128}},{"type":"Feature","id":9777767,"geometry":{"type":"Point","coordinates":[-3.6846240877051111,40.420373334865559]},"properties":{"ESA_ESPECIE":"AHI","NOMBRE_COMUN":"Castaño de indias","NOMBRE_ESPECIE":"Aesculus hippocastanum","ALTURA":"7,5","MINTDISTRITO":"03","NOMBRE_DISTRITO":"RETIRO","MINTBARRIO":"035","NOMBRE_BARRIO":"LOS JERONIMOS","OBJECTID":9777767}},{"type":"Feature","id":9777005,"geometry":{"type":"Point","coordinates":[-3.684738276127145,40.420381667671549]},"properties":{"ESA_ESPECIE":"CAD","NOMBRE_COMUN":"Cedro blanco","NOMBRE_ESPECIE":"Calocedrus decurrens","ALTURA":"9,5","MINTDISTRITO":"03","NOMBRE_DISTRITO":"RETIRO","MINTBARRIO":"035","NOMBRE_BARRIO":"LOS JERONIMOS","OBJECTID":9777005}},{"type":"Feature","id":9808432,"geometry":{"type":"Point","coordinates":[-3.6824611309189028,40.418245339489751]},"properties":{"ESA_ESPECIE":"CMO","NOMBRE_COMUN":"Majuelo","NOMBRE_ESPECIE":"Crataegus monogyna","ALTURA":"4,5","MINTDISTRITO":"03","NOMBRE_DISTRITO":"RETIRO","MINTBARRIO":"035","NOMBRE_BARRIO":"LOS JERONIMOS","OBJECTID":9808432}},{"type":"Feature","id":9779759,"geometry":{"type":"Point","coordinates":[-3.6830360991128752,40.418951550633828]},"properties":{"ESA_ESPECIE":"AHI","NOMBRE_COMUN":"Castaño de indias","NOMBRE_ESPECIE":"Aesculus hippocastanum","ALTURA":"11,5","MINTDISTRITO":"03","NOMBRE_DISTRITO":"RETIRO","MINTBARRIO":"035","NOMBRE_BARRIO":"LOS JERONIMOS","OBJECTID":9779759}},{"type":"Feature","id":9811063,"geometry":{"type":"Point","coordinates":[-3.6831220308185926,40.419365440989409]},"properties":{"ESA_ESPECIE":"AHI","NOMBRE_COMUN":"Castaño de indias","NOMBRE_ESPECIE":"Aesculus hippocastanum","ALTURA":"14","MINTDISTRITO":"03","NOMBRE_DISTRITO":"RETIRO","MINTBARRIO":"035","NOMBRE_BARRIO":"LOS JERONIMOS","OBJECTID":9811063}},{"type":"Feature","id":9812145,"geometry":{"type":"Point","coordinates":[-3.6831236915087642,40.420040037422702]},"properties":{"ESA_ESPECIE":"AHI","NOMBRE_COMUN":"Castaño de indias","NOMBRE_ESPECIE":"Aesculus hippocastanum","ALTURA":"13","MINTDISTRITO":"03","NOMBRE_DISTRITO":"RETIRO","MINTBARRIO":"035","NOMBRE_BARRIO":"LOS JERONIMOS","OBJECTID":9812145}},{"type":"Feature","id":9811604,"geometry":{"type":"Point","coordinates":[-3.6828767138205625,40.42023537107891]},"properties":{"ESA_ESPECIE":"CAU","NOMBRE_COMUN":"Almez","NOMBRE_ESPECIE":"Celtis australis","ALTURA":"12,5","MINTDISTRITO":"03","NOMBRE_DISTRITO":"RETIRO","MINTBARRIO":"035","NOMBRE_BARRIO":"LOS JERONIMOS","OBJECTID":9811604}},{"type":"Feature","id":9782169,"geometry":{"type":"Point","coordinates":[-3.6827733844320059,40.420228422760168]},"properties":{"ESA_ESPECIE":"AHI","NOMBRE_COMUN":"Castaño de indias","NOMBRE_ESPECIE":"Aesculus hippocastanum","ALTURA":"16","MINTDISTRITO":"03","NOMBRE_DISTRITO":"RETIRO","MINTBARRIO":"035","NOMBRE_BARRIO":"LOS JERONIMOS","OBJECTID":9782169}},{"type":"Feature","id":9813473,"geometry":{"type":"Point","coordinates":[-3.6796266604073042,40.419998052349058]},"properties":{"ESA_ESPECIE":"PDA","NOMBRE_COMUN":"Plátano de sombra/Platanus x hybrida","NOMBRE_ESPECIE":"Platanus x hispanica","ALTURA":"7","MINTDISTRITO":"03","NOMBRE_DISTRITO":"RETIRO","MINTBARRIO":"035","NOMBRE_BARRIO":"LOS JERONIMOS","OBJECTID":9813473}},{"type":"Feature","id":9766185,"geometry":{"type":"Point","coordinates":[-3.679619323281639,40.418362313959719]},"properties":{"ESA_ESPECIE":"AHI","NOMBRE_COMUN":"Castaño de indias","NOMBRE_ESPECIE":"Aesculus hippocastanum","ALTURA":"11","MINTDISTRITO":"03","NOMBRE_DISTRITO":"RETIRO","MINTBARRIO":"035","NOMBRE_BARRIO":"LOS JERONIMOS","OBJECTID":9766185}},{"type":"Feature","id":9769062,"geometry":{"type":"Point","coordinates":[-3.6793167080278169,40.419120401904351]},"properties":{"ESA_ESPECIE":"SJA","NOMBRE_COMUN":"Acacia del Japón/Sophora japonica","NOMBRE_ESPECIE":"Styphnolobium japonicum","ALTURA":"8","MINTDISTRITO":"03","NOMBRE_DISTRITO":"RETIRO","MINTBARRIO":"035","NOMBRE_BARRIO":"LOS JERONIMOS","OBJECTID":9769062}},{"type":"Feature","id":9800145,"geometry":{"type":"Point","coordinates":[-3.6799336154819975,40.420093653335144]},"properties":{"ESA_ESPECIE":"PCS","NOMBRE_COMUN":"Guindo","NOMBRE_ESPECIE":"Prunus cerasus","ALTURA":"5,5","MINTDISTRITO":"03","NOMBRE_DISTRITO":"RETIRO","MINTBARRIO":"035","NOMBRE_BARRIO":"LOS JERONIMOS","OBJECTID":9800145}},{"type":"Feature","id":9766431,"geometry":{"type":"Point","coordinates":[-3.6811710129718183,40.420035171134209]},"properties":{"ESA_ESPECIE":"MGR","NOMBRE_COMUN":"Magnolio","NOMBRE_ESPECIE":"Magnolia grandiflora","ALTURA":"9","MINTDISTRITO":"03","NOMBRE_DISTRITO":"RETIRO","MINTBARRIO":"035","NOMBRE_BARRIO":"LOS JERONIMOS","OBJECTID":9766431}},{"type":"Feature","id":9809637,"geometry":{"type":"Point","coordinates":[-3.6818000610917325,40.419164748075687]},"properties":{"ESA_ESPECIE":"FAN","NOMBRE_COMUN":"Fresno de la tierra","NOMBRE_ESPECIE":"Fraxinus angustifolia","ALTURA":"18","MINTDISTRITO":"03","NOMBRE_DISTRITO":"RETIRO","MINTBARRIO":"035","NOMBRE_BARRIO":"LOS JERONIMOS","OBJECTID":9809637}},{"type":"Feature","id":9898828,"geometry":{"type":"Point","coordinates":[-3.6832185770935992,40.409417993706214]},"properties":{"ESA_ESPECIE":"PIA","NOMBRE_COMUN":"Abeto rojo","NOMBRE_ESPECIE":"Picea abies","ALTURA":"4","MINTDISTRITO":"03","NOMBRE_DISTRITO":"RETIRO","MINTBARRIO":"035","NOMBRE_BARRIO":"LOS JERONIMOS","OBJECTID":9898828}},{"type":"Feature","id":9782292,"geometry":{"type":"Point","coordinates":[-3.6806146884896389,40.408642895976968]},"properties":{"ESA_ESPECIE":"CLE","NOMBRE_COMUN":"Ciprés de Leyland/x Cupressocyparis leylandii","NOMBRE_ESPECIE":"x Cupressocyparis x leylandii","ALTURA":"5,5","MINTDISTRITO":"03","NOMBRE_DISTRITO":"RETIRO","MINTBARRIO":"035","NOMBRE_BARRIO":"LOS JERONIMOS","OBJECTID":9782292}},{"type":"Feature","id":9778308,"geometry":{"type":"Point","coordinates":[-3.6802012865370446,40.409516144640477]},"properties":{"ESA_ESPECIE":"CSI","NOMBRE_COMUN":"Árbol del amor","NOMBRE_ESPECIE":"Cercis siliquastrum","ALTURA":"6","MINTDISTRITO":"03","NOMBRE_DISTRITO":"RETIRO","MINTBARRIO":"035","NOMBRE_BARRIO":"LOS JERONIMOS","OBJECTID":9778308}},{"type":"Feature","id":9812268,"geometry":{"type":"Point","coordinates":[-3.679915839652057,40.408559646799709]},"properties":{"ESA_ESPECIE":"CSE","NOMBRE_COMUN":"Ciprés común","NOMBRE_ESPECIE":"Cupressus sempervirens","ALTURA":"8,5","MINTDISTRITO":"03","NOMBRE_DISTRITO":"RETIRO","MINTBARRIO":"035","NOMBRE_BARRIO":"LOS JERONIMOS","OBJECTID":9812268}},{"type":"Feature","id":9813055,"geometry":{"type":"Point","coordinates":[-3.6796554304180087,40.409076694397349]},"properties":{"ESA_ESPECIE":"CLE","NOMBRE_COMUN":"Ciprés de Leyland/x Cupressocyparis leylandii","NOMBRE_ESPECIE":"x Cupressocyparis x leylandii","ALTURA":"1,8","MINTDISTRITO":"03","NOMBRE_DISTRITO":"RETIRO","MINTBARRIO":"035","NOMBRE_BARRIO":"LOS JERONIMOS","OBJECTID":9813055}},{"type":"Feature","id":9778849,"geometry":{"type":"Point","coordinates":[-3.679039626205693,40.408588372776833]},"properties":{"ESA_ESPECIE":"PAB","NOMBRE_COMUN":"Álamo\u00A0plateado","NOMBRE_ESPECIE":"Populus alba 'Bolleana'","ALTURA":"4","MINTDISTRITO":"03","NOMBRE_DISTRITO":"RETIRO","MINTBARRIO":"035","NOMBRE_BARRIO":"LOS JERONIMOS","OBJECTID":9778849}},{"type":"Feature","id":9769726,"geometry":{"type":"Point","coordinates":[-3.6823948837411677,40.410214574232]},"properties":{"ESA_ESPECIE":"PDU","NOMBRE_COMUN":"Almendro","NOMBRE_ESPECIE":"Prunus dulcis","ALTURA":"2,5","MINTDISTRITO":"03","NOMBRE_DISTRITO":"RETIRO","MINTBARRIO":"035","NOMBRE_BARRIO":"LOS JERONIMOS","OBJECTID":9769726}},{"type":"Feature","id":9812932,"geometry":{"type":"Point","coordinates":[-3.6820627239420443,40.410207579158836]},"properties":{"ESA_ESPECIE":"AHI","NOMBRE_COMUN":"Castaño de indias","NOMBRE_ESPECIE":"Aesculus hippocastanum","ALTURA":"9","MINTDISTRITO":"03","NOMBRE_DISTRITO":"RETIRO","MINTBARRIO":"035","NOMBRE_BARRIO":"LOS JERONIMOS","OBJECTID":9812932}},{"type":"Feature","id":9801030,"geometry":{"type":"Point","coordinates":[-3.6811502369115696,40.410975070770021]},"properties":{"ESA_ESPECIE":"MFL","NOMBRE_COMUN":"Manzano japonés","NOMBRE_ESPECIE":"Malus floribunda","ALTURA":"4","MINTDISTRITO":"03","NOMBRE_DISTRITO":"RETIRO","MINTBARRIO":"035","NOMBRE_BARRIO":"LOS JERONIMOS","OBJECTID":9801030}},{"type":"Feature","id":9814137,"geometry":{"type":"Point","coordinates":[-3.6811829822848985,40.410061404313055]},"properties":{"ESA_ESPECIE":"AHI","NOMBRE_COMUN":"Castaño de indias","NOMBRE_ESPECIE":"Aesculus hippocastanum","ALTURA":"12","MINTDISTRITO":"03","NOMBRE_DISTRITO":"RETIRO","MINTBARRIO":"035","NOMBRE_BARRIO":"LOS JERONIMOS","OBJECTID":9814137}},{"type":"Feature","id":9782415,"geometry":{"type":"Point","coordinates":[-3.6811531118177365,40.409388738625736]},"properties":{"ESA_ESPECIE":"UGL","NOMBRE_COMUN":"Olmo de montaña","NOMBRE_ESPECIE":"Ulmus glabra","ALTURA":"11","MINTDISTRITO":"03","NOMBRE_DISTRITO":"RETIRO","MINTBARRIO":"035","NOMBRE_BARRIO":"LOS JERONIMOS","OBJECTID":9782415}},{"type":"Feature","id":9813596,"geometry":{"type":"Point","coordinates":[-3.681938013001854,40.409386247069591]},"properties":{"ESA_ESPECIE":"CDE","NOMBRE_COMUN":"Cedro llorón","NOMBRE_ESPECIE":"Cedrus deodara","ALTURA":"3","MINTDISTRITO":"03","NOMBRE_DISTRITO":"RETIRO","MINTBARRIO":"035","NOMBRE_BARRIO":"LOS JERONIMOS","OBJECTID":9813596}},{"type":"Feature","id":9810842,"geometry":{"type":"Point","coordinates":[-3.6813381834004426,40.412164276070378]},"properties":{"ESA_ESPECIE":"BPE","NOMBRE_COMUN":"Abedul llorón (o péndulo)","NOMBRE_ESPECIE":"Betula pendula","ALTURA":"5","MINTDISTRITO":"03","NOMBRE_DISTRITO":"RETIRO","MINTBARRIO":"035","NOMBRE_BARRIO":"LOS JERONIMOS","OBJECTID":9810842}},{"type":"Feature","id":9781628,"geometry":{"type":"Point","coordinates":[-3.6810396329835475,40.412029151414515]},"properties":{"ESA_ESPECIE":"UMI","NOMBRE_COMUN":"Olmo común","NOMBRE_ESPECIE":"Ulmus minor","ALTURA":"10,5","MINTDISTRITO":"03","NOMBRE_DISTRITO":"RETIRO","MINTBARRIO":"035","NOMBRE_BARRIO":"LOS JERONIMOS","OBJECTID":9781628}},{"type":"Feature","id":9805776,"geometry":{"type":"Point","coordinates":[-3.682851220762855,40.411527670964929]},"properties":{"ESA_ESPECIE":"AHI","NOMBRE_COMUN":"Castaño de indias","NOMBRE_ESPECIE":"Aesculus hippocastanum","ALTURA":"10,5","MINTDISTRITO":"03","NOMBRE_DISTRITO":"RETIRO","MINTBARRIO":"035","NOMBRE_BARRIO":"LOS JERONIMOS","OBJECTID":9805776}},{"type":"Feature","id":9812809,"geometry":{"type":"Point","coordinates":[-3.6821117722827061,40.410586526141842]},"properties":{"ESA_ESPECIE":"AHI","NOMBRE_COMUN":"Castaño de indias","NOMBRE_ESPECIE":"Aesculus hippocastanum","ALTURA":"7","MINTDISTRITO":"03","NOMBRE_DISTRITO":"RETIRO","MINTBARRIO":"035","NOMBRE_BARRIO":"LOS JERONIMOS","OBJECTID":9812809}},{"type":"Feature","id":9800907,"geometry":{"type":"Point","coordinates":[-3.6830077589632775,40.411000347125153]},"properties":{"ESA_ESPECIE":"CAU","NOMBRE_COMUN":"Almez","NOMBRE_ESPECIE":"Celtis australis","ALTURA":"4,5","MINTDISTRITO":"03","NOMBRE_DISTRITO":"RETIRO","MINTBARRIO":"035","NOMBRE_BARRIO":"LOS JERONIMOS","OBJECTID":9800907}},{"type":"Feature","id":9767611,"geometry":{"type":"Point","coordinates":[-3.6829810763883613,40.410011832646177]},"properties":{"ESA_ESPECIE":"CBE","NOMBRE_COMUN":"Carpe","NOMBRE_ESPECIE":"Carpinus betulus","ALTURA":"6","MINTDISTRITO":"03","NOMBRE_DISTRITO":"RETIRO","MINTBARRIO":"035","NOMBRE_BARRIO":"LOS JERONIMOS","OBJECTID":9767611}},{"type":"Feature","id":9767513,"geometry":{"type":"Point","coordinates":[-3.6791396822244491,40.411429963497561]},"properties":{"ESA_ESPECIE":"PPI","NOMBRE_COMUN":"Pino piñonero","NOMBRE_ESPECIE":"Pinus pinea","ALTURA":"7,5","MINTDISTRITO":"03","NOMBRE_DISTRITO":"RETIRO","MINTBARRIO":"035","NOMBRE_BARRIO":"LOS JERONIMOS","OBJECTID":9767513}},{"type":"Feature","id":9778431,"geometry":{"type":"Point","coordinates":[-3.6785547028584302,40.410020417228118]},"properties":{"ESA_ESPECIE":"UMI","NOMBRE_COMUN":"Olmo común","NOMBRE_ESPECIE":"Ulmus minor","ALTURA":"5,5","MINTDISTRITO":"03","NOMBRE_DISTRITO":"RETIRO","MINTBARRIO":"035","NOMBRE_BARRIO":"LOS JERONIMOS","OBJECTID":9778431}},{"type":"Feature","id":9778210,"geometry":{"type":"Point","coordinates":[-3.6806647574224929,40.409983870241227]},"properties":{"ESA_ESPECIE":"PPI","NOMBRE_COMUN":"Pino piñonero","NOMBRE_ESPECIE":"Pinus pinea","ALTURA":"4,5","MINTDISTRITO":"03","NOMBRE_DISTRITO":"RETIRO","MINTBARRIO":"035","NOMBRE_BARRIO":"LOS JERONIMOS","OBJECTID":9778210}},{"type":"Feature","id":9781505,"geometry":{"type":"Point","coordinates":[-3.679803371586492,40.412272644279348]},"properties":{"ESA_ESPECIE":"AHI","NOMBRE_COMUN":"Castaño de indias","NOMBRE_ESPECIE":"Aesculus hippocastanum","ALTURA":"16","MINTDISTRITO":"03","NOMBRE_DISTRITO":"RETIRO","MINTBARRIO":"035","NOMBRE_BARRIO":"LOS JERONIMOS","OBJECTID":9781505}},{"type":"Feature","id":9814260,"geometry":{"type":"Point","coordinates":[-3.6800358378102023,40.412367034486856]},"properties":{"ESA_ESPECIE":"QPA","NOMBRE_COMUN":"Roble de los pantanos","NOMBRE_ESPECIE":"Quercus palustris","ALTURA":"2,25","MINTDISTRITO":"03","NOMBRE_DISTRITO":"RETIRO","MINTBARRIO":"035","NOMBRE_BARRIO":"LOS JERONIMOS","OBJECTID":9814260}},{"type":"Feature","id":9781087,"geometry":{"type":"Point","coordinates":[-3.6804143607876902,40.41192211147979]},"properties":{"ESA_ESPECIE":"PHA","NOMBRE_COMUN":"Pino carrasco","NOMBRE_ESPECIE":"Pinus halepensis","ALTURA":"22","MINTDISTRITO":"03","NOMBRE_DISTRITO":"RETIRO","MINTBARRIO":"035","NOMBRE_BARRIO":"LOS JERONIMOS","OBJECTID":9781087}},{"type":"Feature","id":9799604,"geometry":{"type":"Point","coordinates":[-3.6792112300669677,40.414841741035922]},"properties":{"ESA_ESPECIE":"CAT","NOMBRE_COMUN":"Cedro del Atlas","NOMBRE_ESPECIE":"Cedrus atlantica","ALTURA":"13","MINTDISTRITO":"03","NOMBRE_DISTRITO":"RETIRO","MINTBARRIO":"035","NOMBRE_BARRIO":"LOS JERONIMOS","OBJECTID":9799604}},{"type":"Feature","id":9780423,"geometry":{"type":"Point","coordinates":[-3.6797862684587779,40.414073835186798]},"properties":{"ESA_ESPECIE":"PDA","NOMBRE_COMUN":"Plátano de sombra/Platanus x hybrida","NOMBRE_ESPECIE":"Platanus x hispanica","ALTURA":"15","MINTDISTRITO":"03","NOMBRE_DISTRITO":"RETIRO","MINTBARRIO":"035","NOMBRE_BARRIO":"LOS JERONIMOS","OBJECTID":9780423}},{"type":"Feature","id":9810178,"geometry":{"type":"Point","coordinates":[-3.6805081596083324,40.413664694608549]},"properties":{"ESA_ESPECIE":"PHA","NOMBRE_COMUN":"Pino carrasco","NOMBRE_ESPECIE":"Pinus halepensis","ALTURA":"25","MINTDISTRITO":"03","NOMBRE_DISTRITO":"RETIRO","MINTBARRIO":"035","NOMBRE_BARRIO":"LOS JERONIMOS","OBJECTID":9810178}},{"type":"Feature","id":9811727,"geometry":{"type":"Point","coordinates":[-3.6808444918145256,40.412628087622672]},"properties":{"ESA_ESPECIE":"CSE","NOMBRE_COMUN":"Ciprés común","NOMBRE_ESPECIE":"Cupressus sempervirens","ALTURA":"20","MINTDISTRITO":"03","NOMBRE_DISTRITO":"RETIRO","MINTBARRIO":"035","NOMBRE_BARRIO":"LOS JERONIMOS","OBJECTID":9811727}},{"type":"Feature","id":9768275,"geometry":{"type":"Point","coordinates":[-3.6791663127105552,40.413290988114881]},"properties":{"ESA_ESPECIE":"PDA","NOMBRE_COMUN":"Plátano de sombra/Platanus x hybrida","NOMBRE_ESPECIE":"Platanus x hispanica","ALTURA":"12","MINTDISTRITO":"03","NOMBRE_DISTRITO":"RETIRO","MINTBARRIO":"035","NOMBRE_BARRIO":"LOS JERONIMOS","OBJECTID":9768275}},{"type":"Feature","id":9765103,"geometry":{"type":"Point","coordinates":[-3.6788379862522715,40.412255973920985]},"properties":{"ESA_ESPECIE":"AHI","NOMBRE_COMUN":"Castaño de indias","NOMBRE_ESPECIE":"Aesculus hippocastanum","ALTURA":"5","MINTDISTRITO":"03","NOMBRE_DISTRITO":"RETIRO","MINTBARRIO":"035","NOMBRE_BARRIO":"LOS JERONIMOS","OBJECTID":9765103}},{"type":"Feature","id":9779636,"geometry":{"type":"Point","coordinates":[-3.6807179322903716,40.416925213974793]},"properties":{"ESA_ESPECIE":"PDA","NOMBRE_COMUN":"Plátano de sombra/Platanus x hybrida","NOMBRE_ESPECIE":"Platanus x hispanica","ALTURA":"11","MINTDISTRITO":"03","NOMBRE_DISTRITO":"RETIRO","MINTBARRIO":"035","NOMBRE_BARRIO":"LOS JERONIMOS","OBJECTID":9779636}},{"type":"Feature","id":9814383,"geometry":{"type":"Point","coordinates":[-3.6788592303752439,40.417365117447567]},"properties":{"ESA_ESPECIE":"PCP","NOMBRE_COMUN":"Ciruelo púrpura","NOMBRE_ESPECIE":"Prunus cerasifera  subsp. pissardii","ALTURA":"4","MINTDISTRITO":"03","NOMBRE_DISTRITO":"RETIRO","MINTBARRIO":"035","NOMBRE_BARRIO":"LOS JERONIMOS","OBJECTID":9814383}},{"type":"Feature","id":9782833,"geometry":{"type":"Point","coordinates":[-3.6788167060513124,40.417324411990101]},"properties":{"ESA_ESPECIE":"PCP","NOMBRE_COMUN":"Ciruelo púrpura","NOMBRE_ESPECIE":"Prunus cerasifera  subsp. pissardii","ALTURA":"4","MINTDISTRITO":"03","NOMBRE_DISTRITO":"RETIRO","MINTBARRIO":"035","NOMBRE_BARRIO":"LOS JERONIMOS","OBJECTID":9782833}},{"type":"Feature","id":9766308,"geometry":{"type":"Point","coordinates":[-3.6786527179502149,40.417312041301727]},"properties":{"ESA_ESPECIE":"SJA","NOMBRE_COMUN":"Acacia del Japón/Sophora japonica","NOMBRE_ESPECIE":"Styphnolobium japonicum","ALTURA":"8","MINTDISTRITO":"03","NOMBRE_DISTRITO":"RETIRO","MINTBARRIO":"035","NOMBRE_BARRIO":"LOS JERONIMOS","OBJECTID":9766308}},{"type":"Feature","id":9752291,"geometry":{"type":"Point","coordinates":[-3.6796009188333523,40.415501784022148]},"properties":{"ESA_ESPECIE":"AHI","NOMBRE_COMUN":"Castaño de indias","NOMBRE_ESPECIE":"Aesculus hippocastanum","ALTURA":"5","MINTDISTRITO":"03","NOMBRE_DISTRITO":"RETIRO","MINTBARRIO":"035","NOMBRE_BARRIO":"LOS JERONIMOS","OBJECTID":9752291}},{"type":"Feature","id":9799481,"geometry":{"type":"Point","coordinates":[-3.6793482266381856,40.414433961181288]},"properties":{"ESA_ESPECIE":"AHI","NOMBRE_COMUN":"Castaño de indias","NOMBRE_ESPECIE":"Aesculus hippocastanum","ALTURA":"8,5","MINTDISTRITO":"03","NOMBRE_DISTRITO":"RETIRO","MINTBARRIO":"035","NOMBRE_BARRIO":"LOS JERONIMOS","OBJECTID":9799481}},{"type":"Feature","id":9779095,"geometry":{"type":"Point","coordinates":[-3.6820993777657631,40.417184100362704]},"properties":{"ESA_ESPECIE":"MEA","NOMBRE_COMUN":"Cinamomo","NOMBRE_ESPECIE":"Melia azedarach","ALTURA":"6","MINTDISTRITO":"03","NOMBRE_DISTRITO":"RETIRO","MINTBARRIO":"035","NOMBRE_BARRIO":"LOS JERONIMOS","OBJECTID":9779095}},{"type":"Feature","id":9808850,"geometry":{"type":"Point","coordinates":[-3.6819389797271702,40.417500471346578]},"properties":{"ESA_ESPECIE":"AHI","NOMBRE_COMUN":"Castaño de indias","NOMBRE_ESPECIE":"Aesculus hippocastanum","ALTURA":"18","MINTDISTRITO":"03","NOMBRE_DISTRITO":"RETIRO","MINTBARRIO":"035","NOMBRE_BARRIO":"LOS JERONIMOS","OBJECTID":9808850}},{"type":"Feature","id":9808973,"geometry":{"type":"Point","coordinates":[-3.68149507243966,40.41720440280141]},"properties":{"ESA_ESPECIE":"PDA","NOMBRE_COMUN":"Plátano de sombra/Platanus x hybrida","NOMBRE_ESPECIE":"Platanus x hispanica","ALTURA":"11","MINTDISTRITO":"03","NOMBRE_DISTRITO":"RETIRO","MINTBARRIO":"035","NOMBRE_BARRIO":"LOS JERONIMOS","OBJECTID":9808973}},{"type":"Feature","id":9809096,"geometry":{"type":"Point","coordinates":[-3.6810978948416904,40.416342811459565]},"properties":{"ESA_ESPECIE":"AHI","NOMBRE_COMUN":"Castaño de indias","NOMBRE_ESPECIE":"Aesculus hippocastanum","ALTURA":"13","MINTDISTRITO":"03","NOMBRE_DISTRITO":"RETIRO","MINTBARRIO":"035","NOMBRE_BARRIO":"LOS JERONIMOS","OBJECTID":9809096}},{"type":"Feature","id":9764980,"geometry":{"type":"Point","coordinates":[-3.6798158557082195,40.416389438086192]},"properties":{"ESA_ESPECIE":"SJA","NOMBRE_COMUN":"Acacia del Japón/Sophora japonica","NOMBRE_ESPECIE":"Styphnolobium japonicum","ALTURA":"12","MINTDISTRITO":"03","NOMBRE_DISTRITO":"RETIRO","MINTBARRIO":"035","NOMBRE_BARRIO":"LOS JERONIMOS","OBJECTID":9764980}},{"type":"Feature","id":9809514,"geometry":{"type":"Point","coordinates":[-3.6806969173490383,40.416286758235145]},"properties":{"ESA_ESPECIE":"AHI","NOMBRE_COMUN":"Castaño de indias","NOMBRE_ESPECIE":"Aesculus hippocastanum","ALTURA":"6,5","MINTDISTRITO":"03","NOMBRE_DISTRITO":"RETIRO","MINTBARRIO":"035","NOMBRE_BARRIO":"LOS JERONIMOS","OBJECTID":9809514}},{"type":"Feature","id":9777546,"geometry":{"type":"Point","coordinates":[-3.6833325363220024,40.413290223807593]},"properties":{"ESA_ESPECIE":"AHI","NOMBRE_COMUN":"Castaño de indias","NOMBRE_ESPECIE":"Aesculus hippocastanum","ALTURA":"8","MINTDISTRITO":"03","NOMBRE_DISTRITO":"RETIRO","MINTBARRIO":"035","NOMBRE_BARRIO":"LOS JERONIMOS","OBJECTID":9777546}},{"type":"Feature","id":9806317,"geometry":{"type":"Point","coordinates":[-3.6836258971681892,40.412661153107798]},"properties":{"ESA_ESPECIE":"AHI","NOMBRE_COMUN":"Castaño de indias","NOMBRE_ESPECIE":"Aesculus hippocastanum","ALTURA":"7","MINTDISTRITO":"03","NOMBRE_DISTRITO":"RETIRO","MINTBARRIO":"035","NOMBRE_BARRIO":"LOS JERONIMOS","OBJECTID":9806317}},{"type":"Feature","id":9780964,"geometry":{"type":"Point","coordinates":[-3.6818822713124089,40.412476349444383]},"properties":{"ESA_ESPECIE":"PAR","NOMBRE_COMUN":"Peral de flor 'Chanticleer'","NOMBRE_ESPECIE":"Pyrus calleryana 'Chanticleer'","ALTURA":"5","MINTDISTRITO":"03","NOMBRE_DISTRITO":"RETIRO","MINTBARRIO":"035","NOMBRE_BARRIO":"LOS JERONIMOS","OBJECTID":9780964}},{"type":"Feature","id":9780300,"geometry":{"type":"Point","coordinates":[-3.6819495837761851,40.414839477747023]},"properties":{"ESA_ESPECIE":"PDA","NOMBRE_COMUN":"Plátano de sombra/Platanus x hybrida","NOMBRE_ESPECIE":"Platanus x hispanica","ALTURA":"15","MINTDISTRITO":"03","NOMBRE_DISTRITO":"RETIRO","MINTBARRIO":"035","NOMBRE_BARRIO":"LOS JERONIMOS","OBJECTID":9780300}},{"type":"Feature","id":9810301,"geometry":{"type":"Point","coordinates":[-3.6826944145666047,40.414491774157433]},"properties":{"ESA_ESPECIE":"AHI","NOMBRE_COMUN":"Castaño de indias","NOMBRE_ESPECIE":"Aesculus hippocastanum","ALTURA":"24","MINTDISTRITO":"03","NOMBRE_DISTRITO":"RETIRO","MINTBARRIO":"035","NOMBRE_BARRIO":"LOS JERONIMOS","OBJECTID":9810301}},{"type":"Feature","id":9779513,"geometry":{"type":"Point","coordinates":[-3.6822698002837972,40.416213811198091]},"properties":{"ESA_ESPECIE":"AHI","NOMBRE_COMUN":"Castaño de indias","NOMBRE_ESPECIE":"Aesculus hippocastanum","ALTURA":"16","MINTDISTRITO":"03","NOMBRE_DISTRITO":"RETIRO","MINTBARRIO":"035","NOMBRE_BARRIO":"LOS JERONIMOS","OBJECTID":9779513}},{"type":"Feature","id":9805653,"geometry":{"type":"Point","coordinates":[-3.6854323427320854,40.412419772111136]},"properties":{"ESA_ESPECIE":"AHI","NOMBRE_COMUN":"Castaño de indias","NOMBRE_ESPECIE":"Aesculus hippocastanum","ALTURA":"14","MINTDISTRITO":"03","NOMBRE_DISTRITO":"RETIRO","MINTBARRIO":"035","NOMBRE_BARRIO":"LOS JERONIMOS","OBJECTID":9805653}},{"type":"Feature","id":9773808,"geometry":{"type":"Point","coordinates":[-3.6853795041172233,40.412478914472665]},"properties":{"ESA_ESPECIE":"AHI","NOMBRE_COMUN":"Castaño de indias","NOMBRE_ESPECIE":"Aesculus hippocastanum","ALTURA":"10","MINTDISTRITO":"03","NOMBRE_DISTRITO":"RETIRO","MINTBARRIO":"035","NOMBRE_BARRIO":"LOS JERONIMOS","OBJECTID":9773808}},{"type":"Feature","id":9804891,"geometry":{"type":"Point","coordinates":[-3.6844252257088081,40.413473968762965]},"properties":{"ESA_ESPECIE":"AHI","NOMBRE_COMUN":"Castaño de indias","NOMBRE_ESPECIE":"Aesculus hippocastanum","ALTURA":"15","MINTDISTRITO":"03","NOMBRE_DISTRITO":"RETIRO","MINTBARRIO":"035","NOMBRE_BARRIO":"LOS JERONIMOS","OBJECTID":9804891}},{"type":"Feature","id":9804350,"geometry":{"type":"Point","coordinates":[-3.68400504384112,40.413537122305762]},"properties":{"ESA_ESPECIE":"CAU","NOMBRE_COMUN":"Almez","NOMBRE_ESPECIE":"Celtis australis","ALTURA":"13","MINTDISTRITO":"03","NOMBRE_DISTRITO":"RETIRO","MINTBARRIO":"035","NOMBRE_BARRIO":"LOS JERONIMOS","OBJECTID":9804350}},{"type":"Feature","id":9773685,"geometry":{"type":"Point","coordinates":[-3.6837850940101973,40.413400521743881]},"properties":{"ESA_ESPECIE":"AHI","NOMBRE_COMUN":"Castaño de indias","NOMBRE_ESPECIE":"Aesculus hippocastanum","ALTURA":"16","MINTDISTRITO":"03","NOMBRE_DISTRITO":"RETIRO","MINTBARRIO":"035","NOMBRE_BARRIO":"LOS JERONIMOS","OBJECTID":9773685}},{"type":"Feature","id":9772259,"geometry":{"type":"Point","coordinates":[-3.6836252395806106,40.413547683976098]},"properties":{"ESA_ESPECIE":"AHI","NOMBRE_COMUN":"Castaño de indias","NOMBRE_ESPECIE":"Aesculus hippocastanum","ALTURA":"20","MINTDISTRITO":"03","NOMBRE_DISTRITO":"RETIRO","MINTBARRIO":"035","NOMBRE_BARRIO":"LOS JERONIMOS","OBJECTID":9772259}},{"type":"Feature","id":9809760,"geometry":{"type":"Point","coordinates":[-3.683304317310331,40.415478139868512]},"properties":{"ESA_ESPECIE":"AHI","NOMBRE_COMUN":"Castaño de indias","NOMBRE_ESPECIE":"Aesculus hippocastanum","ALTURA":"14","MINTDISTRITO":"03","NOMBRE_DISTRITO":"RETIRO","MINTBARRIO":"035","NOMBRE_BARRIO":"LOS JERONIMOS","OBJECTID":9809760}},{"type":"Feature","id":9780841,"geometry":{"type":"Point","coordinates":[-3.6835005805531771,40.415399150588193]},"properties":{"ESA_ESPECIE":"RPS","NOMBRE_COMUN":"Falsa acacia","NOMBRE_ESPECIE":"Robinia pseudoacacia","ALTURA":"9","MINTDISTRITO":"03","NOMBRE_DISTRITO":"RETIRO","MINTBARRIO":"035","NOMBRE_BARRIO":"LOS JERONIMOS","OBJECTID":9780841}},{"type":"Feature","id":9780177,"geometry":{"type":"Point","coordinates":[-3.6833748678086629,40.415241154222656]},"properties":{"ESA_ESPECIE":"AAL","NOMBRE_COMUN":"Ailanto","NOMBRE_ESPECIE":"Ailanthus altissima","ALTURA":"11","MINTDISTRITO":"03","NOMBRE_DISTRITO":"RETIRO","MINTBARRIO":"035","NOMBRE_BARRIO":"LOS JERONIMOS","OBJECTID":9780177}},{"type":"Feature","id":9772480,"geometry":{"type":"Point","coordinates":[-3.685141389880473,40.414982229819756]},"properties":{"ESA_ESPECIE":"AHI","NOMBRE_COMUN":"Castaño de indias","NOMBRE_ESPECIE":"Aesculus hippocastanum","ALTURA":"13","MINTDISTRITO":"03","NOMBRE_DISTRITO":"RETIRO","MINTBARRIO":"035","NOMBRE_BARRIO":"LOS JERONIMOS","OBJECTID":9772480}},{"type":"Feature","id":9805014,"geometry":{"type":"Point","coordinates":[-3.6844736362114769,40.414439776957806]},"properties":{"ESA_ESPECIE":"AHI","NOMBRE_COMUN":"Castaño de indias","NOMBRE_ESPECIE":"Aesculus hippocastanum","ALTURA":"9","MINTDISTRITO":"03","NOMBRE_DISTRITO":"RETIRO","MINTBARRIO":"035","NOMBRE_BARRIO":"LOS JERONIMOS","OBJECTID":9805014}},{"type":"Feature","id":9783497,"geometry":{"type":"Point","coordinates":[-3.6845959238632751,40.41383059054327]},"properties":{"ESA_ESPECIE":"TFO","NOMBRE_COMUN":"Palma de Fortune","NOMBRE_ESPECIE":"Trachycarpus fortunei","ALTURA":"9","MINTDISTRITO":"03","NOMBRE_DISTRITO":"RETIRO","MINTBARRIO":"035","NOMBRE_BARRIO":"LOS JERONIMOS","OBJECTID":9783497}},{"type":"Feature","id":9804227,"geometry":{"type":"Point","coordinates":[-3.6870681783018369,40.416062215098663]},"properties":{"ESA_ESPECIE":"AHI","NOMBRE_COMUN":"Castaño de indias","NOMBRE_ESPECIE":"Aesculus hippocastanum","ALTURA":"9","MINTDISTRITO":"03","NOMBRE_DISTRITO":"RETIRO","MINTBARRIO":"035","NOMBRE_BARRIO":"LOS JERONIMOS","OBJECTID":9804227}},{"type":"Feature","id":9765644,"geometry":{"type":"Point","coordinates":[-3.6876773109823904,40.41683096635596]},"properties":{"ESA_ESPECIE":"AHI","NOMBRE_COMUN":"Castaño de indias","NOMBRE_ESPECIE":"Aesculus hippocastanum","ALTURA":"13","MINTDISTRITO":"03","NOMBRE_DISTRITO":"RETIRO","MINTBARRIO":"035","NOMBRE_BARRIO":"LOS JERONIMOS","OBJECTID":9765644}},{"type":"Feature","id":9765767,"geometry":{"type":"Point","coordinates":[-3.6873162267275479,40.416668608281675]},"properties":{"ESA_ESPECIE":"AHI","NOMBRE_COMUN":"Castaño de indias","NOMBRE_ESPECIE":"Aesculus hippocastanum","ALTURA":"9","MINTDISTRITO":"03","NOMBRE_DISTRITO":"RETIRO","MINTBARRIO":"035","NOMBRE_BARRIO":"LOS JERONIMOS","OBJECTID":9765767}},{"type":"Feature","id":9776464,"geometry":{"type":"Point","coordinates":[-3.6867324760281672,40.417521630232841]},"properties":{"ESA_ESPECIE":"AHI","NOMBRE_COMUN":"Castaño de indias","NOMBRE_ESPECIE":"Aesculus hippocastanum","ALTURA":"11","MINTDISTRITO":"03","NOMBRE_DISTRITO":"RETIRO","MINTBARRIO":"035","NOMBRE_BARRIO":"LOS JERONIMOS","OBJECTID":9776464}},{"type":"Feature","id":9807645,"geometry":{"type":"Point","coordinates":[-3.6866951771127279,40.417931583197195]},"properties":{"ESA_ESPECIE":"AHI","NOMBRE_COMUN":"Castaño de indias","NOMBRE_ESPECIE":"Aesculus hippocastanum","ALTURA":"15","MINTDISTRITO":"03","NOMBRE_DISTRITO":"RETIRO","MINTBARRIO":"035","NOMBRE_BARRIO":"LOS JERONIMOS","OBJECTID":9807645}},{"type":"Feature","id":9771718,"geometry":{"type":"Point","coordinates":[-3.6850837858295735,40.416311406029592]},"properties":{"ESA_ESPECIE":"AHI","NOMBRE_COMUN":"Castaño de indias","NOMBRE_ESPECIE":"Aesculus hippocastanum","ALTURA":"14","MINTDISTRITO":"03","NOMBRE_DISTRITO":"RETIRO","MINTBARRIO":"035","NOMBRE_BARRIO":"LOS JERONIMOS","OBJECTID":9771718}},{"type":"Feature","id":9765521,"geometry":{"type":"Point","coordinates":[-3.6876701022133362,40.412783963587742]},"properties":{"ESA_ESPECIE":"PDA","NOMBRE_COMUN":"Plátano de sombra/Platanus x hybrida","NOMBRE_ESPECIE":"Platanus x hispanica","ALTURA":"7,5","MINTDISTRITO":"03","NOMBRE_DISTRITO":"RETIRO","MINTBARRIO":"035","NOMBRE_BARRIO":"LOS JERONIMOS","OBJECTID":9765521}},{"type":"Feature","id":9771054,"geometry":{"type":"Point","coordinates":[-3.6878763808327015,40.41339463139888]},"properties":{"ESA_ESPECIE":"CEO","NOMBRE_COMUN":"Almez americano","NOMBRE_ESPECIE":"Celtis occidentalis","ALTURA":"8","MINTDISTRITO":"03","NOMBRE_DISTRITO":"RETIRO","MINTBARRIO":"035","NOMBRE_BARRIO":"LOS JERONIMOS","OBJECTID":9771054}},{"type":"Feature","id":9770390,"geometry":{"type":"Point","coordinates":[-3.6878838366066136,40.413432334970459]},"properties":{"ESA_ESPECIE":"CAU","NOMBRE_COMUN":"Almez","NOMBRE_ESPECIE":"Celtis australis","ALTURA":"9","MINTDISTRITO":"03","NOMBRE_DISTRITO":"RETIRO","MINTBARRIO":"035","NOMBRE_BARRIO":"LOS JERONIMOS","OBJECTID":9770390}},{"type":"Feature","id":9770267,"geometry":{"type":"Point","coordinates":[-3.68568597157185,40.412652143288561]},"properties":{"ESA_ESPECIE":"CDE","NOMBRE_COMUN":"Cedro llorón","NOMBRE_ESPECIE":"Cedrus deodara","ALTURA":"13","MINTDISTRITO":"03","NOMBRE_DISTRITO":"RETIRO","MINTBARRIO":"035","NOMBRE_BARRIO":"LOS JERONIMOS","OBJECTID":9770267}},{"type":"Feature","id":9805112,"geometry":{"type":"Point","coordinates":[-3.685660431812781,40.414767890609603]},"properties":{"ESA_ESPECIE":"AHI","NOMBRE_COMUN":"Castaño de indias","NOMBRE_ESPECIE":"Aesculus hippocastanum","ALTURA":"8","MINTDISTRITO":"03","NOMBRE_DISTRITO":"RETIRO","MINTBARRIO":"035","NOMBRE_BARRIO":"LOS JERONIMOS","OBJECTID":9805112}},{"type":"Feature","id":9768939,"geometry":{"type":"Point","coordinates":[-3.6872643001073842,40.413878634040131]},"properties":{"ESA_ESPECIE":"CSI","NOMBRE_COMUN":"Árbol del amor","NOMBRE_ESPECIE":"Cercis siliquastrum","ALTURA":"18","MINTDISTRITO":"03","NOMBRE_DISTRITO":"RETIRO","MINTBARRIO":"035","NOMBRE_BARRIO":"LOS JERONIMOS","OBJECTID":9768939}},{"type":"Feature","id":9775677,"geometry":{"type":"Point","coordinates":[-3.6850614235986274,40.411714759600585]},"properties":{"ESA_ESPECIE":"UPU","NOMBRE_COMUN":"Olmo de Siberia","NOMBRE_ESPECIE":"Ulmus pumila","ALTURA":"8","MINTDISTRITO":"03","NOMBRE_DISTRITO":"RETIRO","MINTBARRIO":"035","NOMBRE_BARRIO":"LOS JERONIMOS","OBJECTID":9775677}},{"type":"Feature","id":9905000,"geometry":{"type":"Point","coordinates":[-3.6864833593409472,40.411339323807965]},"properties":{"ESA_ESPECIE":"TFO","NOMBRE_COMUN":"Palma de Fortune","NOMBRE_ESPECIE":"Trachycarpus fortunei","ALTURA":"2,5","MINTDISTRITO":"03","NOMBRE_DISTRITO":"RETIRO","MINTBARRIO":"035","NOMBRE_BARRIO":"LOS JERONIMOS","OBJECTID":9905000}},{"type":"Feature","id":9766849,"geometry":{"type":"Point","coordinates":[-3.6861182877186676,40.411485455527597]},"properties":{"ESA_ESPECIE":"TFO","NOMBRE_COMUN":"Palma de Fortune","NOMBRE_ESPECIE":"Trachycarpus fortunei","ALTURA":null,"MINTDISTRITO":"03","NOMBRE_DISTRITO":"RETIRO","MINTBARRIO":"035","NOMBRE_BARRIO":"LOS JERONIMOS","OBJECTID":9766849}},{"type":"Feature","id":9801694,"geometry":{"type":"Point","coordinates":[-3.6861760431428841,40.410402170088609]},"properties":{"ESA_ESPECIE":"ECA","NOMBRE_COMUN":"Eucalipto rojo","NOMBRE_ESPECIE":"Eucalyptus camaldulensis","ALTURA":"18","MINTDISTRITO":"03","NOMBRE_DISTRITO":"RETIRO","MINTBARRIO":"035","NOMBRE_BARRIO":"LOS JERONIMOS","OBJECTID":9801694}},{"type":"Feature","id":9802235,"geometry":{"type":"Point","coordinates":[-3.6877657828338686,40.409909442616652]},"properties":{"ESA_ESPECIE":"CAU","NOMBRE_COMUN":"Almez","NOMBRE_ESPECIE":"Celtis australis","ALTURA":"9,5","MINTDISTRITO":"03","NOMBRE_DISTRITO":"RETIRO","MINTBARRIO":"035","NOMBRE_BARRIO":"LOS JERONIMOS","OBJECTID":9802235}},{"type":"Feature","id":9803686,"geometry":{"type":"Point","coordinates":[-3.6873213091469421,40.411728473687305]},"properties":{"ESA_ESPECIE":"PDA","NOMBRE_COMUN":"Plátano de sombra/Platanus x hybrida","NOMBRE_ESPECIE":"Platanus x hispanica","ALTURA":"25","MINTDISTRITO":"03","NOMBRE_DISTRITO":"RETIRO","MINTBARRIO":"035","NOMBRE_BARRIO":"LOS JERONIMOS","OBJECTID":9803686}},{"type":"Feature","id":9805555,"geometry":{"type":"Point","coordinates":[-3.6838744141564219,40.412138797865602]},"properties":{"ESA_ESPECIE":"ACA","NOMBRE_COMUN":"Arce campestre","NOMBRE_ESPECIE":"Acer campestre","ALTURA":"7","MINTDISTRITO":"03","NOMBRE_DISTRITO":"RETIRO","MINTBARRIO":"035","NOMBRE_BARRIO":"LOS JERONIMOS","OBJECTID":9805555}},{"type":"Feature","id":9775800,"geometry":{"type":"Point","coordinates":[-3.6843609639807027,40.411824043470588]},"properties":{"ESA_ESPECIE":"ACA","NOMBRE_COMUN":"Arce campestre","NOMBRE_ESPECIE":"Acer campestre","ALTURA":"10","MINTDISTRITO":"03","NOMBRE_DISTRITO":"RETIRO","MINTBARRIO":"035","NOMBRE_BARRIO":"LOS JERONIMOS","OBJECTID":9775800}},{"type":"Feature","id":9773021,"geometry":{"type":"Point","coordinates":[-3.6845320755756514,40.412113752753619]},"properties":{"ESA_ESPECIE":"CMO","NOMBRE_COMUN":"Majuelo","NOMBRE_ESPECIE":"Crataegus monogyna","ALTURA":"3","MINTDISTRITO":"03","NOMBRE_DISTRITO":"RETIRO","MINTBARRIO":"035","NOMBRE_BARRIO":"LOS JERONIMOS","OBJECTID":9773021}},{"type":"Feature","id":9806194,"geometry":{"type":"Point","coordinates":[-3.6845714902652222,40.411966221330061]},"properties":{"ESA_ESPECIE":"ACA","NOMBRE_COMUN":"Arce campestre","NOMBRE_ESPECIE":"Acer campestre","ALTURA":"11","MINTDISTRITO":"03","NOMBRE_DISTRITO":"RETIRO","MINTBARRIO":"035","NOMBRE_BARRIO":"LOS JERONIMOS","OBJECTID":9806194}},{"type":"Feature","id":9806858,"geometry":{"type":"Point","coordinates":[-3.684790232122567,40.41167236589424]},"properties":{"ESA_ESPECIE":"GTR","NOMBRE_COMUN":"Acacia de tres espinas","NOMBRE_ESPECIE":"Gleditsia triacanthos","ALTURA":"24","MINTDISTRITO":"03","NOMBRE_DISTRITO":"RETIRO","MINTBARRIO":"035","NOMBRE_BARRIO":"LOS JERONIMOS","OBJECTID":9806858}},{"type":"Feature","id":9803563,"geometry":{"type":"Point","coordinates":[-3.6855319580041042,40.411764556529455]},"properties":{"ESA_ESPECIE":"AHI","NOMBRE_COMUN":"Castaño de indias","NOMBRE_ESPECIE":"Aesculus hippocastanum","ALTURA":"5,5","MINTDISTRITO":"03","NOMBRE_DISTRITO":"RETIRO","MINTBARRIO":"035","NOMBRE_BARRIO":"LOS JERONIMOS","OBJECTID":9803563}},{"type":"Feature","id":9814924,"geometry":{"type":"Point","coordinates":[-3.6839120571115491,40.410869631553915]},"properties":{"ESA_ESPECIE":"CSE","NOMBRE_COMUN":"Ciprés común","NOMBRE_ESPECIE":"Cupressus sempervirens","ALTURA":"1,5","MINTDISTRITO":"03","NOMBRE_DISTRITO":"RETIRO","MINTBARRIO":"035","NOMBRE_BARRIO":"LOS JERONIMOS","OBJECTID":9814924}},{"type":"Feature","id":9782956,"geometry":{"type":"Point","coordinates":[-3.6840850789539261,40.410331975324752]},"properties":{"ESA_ESPECIE":"PDU","NOMBRE_COMUN":"Almendro","NOMBRE_ESPECIE":"Prunus dulcis","ALTURA":"3","MINTDISTRITO":"03","NOMBRE_DISTRITO":"RETIRO","MINTBARRIO":"035","NOMBRE_BARRIO":"LOS JERONIMOS","OBJECTID":9782956}},{"type":"Feature","id":9773144,"geometry":{"type":"Point","coordinates":[-3.6843212131795267,40.411667340992445]},"properties":{"ESA_ESPECIE":"ACA","NOMBRE_COMUN":"Arce campestre","NOMBRE_ESPECIE":"Acer campestre","ALTURA":"12","MINTDISTRITO":"03","NOMBRE_DISTRITO":"RETIRO","MINTBARRIO":"035","NOMBRE_BARRIO":"LOS JERONIMOS","OBJECTID":9773144}},{"type":"Feature","id":9806440,"geometry":{"type":"Point","coordinates":[-3.6839894387702845,40.411344095267282]},"properties":{"ESA_ESPECIE":"QIL","NOMBRE_COMUN":"Encina","NOMBRE_ESPECIE":"Quercus ilex","ALTURA":"11","MINTDISTRITO":"03","NOMBRE_DISTRITO":"RETIRO","MINTBARRIO":"035","NOMBRE_BARRIO":"LOS JERONIMOS","OBJECTID":9806440}},{"type":"Feature","id":9814801,"geometry":{"type":"Point","coordinates":[-3.6840413316302558,40.411249715693216]},"properties":{"ESA_ESPECIE":"UPU","NOMBRE_COMUN":"Olmo de Siberia","NOMBRE_ESPECIE":"Ulmus pumila","ALTURA":"1,5","MINTDISTRITO":"03","NOMBRE_DISTRITO":"RETIRO","MINTBARRIO":"035","NOMBRE_BARRIO":"LOS JERONIMOS","OBJECTID":9814801}},{"type":"Feature","id":9773562,"geometry":{"type":"Point","coordinates":[-3.6835524919608584,40.411582518437093]},"properties":{"ESA_ESPECIE":"AHI","NOMBRE_COMUN":"Castaño de indias","NOMBRE_ESPECIE":"Aesculus hippocastanum","ALTURA":"18","MINTDISTRITO":"03","NOMBRE_DISTRITO":"RETIRO","MINTBARRIO":"035","NOMBRE_BARRIO":"LOS JERONIMOS","OBJECTID":9773562}},{"type":"Feature","id":9803022,"geometry":{"type":"Point","coordinates":[-3.6886093142729024,40.412316803748446]},"properties":{"ESA_ESPECIE":"AHI","NOMBRE_COMUN":"Castaño de indias","NOMBRE_ESPECIE":"Aesculus hippocastanum","ALTURA":"11","MINTDISTRITO":"03","NOMBRE_DISTRITO":"RETIRO","MINTBARRIO":"035","NOMBRE_BARRIO":"LOS JERONIMOS","OBJECTID":9803022}},{"type":"Feature","id":9896713,"geometry":{"type":"Point","coordinates":[-3.6863857129285096,40.409521650485289]},"properties":{"ESA_ESPECIE":"PPI","NOMBRE_COMUN":"Pino piñonero","NOMBRE_ESPECIE":"Pinus pinea","ALTURA":"17","MINTDISTRITO":"03","NOMBRE_DISTRITO":"RETIRO","MINTBARRIO":"035","NOMBRE_BARRIO":"LOS JERONIMOS","OBJECTID":9896713}},{"type":"Feature","id":9802358,"geometry":{"type":"Point","coordinates":[-3.6861094390877573,40.409584966273549]},"properties":{"ESA_ESPECIE":"PCP","NOMBRE_COMUN":"Ciruelo púrpura","NOMBRE_ESPECIE":"Prunus cerasifera  subsp. pissardii","ALTURA":"3,5","MINTDISTRITO":"03","NOMBRE_DISTRITO":"RETIRO","MINTBARRIO":"035","NOMBRE_BARRIO":"LOS JERONIMOS","OBJECTID":9802358}},{"type":"Feature","id":9767734,"geometry":{"type":"Point","coordinates":[-3.6855893733013083,40.410980004758123]},"properties":{"ESA_ESPECIE":"AHI","NOMBRE_COMUN":"Castaño de indias","NOMBRE_ESPECIE":"Aesculus hippocastanum","ALTURA":"15","MINTDISTRITO":"03","NOMBRE_DISTRITO":"RETIRO","MINTBARRIO":"035","NOMBRE_BARRIO":"LOS JERONIMOS","OBJECTID":9767734}},{"type":"Feature","id":9775554,"geometry":{"type":"Point","coordinates":[-3.6847039819481409,40.410883989634911]},"properties":{"ESA_ESPECIE":"GTR","NOMBRE_COMUN":"Acacia de tres espinas","NOMBRE_ESPECIE":"Gleditsia triacanthos","ALTURA":"15","MINTDISTRITO":"03","NOMBRE_DISTRITO":"RETIRO","MINTBARRIO":"035","NOMBRE_BARRIO":"LOS JERONIMOS","OBJECTID":9775554}},{"type":"Feature","id":9769603,"geometry":{"type":"Point","coordinates":[-3.6843049985351084,40.410244636524013]},"properties":{"ESA_ESPECIE":"PDU","NOMBRE_COMUN":"Almendro","NOMBRE_ESPECIE":"Prunus dulcis","ALTURA":"4,5","MINTDISTRITO":"03","NOMBRE_DISTRITO":"RETIRO","MINTBARRIO":"035","NOMBRE_BARRIO":"LOS JERONIMOS","OBJECTID":9769603}},{"type":"Feature","id":9776951,"geometry":{"type":"Point","coordinates":[-3.6882024401401621,40.419377761897678]},"properties":{"ESA_ESPECIE":"AHI","NOMBRE_COMUN":"Castaño de indias","NOMBRE_ESPECIE":"Aesculus hippocastanum","ALTURA":"11,5","MINTDISTRITO":"03","NOMBRE_DISTRITO":"RETIRO","MINTBARRIO":"035","NOMBRE_BARRIO":"LOS JERONIMOS","OBJECTID":9776951}},{"type":"Feature","id":9775955,"geometry":{"type":"Point","coordinates":[-3.6883970863908275,40.417323982332746]},"properties":{"ESA_ESPECIE":"PPI","NOMBRE_COMUN":"Pino piñonero","NOMBRE_ESPECIE":"Pinus pinea","ALTURA":"17","MINTDISTRITO":"03","NOMBRE_DISTRITO":"RETIRO","MINTBARRIO":"035","NOMBRE_BARRIO":"LOS JERONIMOS","OBJECTID":9775955}},{"type":"Feature","id":9804425,"geometry":{"type":"Point","coordinates":[-3.6882705524964425,40.416597606477509]},"properties":{"ESA_ESPECIE":"AHI","NOMBRE_COMUN":"Castaño de indias","NOMBRE_ESPECIE":"Aesculus hippocastanum","ALTURA":"6","MINTDISTRITO":"03","NOMBRE_DISTRITO":"RETIRO","MINTBARRIO":"035","NOMBRE_BARRIO":"LOS JERONIMOS","OBJECTID":9804425}},{"type":"Feature","id":9771200,"geometry":{"type":"Point","coordinates":[-3.6887564324877054,40.415513275857073]},"properties":{"ESA_ESPECIE":"AHI","NOMBRE_COMUN":"Castaño de indias","NOMBRE_ESPECIE":"Aesculus hippocastanum","ALTURA":"9,5","MINTDISTRITO":"03","NOMBRE_DISTRITO":"RETIRO","MINTBARRIO":"035","NOMBRE_BARRIO":"LOS JERONIMOS","OBJECTID":9771200}},{"type":"Feature","id":9768876,"geometry":{"type":"Point","coordinates":[-3.6885697316134123,40.414328256398221]},"properties":{"ESA_ESPECIE":"AHI","NOMBRE_COMUN":"Castaño de indias","NOMBRE_ESPECIE":"Aesculus hippocastanum","ALTURA":"13","MINTDISTRITO":"03","NOMBRE_DISTRITO":"RETIRO","MINTBARRIO":"035","NOMBRE_BARRIO":"LOS JERONIMOS","OBJECTID":9768876}},{"type":"Feature","id":9770785,"geometry":{"type":"Point","coordinates":[-3.6881922339793345,40.412399864034143]},"properties":{"ESA_ESPECIE":"AHI","NOMBRE_COMUN":"Castaño de indias","NOMBRE_ESPECIE":"Aesculus hippocastanum","ALTURA":"15","MINTDISTRITO":"03","NOMBRE_DISTRITO":"RETIRO","MINTBARRIO":"035","NOMBRE_BARRIO":"LOS JERONIMOS","OBJECTID":9770785}},{"type":"Feature","id":9801093,"geometry":{"type":"Point","coordinates":[-3.6780421438111355,40.411248052715059]},"properties":{"ESA_ESPECIE":"CSI","NOMBRE_COMUN":"Árbol del amor","NOMBRE_ESPECIE":"Cercis siliquastrum","ALTURA":"4","MINTDISTRITO":"03","NOMBRE_DISTRITO":"RETIRO","MINTBARRIO":"035","NOMBRE_BARRIO":"LOS JERONIMOS","OBJECTID":9801093}},{"type":"Feature","id":9769457,"geometry":{"type":"Point","coordinates":[-3.6779546197609059,40.411563855982124]},"properties":{"ESA_ESPECIE":"UMI","NOMBRE_COMUN":"Olmo común","NOMBRE_ESPECIE":"Ulmus minor","ALTURA":"10","MINTDISTRITO":"03","NOMBRE_DISTRITO":"RETIRO","MINTBARRIO":"035","NOMBRE_BARRIO":"LOS JERONIMOS","OBJECTID":9769457}},{"type":"Feature","id":9755797,"geometry":{"type":"Point","coordinates":[-3.6782326537239332,40.414006832818643]},"properties":{"ESA_ESPECIE":"CSE","NOMBRE_COMUN":"Ciprés común","NOMBRE_ESPECIE":"Cupressus sempervirens","ALTURA":"3,8","MINTDISTRITO":"03","NOMBRE_DISTRITO":"RETIRO","MINTBARRIO":"035","NOMBRE_BARRIO":"LOS JERONIMOS","OBJECTID":9755797}},{"type":"Feature","id":9766623,"geometry":{"type":"Point","coordinates":[-3.6781670308165464,40.415313890880356]},"properties":{"ESA_ESPECIE":"GBI","NOMBRE_COMUN":"Gingo","NOMBRE_ESPECIE":"Ginkgo biloba","ALTURA":"4","MINTDISTRITO":"03","NOMBRE_DISTRITO":"RETIRO","MINTBARRIO":"035","NOMBRE_BARRIO":"LOS JERONIMOS","OBJECTID":9766623}},{"type":"Feature","id":9799919,"geometry":{"type":"Point","coordinates":[-3.6784045906106013,40.416328853372868]},"properties":{"ESA_ESPECIE":"GBI","NOMBRE_COMUN":"Gingo","NOMBRE_ESPECIE":"Ginkgo biloba","ALTURA":"6","MINTDISTRITO":"03","NOMBRE_DISTRITO":"RETIRO","MINTBARRIO":"035","NOMBRE_BARRIO":"LOS JERONIMOS","OBJECTID":9799919}},{"type":"Feature","id":9781860,"geometry":{"type":"Point","coordinates":[-3.6831719363209392,40.420805439939855]},"properties":{"ESA_ESPECIE":"CHL","NOMBRE_COMUN":"Ciprés de Lawson","NOMBRE_ESPECIE":"Chamaecyparis lawsoniana","ALTURA":"6","MINTDISTRITO":"03","NOMBRE_DISTRITO":"RETIRO","MINTBARRIO":"035","NOMBRE_BARRIO":"LOS JERONIMOS","OBJECTID":9781860}},{"type":"Feature","id":9776441,"geometry":{"type":"Point","coordinates":[-3.6862609922595584,40.418123711529375]},"properties":{"ESA_ESPECIE":"AHI","NOMBRE_COMUN":"Castaño de indias","NOMBRE_ESPECIE":"Aesculus hippocastanum","ALTURA":"14","MINTDISTRITO":"03","NOMBRE_DISTRITO":"RETIRO","MINTBARRIO":"035","NOMBRE_BARRIO":"LOS JERONIMOS","OBJECTID":9776441}},{"type":"Feature","id":9813496,"geometry":{"type":"Point","coordinates":[-3.6864010629620618,40.41834556561426]},"properties":{"ESA_ESPECIE":"AHI","NOMBRE_COMUN":"Castaño de indias","NOMBRE_ESPECIE":"Aesculus hippocastanum","ALTURA":"2,5","MINTDISTRITO":"03","NOMBRE_DISTRITO":"RETIRO","MINTBARRIO":"035","NOMBRE_BARRIO":"LOS JERONIMOS","OBJECTID":9813496}},{"type":"Feature","id":9765876,"geometry":{"type":"Point","coordinates":[-3.6868582644084178,40.418290886166567]},"properties":{"ESA_ESPECIE":"TIP","NOMBRE_COMUN":"Tilo de hojas grandes","NOMBRE_ESPECIE":"Tilia platyphyllos","ALTURA":"5,5","MINTDISTRITO":"03","NOMBRE_DISTRITO":"RETIRO","MINTBARRIO":"035","NOMBRE_BARRIO":"LOS JERONIMOS","OBJECTID":9765876}},{"type":"Feature","id":9808670,"geometry":{"type":"Point","coordinates":[-3.6865245198209475,40.419326304939851]},"properties":{"ESA_ESPECIE":"AHI","NOMBRE_COMUN":"Castaño de indias","NOMBRE_ESPECIE":"Aesculus hippocastanum","ALTURA":"9","MINTDISTRITO":"03","NOMBRE_DISTRITO":"RETIRO","MINTBARRIO":"035","NOMBRE_BARRIO":"LOS JERONIMOS","OBJECTID":9808670}},{"type":"Feature","id":9806749,"geometry":{"type":"Point","coordinates":[-3.6871304936180453,40.417945933840961]},"properties":{"ESA_ESPECIE":"CBI","NOMBRE_COMUN":"Catalpa","NOMBRE_ESPECIE":"Catalpa bignonioides","ALTURA":"15","MINTDISTRITO":"03","NOMBRE_DISTRITO":"RETIRO","MINTBARRIO":"035","NOMBRE_BARRIO":"LOS JERONIMOS","OBJECTID":9806749}},{"type":"Feature","id":9812654,"geometry":{"type":"Point","coordinates":[-3.6784356028822112,40.409531734935712]},"properties":{"ESA_ESPECIE":"QIL","NOMBRE_COMUN":"Encina","NOMBRE_ESPECIE":"Quercus ilex","ALTURA":"9","MINTDISTRITO":"03","NOMBRE_DISTRITO":"RETIRO","MINTBARRIO":"035","NOMBRE_BARRIO":"LOS JERONIMOS","OBJECTID":9812654}},{"type":"Feature","id":9777034,"geometry":{"type":"Point","coordinates":[-3.6845372691803417,40.418977537224237]},"properties":{"ESA_ESPECIE":"PIN","NOMBRE_COMUN":"Pino laricio","NOMBRE_ESPECIE":"Pinus nigra","ALTURA":"23","MINTDISTRITO":"03","NOMBRE_DISTRITO":"RETIRO","MINTBARRIO":"035","NOMBRE_BARRIO":"LOS JERONIMOS","OBJECTID":9777034}},{"type":"Feature","id":9814575,"geometry":{"type":"Point","coordinates":[-3.685621468523554,40.41921659123188]},"properties":{"ESA_ESPECIE":"AHI","NOMBRE_COMUN":"Castaño de indias","NOMBRE_ESPECIE":"Aesculus hippocastanum","ALTURA":"3,5","MINTDISTRITO":"03","NOMBRE_DISTRITO":"RETIRO","MINTBARRIO":"035","NOMBRE_BARRIO":"LOS JERONIMOS","OBJECTID":9814575}},{"type":"Feature","id":9782607,"geometry":{"type":"Point","coordinates":[-3.6847041929421094,40.420307905286279]},"properties":{"ESA_ESPECIE":"AHI","NOMBRE_COMUN":"Castaño de indias","NOMBRE_ESPECIE":"Aesculus hippocastanum","ALTURA":"3","MINTDISTRITO":"03","NOMBRE_DISTRITO":"RETIRO","MINTBARRIO":"035","NOMBRE_BARRIO":"LOS JERONIMOS","OBJECTID":9782607}},{"type":"Feature","id":9808326,"geometry":{"type":"Point","coordinates":[-3.6856430044056201,40.420346323687518]},"properties":{"ESA_ESPECIE":"AHI","NOMBRE_COMUN":"Castaño de indias","NOMBRE_ESPECIE":"Aesculus hippocastanum","ALTURA":"12","MINTDISTRITO":"03","NOMBRE_DISTRITO":"RETIRO","MINTBARRIO":"035","NOMBRE_BARRIO":"LOS JERONIMOS","OBJECTID":9808326}},{"type":"Feature","id":9808077,"geometry":{"type":"Point","coordinates":[-3.6858238495975852,40.419898276405]},"properties":{"ESA_ESPECIE":"PDA","NOMBRE_COMUN":"Plátano de sombra/Platanus x hybrida","NOMBRE_ESPECIE":"Platanus x hispanica","ALTURA":"23,5","MINTDISTRITO":"03","NOMBRE_DISTRITO":"RETIRO","MINTBARRIO":"035","NOMBRE_BARRIO":"LOS JERONIMOS","OBJECTID":9808077}},{"type":"Feature","id":9806998,"geometry":{"type":"Point","coordinates":[-3.6857754201619302,40.418541792606995]},"properties":{"ESA_ESPECIE":"TIP","NOMBRE_COMUN":"Tilo de hojas grandes","NOMBRE_ESPECIE":"Tilia platyphyllos","ALTURA":"4,5","MINTDISTRITO":"03","NOMBRE_DISTRITO":"RETIRO","MINTBARRIO":"035","NOMBRE_BARRIO":"LOS JERONIMOS","OBJECTID":9806998}},{"type":"Feature","id":9779939,"geometry":{"type":"Point","coordinates":[-3.6820907094004118,40.418878302825284]},"properties":{"ESA_ESPECIE":"UPU","NOMBRE_COMUN":"Olmo de Siberia","NOMBRE_ESPECIE":"Ulmus pumila","ALTURA":"16","MINTDISTRITO":"03","NOMBRE_DISTRITO":"RETIRO","MINTBARRIO":"035","NOMBRE_BARRIO":"LOS JERONIMOS","OBJECTID":9779939}},{"type":"Feature","id":9783188,"geometry":{"type":"Point","coordinates":[-3.6843027554316974,40.419549468295926]},"properties":{"ESA_ESPECIE":"TFO","NOMBRE_COMUN":"Palma de Fortune","NOMBRE_ESPECIE":"Trachycarpus fortunei","ALTURA":"8,5","MINTDISTRITO":"03","NOMBRE_DISTRITO":"RETIRO","MINTBARRIO":"035","NOMBRE_BARRIO":"LOS JERONIMOS","OBJECTID":9783188}},{"type":"Feature","id":9815156,"geometry":{"type":"Point","coordinates":[-3.6841974536395852,40.419675848756263]},"properties":{"ESA_ESPECIE":"TFO","NOMBRE_COMUN":"Palma de Fortune","NOMBRE_ESPECIE":"Trachycarpus fortunei","ALTURA":"8,5","MINTDISTRITO":"03","NOMBRE_DISTRITO":"RETIRO","MINTBARRIO":"035","NOMBRE_BARRIO":"LOS JERONIMOS","OBJECTID":9815156}},{"type":"Feature","id":9811658,"geometry":{"type":"Point","coordinates":[-3.6835056535681443,40.419161731439118]},"properties":{"ESA_ESPECIE":"AHI","NOMBRE_COMUN":"Castaño de indias","NOMBRE_ESPECIE":"Aesculus hippocastanum","ALTURA":"11","MINTDISTRITO":"03","NOMBRE_DISTRITO":"RETIRO","MINTBARRIO":"035","NOMBRE_BARRIO":"LOS JERONIMOS","OBJECTID":9811658}},{"type":"Feature","id":9779690,"geometry":{"type":"Point","coordinates":[-3.6838686319814733,40.418659781160798]},"properties":{"ESA_ESPECIE":"PDA","NOMBRE_COMUN":"Plátano de sombra/Platanus x hybrida","NOMBRE_ESPECIE":"Platanus x hispanica","ALTURA":"15","MINTDISTRITO":"03","NOMBRE_DISTRITO":"RETIRO","MINTBARRIO":"035","NOMBRE_BARRIO":"LOS JERONIMOS","OBJECTID":9779690}},{"type":"Feature","id":9808658,"geometry":{"type":"Point","coordinates":[-3.6847121075496077,40.419079511323851]},"properties":{"ESA_ESPECIE":"AHI","NOMBRE_COMUN":"Castaño de indias","NOMBRE_ESPECIE":"Aesculus hippocastanum","ALTURA":"9,5","MINTDISTRITO":"03","NOMBRE_DISTRITO":"RETIRO","MINTBARRIO":"035","NOMBRE_BARRIO":"LOS JERONIMOS","OBJECTID":9808658}},{"type":"Feature","id":9767204,"geometry":{"type":"Point","coordinates":[-3.681611108914848,40.420007368258723]},"properties":{"ESA_ESPECIE":"TFO","NOMBRE_COMUN":"Palma de Fortune","NOMBRE_ESPECIE":"Trachycarpus fortunei","ALTURA":null,"MINTDISTRITO":"03","NOMBRE_DISTRITO":"RETIRO","MINTBARRIO":"035","NOMBRE_BARRIO":"LOS JERONIMOS","OBJECTID":9767204}},{"type":"Feature","id":9811907,"geometry":{"type":"Point","coordinates":[-3.6817669978755254,40.419989153540172]},"properties":{"ESA_ESPECIE":"AHI","NOMBRE_COMUN":"Castaño de indias","NOMBRE_ESPECIE":"Aesculus hippocastanum","ALTURA":"9,5","MINTDISTRITO":"03","NOMBRE_DISTRITO":"RETIRO","MINTBARRIO":"035","NOMBRE_BARRIO":"LOS JERONIMOS","OBJECTID":9811907}},{"type":"Feature","id":9811575,"geometry":{"type":"Point","coordinates":[-3.6817509647586384,40.419548732830556]},"properties":{"ESA_ESPECIE":"CSI","NOMBRE_COMUN":"Árbol del amor","NOMBRE_ESPECIE":"Cercis siliquastrum","ALTURA":"4","MINTDISTRITO":"03","NOMBRE_DISTRITO":"RETIRO","MINTBARRIO":"035","NOMBRE_BARRIO":"LOS JERONIMOS","OBJECTID":9811575}},{"type":"Feature","id":9809405,"geometry":{"type":"Point","coordinates":[-3.6811336416320342,40.419379028336053]},"properties":{"ESA_ESPECIE":"AHI","NOMBRE_COMUN":"Castaño de indias","NOMBRE_ESPECIE":"Aesculus hippocastanum","ALTURA":"10","MINTDISTRITO":"03","NOMBRE_DISTRITO":"RETIRO","MINTBARRIO":"035","NOMBRE_BARRIO":"LOS JERONIMOS","OBJECTID":9809405}},{"type":"Feature","id":9779358,"geometry":{"type":"Point","coordinates":[-3.6812794691731563,40.41878011261948]},"properties":{"ESA_ESPECIE":"AHI","NOMBRE_COMUN":"Castaño de indias","NOMBRE_ESPECIE":"Aesculus hippocastanum","ALTURA":"12","MINTDISTRITO":"03","NOMBRE_DISTRITO":"RETIRO","MINTBARRIO":"035","NOMBRE_BARRIO":"LOS JERONIMOS","OBJECTID":9779358}},{"type":"Feature","id":9809002,"geometry":{"type":"Point","coordinates":[-3.6811811157862784,40.418110455091337]},"properties":{"ESA_ESPECIE":"AHI","NOMBRE_COMUN":"Castaño de indias","NOMBRE_ESPECIE":"Aesculus hippocastanum","ALTURA":"10","MINTDISTRITO":"03","NOMBRE_DISTRITO":"RETIRO","MINTBARRIO":"035","NOMBRE_BARRIO":"LOS JERONIMOS","OBJECTID":9809002}},{"type":"Feature","id":9768200,"geometry":{"type":"Point","coordinates":[-3.6791854973829361,40.418158736276453]},"properties":{"ESA_ESPECIE":"AHI","NOMBRE_COMUN":"Castaño de indias","NOMBRE_ESPECIE":"Aesculus hippocastanum","ALTURA":"12","MINTDISTRITO":"03","NOMBRE_DISTRITO":"RETIRO","MINTBARRIO":"035","NOMBRE_BARRIO":"LOS JERONIMOS","OBJECTID":9768200}},{"type":"Feature","id":9901313,"geometry":{"type":"Point","coordinates":[-3.6799945227504995,40.419000317723906]},"properties":{"ESA_ESPECIE":"AHI","NOMBRE_COMUN":"Castaño de indias","NOMBRE_ESPECIE":"Aesculus hippocastanum","ALTURA":"12","MINTDISTRITO":"03","NOMBRE_DISTRITO":"RETIRO","MINTBARRIO":"035","NOMBRE_BARRIO":"LOS JERONIMOS","OBJECTID":9901313}},{"type":"Feature","id":9779951,"geometry":{"type":"Point","coordinates":[-3.6808012913310684,40.419117885694412]},"properties":{"ESA_ESPECIE":"MGR","NOMBRE_COMUN":"Magnolio","NOMBRE_ESPECIE":"Magnolia grandiflora","ALTURA":"5,5","MINTDISTRITO":"03","NOMBRE_DISTRITO":"RETIRO","MINTBARRIO":"035","NOMBRE_BARRIO":"LOS JERONIMOS","OBJECTID":9779951}},{"type":"Feature","id":9768129,"geometry":{"type":"Point","coordinates":[-3.6807031808341657,40.419618014952597]},"properties":{"ESA_ESPECIE":"MFL","NOMBRE_COMUN":"Manzano japonés","NOMBRE_ESPECIE":"Malus floribunda","ALTURA":"2","MINTDISTRITO":"03","NOMBRE_DISTRITO":"RETIRO","MINTBARRIO":"035","NOMBRE_BARRIO":"LOS JERONIMOS","OBJECTID":9768129}},{"type":"Feature","id":9782856,"geometry":{"type":"Point","coordinates":[-3.6800803074689115,40.419488076408527]},"properties":{"ESA_ESPECIE":"CAU","NOMBRE_COMUN":"Almez","NOMBRE_ESPECIE":"Celtis australis","ALTURA":"5","MINTDISTRITO":"03","NOMBRE_DISTRITO":"RETIRO","MINTBARRIO":"035","NOMBRE_BARRIO":"LOS JERONIMOS","OBJECTID":9782856}},{"type":"Feature","id":9799172,"geometry":{"type":"Point","coordinates":[-3.6806403610860325,40.42061991125496]},"properties":{"ESA_ESPECIE":"CSE","NOMBRE_COMUN":"Ciprés común","NOMBRE_ESPECIE":"Cupressus sempervirens","ALTURA":"7,5","MINTDISTRITO":"03","NOMBRE_DISTRITO":"RETIRO","MINTBARRIO":"035","NOMBRE_BARRIO":"LOS JERONIMOS","OBJECTID":9799172}},{"type":"Feature","id":9778362,"geometry":{"type":"Point","coordinates":[-3.6792588471077288,40.408876546273788]},"properties":{"ESA_ESPECIE":"GTR","NOMBRE_COMUN":"Acacia de tres espinas","NOMBRE_ESPECIE":"Gleditsia triacanthos","ALTURA":"10,5","MINTDISTRITO":"03","NOMBRE_DISTRITO":"RETIRO","MINTBARRIO":"035","NOMBRE_BARRIO":"LOS JERONIMOS","OBJECTID":9778362}},{"type":"Feature","id":9812986,"geometry":{"type":"Point","coordinates":[-3.6796132951088438,40.409032004872444]},"properties":{"ESA_ESPECIE":"CLE","NOMBRE_COMUN":"Ciprés de Leyland/x Cupressocyparis leylandii","NOMBRE_ESPECIE":"x Cupressocyparis x leylandii","ALTURA":"1,8","MINTDISTRITO":"03","NOMBRE_DISTRITO":"RETIRO","MINTBARRIO":"035","NOMBRE_BARRIO":"LOS JERONIMOS","OBJECTID":9812986}},{"type":"Feature","id":9812500,"geometry":{"type":"Point","coordinates":[-3.6793640924822699,40.409010162950544]},"properties":{"ESA_ESPECIE":"ADE","NOMBRE_COMUN":"Mimosa plateada","NOMBRE_ESPECIE":"Acacia dealbata","ALTURA":"4,5","MINTDISTRITO":"03","NOMBRE_DISTRITO":"RETIRO","MINTBARRIO":"035","NOMBRE_BARRIO":"LOS JERONIMOS","OBJECTID":9812500}},{"type":"Feature","id":9813579,"geometry":{"type":"Point","coordinates":[-3.6788536725526648,40.409200504366417]},"properties":{"ESA_ESPECIE":"AHI","NOMBRE_COMUN":"Castaño de indias","NOMBRE_ESPECIE":"Aesculus hippocastanum","ALTURA":"5,5","MINTDISTRITO":"03","NOMBRE_DISTRITO":"RETIRO","MINTBARRIO":"035","NOMBRE_BARRIO":"LOS JERONIMOS","OBJECTID":9813579}},{"type":"Feature","id":9778030,"geometry":{"type":"Point","coordinates":[-3.6787848229540709,40.409462306507329]},"properties":{"ESA_ESPECIE":"QIL","NOMBRE_COMUN":"Encina","NOMBRE_ESPECIE":"Quercus ilex","ALTURA":"7,5","MINTDISTRITO":"03","NOMBRE_DISTRITO":"RETIRO","MINTBARRIO":"035","NOMBRE_BARRIO":"LOS JERONIMOS","OBJECTID":9778030}},{"type":"Feature","id":9813235,"geometry":{"type":"Point","coordinates":[-3.6790418698839669,40.408460998479711]},"properties":{"ESA_ESPECIE":"CEO","NOMBRE_COMUN":"Almez americano","NOMBRE_ESPECIE":"Celtis occidentalis","ALTURA":"4,5","MINTDISTRITO":"03","NOMBRE_DISTRITO":"RETIRO","MINTBARRIO":"035","NOMBRE_BARRIO":"LOS JERONIMOS","OBJECTID":9813235}},{"type":"Feature","id":9778279,"geometry":{"type":"Point","coordinates":[-3.6816272075237846,40.409888019571476]},"properties":{"ESA_ESPECIE":"ACA","NOMBRE_COMUN":"Arce campestre","NOMBRE_ESPECIE":"Acer campestre","ALTURA":"13","MINTDISTRITO":"03","NOMBRE_DISTRITO":"RETIRO","MINTBARRIO":"035","NOMBRE_BARRIO":"LOS JERONIMOS","OBJECTID":9778279}},{"type":"Feature","id":9778611,"geometry":{"type":"Point","coordinates":[-3.6818243979935779,40.410135867303538]},"properties":{"ESA_ESPECIE":"AHI","NOMBRE_COMUN":"Castaño de indias","NOMBRE_ESPECIE":"Aesculus hippocastanum","ALTURA":"8,5","MINTDISTRITO":"03","NOMBRE_DISTRITO":"RETIRO","MINTBARRIO":"035","NOMBRE_BARRIO":"LOS JERONIMOS","OBJECTID":9778611}},{"type":"Feature","id":9801425,"geometry":{"type":"Point","coordinates":[-3.6813932515026875,40.410664240755203]},"properties":{"ESA_ESPECIE":"PPI","NOMBRE_COMUN":"Pino piñonero","NOMBRE_ESPECIE":"Pinus pinea","ALTURA":"5,5","MINTDISTRITO":"03","NOMBRE_DISTRITO":"RETIRO","MINTBARRIO":"035","NOMBRE_BARRIO":"LOS JERONIMOS","OBJECTID":9801425}},{"type":"Feature","id":9898811,"geometry":{"type":"Point","coordinates":[-3.6822867323640729,40.409352865284411]},"properties":{"ESA_ESPECIE":"MAL","NOMBRE_COMUN":"Morera blanca","NOMBRE_ESPECIE":"Morus alba","ALTURA":"5","MINTDISTRITO":"03","NOMBRE_DISTRITO":"RETIRO","MINTBARRIO":"035","NOMBRE_BARRIO":"LOS JERONIMOS","OBJECTID":9898811}},{"type":"Feature","id":9767216,"geometry":{"type":"Point","coordinates":[-3.6808361073573104,40.409024877496492]},"properties":{"ESA_ESPECIE":"TFO","NOMBRE_COMUN":"Palma de Fortune","NOMBRE_ESPECIE":"Trachycarpus fortunei","ALTURA":null,"MINTDISTRITO":"03","NOMBRE_DISTRITO":"RETIRO","MINTBARRIO":"035","NOMBRE_BARRIO":"LOS JERONIMOS","OBJECTID":9767216}},{"type":"Feature","id":9812903,"geometry":{"type":"Point","coordinates":[-3.679793453224613,40.409186928672447]},"properties":{"ESA_ESPECIE":"CLE","NOMBRE_COMUN":"Ciprés de Leyland/x Cupressocyparis leylandii","NOMBRE_ESPECIE":"x Cupressocyparis x leylandii","ALTURA":"2","MINTDISTRITO":"03","NOMBRE_DISTRITO":"RETIRO","MINTBARRIO":"035","NOMBRE_BARRIO":"LOS JERONIMOS","OBJECTID":9812903}},{"type":"Feature","id":9768283,"geometry":{"type":"Point","coordinates":[-3.6789650039553936,40.413259557682473]},"properties":{"ESA_ESPECIE":"AHI","NOMBRE_COMUN":"Castaño de indias","NOMBRE_ESPECIE":"Aesculus hippocastanum","ALTURA":"6","MINTDISTRITO":"03","NOMBRE_DISTRITO":"RETIRO","MINTBARRIO":"035","NOMBRE_BARRIO":"LOS JERONIMOS","OBJECTID":9768283}},{"type":"Feature","id":9802421,"geometry":{"type":"Point","coordinates":[-3.6797037156390213,40.411638551103877]},"properties":{"ESA_ESPECIE":"AHI","NOMBRE_COMUN":"Castaño de indias","NOMBRE_ESPECIE":"Aesculus hippocastanum","ALTURA":"4,5","MINTDISTRITO":"03","NOMBRE_DISTRITO":"RETIRO","MINTBARRIO":"035","NOMBRE_BARRIO":"LOS JERONIMOS","OBJECTID":9802421}},{"type":"Feature","id":9800844,"geometry":{"type":"Point","coordinates":[-3.6791864015849089,40.410472143213191]},"properties":{"ESA_ESPECIE":"PHA","NOMBRE_COMUN":"Pino carrasco","NOMBRE_ESPECIE":"Pinus halepensis","ALTURA":"5,5","MINTDISTRITO":"03","NOMBRE_DISTRITO":"RETIRO","MINTBARRIO":"035","NOMBRE_BARRIO":"LOS JERONIMOS","OBJECTID":9800844}},{"type":"Feature","id":9769125,"geometry":{"type":"Point","coordinates":[-3.6801598889543117,40.410164538718597]},"properties":{"ESA_ESPECIE":"PDA","NOMBRE_COMUN":"Plátano de sombra/Platanus x hybrida","NOMBRE_ESPECIE":"Platanus x hispanica","ALTURA":"4,5","MINTDISTRITO":"03","NOMBRE_DISTRITO":"RETIRO","MINTBARRIO":"035","NOMBRE_BARRIO":"LOS JERONIMOS","OBJECTID":9769125}},{"type":"Feature","id":9781611,"geometry":{"type":"Point","coordinates":[-3.6812491124796818,40.412052962496475]},"properties":{"ESA_ESPECIE":"UMI","NOMBRE_COMUN":"Olmo común","NOMBRE_ESPECIE":"Ulmus minor","ALTURA":"10","MINTDISTRITO":"03","NOMBRE_DISTRITO":"RETIRO","MINTBARRIO":"035","NOMBRE_BARRIO":"LOS JERONIMOS","OBJECTID":9781611}},{"type":"Feature","id":9813247,"geometry":{"type":"Point","coordinates":[-3.6821584501815461,40.410348988179983]},"properties":{"ESA_ESPECIE":"UMI","NOMBRE_COMUN":"Olmo común","NOMBRE_ESPECIE":"Ulmus minor","ALTURA":"7","MINTDISTRITO":"03","NOMBRE_DISTRITO":"RETIRO","MINTBARRIO":"035","NOMBRE_BARRIO":"LOS JERONIMOS","OBJECTID":9813247}},{"type":"Feature","id":9809251,"geometry":{"type":"Point","coordinates":[-3.6807276605470642,40.417329086417482]},"properties":{"ESA_ESPECIE":"UMI","NOMBRE_COMUN":"Olmo común","NOMBRE_ESPECIE":"Ulmus minor","ALTURA":"7,5","MINTDISTRITO":"03","NOMBRE_DISTRITO":"RETIRO","MINTBARRIO":"035","NOMBRE_BARRIO":"LOS JERONIMOS","OBJECTID":9809251}},{"type":"Feature","id":9800500,"geometry":{"type":"Point","coordinates":[-3.678610210356835,40.41384845445576]},"properties":{"ESA_ESPECIE":"CEO","NOMBRE_COMUN":"Almez americano","NOMBRE_ESPECIE":"Celtis occidentalis","ALTURA":"15","MINTDISTRITO":"03","NOMBRE_DISTRITO":"RETIRO","MINTBARRIO":"035","NOMBRE_BARRIO":"LOS JERONIMOS","OBJECTID":9800500}},{"type":"Feature","id":9780532,"geometry":{"type":"Point","coordinates":[-3.6806331659878619,40.414711558551964]},"properties":{"ESA_ESPECIE":"AHI","NOMBRE_COMUN":"Castaño de indias","NOMBRE_ESPECIE":"Aesculus hippocastanum","ALTURA":"15,5","MINTDISTRITO":"03","NOMBRE_DISTRITO":"RETIRO","MINTBARRIO":"035","NOMBRE_BARRIO":"LOS JERONIMOS","OBJECTID":9780532}},{"type":"Feature","id":9810247,"geometry":{"type":"Point","coordinates":[-3.6800419238670226,40.414044016304636]},"properties":{"ESA_ESPECIE":"PHA","NOMBRE_COMUN":"Pino carrasco","NOMBRE_ESPECIE":"Pinus halepensis","ALTURA":"21","MINTDISTRITO":"03","NOMBRE_DISTRITO":"RETIRO","MINTBARRIO":"035","NOMBRE_BARRIO":"LOS JERONIMOS","OBJECTID":9810247}},{"type":"Feature","id":9765295,"geometry":{"type":"Point","coordinates":[-3.6791969890859164,40.413785314940064]},"properties":{"ESA_ESPECIE":"AHI","NOMBRE_COMUN":"Castaño de indias","NOMBRE_ESPECIE":"Aesculus hippocastanum","ALTURA":"11","MINTDISTRITO":"03","NOMBRE_DISTRITO":"RETIRO","MINTBARRIO":"035","NOMBRE_BARRIO":"LOS JERONIMOS","OBJECTID":9765295}},{"type":"Feature","id":9801247,"geometry":{"type":"Point","coordinates":[-3.6791890087205235,40.413391350803941]},"properties":{"ESA_ESPECIE":"PDA","NOMBRE_COMUN":"Plátano de sombra/Platanus x hybrida","NOMBRE_ESPECIE":"Platanus x hispanica","ALTURA":"12","MINTDISTRITO":"03","NOMBRE_DISTRITO":"RETIRO","MINTBARRIO":"035","NOMBRE_BARRIO":"LOS JERONIMOS","OBJECTID":9801247}},{"type":"Feature","id":9780686,"geometry":{"type":"Point","coordinates":[-3.6830338261111315,40.414332624621473]},"properties":{"ESA_ESPECIE":"SJA","NOMBRE_COMUN":"Acacia del Japón/Sophora japonica","NOMBRE_ESPECIE":"Styphnolobium japonicum","ALTURA":"9,5","MINTDISTRITO":"03","NOMBRE_DISTRITO":"RETIRO","MINTBARRIO":"035","NOMBRE_BARRIO":"LOS JERONIMOS","OBJECTID":9780686}},{"type":"Feature","id":9808409,"geometry":{"type":"Point","coordinates":[-3.6817952644946428,40.416949812009918]},"properties":{"ESA_ESPECIE":"CMO","NOMBRE_COMUN":"Majuelo","NOMBRE_ESPECIE":"Crataegus monogyna","ALTURA":"7,5","MINTDISTRITO":"03","NOMBRE_DISTRITO":"RETIRO","MINTBARRIO":"035","NOMBRE_BARRIO":"LOS JERONIMOS","OBJECTID":9808409}},{"type":"Feature","id":9779607,"geometry":{"type":"Point","coordinates":[-3.6819828581017977,40.416278927833616]},"properties":{"ESA_ESPECIE":"AHI","NOMBRE_COMUN":"Castaño de indias","NOMBRE_ESPECIE":"Aesculus hippocastanum","ALTURA":"10","MINTDISTRITO":"03","NOMBRE_DISTRITO":"RETIRO","MINTBARRIO":"035","NOMBRE_BARRIO":"LOS JERONIMOS","OBJECTID":9779607}},{"type":"Feature","id":9777283,"geometry":{"type":"Point","coordinates":[-3.6816017506232384,40.416100003221999]},"properties":{"ESA_ESPECIE":"AHI","NOMBRE_COMUN":"Castaño de indias","NOMBRE_ESPECIE":"Aesculus hippocastanum","ALTURA":"7","MINTDISTRITO":"03","NOMBRE_DISTRITO":"RETIRO","MINTBARRIO":"035","NOMBRE_BARRIO":"LOS JERONIMOS","OBJECTID":9777283}},{"type":"Feature","id":9810330,"geometry":{"type":"Point","coordinates":[-3.6801987435835994,40.41549660538584]},"properties":{"ESA_ESPECIE":"PDA","NOMBRE_COMUN":"Plátano de sombra/Platanus x hybrida","NOMBRE_ESPECIE":"Platanus x hispanica","ALTURA":"15","MINTDISTRITO":"03","NOMBRE_DISTRITO":"RETIRO","MINTBARRIO":"035","NOMBRE_BARRIO":"LOS JERONIMOS","OBJECTID":9810330}},{"type":"Feature","id":9808919,"geometry":{"type":"Point","coordinates":[-3.6803186834246042,40.416588220075951]},"properties":{"ESA_ESPECIE":"PDA","NOMBRE_COMUN":"Plátano de sombra/Platanus x hybrida","NOMBRE_ESPECIE":"Platanus x hispanica","ALTURA":"9","MINTDISTRITO":"03","NOMBRE_DISTRITO":"RETIRO","MINTBARRIO":"035","NOMBRE_BARRIO":"LOS JERONIMOS","OBJECTID":9808919}},{"type":"Feature","id":9753473,"geometry":{"type":"Point","coordinates":[-3.682587902753232,40.413576733677168]},"properties":{"ESA_ESPECIE":"PHA","NOMBRE_COMUN":"Pino carrasco","NOMBRE_ESPECIE":"Pinus halepensis","ALTURA":"33","MINTDISTRITO":"03","NOMBRE_DISTRITO":"RETIRO","MINTBARRIO":"035","NOMBRE_BARRIO":"LOS JERONIMOS","OBJECTID":9753473}},{"type":"Feature","id":9780283,"geometry":{"type":"Point","coordinates":[-3.6824344456636813,40.413598863082122]},"properties":{"ESA_ESPECIE":"PDA","NOMBRE_COMUN":"Plátano de sombra/Platanus x hybrida","NOMBRE_ESPECIE":"Platanus x hispanica","ALTURA":"25","MINTDISTRITO":"03","NOMBRE_DISTRITO":"RETIRO","MINTBARRIO":"035","NOMBRE_BARRIO":"LOS JERONIMOS","OBJECTID":9780283}},{"type":"Feature","id":9781279,"geometry":{"type":"Point","coordinates":[-3.6817913517820684,40.413075357167948]},"properties":{"ESA_ESPECIE":"PDA","NOMBRE_COMUN":"Plátano de sombra/Platanus x hybrida","NOMBRE_ESPECIE":"Platanus x hispanica","ALTURA":"22","MINTDISTRITO":"03","NOMBRE_DISTRITO":"RETIRO","MINTBARRIO":"035","NOMBRE_BARRIO":"LOS JERONIMOS","OBJECTID":9781279}},{"type":"Feature","id":9781528,"geometry":{"type":"Point","coordinates":[-3.6811035553302114,40.41340211531891]},"properties":{"ESA_ESPECIE":"RPS","NOMBRE_COMUN":"Falsa acacia","NOMBRE_ESPECIE":"Robinia pseudoacacia","ALTURA":"15","MINTDISTRITO":"03","NOMBRE_DISTRITO":"RETIRO","MINTBARRIO":"035","NOMBRE_BARRIO":"LOS JERONIMOS","OBJECTID":9781528}},{"type":"Feature","id":9780200,"geometry":{"type":"Point","coordinates":[-3.6819230789499979,40.414119450404279]},"properties":{"ESA_ESPECIE":"PCP","NOMBRE_COMUN":"Ciruelo púrpura","NOMBRE_ESPECIE":"Prunus cerasifera  subsp. pissardii","ALTURA":"5","MINTDISTRITO":"03","NOMBRE_DISTRITO":"RETIRO","MINTBARRIO":"035","NOMBRE_BARRIO":"LOS JERONIMOS","OBJECTID":9780200}},{"type":"Feature","id":9809998,"geometry":{"type":"Point","coordinates":[-3.6832419808615486,40.414309754981062]},"properties":{"ESA_ESPECIE":"AHI","NOMBRE_COMUN":"Castaño de indias","NOMBRE_ESPECIE":"Aesculus hippocastanum","ALTURA":"18","MINTDISTRITO":"03","NOMBRE_DISTRITO":"RETIRO","MINTBARRIO":"035","NOMBRE_BARRIO":"LOS JERONIMOS","OBJECTID":9809998}},{"type":"Feature","id":9811326,"geometry":{"type":"Point","coordinates":[-3.6833374990298773,40.41344524930502]},"properties":{"ESA_ESPECIE":"AHI","NOMBRE_COMUN":"Castaño de indias","NOMBRE_ESPECIE":"Aesculus hippocastanum","ALTURA":"11","MINTDISTRITO":"03","NOMBRE_DISTRITO":"RETIRO","MINTBARRIO":"035","NOMBRE_BARRIO":"LOS JERONIMOS","OBJECTID":9811326}},{"type":"Feature","id":9806002,"geometry":{"type":"Point","coordinates":[-3.6835010883377328,40.413118523947048]},"properties":{"ESA_ESPECIE":"CAU","NOMBRE_COMUN":"Almez","NOMBRE_ESPECIE":"Celtis australis","ALTURA":"11","MINTDISTRITO":"03","NOMBRE_DISTRITO":"RETIRO","MINTBARRIO":"035","NOMBRE_BARRIO":"LOS JERONIMOS","OBJECTID":9806002}},{"type":"Feature","id":9773702,"geometry":{"type":"Point","coordinates":[-3.6834795922156336,40.413171155791396]},"properties":{"ESA_ESPECIE":"AHI","NOMBRE_COMUN":"Castaño de indias","NOMBRE_ESPECIE":"Aesculus hippocastanum","ALTURA":"12","MINTDISTRITO":"03","NOMBRE_DISTRITO":"RETIRO","MINTBARRIO":"035","NOMBRE_BARRIO":"LOS JERONIMOS","OBJECTID":9773702}},{"type":"Feature","id":9807081,"geometry":{"type":"Point","coordinates":[-3.6838009533503602,40.412814352933303]},"properties":{"ESA_ESPECIE":"BRP","NOMBRE_COMUN":"Morera de papel","NOMBRE_ESPECIE":"Broussonetia papyrifera","ALTURA":"12","MINTDISTRITO":"03","NOMBRE_DISTRITO":"RETIRO","MINTBARRIO":"035","NOMBRE_BARRIO":"LOS JERONIMOS","OBJECTID":9807081}},{"type":"Feature","id":9896155,"geometry":{"type":"Point","coordinates":[-3.683382929006314,40.412644210986024]},"properties":{"ESA_ESPECIE":"TFO","NOMBRE_COMUN":"Palma de Fortune","NOMBRE_ESPECIE":"Trachycarpus fortunei","ALTURA":"3,5","MINTDISTRITO":"03","NOMBRE_DISTRITO":"RETIRO","MINTBARRIO":"035","NOMBRE_BARRIO":"LOS JERONIMOS","OBJECTID":9896155}},{"type":"Feature","id":9810579,"geometry":{"type":"Point","coordinates":[-3.6826796760341618,40.412769879652465]},"properties":{"ESA_ESPECIE":"AHI","NOMBRE_COMUN":"Castaño de indias","NOMBRE_ESPECIE":"Aesculus hippocastanum","ALTURA":"16","MINTDISTRITO":"03","NOMBRE_DISTRITO":"RETIRO","MINTBARRIO":"035","NOMBRE_BARRIO":"LOS JERONIMOS","OBJECTID":9810579}},{"type":"Feature","id":9773453,"geometry":{"type":"Point","coordinates":[-3.6851890103520684,40.412832838118049]},"properties":{"ESA_ESPECIE":"AHI","NOMBRE_COMUN":"Castaño de indias","NOMBRE_ESPECIE":"Aesculus hippocastanum","ALTURA":"14","MINTDISTRITO":"03","NOMBRE_DISTRITO":"RETIRO","MINTBARRIO":"035","NOMBRE_BARRIO":"LOS JERONIMOS","OBJECTID":9773453}},{"type":"Feature","id":9805670,"geometry":{"type":"Point","coordinates":[-3.6841558816107454,40.412690631014847]},"properties":{"ESA_ESPECIE":"PPI","NOMBRE_COMUN":"Pino piñonero","NOMBRE_ESPECIE":"Pinus pinea","ALTURA":"22","MINTDISTRITO":"03","NOMBRE_DISTRITO":"RETIRO","MINTBARRIO":"035","NOMBRE_BARRIO":"LOS JERONIMOS","OBJECTID":9805670}},{"type":"Feature","id":9766955,"geometry":{"type":"Point","coordinates":[-3.6839252139143714,40.412901100382854]},"properties":{"ESA_ESPECIE":"TFO","NOMBRE_COMUN":"Palma de Fortune","NOMBRE_ESPECIE":"Trachycarpus fortunei","ALTURA":null,"MINTDISTRITO":"03","NOMBRE_DISTRITO":"RETIRO","MINTBARRIO":"035","NOMBRE_BARRIO":"LOS JERONIMOS","OBJECTID":9766955}},{"type":"Feature","id":9775706,"geometry":{"type":"Point","coordinates":[-3.6843157856277737,40.413111794936732]},"properties":{"ESA_ESPECIE":"UPU","NOMBRE_COMUN":"Olmo de Siberia","NOMBRE_ESPECIE":"Ulmus pumila","ALTURA":"7,5","MINTDISTRITO":"03","NOMBRE_DISTRITO":"RETIRO","MINTBARRIO":"035","NOMBRE_BARRIO":"LOS JERONIMOS","OBJECTID":9775706}},{"type":"Feature","id":9805421,"geometry":{"type":"Point","coordinates":[-3.683829052606495,40.413601487980493]},"properties":{"ESA_ESPECIE":"AHI","NOMBRE_COMUN":"Castaño de indias","NOMBRE_ESPECIE":"Aesculus hippocastanum","ALTURA":"23","MINTDISTRITO":"03","NOMBRE_DISTRITO":"RETIRO","MINTBARRIO":"035","NOMBRE_BARRIO":"LOS JERONIMOS","OBJECTID":9805421}},{"type":"Feature","id":9804674,"geometry":{"type":"Point","coordinates":[-3.6838174106083357,40.413774098226533]},"properties":{"ESA_ESPECIE":"AHI","NOMBRE_COMUN":"Castaño de indias","NOMBRE_ESPECIE":"Aesculus hippocastanum","ALTURA":"12","MINTDISTRITO":"03","NOMBRE_DISTRITO":"RETIRO","MINTBARRIO":"035","NOMBRE_BARRIO":"LOS JERONIMOS","OBJECTID":9804674}},{"type":"Feature","id":9772706,"geometry":{"type":"Point","coordinates":[-3.6855830686212543,40.414973845831526]},"properties":{"ESA_ESPECIE":"CSI","NOMBRE_COMUN":"Árbol del amor","NOMBRE_ESPECIE":"Cercis siliquastrum","ALTURA":"8","MINTDISTRITO":"03","NOMBRE_DISTRITO":"RETIRO","MINTBARRIO":"035","NOMBRE_BARRIO":"LOS JERONIMOS","OBJECTID":9772706}},{"type":"Feature","id":9805409,"geometry":{"type":"Point","coordinates":[-3.6854677986538311,40.414578131043193]},"properties":{"ESA_ESPECIE":"AHI","NOMBRE_COMUN":"Castaño de indias","NOMBRE_ESPECIE":"Aesculus hippocastanum","ALTURA":"11","MINTDISTRITO":"03","NOMBRE_DISTRITO":"RETIRO","MINTBARRIO":"035","NOMBRE_BARRIO":"LOS JERONIMOS","OBJECTID":9805409}},{"type":"Feature","id":9772374,"geometry":{"type":"Point","coordinates":[-3.6847692783487149,40.41386307762977]},"properties":{"ESA_ESPECIE":"AHI","NOMBRE_COMUN":"Castaño de indias","NOMBRE_ESPECIE":"Aesculus hippocastanum","ALTURA":"11","MINTDISTRITO":"03","NOMBRE_DISTRITO":"RETIRO","MINTBARRIO":"035","NOMBRE_BARRIO":"LOS JERONIMOS","OBJECTID":9772374}},{"type":"Feature","id":9772125,"geometry":{"type":"Point","coordinates":[-3.684674378860374,40.414269407373411]},"properties":{"ESA_ESPECIE":"QRO","NOMBRE_COMUN":"Roble común","NOMBRE_ESPECIE":"Quercus robur","ALTURA":"15","MINTDISTRITO":"03","NOMBRE_DISTRITO":"RETIRO","MINTBARRIO":"035","NOMBRE_BARRIO":"LOS JERONIMOS","OBJECTID":9772125}},{"type":"Feature","id":9804342,"geometry":{"type":"Point","coordinates":[-3.6851185594575031,40.41351921396803]},"properties":{"ESA_ESPECIE":"PPI","NOMBRE_COMUN":"Pino piñonero","NOMBRE_ESPECIE":"Pinus pinea","ALTURA":"23","MINTDISTRITO":"03","NOMBRE_DISTRITO":"RETIRO","MINTBARRIO":"035","NOMBRE_BARRIO":"LOS JERONIMOS","OBJECTID":9804342}},{"type":"Feature","id":9805753,"geometry":{"type":"Point","coordinates":[-3.6850870468818253,40.412820018844201]},"properties":{"ESA_ESPECIE":"AHI","NOMBRE_COMUN":"Castaño de indias","NOMBRE_ESPECIE":"Aesculus hippocastanum","ALTURA":"12","MINTDISTRITO":"03","NOMBRE_DISTRITO":"RETIRO","MINTBARRIO":"035","NOMBRE_BARRIO":"LOS JERONIMOS","OBJECTID":9805753}},{"type":"Feature","id":9803749,"geometry":{"type":"Point","coordinates":[-3.6851644612096939,40.416020341082955]},"properties":{"ESA_ESPECIE":"AHI","NOMBRE_COMUN":"Castaño de indias","NOMBRE_ESPECIE":"Aesculus hippocastanum","ALTURA":"13","MINTDISTRITO":"03","NOMBRE_DISTRITO":"RETIRO","MINTBARRIO":"035","NOMBRE_BARRIO":"LOS JERONIMOS","OBJECTID":9803749}},{"type":"Feature","id":9765627,"geometry":{"type":"Point","coordinates":[-3.6855889184836834,40.415895076608706]},"properties":{"ESA_ESPECIE":"AHI","NOMBRE_COMUN":"Castaño de indias","NOMBRE_ESPECIE":"Aesculus hippocastanum","ALTURA":"15","MINTDISTRITO":"03","NOMBRE_DISTRITO":"RETIRO","MINTBARRIO":"035","NOMBRE_BARRIO":"LOS JERONIMOS","OBJECTID":9765627}},{"type":"Feature","id":9900732,"geometry":{"type":"Point","coordinates":[-3.6853436432696807,40.417934557605328]},"properties":{"ESA_ESPECIE":"ULA","NOMBRE_COMUN":"Olmo de Los Llanillos","NOMBRE_ESPECIE":"Ulmus laevis","ALTURA":"4,2","MINTDISTRITO":"03","NOMBRE_DISTRITO":"RETIRO","MINTBARRIO":"035","NOMBRE_BARRIO":"LOS JERONIMOS","OBJECTID":9900732}},{"type":"Feature","id":9804828,"geometry":{"type":"Point","coordinates":[-3.6843892830240392,40.41522066736929]},"properties":{"ESA_ESPECIE":"AHI","NOMBRE_COMUN":"Castaño de indias","NOMBRE_ESPECIE":"Aesculus hippocastanum","ALTURA":"13","MINTDISTRITO":"03","NOMBRE_DISTRITO":"RETIRO","MINTBARRIO":"035","NOMBRE_BARRIO":"LOS JERONIMOS","OBJECTID":9804828}},{"type":"Feature","id":9805077,"geometry":{"type":"Point","coordinates":[-3.6844371039602852,40.414522966595882]},"properties":{"ESA_ESPECIE":"AHI","NOMBRE_COMUN":"Castaño de indias","NOMBRE_ESPECIE":"Aesculus hippocastanum","ALTURA":"14","MINTDISTRITO":"03","NOMBRE_DISTRITO":"RETIRO","MINTBARRIO":"035","NOMBRE_BARRIO":"LOS JERONIMOS","OBJECTID":9805077}},{"type":"Feature","id":9772113,"geometry":{"type":"Point","coordinates":[-3.6841114686527403,40.41449661442249]},"properties":{"ESA_ESPECIE":"QRO","NOMBRE_COMUN":"Roble común","NOMBRE_ESPECIE":"Quercus robur","ALTURA":"17","MINTDISTRITO":"03","NOMBRE_DISTRITO":"RETIRO","MINTBARRIO":"035","NOMBRE_BARRIO":"LOS JERONIMOS","OBJECTID":9772113}},{"type":"Feature","id":9776702,"geometry":{"type":"Point","coordinates":[-3.6873343820984705,40.416975889049574]},"properties":{"ESA_ESPECIE":"LST","NOMBRE_COMUN":"Liquidambar","NOMBRE_ESPECIE":"Liquidambar styraciflua","ALTURA":"4,5","MINTDISTRITO":"03","NOMBRE_DISTRITO":"RETIRO","MINTBARRIO":"035","NOMBRE_BARRIO":"LOS JERONIMOS","OBJECTID":9776702}},{"type":"Feature","id":9776358,"geometry":{"type":"Point","coordinates":[-3.6866050060767255,40.41732409818507]},"properties":{"ESA_ESPECIE":"AHI","NOMBRE_COMUN":"Castaño de indias","NOMBRE_ESPECIE":"Aesculus hippocastanum","ALTURA":"9","MINTDISTRITO":"03","NOMBRE_DISTRITO":"RETIRO","MINTBARRIO":"035","NOMBRE_BARRIO":"LOS JERONIMOS","OBJECTID":9776358}},{"type":"Feature","id":9804081,"geometry":{"type":"Point","coordinates":[-3.6864160589712363,40.416379963812034]},"properties":{"ESA_ESPECIE":"ANE","NOMBRE_COMUN":"Arce negundo","NOMBRE_ESPECIE":"Acer negundo","ALTURA":"12","MINTDISTRITO":"03","NOMBRE_DISTRITO":"RETIRO","MINTBARRIO":"035","NOMBRE_BARRIO":"LOS JERONIMOS","OBJECTID":9804081}},{"type":"Feature","id":9771532,"geometry":{"type":"Point","coordinates":[-3.68546508834992,40.415456259293542]},"properties":{"ESA_ESPECIE":"CEO","NOMBRE_COMUN":"Almez americano","NOMBRE_ESPECIE":"Celtis occidentalis","ALTURA":"11","MINTDISTRITO":"03","NOMBRE_DISTRITO":"RETIRO","MINTBARRIO":"035","NOMBRE_BARRIO":"LOS JERONIMOS","OBJECTID":9771532}},{"type":"Feature","id":9771378,"geometry":{"type":"Point","coordinates":[-3.6855495403304075,40.415451614406351]},"properties":{"ESA_ESPECIE":"AHI","NOMBRE_COMUN":"Castaño de indias","NOMBRE_ESPECIE":"Aesculus hippocastanum","ALTURA":"9,5","MINTDISTRITO":"03","NOMBRE_DISTRITO":"RETIRO","MINTBARRIO":"035","NOMBRE_BARRIO":"LOS JERONIMOS","OBJECTID":9771378}},{"type":"Feature","id":9771781,"geometry":{"type":"Point","coordinates":[-3.685158352384903,40.416344207554523]},"properties":{"ESA_ESPECIE":"AHI","NOMBRE_COMUN":"Castaño de indias","NOMBRE_ESPECIE":"Aesculus hippocastanum","ALTURA":"9","MINTDISTRITO":"03","NOMBRE_DISTRITO":"RETIRO","MINTBARRIO":"035","NOMBRE_BARRIO":"LOS JERONIMOS","OBJECTID":9771781}},{"type":"Feature","id":9770204,"geometry":{"type":"Point","coordinates":[-3.6867135898703323,40.414242718813355]},"properties":{"ESA_ESPECIE":"AHI","NOMBRE_COMUN":"Castaño de indias","NOMBRE_ESPECIE":"Aesculus hippocastanum","ALTURA":"12","MINTDISTRITO":"03","NOMBRE_DISTRITO":"RETIRO","MINTBARRIO":"035","NOMBRE_BARRIO":"LOS JERONIMOS","OBJECTID":9770204}},{"type":"Feature","id":9803168,"geometry":{"type":"Point","coordinates":[-3.6875083760374312,40.41433971665257]},"properties":{"ESA_ESPECIE":"CAU","NOMBRE_COMUN":"Almez","NOMBRE_ESPECIE":"Celtis australis","ALTURA":"8","MINTDISTRITO":"03","NOMBRE_DISTRITO":"RETIRO","MINTBARRIO":"035","NOMBRE_BARRIO":"LOS JERONIMOS","OBJECTID":9803168}},{"type":"Feature","id":9767951,"geometry":{"type":"Point","coordinates":[-3.6876261464719078,40.414614053603131]},"properties":{"ESA_ESPECIE":"CEO","NOMBRE_COMUN":"Almez americano","NOMBRE_ESPECIE":"Celtis occidentalis","ALTURA":"10","MINTDISTRITO":"03","NOMBRE_DISTRITO":"RETIRO","MINTBARRIO":"035","NOMBRE_BARRIO":"LOS JERONIMOS","OBJECTID":9767951}},{"type":"Feature","id":9804496,"geometry":{"type":"Point","coordinates":[-3.687553542189947,40.416052311697747]},"properties":{"ESA_ESPECIE":"AHI","NOMBRE_COMUN":"Castaño de indias","NOMBRE_ESPECIE":"Aesculus hippocastanum","ALTURA":"9,5","MINTDISTRITO":"03","NOMBRE_DISTRITO":"RETIRO","MINTBARRIO":"035","NOMBRE_BARRIO":"LOS JERONIMOS","OBJECTID":9804496}},{"type":"Feature","id":9807330,"geometry":{"type":"Point","coordinates":[-3.6876300142570368,40.417160204008759]},"properties":{"ESA_ESPECIE":"AHI","NOMBRE_COMUN":"Castaño de indias","NOMBRE_ESPECIE":"Aesculus hippocastanum","ALTURA":"5,5","MINTDISTRITO":"03","NOMBRE_DISTRITO":"RETIRO","MINTBARRIO":"035","NOMBRE_BARRIO":"LOS JERONIMOS","OBJECTID":9807330}},{"type":"Feature","id":9776109,"geometry":{"type":"Point","coordinates":[-3.687330644828847,40.417063839567568]},"properties":{"ESA_ESPECIE":"AHI","NOMBRE_COMUN":"Castaño de indias","NOMBRE_ESPECIE":"Aesculus hippocastanum","ALTURA":"11","MINTDISTRITO":"03","NOMBRE_DISTRITO":"RETIRO","MINTBARRIO":"035","NOMBRE_BARRIO":"LOS JERONIMOS","OBJECTID":9776109}},{"type":"Feature","id":9767797,"geometry":{"type":"Point","coordinates":[-3.6865124240106901,40.410803535795679]},"properties":{"ESA_ESPECIE":"AHI","NOMBRE_COMUN":"Castaño de indias","NOMBRE_ESPECIE":"Aesculus hippocastanum","ALTURA":"12","MINTDISTRITO":"03","NOMBRE_DISTRITO":"RETIRO","MINTBARRIO":"035","NOMBRE_BARRIO":"LOS JERONIMOS","OBJECTID":9767797}},{"type":"Feature","id":9800512,"geometry":{"type":"Point","coordinates":[-3.6868788599791742,40.410862630045386]},"properties":{"ESA_ESPECIE":"AHI","NOMBRE_COMUN":"Castaño de indias","NOMBRE_ESPECIE":"Aesculus hippocastanum","ALTURA":"15","MINTDISTRITO":"03","NOMBRE_DISTRITO":"RETIRO","MINTBARRIO":"035","NOMBRE_BARRIO":"LOS JERONIMOS","OBJECTID":9800512}},{"type":"Feature","id":9814824,"geometry":{"type":"Point","coordinates":[-3.6867855362603077,40.410807877826436]},"properties":{"ESA_ESPECIE":"CEO","NOMBRE_COMUN":"Almez americano","NOMBRE_ESPECIE":"Celtis occidentalis","ALTURA":"1,5","MINTDISTRITO":"03","NOMBRE_DISTRITO":"RETIRO","MINTBARRIO":"035","NOMBRE_BARRIO":"LOS JERONIMOS","OBJECTID":9814824}},{"type":"Feature","id":9765544,"geometry":{"type":"Point","coordinates":[-3.686965559582684,40.411681119229357]},"properties":{"ESA_ESPECIE":"PDA","NOMBRE_COMUN":"Plátano de sombra/Platanus x hybrida","NOMBRE_ESPECIE":"Platanus x hispanica","ALTURA":"16","MINTDISTRITO":"03","NOMBRE_DISTRITO":"RETIRO","MINTBARRIO":"035","NOMBRE_BARRIO":"LOS JERONIMOS","OBJECTID":9765544}},{"type":"Feature","id":9802753,"geometry":{"type":"Point","coordinates":[-3.6858033614825016,40.412951556652594]},"properties":{"ESA_ESPECIE":"CAU","NOMBRE_COMUN":"Almez","NOMBRE_ESPECIE":"Celtis australis","ALTURA":"5,5","MINTDISTRITO":"03","NOMBRE_DISTRITO":"RETIRO","MINTBARRIO":"035","NOMBRE_BARRIO":"LOS JERONIMOS","OBJECTID":9802753}},{"type":"Feature","id":9803500,"geometry":{"type":"Point","coordinates":[-3.6857427152000062,40.413294656801348]},"properties":{"ESA_ESPECIE":"AHI","NOMBRE_COMUN":"Castaño de indias","NOMBRE_ESPECIE":"Aesculus hippocastanum","ALTURA":"10","MINTDISTRITO":"03","NOMBRE_DISTRITO":"RETIRO","MINTBARRIO":"035","NOMBRE_BARRIO":"LOS JERONIMOS","OBJECTID":9803500}},{"type":"Feature","id":9775362,"geometry":{"type":"Point","coordinates":[-3.6845714784797985,40.41196622139983]},"properties":{"ESA_ESPECIE":"ACA","NOMBRE_COMUN":"Arce campestre","NOMBRE_ESPECIE":"Acer campestre","ALTURA":"11","MINTDISTRITO":"03","NOMBRE_DISTRITO":"RETIRO","MINTBARRIO":"035","NOMBRE_BARRIO":"LOS JERONIMOS","OBJECTID":9775362}},{"type":"Feature","id":9772457,"geometry":{"type":"Point","coordinates":[-3.6848550528148665,40.411353547850787]},"properties":{"ESA_ESPECIE":"CSI","NOMBRE_COMUN":"Árbol del amor","NOMBRE_ESPECIE":"Cercis siliquastrum","ALTURA":"4,5","MINTDISTRITO":"03","NOMBRE_DISTRITO":"RETIRO","MINTBARRIO":"035","NOMBRE_BARRIO":"LOS JERONIMOS","OBJECTID":9772457}},{"type":"Feature","id":9773785,"geometry":{"type":"Point","coordinates":[-3.6853749496292356,40.411808127216609]},"properties":{"ESA_ESPECIE":"AHI","NOMBRE_COMUN":"Castaño de indias","NOMBRE_ESPECIE":"Aesculus hippocastanum","ALTURA":"19","MINTDISTRITO":"03","NOMBRE_DISTRITO":"RETIRO","MINTBARRIO":"035","NOMBRE_BARRIO":"LOS JERONIMOS","OBJECTID":9773785}},{"type":"Feature","id":9770453,"geometry":{"type":"Point","coordinates":[-3.6855728916019199,40.412296505747065]},"properties":{"ESA_ESPECIE":"ACA","NOMBRE_COMUN":"Arce campestre","NOMBRE_ESPECIE":"Acer campestre","ALTURA":"7","MINTDISTRITO":"03","NOMBRE_DISTRITO":"RETIRO","MINTBARRIO":"035","NOMBRE_BARRIO":"LOS JERONIMOS","OBJECTID":9770453}},{"type":"Feature","id":9800251,"geometry":{"type":"Point","coordinates":[-3.6856212467533118,40.411054744081312]},"properties":{"ESA_ESPECIE":"AHI","NOMBRE_COMUN":"Castaño de indias","NOMBRE_ESPECIE":"Aesculus hippocastanum","ALTURA":"16","MINTDISTRITO":"03","NOMBRE_DISTRITO":"RETIRO","MINTBARRIO":"035","NOMBRE_BARRIO":"LOS JERONIMOS","OBJECTID":9800251}},{"type":"Feature","id":9766872,"geometry":{"type":"Point","coordinates":[-3.6858214052316973,40.410628178131617]},"properties":{"ESA_ESPECIE":"TFO","NOMBRE_COMUN":"Palma de Fortune","NOMBRE_ESPECIE":"Trachycarpus fortunei","ALTURA":null,"MINTDISTRITO":"03","NOMBRE_DISTRITO":"RETIRO","MINTBARRIO":"035","NOMBRE_BARRIO":"LOS JERONIMOS","OBJECTID":9766872}},{"type":"Feature","id":9782939,"geometry":{"type":"Point","coordinates":[-3.6881188065610009,40.410099658487965]},"properties":{"ESA_ESPECIE":"PDA","NOMBRE_COMUN":"Plátano de sombra/Platanus x hybrida","NOMBRE_ESPECIE":"Platanus x hispanica","ALTURA":"3","MINTDISTRITO":"03","NOMBRE_DISTRITO":"RETIRO","MINTBARRIO":"035","NOMBRE_BARRIO":"LOS JERONIMOS","OBJECTID":9782939}},{"type":"Feature","id":9769872,"geometry":{"type":"Point","coordinates":[-3.6884137927151701,40.409926099769201]},"properties":{"ESA_ESPECIE":"AHI","NOMBRE_COMUN":"Castaño de indias","NOMBRE_ESPECIE":"Aesculus hippocastanum","ALTURA":"3,5","MINTDISTRITO":"03","NOMBRE_DISTRITO":"RETIRO","MINTBARRIO":"035","NOMBRE_BARRIO":"LOS JERONIMOS","OBJECTID":9769872}},{"type":"Feature","id":9800168,"geometry":{"type":"Point","coordinates":[-3.6850187876995082,40.409992804775669]},"properties":{"ESA_ESPECIE":"CBE","NOMBRE_COMUN":"Carpe","NOMBRE_ESPECIE":"Carpinus betulus","ALTURA":"5","MINTDISTRITO":"03","NOMBRE_DISTRITO":"RETIRO","MINTBARRIO":"035","NOMBRE_BARRIO":"LOS JERONIMOS","OBJECTID":9800168}},{"type":"Feature","id":9813828,"geometry":{"type":"Point","coordinates":[-3.6845931796918161,40.410110299196894]},"properties":{"ESA_ESPECIE":"PDU","NOMBRE_COMUN":"Almendro","NOMBRE_ESPECIE":"Prunus dulcis","ALTURA":"2,5","MINTDISTRITO":"03","NOMBRE_DISTRITO":"RETIRO","MINTBARRIO":"035","NOMBRE_BARRIO":"LOS JERONIMOS","OBJECTID":9813828}},{"type":"Feature","id":9814907,"geometry":{"type":"Point","coordinates":[-3.6841947733782892,40.410245396950884]},"properties":{"ESA_ESPECIE":"PDU","NOMBRE_COMUN":"Almendro","NOMBRE_ESPECIE":"Prunus dulcis","ALTURA":"1,5","MINTDISTRITO":"03","NOMBRE_DISTRITO":"RETIRO","MINTBARRIO":"035","NOMBRE_BARRIO":"LOS JERONIMOS","OBJECTID":9814907}},{"type":"Feature","id":9775623,"geometry":{"type":"Point","coordinates":[-3.6837488563057095,40.412227306675781]},"properties":{"ESA_ESPECIE":"UMI","NOMBRE_COMUN":"Olmo común","NOMBRE_ESPECIE":"Ulmus minor","ALTURA":"5","MINTDISTRITO":"03","NOMBRE_DISTRITO":"RETIRO","MINTBARRIO":"035","NOMBRE_BARRIO":"LOS JERONIMOS","OBJECTID":9775623}},{"type":"Feature","id":9783580,"geometry":{"type":"Point","coordinates":[-3.6881943245427107,40.417320896620119]},"properties":{"ESA_ESPECIE":"URE","NOMBRE_COMUN":"Olmo resistente a la grafiosis","NOMBRE_ESPECIE":"Ulmus\u00A0minor\u00A0'Resista'","ALTURA":"3","MINTDISTRITO":"03","NOMBRE_DISTRITO":"RETIRO","MINTBARRIO":"035","NOMBRE_BARRIO":"LOS JERONIMOS","OBJECTID":9783580}},{"type":"Feature","id":9814220,"geometry":{"type":"Point","coordinates":[-3.6881855938177823,40.416952906507944]},"properties":{"ESA_ESPECIE":"URE","NOMBRE_COMUN":"Olmo resistente a la grafiosis","NOMBRE_ESPECIE":"Ulmus\u00A0minor\u00A0'Resista'","ALTURA":"3","MINTDISTRITO":"03","NOMBRE_DISTRITO":"RETIRO","MINTBARRIO":"035","NOMBRE_BARRIO":"LOS JERONIMOS","OBJECTID":9814220}},{"type":"Feature","id":9801199,"geometry":{"type":"Point","coordinates":[-3.6882189486947912,40.414538436028636]},"properties":{"ESA_ESPECIE":"CSI","NOMBRE_COMUN":"Árbol del amor","NOMBRE_ESPECIE":"Cercis siliquastrum","ALTURA":"9,5","MINTDISTRITO":"03","NOMBRE_DISTRITO":"RETIRO","MINTBARRIO":"035","NOMBRE_BARRIO":"LOS JERONIMOS","OBJECTID":9801199}},{"type":"Feature","id":9901622,"geometry":{"type":"Point","coordinates":[-3.6845368875352116,40.410157677794032]},"properties":{"ESA_ESPECIE":"PDU","NOMBRE_COMUN":"Almendro","NOMBRE_ESPECIE":"Prunus dulcis","ALTURA":"1,8","MINTDISTRITO":"03","NOMBRE_DISTRITO":"RETIRO","MINTBARRIO":"035","NOMBRE_BARRIO":"LOS JERONIMOS","OBJECTID":9901622}},{"type":"Feature","id":9802066,"geometry":{"type":"Point","coordinates":[-3.6845976058653234,40.410287724414431]},"properties":{"ESA_ESPECIE":"PDU","NOMBRE_COMUN":"Almendro","NOMBRE_ESPECIE":"Prunus dulcis","ALTURA":"5","MINTDISTRITO":"03","NOMBRE_DISTRITO":"RETIRO","MINTBARRIO":"035","NOMBRE_BARRIO":"LOS JERONIMOS","OBJECTID":9802066}},{"type":"Feature","id":9769563,"geometry":{"type":"Point","coordinates":[-3.6843639204963257,40.410243927415365]},"properties":{"ESA_ESPECIE":"PDU","NOMBRE_COMUN":"Almendro","NOMBRE_ESPECIE":"Prunus dulcis","ALTURA":"4,5","MINTDISTRITO":"03","NOMBRE_DISTRITO":"RETIRO","MINTBARRIO":"035","NOMBRE_BARRIO":"LOS JERONIMOS","OBJECTID":9769563}},{"type":"Feature","id":9813888,"geometry":{"type":"Point","coordinates":[-3.6777845218298135,40.409672383099853]},"properties":{"ESA_ESPECIE":"PPI","NOMBRE_COMUN":"Pino piñonero","NOMBRE_ESPECIE":"Pinus pinea","ALTURA":"12","MINTDISTRITO":"03","NOMBRE_DISTRITO":"RETIRO","MINTBARRIO":"035","NOMBRE_BARRIO":"LOS JERONIMOS","OBJECTID":9813888}},{"type":"Feature","id":9777924,"geometry":{"type":"Point","coordinates":[-3.6776140425168125,40.410163682471115]},"properties":{"ESA_ESPECIE":"JVI","NOMBRE_COMUN":"Sabina de Virginia","NOMBRE_ESPECIE":"Juniperus virginiana","ALTURA":"2","MINTDISTRITO":"03","NOMBRE_DISTRITO":"RETIRO","MINTBARRIO":"035","NOMBRE_BARRIO":"LOS JERONIMOS","OBJECTID":9777924}},{"type":"Feature","id":9767442,"geometry":{"type":"Point","coordinates":[-3.6776561482911285,40.414285980392876]},"properties":{"ESA_ESPECIE":"CSE","NOMBRE_COMUN":"Ciprés común","NOMBRE_ESPECIE":"Cupressus sempervirens","ALTURA":"8,5","MINTDISTRITO":"03","NOMBRE_DISTRITO":"RETIRO","MINTBARRIO":"035","NOMBRE_BARRIO":"LOS JERONIMOS","OBJECTID":9767442}},{"type":"Feature","id":9766231,"geometry":{"type":"Point","coordinates":[-3.6815383975747804,40.421025892700364]},"properties":{"ESA_ESPECIE":"AHI","NOMBRE_COMUN":"Castaño de indias","NOMBRE_ESPECIE":"Aesculus hippocastanum","ALTURA":"4","MINTDISTRITO":"03","NOMBRE_DISTRITO":"RETIRO","MINTBARRIO":"035","NOMBRE_BARRIO":"LOS JERONIMOS","OBJECTID":9766231}},{"type":"Feature","id":9814183,"geometry":{"type":"Point","coordinates":[-3.6814799939978049,40.421083579528528]},"properties":{"ESA_ESPECIE":"CSI","NOMBRE_COMUN":"Árbol del amor","NOMBRE_ESPECIE":"Cercis siliquastrum","ALTURA":"2,25","MINTDISTRITO":"03","NOMBRE_DISTRITO":"RETIRO","MINTBARRIO":"035","NOMBRE_BARRIO":"LOS JERONIMOS","OBJECTID":9814183}},{"type":"Feature","id":9799232,"geometry":{"type":"Point","coordinates":[-3.6801943522454756,40.42082122157084]},"properties":{"ESA_ESPECIE":"PAR","NOMBRE_COMUN":"Peral de flor 'Chanticleer'","NOMBRE_ESPECIE":"Pyrus calleryana 'Chanticleer'","ALTURA":"5","MINTDISTRITO":"03","NOMBRE_DISTRITO":"RETIRO","MINTBARRIO":"035","NOMBRE_BARRIO":"LOS JERONIMOS","OBJECTID":9799232}},{"type":"Feature","id":9779049,"geometry":{"type":"Point","coordinates":[-3.6862050465980878,40.419299723950253]},"properties":{"ESA_ESPECIE":"AHI","NOMBRE_COMUN":"Castaño de indias","NOMBRE_ESPECIE":"Aesculus hippocastanum","ALTURA":"11","MINTDISTRITO":"03","NOMBRE_DISTRITO":"RETIRO","MINTBARRIO":"035","NOMBRE_BARRIO":"LOS JERONIMOS","OBJECTID":9779049}},{"type":"Feature","id":9765936,"geometry":{"type":"Point","coordinates":[-3.6876208307220919,40.418133740112417]},"properties":{"ESA_ESPECIE":"AHI","NOMBRE_COMUN":"Castaño de indias","NOMBRE_ESPECIE":"Aesculus hippocastanum","ALTURA":"10","MINTDISTRITO":"03","NOMBRE_DISTRITO":"RETIRO","MINTBARRIO":"035","NOMBRE_BARRIO":"LOS JERONIMOS","OBJECTID":9765936}},{"type":"Feature","id":9776264,"geometry":{"type":"Point","coordinates":[-3.6877970916081737,40.418628639594303]},"properties":{"ESA_ESPECIE":"AHI","NOMBRE_COMUN":"Castaño de indias","NOMBRE_ESPECIE":"Aesculus hippocastanum","ALTURA":"11","MINTDISTRITO":"03","NOMBRE_DISTRITO":"RETIRO","MINTBARRIO":"035","NOMBRE_BARRIO":"LOS JERONIMOS","OBJECTID":9776264}},{"type":"Feature","id":9766563,"geometry":{"type":"Point","coordinates":[-3.6784937072202997,40.415809814483083]},"properties":{"ESA_ESPECIE":"LST","NOMBRE_COMUN":"Liquidambar","NOMBRE_ESPECIE":"Liquidambar styraciflua","ALTURA":"11","MINTDISTRITO":"03","NOMBRE_DISTRITO":"RETIRO","MINTBARRIO":"035","NOMBRE_BARRIO":"LOS JERONIMOS","OBJECTID":9766563}},{"type":"Feature","id":9799527,"geometry":{"type":"Point","coordinates":[-3.6783406830222862,40.416247966705001]},"properties":{"ESA_ESPECIE":"CDE","NOMBRE_COMUN":"Cedro llorón","NOMBRE_ESPECIE":"Cedrus deodara","ALTURA":"19","MINTDISTRITO":"03","NOMBRE_DISTRITO":"RETIRO","MINTBARRIO":"035","NOMBRE_BARRIO":"LOS JERONIMOS","OBJECTID":9799527}},{"type":"Feature","id":9799410,"geometry":{"type":"Point","coordinates":[-3.6784613801566124,40.416671521720382]},"properties":{"ESA_ESPECIE":"CSE","NOMBRE_COMUN":"Ciprés común","NOMBRE_ESPECIE":"Cupressus sempervirens","ALTURA":"10,5","MINTDISTRITO":"03","NOMBRE_DISTRITO":"RETIRO","MINTBARRIO":"035","NOMBRE_BARRIO":"LOS JERONIMOS","OBJECTID":9799410}},{"type":"Feature","id":9782252,"geometry":{"type":"Point","coordinates":[-3.6835023288904805,40.419855825898843]},"properties":{"ESA_ESPECIE":"AHI","NOMBRE_COMUN":"Castaño de indias","NOMBRE_ESPECIE":"Aesculus hippocastanum","ALTURA":"13","MINTDISTRITO":"03","NOMBRE_DISTRITO":"RETIRO","MINTBARRIO":"035","NOMBRE_BARRIO":"LOS JERONIMOS","OBJECTID":9782252}},{"type":"Feature","id":9809345,"geometry":{"type":"Point","coordinates":[-3.6842521768080969,40.418573484477399]},"properties":{"ESA_ESPECIE":"CSI","NOMBRE_COMUN":"Árbol del amor","NOMBRE_ESPECIE":"Cercis siliquastrum","ALTURA":"11","MINTDISTRITO":"03","NOMBRE_DISTRITO":"RETIRO","MINTBARRIO":"035","NOMBRE_BARRIO":"LOS JERONIMOS","OBJECTID":9809345}},{"type":"Feature","id":9808232,"geometry":{"type":"Point","coordinates":[-3.6846348317116893,40.419725061568606]},"properties":{"ESA_ESPECIE":"RPS","NOMBRE_COMUN":"Falsa acacia","NOMBRE_ESPECIE":"Robinia pseudoacacia","ALTURA":"13,5","MINTDISTRITO":"03","NOMBRE_DISTRITO":"RETIRO","MINTBARRIO":"035","NOMBRE_BARRIO":"LOS JERONIMOS","OBJECTID":9808232}},{"type":"Feature","id":9777045,"geometry":{"type":"Point","coordinates":[-3.6847165722510593,40.420007020022091]},"properties":{"ESA_ESPECIE":"SSE","NOMBRE_COMUN":"Secuoya","NOMBRE_ESPECIE":"Sequoia sempervirens","ALTURA":"19","MINTDISTRITO":"03","NOMBRE_DISTRITO":"RETIRO","MINTBARRIO":"035","NOMBRE_BARRIO":"LOS JERONIMOS","OBJECTID":9777045}},{"type":"Feature","id":9808718,"geometry":{"type":"Point","coordinates":[-3.6867357554520734,40.419489105109463]},"properties":{"ESA_ESPECIE":"AHI","NOMBRE_COMUN":"Castaño de indias","NOMBRE_ESPECIE":"Aesculus hippocastanum","ALTURA":"7","MINTDISTRITO":"03","NOMBRE_DISTRITO":"RETIRO","MINTBARRIO":"035","NOMBRE_BARRIO":"LOS JERONIMOS","OBJECTID":9808718}},{"type":"Feature","id":9778920,"geometry":{"type":"Point","coordinates":[-3.6857056423614876,40.419026199394771]},"properties":{"ESA_ESPECIE":"AHI","NOMBRE_COMUN":"Castaño de indias","NOMBRE_ESPECIE":"Aesculus hippocastanum","ALTURA":"11,5","MINTDISTRITO":"03","NOMBRE_DISTRITO":"RETIRO","MINTBARRIO":"035","NOMBRE_BARRIO":"LOS JERONIMOS","OBJECTID":9778920}},{"type":"Feature","id":9781920,"geometry":{"type":"Point","coordinates":[-3.682621702794048,40.419195260312968]},"properties":{"ESA_ESPECIE":"AHI","NOMBRE_COMUN":"Castaño de indias","NOMBRE_ESPECIE":"Aesculus hippocastanum","ALTURA":"12,5","MINTDISTRITO":"03","NOMBRE_DISTRITO":"RETIRO","MINTBARRIO":"035","NOMBRE_BARRIO":"LOS JERONIMOS","OBJECTID":9781920}},{"type":"Feature","id":9783248,"geometry":{"type":"Point","coordinates":[-3.6827175729756489,40.418866764976322]},"properties":{"ESA_ESPECIE":"TFO","NOMBRE_COMUN":"Palma de Fortune","NOMBRE_ESPECIE":"Trachycarpus fortunei","ALTURA":"4","MINTDISTRITO":"03","NOMBRE_DISTRITO":"RETIRO","MINTBARRIO":"035","NOMBRE_BARRIO":"LOS JERONIMOS","OBJECTID":9783248}},{"type":"Feature","id":9777377,"geometry":{"type":"Point","coordinates":[-3.6830191952039186,40.418280116209367]},"properties":{"ESA_ESPECIE":"CAU","NOMBRE_COMUN":"Almez","NOMBRE_ESPECIE":"Celtis australis","ALTURA":"7","MINTDISTRITO":"03","NOMBRE_DISTRITO":"RETIRO","MINTBARRIO":"035","NOMBRE_BARRIO":"LOS JERONIMOS","OBJECTID":9777377}},{"type":"Feature","id":9810685,"geometry":{"type":"Point","coordinates":[-3.6826693351620308,40.419732792016575]},"properties":{"ESA_ESPECIE":"AHI","NOMBRE_COMUN":"Castaño de indias","NOMBRE_ESPECIE":"Aesculus hippocastanum","ALTURA":"12","MINTDISTRITO":"03","NOMBRE_DISTRITO":"RETIRO","MINTBARRIO":"035","NOMBRE_BARRIO":"LOS JERONIMOS","OBJECTID":9810685}},{"type":"Feature","id":9782215,"geometry":{"type":"Point","coordinates":[-3.682721267215789,40.420203505210011]},"properties":{"ESA_ESPECIE":"AHI","NOMBRE_COMUN":"Castaño de indias","NOMBRE_ESPECIE":"Aesculus hippocastanum","ALTURA":"13","MINTDISTRITO":"03","NOMBRE_DISTRITO":"RETIRO","MINTBARRIO":"035","NOMBRE_BARRIO":"LOS JERONIMOS","OBJECTID":9782215}},{"type":"Feature","id":9812013,"geometry":{"type":"Point","coordinates":[-3.6837297384172936,40.419431344464975]},"properties":{"ESA_ESPECIE":"PCP","NOMBRE_COMUN":"Ciruelo púrpura","NOMBRE_ESPECIE":"Prunus cerasifera  subsp. pissardii","ALTURA":"3","MINTDISTRITO":"03","NOMBRE_DISTRITO":"RETIRO","MINTBARRIO":"035","NOMBRE_BARRIO":"LOS JERONIMOS","OBJECTID":9812013}},{"type":"Feature","id":9751907,"geometry":{"type":"Point","coordinates":[-3.6795722289972508,40.418547217693231]},"properties":{"ESA_ESPECIE":"PPI","NOMBRE_COMUN":"Pino piñonero","NOMBRE_ESPECIE":"Pinus pinea","ALTURA":"12","MINTDISTRITO":"03","NOMBRE_DISTRITO":"RETIRO","MINTBARRIO":"035","NOMBRE_BARRIO":"LOS JERONIMOS","OBJECTID":9751907}},{"type":"Feature","id":9764903,"geometry":{"type":"Point","coordinates":[-3.6804300696434291,40.418400518492518]},"properties":{"ESA_ESPECIE":"AHI","NOMBRE_COMUN":"Castaño de indias","NOMBRE_ESPECIE":"Aesculus hippocastanum","ALTURA":"12","MINTDISTRITO":"03","NOMBRE_DISTRITO":"RETIRO","MINTBARRIO":"035","NOMBRE_BARRIO":"LOS JERONIMOS","OBJECTID":9764903}},{"type":"Feature","id":9808564,"geometry":{"type":"Point","coordinates":[-3.6808191546214992,40.418225074079409]},"properties":{"ESA_ESPECIE":"MGR","NOMBRE_COMUN":"Magnolio","NOMBRE_ESPECIE":"Magnolia grandiflora","ALTURA":"5","MINTDISTRITO":"03","NOMBRE_DISTRITO":"RETIRO","MINTBARRIO":"035","NOMBRE_BARRIO":"LOS JERONIMOS","OBJECTID":9808564}},{"type":"Feature","id":9766268,"geometry":{"type":"Point","coordinates":[-3.6808316316187848,40.420026359328808]},"properties":{"ESA_ESPECIE":"AHI","NOMBRE_COMUN":"Castaño de indias","NOMBRE_ESPECIE":"Aesculus hippocastanum","ALTURA":"14","MINTDISTRITO":"03","NOMBRE_DISTRITO":"RETIRO","MINTBARRIO":"035","NOMBRE_BARRIO":"LOS JERONIMOS","OBJECTID":9766268}},{"type":"Feature","id":9811220,"geometry":{"type":"Point","coordinates":[-3.6817360568157804,40.420240327960116]},"properties":{"ESA_ESPECIE":"PDA","NOMBRE_COMUN":"Plátano de sombra/Platanus x hybrida","NOMBRE_ESPECIE":"Platanus x hispanica","ALTURA":"8","MINTDISTRITO":"03","NOMBRE_DISTRITO":"RETIRO","MINTBARRIO":"035","NOMBRE_BARRIO":"LOS JERONIMOS","OBJECTID":9811220}},{"type":"Feature","id":9809357,"geometry":{"type":"Point","coordinates":[-3.6810537191758788,40.418468090003465]},"properties":{"ESA_ESPECIE":"AHI","NOMBRE_COMUN":"Castaño de indias","NOMBRE_ESPECIE":"Aesculus hippocastanum","ALTURA":"8","MINTDISTRITO":"03","NOMBRE_DISTRITO":"RETIRO","MINTBARRIO":"035","NOMBRE_BARRIO":"LOS JERONIMOS","OBJECTID":9809357}},{"type":"Feature","id":9812345,"geometry":{"type":"Point","coordinates":[-3.6807139912257374,40.408739753397725]},"properties":{"ESA_ESPECIE":"PCP","NOMBRE_COMUN":"Ciruelo púrpura","NOMBRE_ESPECIE":"Prunus cerasifera  subsp. pissardii","ALTURA":"4,5","MINTDISTRITO":"03","NOMBRE_DISTRITO":"RETIRO","MINTBARRIO":"035","NOMBRE_BARRIO":"LOS JERONIMOS","OBJECTID":9812345}},{"type":"Feature","id":9777592,"geometry":{"type":"Point","coordinates":[-3.6801439683207238,40.408965487639776]},"properties":{"ESA_ESPECIE":"MNI","NOMBRE_COMUN":"Morera","NOMBRE_ESPECIE":"Morus nigra","ALTURA":"4,5","MINTDISTRITO":"03","NOMBRE_DISTRITO":"RETIRO","MINTBARRIO":"035","NOMBRE_BARRIO":"LOS JERONIMOS","OBJECTID":9777592}},{"type":"Feature","id":9813341,"geometry":{"type":"Point","coordinates":[-3.6789806335829787,40.409012298305626]},"properties":{"ESA_ESPECIE":"PAV","NOMBRE_COMUN":"Cerezo silvestre","NOMBRE_ESPECIE":"Prunus avium","ALTURA":"3,5","MINTDISTRITO":"03","NOMBRE_DISTRITO":"RETIRO","MINTBARRIO":"035","NOMBRE_BARRIO":"LOS JERONIMOS","OBJECTID":9813341}},{"type":"Feature","id":9777721,"geometry":{"type":"Point","coordinates":[-3.6787072078903185,40.408351854672603]},"properties":{"ESA_ESPECIE":"PPI","NOMBRE_COMUN":"Pino piñonero","NOMBRE_ESPECIE":"Pinus pinea","ALTURA":"3","MINTDISTRITO":"03","NOMBRE_DISTRITO":"RETIRO","MINTBARRIO":"035","NOMBRE_BARRIO":"LOS JERONIMOS","OBJECTID":9777721}},{"type":"Feature","id":9764940,"geometry":{"type":"Point","coordinates":[-3.6795977365149368,40.419889384098553]},"properties":{"ESA_ESPECIE":"UMI","NOMBRE_COMUN":"Olmo común","NOMBRE_ESPECIE":"Ulmus minor","ALTURA":"18","MINTDISTRITO":"03","NOMBRE_DISTRITO":"RETIRO","MINTBARRIO":"035","NOMBRE_BARRIO":"LOS JERONIMOS","OBJECTID":9764940}},{"type":"Feature","id":9800855,"geometry":{"type":"Point","coordinates":[-3.6795716500948545,40.418081782170212]},"properties":{"ESA_ESPECIE":"AHI","NOMBRE_COMUN":"Castaño de indias","NOMBRE_ESPECIE":"Aesculus hippocastanum","ALTURA":"10","MINTDISTRITO":"03","NOMBRE_DISTRITO":"RETIRO","MINTBARRIO":"035","NOMBRE_BARRIO":"LOS JERONIMOS","OBJECTID":9800855}},{"type":"Feature","id":9900743,"geometry":{"type":"Point","coordinates":[-3.6817553127787961,40.410216770628715]},"properties":{"ESA_ESPECIE":"UMIR","NOMBRE_COMUN":"Olmo común","NOMBRE_ESPECIE":"Ulmus minor 'Retiro'","ALTURA":"3,6","MINTDISTRITO":"03","NOMBRE_DISTRITO":"RETIRO","MINTBARRIO":"035","NOMBRE_BARRIO":"LOS JERONIMOS","OBJECTID":9900743}},{"type":"Feature","id":9812560,"geometry":{"type":"Point","coordinates":[-3.6814216224412664,40.409790447042631]},"properties":{"ESA_ESPECIE":"ACA","NOMBRE_COMUN":"Arce campestre","NOMBRE_ESPECIE":"Acer campestre","ALTURA":"17","MINTDISTRITO":"03","NOMBRE_DISTRITO":"RETIRO","MINTBARRIO":"035","NOMBRE_BARRIO":"LOS JERONIMOS","OBJECTID":9812560}},{"type":"Feature","id":9812216,"geometry":{"type":"Point","coordinates":[-3.6810819558794643,40.409402193911319]},"properties":{"ESA_ESPECIE":"SJA","NOMBRE_COMUN":"Acacia del Japón/Sophora japonica","NOMBRE_ESPECIE":"Styphnolobium japonicum","ALTURA":"14","MINTDISTRITO":"03","NOMBRE_DISTRITO":"RETIRO","MINTBARRIO":"035","NOMBRE_BARRIO":"LOS JERONIMOS","OBJECTID":9812216}},{"type":"Feature","id":9812892,"geometry":{"type":"Point","coordinates":[-3.6811531233302408,40.409388711530724]},"properties":{"ESA_ESPECIE":"UGL","NOMBRE_COMUN":"Olmo de montaña","NOMBRE_ESPECIE":"Ulmus glabra","ALTURA":"11","MINTDISTRITO":"03","NOMBRE_DISTRITO":"RETIRO","MINTBARRIO":"035","NOMBRE_BARRIO":"LOS JERONIMOS","OBJECTID":9812892}},{"type":"Feature","id":9782547,"geometry":{"type":"Point","coordinates":[-3.6812362313127509,40.409345005427383]},"properties":{"ESA_ESPECIE":"UMI","NOMBRE_COMUN":"Olmo común","NOMBRE_ESPECIE":"Ulmus minor","ALTURA":"14","MINTDISTRITO":"03","NOMBRE_DISTRITO":"RETIRO","MINTBARRIO":"035","NOMBRE_BARRIO":"LOS JERONIMOS","OBJECTID":9782547}},{"type":"Feature","id":9812548,"geometry":{"type":"Point","coordinates":[-3.6816761778122693,40.408834472572238]},"properties":{"ESA_ESPECIE":"SJA","NOMBRE_COMUN":"Acacia del Japón/Sophora japonica","NOMBRE_ESPECIE":"Styphnolobium japonicum","ALTURA":"15","MINTDISTRITO":"03","NOMBRE_DISTRITO":"RETIRO","MINTBARRIO":"035","NOMBRE_BARRIO":"LOS JERONIMOS","OBJECTID":9812548}},{"type":"Feature","id":9768770,"geometry":{"type":"Point","coordinates":[-3.6787670736615827,40.411231249553303]},"properties":{"ESA_ESPECIE":"CAU","NOMBRE_COMUN":"Almez","NOMBRE_ESPECIE":"Celtis australis","ALTURA":"4","MINTDISTRITO":"03","NOMBRE_DISTRITO":"RETIRO","MINTBARRIO":"035","NOMBRE_BARRIO":"LOS JERONIMOS","OBJECTID":9768770}},{"type":"Feature","id":9783426,"geometry":{"type":"Point","coordinates":[-3.6785513190446291,40.410050797621061]},"properties":{"ESA_ESPECIE":"TFO","NOMBRE_COMUN":"Palma de Fortune","NOMBRE_ESPECIE":"Trachycarpus fortunei","ALTURA":"4","MINTDISTRITO":"03","NOMBRE_DISTRITO":"RETIRO","MINTBARRIO":"035","NOMBRE_BARRIO":"LOS JERONIMOS","OBJECTID":9783426}},{"type":"Feature","id":9780924,"geometry":{"type":"Point","coordinates":[-3.6806732269267313,40.412368518079127]},"properties":{"ESA_ESPECIE":"URE","NOMBRE_COMUN":"Olmo resistente a la grafiosis","NOMBRE_ESPECIE":"Ulmus\u00A0minor\u00A0'Resista'","ALTURA":"9,5","MINTDISTRITO":"03","NOMBRE_DISTRITO":"RETIRO","MINTBARRIO":"035","NOMBRE_BARRIO":"LOS JERONIMOS","OBJECTID":9780924}},{"type":"Feature","id":9781373,"geometry":{"type":"Point","coordinates":[-3.6816345205568441,40.411763392150199]},"properties":{"ESA_ESPECIE":"AHI","NOMBRE_COMUN":"Castaño de indias","NOMBRE_ESPECIE":"Aesculus hippocastanum","ALTURA":"5","MINTDISTRITO":"03","NOMBRE_DISTRITO":"RETIRO","MINTBARRIO":"035","NOMBRE_BARRIO":"LOS JERONIMOS","OBJECTID":9781373}},{"type":"Feature","id":9905249,"geometry":{"type":"Point","coordinates":[-3.6829260453200563,40.410257519429905]},"properties":{"ESA_ESPECIE":"PDU","NOMBRE_COMUN":"Almendro","NOMBRE_ESPECIE":"Prunus dulcis","ALTURA":"1,8","MINTDISTRITO":"03","NOMBRE_DISTRITO":"RETIRO","MINTBARRIO":"035","NOMBRE_BARRIO":"LOS JERONIMOS","OBJECTID":9905249}},{"type":"Feature","id":9801734,"geometry":{"type":"Point","coordinates":[-3.6825172390667307,40.41008340985735]},"properties":{"ESA_ESPECIE":"PDU","NOMBRE_COMUN":"Almendro","NOMBRE_ESPECIE":"Prunus dulcis","ALTURA":"3,5","MINTDISTRITO":"03","NOMBRE_DISTRITO":"RETIRO","MINTBARRIO":"035","NOMBRE_BARRIO":"LOS JERONIMOS","OBJECTID":9801734}},{"type":"Feature","id":9767264,"geometry":{"type":"Point","coordinates":[-3.679976176820603,40.417678050628233]},"properties":{"ESA_ESPECIE":"CSE","NOMBRE_COMUN":"Ciprés común","NOMBRE_ESPECIE":"Cupressus sempervirens","ALTURA":"17","MINTDISTRITO":"03","NOMBRE_DISTRITO":"RETIRO","MINTBARRIO":"035","NOMBRE_BARRIO":"LOS JERONIMOS","OBJECTID":9767264}},{"type":"Feature","id":9800738,"geometry":{"type":"Point","coordinates":[-3.6799022599085172,40.417969621734443]},"properties":{"ESA_ESPECIE":"AHI","NOMBRE_COMUN":"Castaño de indias","NOMBRE_ESPECIE":"Aesculus hippocastanum","ALTURA":"11","MINTDISTRITO":"03","NOMBRE_DISTRITO":"RETIRO","MINTBARRIO":"035","NOMBRE_BARRIO":"LOS JERONIMOS","OBJECTID":9800738}},{"type":"Feature","id":9799564,"geometry":{"type":"Point","coordinates":[-3.6796191586291642,40.417370184487659]},"properties":{"ESA_ESPECIE":"AHI","NOMBRE_COMUN":"Castaño de indias","NOMBRE_ESPECIE":"Aesculus hippocastanum","ALTURA":"11","MINTDISTRITO":"03","NOMBRE_DISTRITO":"RETIRO","MINTBARRIO":"035","NOMBRE_BARRIO":"LOS JERONIMOS","OBJECTID":9799564}},{"type":"Feature","id":9769231,"geometry":{"type":"Point","coordinates":[-3.6792923048933677,40.414654849397465]},"properties":{"ESA_ESPECIE":"AHI","NOMBRE_COMUN":"Castaño de indias","NOMBRE_ESPECIE":"Aesculus hippocastanum","ALTURA":"7","MINTDISTRITO":"03","NOMBRE_DISTRITO":"RETIRO","MINTBARRIO":"035","NOMBRE_BARRIO":"LOS JERONIMOS","OBJECTID":9769231}},{"type":"Feature","id":9809689,"geometry":{"type":"Point","coordinates":[-3.680766742563121,40.414250670772695]},"properties":{"ESA_ESPECIE":"QRO","NOMBRE_COMUN":"Roble común","NOMBRE_ESPECIE":"Quercus robur","ALTURA":"18","MINTDISTRITO":"03","NOMBRE_DISTRITO":"RETIRO","MINTBARRIO":"035","NOMBRE_BARRIO":"LOS JERONIMOS","OBJECTID":9809689}},{"type":"Feature","id":9781219,"geometry":{"type":"Point","coordinates":[-3.6794780578574322,40.412060231088319]},"properties":{"ESA_ESPECIE":"PDA","NOMBRE_COMUN":"Plátano de sombra/Platanus x hybrida","NOMBRE_ESPECIE":"Platanus x hispanica","ALTURA":"7,5","MINTDISTRITO":"03","NOMBRE_DISTRITO":"RETIRO","MINTBARRIO":"035","NOMBRE_BARRIO":"LOS JERONIMOS","OBJECTID":9781219}},{"type":"Feature","id":9811017,"geometry":{"type":"Point","coordinates":[-3.6818345746463761,40.41580676420385]},"properties":{"ESA_ESPECIE":"RPS","NOMBRE_COMUN":"Falsa acacia","NOMBRE_ESPECIE":"Robinia pseudoacacia","ALTURA":"11,5","MINTDISTRITO":"03","NOMBRE_DISTRITO":"RETIRO","MINTBARRIO":"035","NOMBRE_BARRIO":"LOS JERONIMOS","OBJECTID":9811017}},{"type":"Feature","id":9809892,"geometry":{"type":"Point","coordinates":[-3.6810787336756339,40.415285360859677]},"properties":{"ESA_ESPECIE":"ANP","NOMBRE_COMUN":"Arce real 'Crimson King'","NOMBRE_ESPECIE":"Acer platanoides 'Crimson King'","ALTURA":"5","MINTDISTRITO":"03","NOMBRE_DISTRITO":"RETIRO","MINTBARRIO":"035","NOMBRE_BARRIO":"LOS JERONIMOS","OBJECTID":9809892}},{"type":"Feature","id":9780045,"geometry":{"type":"Point","coordinates":[-3.6802864932313546,40.415300898989564]},"properties":{"ESA_ESPECIE":"PHA","NOMBRE_COMUN":"Pino carrasco","NOMBRE_ESPECIE":"Pinus halepensis","ALTURA":"6","MINTDISTRITO":"03","NOMBRE_DISTRITO":"RETIRO","MINTBARRIO":"035","NOMBRE_BARRIO":"LOS JERONIMOS","OBJECTID":9780045}},{"type":"Feature","id":9809560,"geometry":{"type":"Point","coordinates":[-3.680595660831671,40.417001925140674]},"properties":{"ESA_ESPECIE":"AHI","NOMBRE_COMUN":"Castaño de indias","NOMBRE_ESPECIE":"Aesculus hippocastanum","ALTURA":"9","MINTDISTRITO":"03","NOMBRE_DISTRITO":"RETIRO","MINTBARRIO":"035","NOMBRE_BARRIO":"LOS JERONIMOS","OBJECTID":9809560}},{"type":"Feature","id":9901087,"geometry":{"type":"Point","coordinates":[-3.6804646240033767,40.417021750575195]},"properties":{"ESA_ESPECIE":"CSI","NOMBRE_COMUN":"Árbol del amor","NOMBRE_ESPECIE":"Cercis siliquastrum","ALTURA":"4","MINTDISTRITO":"03","NOMBRE_DISTRITO":"RETIRO","MINTBARRIO":"035","NOMBRE_BARRIO":"LOS JERONIMOS","OBJECTID":9901087}},{"type":"Feature","id":9799859,"geometry":{"type":"Point","coordinates":[-3.6802702132734018,40.417622527902495]},"properties":{"ESA_ESPECIE":"MGR","NOMBRE_COMUN":"Magnolio","NOMBRE_ESPECIE":"Magnolia grandiflora","ALTURA":"5","MINTDISTRITO":"03","NOMBRE_DISTRITO":"RETIRO","MINTBARRIO":"035","NOMBRE_BARRIO":"LOS JERONIMOS","OBJECTID":9799859}},{"type":"Feature","id":9896759,"geometry":{"type":"Point","coordinates":[-3.6826286920868672,40.416410252232573]},"properties":{"ESA_ESPECIE":"AHI","NOMBRE_COMUN":"Castaño de indias","NOMBRE_ESPECIE":"Aesculus hippocastanum","ALTURA":"19","MINTDISTRITO":"03","NOMBRE_DISTRITO":"RETIRO","MINTBARRIO":"035","NOMBRE_BARRIO":"LOS JERONIMOS","OBJECTID":9896759}},{"type":"Feature","id":9809013,"geometry":{"type":"Point","coordinates":[-3.682376502936803,40.417506106127654]},"properties":{"ESA_ESPECIE":"CSE","NOMBRE_COMUN":"Ciprés común","NOMBRE_ESPECIE":"Cupressus sempervirens","ALTURA":"7,5","MINTDISTRITO":"03","NOMBRE_DISTRITO":"RETIRO","MINTBARRIO":"035","NOMBRE_BARRIO":"LOS JERONIMOS","OBJECTID":9809013}},{"type":"Feature","id":9779252,"geometry":{"type":"Point","coordinates":[-3.6822365762084703,40.417159326786013]},"properties":{"ESA_ESPECIE":"TBA","NOMBRE_COMUN":"Tejo","NOMBRE_ESPECIE":"Taxus baccata","ALTURA":"1,9","MINTDISTRITO":"03","NOMBRE_DISTRITO":"RETIRO","MINTBARRIO":"035","NOMBRE_BARRIO":"LOS JERONIMOS","OBJECTID":9779252}},{"type":"Feature","id":9779596,"geometry":{"type":"Point","coordinates":[-3.6822016255149683,40.416943225761692]},"properties":{"ESA_ESPECIE":"AHI","NOMBRE_COMUN":"Castaño de indias","NOMBRE_ESPECIE":"Aesculus hippocastanum","ALTURA":"18","MINTDISTRITO":"03","NOMBRE_DISTRITO":"RETIRO","MINTBARRIO":"035","NOMBRE_BARRIO":"LOS JERONIMOS","OBJECTID":9779596}},{"type":"Feature","id":9777389,"geometry":{"type":"Point","coordinates":[-3.6809975647807507,40.416224735249727]},"properties":{"ESA_ESPECIE":"AHI","NOMBRE_COMUN":"Castaño de indias","NOMBRE_ESPECIE":"Aesculus hippocastanum","ALTURA":"9","MINTDISTRITO":"03","NOMBRE_DISTRITO":"RETIRO","MINTBARRIO":"035","NOMBRE_BARRIO":"LOS JERONIMOS","OBJECTID":9777389}},{"type":"Feature","id":9779264,"geometry":{"type":"Point","coordinates":[-3.6821132157114369,40.41658302506751]},"properties":{"ESA_ESPECIE":"SSE","NOMBRE_COMUN":"Secuoya","NOMBRE_ESPECIE":"Sequoia sempervirens","ALTURA":"23","MINTDISTRITO":"03","NOMBRE_DISTRITO":"RETIRO","MINTBARRIO":"035","NOMBRE_BARRIO":"LOS JERONIMOS","OBJECTID":9779264}},{"type":"Feature","id":9773098,"geometry":{"type":"Point","coordinates":[-3.6838453099627584,40.412569170422699]},"properties":{"ESA_ESPECIE":"CBE","NOMBRE_COMUN":"Carpe","NOMBRE_ESPECIE":"Carpinus betulus","ALTURA":"7","MINTDISTRITO":"03","NOMBRE_DISTRITO":"RETIRO","MINTBARRIO":"035","NOMBRE_BARRIO":"LOS JERONIMOS","OBJECTID":9773098}},{"type":"Feature","id":9810888,"geometry":{"type":"Point","coordinates":[-3.6832187438784358,40.413148535214219]},"properties":{"ESA_ESPECIE":"RPS","NOMBRE_COMUN":"Falsa acacia","NOMBRE_ESPECIE":"Robinia pseudoacacia","ALTURA":"9","MINTDISTRITO":"03","NOMBRE_DISTRITO":"RETIRO","MINTBARRIO":"035","NOMBRE_BARRIO":"LOS JERONIMOS","OBJECTID":9810888}},{"type":"Feature","id":9780887,"geometry":{"type":"Point","coordinates":[-3.6809489992977551,40.412679418380847]},"properties":{"ESA_ESPECIE":"CAT","NOMBRE_COMUN":"Cedro del Atlas","NOMBRE_ESPECIE":"Cedrus atlantica","ALTURA":"4,5","MINTDISTRITO":"03","NOMBRE_DISTRITO":"RETIRO","MINTBARRIO":"035","NOMBRE_BARRIO":"LOS JERONIMOS","OBJECTID":9780887}},{"type":"Feature","id":9780377,"geometry":{"type":"Point","coordinates":[-3.682268806520562,40.414268222316274]},"properties":{"ESA_ESPECIE":"PDA","NOMBRE_COMUN":"Plátano de sombra/Platanus x hybrida","NOMBRE_ESPECIE":"Platanus x hispanica","ALTURA":"26","MINTDISTRITO":"03","NOMBRE_DISTRITO":"RETIRO","MINTBARRIO":"035","NOMBRE_BARRIO":"LOS JERONIMOS","OBJECTID":9780377}},{"type":"Feature","id":9780592,"geometry":{"type":"Point","coordinates":[-3.6829945832452133,40.414684119399148]},"properties":{"ESA_ESPECIE":"AHI","NOMBRE_COMUN":"Castaño de indias","NOMBRE_ESPECIE":"Aesculus hippocastanum","ALTURA":"25","MINTDISTRITO":"03","NOMBRE_DISTRITO":"RETIRO","MINTBARRIO":"035","NOMBRE_BARRIO":"LOS JERONIMOS","OBJECTID":9780592}},{"type":"Feature","id":9767110,"geometry":{"type":"Point","coordinates":[-3.6830019377710381,40.414664971357411]},"properties":{"ESA_ESPECIE":"TFO","NOMBRE_COMUN":"Palma de Fortune","NOMBRE_ESPECIE":"Trachycarpus fortunei","ALTURA":null,"MINTDISTRITO":"03","NOMBRE_DISTRITO":"RETIRO","MINTBARRIO":"035","NOMBRE_BARRIO":"LOS JERONIMOS","OBJECTID":9767110}},{"type":"Feature","id":9772766,"geometry":{"type":"Point","coordinates":[-3.6855550880428796,40.414922840336665]},"properties":{"ESA_ESPECIE":"SJA","NOMBRE_COMUN":"Acacia del Japón/Sophora japonica","NOMBRE_ESPECIE":"Styphnolobium japonicum","ALTURA":"9","MINTDISTRITO":"03","NOMBRE_DISTRITO":"RETIRO","MINTBARRIO":"035","NOMBRE_BARRIO":"LOS JERONIMOS","OBJECTID":9772766}},{"type":"Feature","id":9806394,"geometry":{"type":"Point","coordinates":[-3.6846218146079961,40.413442930832403]},"properties":{"ESA_ESPECIE":"AHI","NOMBRE_COMUN":"Castaño de indias","NOMBRE_ESPECIE":"Aesculus hippocastanum","ALTURA":"16","MINTDISTRITO":"03","NOMBRE_DISTRITO":"RETIRO","MINTBARRIO":"035","NOMBRE_BARRIO":"LOS JERONIMOS","OBJECTID":9806394}},{"type":"Feature","id":9806357,"geometry":{"type":"Point","coordinates":[-3.6841854362991078,40.412944961918456]},"properties":{"ESA_ESPECIE":"ACA","NOMBRE_COMUN":"Arce campestre","NOMBRE_ESPECIE":"Acer campestre","ALTURA":"9","MINTDISTRITO":"03","NOMBRE_DISTRITO":"RETIRO","MINTBARRIO":"035","NOMBRE_BARRIO":"LOS JERONIMOS","OBJECTID":9806357}},{"type":"Feature","id":9806062,"geometry":{"type":"Point","coordinates":[-3.6844338044157179,40.413251610571272]},"properties":{"ESA_ESPECIE":"AHI","NOMBRE_COMUN":"Castaño de indias","NOMBRE_ESPECIE":"Aesculus hippocastanum","ALTURA":"9","MINTDISTRITO":"03","NOMBRE_DISTRITO":"RETIRO","MINTBARRIO":"035","NOMBRE_BARRIO":"LOS JERONIMOS","OBJECTID":9806062}},{"type":"Feature","id":9775717,"geometry":{"type":"Point","coordinates":[-3.6843757994543225,40.413360540056146]},"properties":{"ESA_ESPECIE":"UPU","NOMBRE_COMUN":"Olmo de Siberia","NOMBRE_ESPECIE":"Ulmus pumila","ALTURA":"16","MINTDISTRITO":"03","NOMBRE_DISTRITO":"RETIRO","MINTBARRIO":"035","NOMBRE_BARRIO":"LOS JERONIMOS","OBJECTID":9775717}},{"type":"Feature","id":9775422,"geometry":{"type":"Point","coordinates":[-3.6840829797322683,40.413443264349127]},"properties":{"ESA_ESPECIE":"CSI","NOMBRE_COMUN":"Árbol del amor","NOMBRE_ESPECIE":"Cercis siliquastrum","ALTURA":"10","MINTDISTRITO":"03","NOMBRE_DISTRITO":"RETIRO","MINTBARRIO":"035","NOMBRE_BARRIO":"LOS JERONIMOS","OBJECTID":9775422}},{"type":"Feature","id":9805515,"geometry":{"type":"Point","coordinates":[-3.6843243727129615,40.414368957474302]},"properties":{"ESA_ESPECIE":"AHI","NOMBRE_COMUN":"Castaño de indias","NOMBRE_ESPECIE":"Aesculus hippocastanum","ALTURA":"12","MINTDISTRITO":"03","NOMBRE_DISTRITO":"RETIRO","MINTBARRIO":"035","NOMBRE_BARRIO":"LOS JERONIMOS","OBJECTID":9805515}},{"type":"Feature","id":9772219,"geometry":{"type":"Point","coordinates":[-3.6840401860381724,40.414628388156473]},"properties":{"ESA_ESPECIE":"AHI","NOMBRE_COMUN":"Castaño de indias","NOMBRE_ESPECIE":"Aesculus hippocastanum","ALTURA":"12","MINTDISTRITO":"03","NOMBRE_DISTRITO":"RETIRO","MINTBARRIO":"035","NOMBRE_BARRIO":"LOS JERONIMOS","OBJECTID":9772219}},{"type":"Feature","id":9805029,"geometry":{"type":"Point","coordinates":[-3.6840011996467776,40.414532140871245]},"properties":{"ESA_ESPECIE":"GTR","NOMBRE_COMUN":"Acacia de tres espinas","NOMBRE_ESPECIE":"Gleditsia triacanthos","ALTURA":"20","MINTDISTRITO":"03","NOMBRE_DISTRITO":"RETIRO","MINTBARRIO":"035","NOMBRE_BARRIO":"LOS JERONIMOS","OBJECTID":9805029}},{"type":"Feature","id":9805066,"geometry":{"type":"Point","coordinates":[-3.6839475379539048,40.41450911586972]},"properties":{"ESA_ESPECIE":"AHI","NOMBRE_COMUN":"Castaño de indias","NOMBRE_ESPECIE":"Aesculus hippocastanum","ALTURA":"6","MINTDISTRITO":"03","NOMBRE_DISTRITO":"RETIRO","MINTBARRIO":"035","NOMBRE_BARRIO":"LOS JERONIMOS","OBJECTID":9805066}},{"type":"Feature","id":9804390,"geometry":{"type":"Point","coordinates":[-3.6852063803227599,40.414937961586176]},"properties":{"ESA_ESPECIE":"QPA","NOMBRE_COMUN":"Roble de los pantanos","NOMBRE_ESPECIE":"Quercus palustris","ALTURA":"7","MINTDISTRITO":"03","NOMBRE_DISTRITO":"RETIRO","MINTBARRIO":"035","NOMBRE_BARRIO":"LOS JERONIMOS","OBJECTID":9804390}},{"type":"Feature","id":9772065,"geometry":{"type":"Point","coordinates":[-3.6856267932183036,40.415147641407117]},"properties":{"ESA_ESPECIE":"AAL","NOMBRE_COMUN":"Ailanto","NOMBRE_ESPECIE":"Ailanthus altissima","ALTURA":"14","MINTDISTRITO":"03","NOMBRE_DISTRITO":"RETIRO","MINTBARRIO":"035","NOMBRE_BARRIO":"LOS JERONIMOS","OBJECTID":9772065}},{"type":"Feature","id":9771770,"geometry":{"type":"Point","coordinates":[-3.6854874748511266,40.416348563004497]},"properties":{"ESA_ESPECIE":"AHI","NOMBRE_COMUN":"Castaño de indias","NOMBRE_ESPECIE":"Aesculus hippocastanum","ALTURA":"7,5","MINTDISTRITO":"03","NOMBRE_DISTRITO":"RETIRO","MINTBARRIO":"035","NOMBRE_BARRIO":"LOS JERONIMOS","OBJECTID":9771770}},{"type":"Feature","id":9776596,"geometry":{"type":"Point","coordinates":[-3.6851230942756605,40.417551178463015]},"properties":{"ESA_ESPECIE":"AHI","NOMBRE_COMUN":"Castaño de indias","NOMBRE_ESPECIE":"Aesculus hippocastanum","ALTURA":"11","MINTDISTRITO":"03","NOMBRE_DISTRITO":"RETIRO","MINTBARRIO":"035","NOMBRE_BARRIO":"LOS JERONIMOS","OBJECTID":9776596}},{"type":"Feature","id":9807685,"geometry":{"type":"Point","coordinates":[-3.6853462276467894,40.417496927843217]},"properties":{"ESA_ESPECIE":"AHI","NOMBRE_COMUN":"Castaño de indias","NOMBRE_ESPECIE":"Aesculus hippocastanum","ALTURA":"15","MINTDISTRITO":"03","NOMBRE_DISTRITO":"RETIRO","MINTBARRIO":"035","NOMBRE_BARRIO":"LOS JERONIMOS","OBJECTID":9807685}},{"type":"Feature","id":9803394,"geometry":{"type":"Point","coordinates":[-3.6844439983239905,40.415643048121737]},"properties":{"ESA_ESPECIE":"AHI","NOMBRE_COMUN":"Castaño de indias","NOMBRE_ESPECIE":"Aesculus hippocastanum","ALTURA":"8,5","MINTDISTRITO":"03","NOMBRE_DISTRITO":"RETIRO","MINTBARRIO":"035","NOMBRE_BARRIO":"LOS JERONIMOS","OBJECTID":9803394}},{"type":"Feature","id":9813673,"geometry":{"type":"Point","coordinates":[-3.6836319428284603,40.414066782024179]},"properties":{"ESA_ESPECIE":"AHI","NOMBRE_COMUN":"Castaño de indias","NOMBRE_ESPECIE":"Aesculus hippocastanum","ALTURA":"2,5","MINTDISTRITO":"03","NOMBRE_DISTRITO":"RETIRO","MINTBARRIO":"035","NOMBRE_BARRIO":"LOS JERONIMOS","OBJECTID":9813673}},{"type":"Feature","id":9805361,"geometry":{"type":"Point","coordinates":[-3.6841336360603862,40.414088994810335]},"properties":{"ESA_ESPECIE":"AHI","NOMBRE_COMUN":"Castaño de indias","NOMBRE_ESPECIE":"Aesculus hippocastanum","ALTURA":"12","MINTDISTRITO":"03","NOMBRE_DISTRITO":"RETIRO","MINTBARRIO":"035","NOMBRE_BARRIO":"LOS JERONIMOS","OBJECTID":9805361}},{"type":"Feature","id":9783543,"geometry":{"type":"Point","coordinates":[-3.6870928099904154,40.417543067848889]},"properties":{"ESA_ESPECIE":"PPI","NOMBRE_COMUN":"Pino piñonero","NOMBRE_ESPECIE":"Pinus pinea","ALTURA":"6","MINTDISTRITO":"03","NOMBRE_DISTRITO":"RETIRO","MINTBARRIO":"035","NOMBRE_BARRIO":"LOS JERONIMOS","OBJECTID":9783543}},{"type":"Feature","id":9808017,"geometry":{"type":"Point","coordinates":[-3.6869185761077352,40.417097982378102]},"properties":{"ESA_ESPECIE":"AHI","NOMBRE_COMUN":"Castaño de indias","NOMBRE_ESPECIE":"Aesculus hippocastanum","ALTURA":"15","MINTDISTRITO":"03","NOMBRE_DISTRITO":"RETIRO","MINTBARRIO":"035","NOMBRE_BARRIO":"LOS JERONIMOS","OBJECTID":9808017}},{"type":"Feature","id":9807390,"geometry":{"type":"Point","coordinates":[-3.6865692818333562,40.417424049491032]},"properties":{"ESA_ESPECIE":"AHI","NOMBRE_COMUN":"Castaño de indias","NOMBRE_ESPECIE":"Aesculus hippocastanum","ALTURA":"10","MINTDISTRITO":"03","NOMBRE_DISTRITO":"RETIRO","MINTBARRIO":"035","NOMBRE_BARRIO":"LOS JERONIMOS","OBJECTID":9807390}},{"type":"Feature","id":9771438,"geometry":{"type":"Point","coordinates":[-3.6864687520977988,40.416091748794727]},"properties":{"ESA_ESPECIE":"AHI","NOMBRE_COMUN":"Castaño de indias","NOMBRE_ESPECIE":"Aesculus hippocastanum","ALTURA":"13","MINTDISTRITO":"03","NOMBRE_DISTRITO":"RETIRO","MINTBARRIO":"035","NOMBRE_BARRIO":"LOS JERONIMOS","OBJECTID":9771438}},{"type":"Feature","id":9771426,"geometry":{"type":"Point","coordinates":[-3.6857465970490066,40.415406932085851]},"properties":{"ESA_ESPECIE":"AHI","NOMBRE_COMUN":"Castaño de indias","NOMBRE_ESPECIE":"Aesculus hippocastanum","ALTURA":"5","MINTDISTRITO":"03","NOMBRE_DISTRITO":"RETIRO","MINTBARRIO":"035","NOMBRE_BARRIO":"LOS JERONIMOS","OBJECTID":9771426}},{"type":"Feature","id":9804734,"geometry":{"type":"Point","coordinates":[-3.6852329719987171,40.415552680695278]},"properties":{"ESA_ESPECIE":"TFO","NOMBRE_COMUN":"Palma de Fortune","NOMBRE_ESPECIE":"Trachycarpus fortunei","ALTURA":"4","MINTDISTRITO":"03","NOMBRE_DISTRITO":"RETIRO","MINTBARRIO":"035","NOMBRE_BARRIO":"LOS JERONIMOS","OBJECTID":9804734}},{"type":"Feature","id":9768887,"geometry":{"type":"Point","coordinates":[-3.687958698743631,40.414141262296944]},"properties":{"ESA_ESPECIE":"CSI","NOMBRE_COMUN":"Árbol del amor","NOMBRE_ESPECIE":"Cercis siliquastrum","ALTURA":"7,5","MINTDISTRITO":"03","NOMBRE_DISTRITO":"RETIRO","MINTBARRIO":"035","NOMBRE_BARRIO":"LOS JERONIMOS","OBJECTID":9768887}},{"type":"Feature","id":9771887,"geometry":{"type":"Point","coordinates":[-3.6876102183744153,40.416154695811613]},"properties":{"ESA_ESPECIE":"AHI","NOMBRE_COMUN":"Castaño de indias","NOMBRE_ESPECIE":"Aesculus hippocastanum","ALTURA":"12","MINTDISTRITO":"03","NOMBRE_DISTRITO":"RETIRO","MINTBARRIO":"035","NOMBRE_BARRIO":"LOS JERONIMOS","OBJECTID":9771887}},{"type":"Feature","id":9804187,"geometry":{"type":"Point","coordinates":[-3.6879114523031351,40.416289823401641]},"properties":{"ESA_ESPECIE":"AHI","NOMBRE_COMUN":"Castaño de indias","NOMBRE_ESPECIE":"Aesculus hippocastanum","ALTURA":"12","MINTDISTRITO":"03","NOMBRE_DISTRITO":"RETIRO","MINTBARRIO":"035","NOMBRE_BARRIO":"LOS JERONIMOS","OBJECTID":9804187}},{"type":"Feature","id":9776049,"geometry":{"type":"Point","coordinates":[-3.6878300443869327,40.417843485451613]},"properties":{"ESA_ESPECIE":"CBI","NOMBRE_COMUN":"Catalpa","NOMBRE_ESPECIE":"Catalpa bignonioides","ALTURA":"17","MINTDISTRITO":"03","NOMBRE_DISTRITO":"RETIRO","MINTBARRIO":"035","NOMBRE_BARRIO":"LOS JERONIMOS","OBJECTID":9776049}},{"type":"Feature","id":9776393,"geometry":{"type":"Point","coordinates":[-3.6872002692557166,40.417713806466274]},"properties":{"ESA_ESPECIE":"AHI","NOMBRE_COMUN":"Castaño de indias","NOMBRE_ESPECIE":"Aesculus hippocastanum","ALTURA":"12","MINTDISTRITO":"03","NOMBRE_DISTRITO":"RETIRO","MINTBARRIO":"035","NOMBRE_BARRIO":"LOS JERONIMOS","OBJECTID":9776393}},{"type":"Feature","id":9807722,"geometry":{"type":"Point","coordinates":[-3.6871325798176824,40.41771304661313]},"properties":{"ESA_ESPECIE":"AHI","NOMBRE_COMUN":"Castaño de indias","NOMBRE_ESPECIE":"Aesculus hippocastanum","ALTURA":"18","MINTDISTRITO":"03","NOMBRE_DISTRITO":"RETIRO","MINTBARRIO":"035","NOMBRE_BARRIO":"LOS JERONIMOS","OBJECTID":9807722}},{"type":"Feature","id":9767891,"geometry":{"type":"Point","coordinates":[-3.6865836638916889,40.414215742555655]},"properties":{"ESA_ESPECIE":"CEO","NOMBRE_COMUN":"Almez americano","NOMBRE_ESPECIE":"Celtis occidentalis","ALTURA":"7","MINTDISTRITO":"03","NOMBRE_DISTRITO":"RETIRO","MINTBARRIO":"035","NOMBRE_BARRIO":"LOS JERONIMOS","OBJECTID":9767891}},{"type":"Feature","id":9770098,"geometry":{"type":"Point","coordinates":[-3.6860469798300635,40.414199829147741]},"properties":{"ESA_ESPECIE":"AAL","NOMBRE_COMUN":"Ailanto","NOMBRE_ESPECIE":"Ailanthus altissima","ALTURA":"15","MINTDISTRITO":"03","NOMBRE_DISTRITO":"RETIRO","MINTBARRIO":"035","NOMBRE_BARRIO":"LOS JERONIMOS","OBJECTID":9770098}},{"type":"Feature","id":9803855,"geometry":{"type":"Point","coordinates":[-3.6863351092022612,40.414845572597898]},"properties":{"ESA_ESPECIE":"AHI","NOMBRE_COMUN":"Castaño de indias","NOMBRE_ESPECIE":"Aesculus hippocastanum","ALTURA":"13","MINTDISTRITO":"03","NOMBRE_DISTRITO":"RETIRO","MINTBARRIO":"035","NOMBRE_BARRIO":"LOS JERONIMOS","OBJECTID":9803855}},{"type":"Feature","id":9765235,"geometry":{"type":"Point","coordinates":[-3.6868412034159341,40.414697188141673]},"properties":{"ESA_ESPECIE":"GTR","NOMBRE_COMUN":"Acacia de tres espinas","NOMBRE_ESPECIE":"Gleditsia triacanthos","ALTURA":"6,5","MINTDISTRITO":"03","NOMBRE_DISTRITO":"RETIRO","MINTBARRIO":"035","NOMBRE_BARRIO":"LOS JERONIMOS","OBJECTID":9765235}},{"type":"Feature","id":9801187,"geometry":{"type":"Point","coordinates":[-3.6872642999240735,40.413878616023112]},"properties":{"ESA_ESPECIE":"CSI","NOMBRE_COMUN":"Árbol del amor","NOMBRE_ESPECIE":"Cercis siliquastrum","ALTURA":"18","MINTDISTRITO":"03","NOMBRE_DISTRITO":"RETIRO","MINTBARRIO":"035","NOMBRE_BARRIO":"LOS JERONIMOS","OBJECTID":9801187}},{"type":"Feature","id":9764608,"geometry":{"type":"Point","coordinates":[-3.6872823977020044,40.41437033059038]},"properties":{"ESA_ESPECIE":"AHI","NOMBRE_COMUN":"Castaño de indias","NOMBRE_ESPECIE":"Aesculus hippocastanum","ALTURA":"2,5","MINTDISTRITO":"03","NOMBRE_DISTRITO":"RETIRO","MINTBARRIO":"035","NOMBRE_BARRIO":"LOS JERONIMOS","OBJECTID":9764608}},{"type":"Feature","id":9803738,"geometry":{"type":"Point","coordinates":[-3.6876227251502849,40.412394126303077]},"properties":{"ESA_ESPECIE":"PDA","NOMBRE_COMUN":"Plátano de sombra/Platanus x hybrida","NOMBRE_ESPECIE":"Platanus x hispanica","ALTURA":"11","MINTDISTRITO":"03","NOMBRE_DISTRITO":"RETIRO","MINTBARRIO":"035","NOMBRE_BARRIO":"LOS JERONIMOS","OBJECTID":9803738}},{"type":"Feature","id":9771094,"geometry":{"type":"Point","coordinates":[-3.6877941386822948,40.413096290389099]},"properties":{"ESA_ESPECIE":"UPU","NOMBRE_COMUN":"Olmo de Siberia","NOMBRE_ESPECIE":"Ulmus pumila","ALTURA":"14","MINTDISTRITO":"03","NOMBRE_DISTRITO":"RETIRO","MINTBARRIO":"035","NOMBRE_BARRIO":"LOS JERONIMOS","OBJECTID":9771094}},{"type":"Feature","id":9803062,"geometry":{"type":"Point","coordinates":[-3.6856998362146105,40.412962558113549]},"properties":{"ESA_ESPECIE":"CSE","NOMBRE_COMUN":"Ciprés común","NOMBRE_ESPECIE":"Cupressus sempervirens","ALTURA":"3,5","MINTDISTRITO":"03","NOMBRE_DISTRITO":"RETIRO","MINTBARRIO":"035","NOMBRE_BARRIO":"LOS JERONIMOS","OBJECTID":9803062}},{"type":"Feature","id":9770891,"geometry":{"type":"Point","coordinates":[-3.6860291488595376,40.413089389018481]},"properties":{"ESA_ESPECIE":"AHI","NOMBRE_COMUN":"Castaño de indias","NOMBRE_ESPECIE":"Aesculus hippocastanum","ALTURA":"14","MINTDISTRITO":"03","NOMBRE_DISTRITO":"RETIRO","MINTBARRIO":"035","NOMBRE_BARRIO":"LOS JERONIMOS","OBJECTID":9770891}},{"type":"Feature","id":9814515,"geometry":{"type":"Point","coordinates":[-3.6856495559574438,40.413384083608378]},"properties":{"ESA_ESPECIE":"UMI","NOMBRE_COMUN":"Olmo común","NOMBRE_ESPECIE":"Ulmus minor","ALTURA":"1,75","MINTDISTRITO":"03","NOMBRE_DISTRITO":"RETIRO","MINTBARRIO":"035","NOMBRE_BARRIO":"LOS JERONIMOS","OBJECTID":9814515}},{"type":"Feature","id":9802527,"geometry":{"type":"Point","coordinates":[-3.6866894884407202,40.413772193049198]},"properties":{"ESA_ESPECIE":"AHI","NOMBRE_COMUN":"Castaño de indias","NOMBRE_ESPECIE":"Aesculus hippocastanum","ALTURA":"12,5","MINTDISTRITO":"03","NOMBRE_DISTRITO":"RETIRO","MINTBARRIO":"035","NOMBRE_BARRIO":"LOS JERONIMOS","OBJECTID":9802527}},{"type":"Feature","id":9805183,"geometry":{"type":"Point","coordinates":[-3.6850823272102229,40.411682896837895]},"properties":{"ESA_ESPECIE":"CDE","NOMBRE_COMUN":"Cedro llorón","NOMBRE_ESPECIE":"Cedrus deodara","ALTURA":"28","MINTDISTRITO":"03","NOMBRE_DISTRITO":"RETIRO","MINTBARRIO":"035","NOMBRE_BARRIO":"LOS JERONIMOS","OBJECTID":9805183}},{"type":"Feature","id":9800406,"geometry":{"type":"Point","coordinates":[-3.6864272561311768,40.411277674595098]},"properties":{"ESA_ESPECIE":"AHI","NOMBRE_COMUN":"Castaño de indias","NOMBRE_ESPECIE":"Aesculus hippocastanum","ALTURA":"13","MINTDISTRITO":"03","NOMBRE_DISTRITO":"RETIRO","MINTBARRIO":"035","NOMBRE_BARRIO":"LOS JERONIMOS","OBJECTID":9800406}},{"type":"Feature","id":9783094,"geometry":{"type":"Point","coordinates":[-3.6860986239136544,40.41135977876494]},"properties":{"ESA_ESPECIE":"TFO","NOMBRE_COMUN":"Palma de Fortune","NOMBRE_ESPECIE":"Trachycarpus fortunei","ALTURA":"6,5","MINTDISTRITO":"03","NOMBRE_DISTRITO":"RETIRO","MINTBARRIO":"035","NOMBRE_BARRIO":"LOS JERONIMOS","OBJECTID":9783094}},{"type":"Feature","id":9755903,"geometry":{"type":"Point","coordinates":[-3.6876276069430323,40.409780957455723]},"properties":{"ESA_ESPECIE":"ADE","NOMBRE_COMUN":"Mimosa plateada","NOMBRE_ESPECIE":"Acacia dealbata","ALTURA":"4,5","MINTDISTRITO":"03","NOMBRE_DISTRITO":"RETIRO","MINTBARRIO":"035","NOMBRE_BARRIO":"LOS JERONIMOS","OBJECTID":9755903}},{"type":"Feature","id":9770559,"geometry":{"type":"Point","coordinates":[-3.6871775367427375,40.411964275426719]},"properties":{"ESA_ESPECIE":"CSE","NOMBRE_COMUN":"Ciprés común","NOMBRE_ESPECIE":"Cupressus sempervirens","ALTURA":"4","MINTDISTRITO":"03","NOMBRE_DISTRITO":"RETIRO","MINTBARRIO":"035","NOMBRE_BARRIO":"LOS JERONIMOS","OBJECTID":9770559}},{"type":"Feature","id":9802859,"geometry":{"type":"Point","coordinates":[-3.6873713530667867,40.412100313217017]},"properties":{"ESA_ESPECIE":"CSE","NOMBRE_COMUN":"Ciprés común","NOMBRE_ESPECIE":"Cupressus sempervirens","ALTURA":"4,5","MINTDISTRITO":"03","NOMBRE_DISTRITO":"RETIRO","MINTBARRIO":"035","NOMBRE_BARRIO":"LOS JERONIMOS","OBJECTID":9802859}},{"type":"Feature","id":9769766,"geometry":{"type":"Point","coordinates":[-3.6839562566801676,40.410006068076093]},"properties":{"ESA_ESPECIE":"CAU","NOMBRE_COMUN":"Almez","NOMBRE_ESPECIE":"Celtis australis","ALTURA":"7","MINTDISTRITO":"03","NOMBRE_DISTRITO":"RETIRO","MINTBARRIO":"035","NOMBRE_BARRIO":"LOS JERONIMOS","OBJECTID":9769766}},{"type":"Feature","id":9773393,"geometry":{"type":"Point","coordinates":[-3.6841814442249166,40.411683843918617]},"properties":{"ESA_ESPECIE":"QIL","NOMBRE_COMUN":"Encina","NOMBRE_ESPECIE":"Quercus ilex","ALTURA":"13","MINTDISTRITO":"03","NOMBRE_DISTRITO":"RETIRO","MINTBARRIO":"035","NOMBRE_BARRIO":"LOS JERONIMOS","OBJECTID":9773393}},{"type":"Feature","id":9775754,"geometry":{"type":"Point","coordinates":[-3.6839042453914992,40.411451969165412]},"properties":{"ESA_ESPECIE":"UPU","NOMBRE_COMUN":"Olmo de Siberia","NOMBRE_ESPECIE":"Ulmus pumila","ALTURA":"11","MINTDISTRITO":"03","NOMBRE_DISTRITO":"RETIRO","MINTBARRIO":"035","NOMBRE_BARRIO":"LOS JERONIMOS","OBJECTID":9775754}},{"type":"Feature","id":9773215,"geometry":{"type":"Point","coordinates":[-3.683800160558214,40.411322494009255]},"properties":{"ESA_ESPECIE":"PCP","NOMBRE_COMUN":"Ciruelo púrpura","NOMBRE_ESPECIE":"Prunus cerasifera  subsp. pissardii","ALTURA":"11","MINTDISTRITO":"03","NOMBRE_DISTRITO":"RETIRO","MINTBARRIO":"035","NOMBRE_BARRIO":"LOS JERONIMOS","OBJECTID":9773215}},{"type":"Feature","id":9773061,"geometry":{"type":"Point","coordinates":[-3.6835913131821738,40.412334725281241]},"properties":{"ESA_ESPECIE":"TIT","NOMBRE_COMUN":"Tilo plateado","NOMBRE_ESPECIE":"Tilia tomentosa","ALTURA":"6,5","MINTDISTRITO":"03","NOMBRE_DISTRITO":"RETIRO","MINTBARRIO":"035","NOMBRE_BARRIO":"LOS JERONIMOS","OBJECTID":9773061}},{"type":"Feature","id":9806689,"geometry":{"type":"Point","coordinates":[-3.6846386381712555,40.41239441152895]},"properties":{"ESA_ESPECIE":"CSI","NOMBRE_COMUN":"Árbol del amor","NOMBRE_ESPECIE":"Cercis siliquastrum","ALTURA":"7,5","MINTDISTRITO":"03","NOMBRE_DISTRITO":"RETIRO","MINTBARRIO":"035","NOMBRE_BARRIO":"LOS JERONIMOS","OBJECTID":9806689}},{"type":"Feature","id":9807035,"geometry":{"type":"Point","coordinates":[-3.6882576409751167,40.417605777651744]},"properties":{"ESA_ESPECIE":"PHA","NOMBRE_COMUN":"Pino carrasco","NOMBRE_ESPECIE":"Pinus halepensis","ALTURA":"15","MINTDISTRITO":"03","NOMBRE_DISTRITO":"RETIRO","MINTBARRIO":"035","NOMBRE_BARRIO":"LOS JERONIMOS","OBJECTID":9807035}},{"type":"Feature","id":9807296,"geometry":{"type":"Point","coordinates":[-3.688281486624911,40.417199823207881]},"properties":{"ESA_ESPECIE":"AHI","NOMBRE_COMUN":"Castaño de indias","NOMBRE_ESPECIE":"Aesculus hippocastanum","ALTURA":"12","MINTDISTRITO":"03","NOMBRE_DISTRITO":"RETIRO","MINTBARRIO":"035","NOMBRE_BARRIO":"LOS JERONIMOS","OBJECTID":9807296}},{"type":"Feature","id":9782739,"geometry":{"type":"Point","coordinates":[-3.6880407114976399,40.417014570860509]},"properties":{"ESA_ESPECIE":"PNI","NOMBRE_COMUN":"Chopo negro","NOMBRE_ESPECIE":"Populus nigra","ALTURA":"3,5","MINTDISTRITO":"03","NOMBRE_DISTRITO":"RETIRO","MINTBARRIO":"035","NOMBRE_BARRIO":"LOS JERONIMOS","OBJECTID":9782739}},{"type":"Feature","id":9814609,"geometry":{"type":"Point","coordinates":[-3.6883187026125221,40.416049416560568]},"properties":{"ESA_ESPECIE":"UMI","NOMBRE_COMUN":"Olmo común","NOMBRE_ESPECIE":"Ulmus minor","ALTURA":"1,75","MINTDISTRITO":"03","NOMBRE_DISTRITO":"RETIRO","MINTBARRIO":"035","NOMBRE_BARRIO":"LOS JERONIMOS","OBJECTID":9814609}},{"type":"Feature","id":9900778,"geometry":{"type":"Point","coordinates":[-3.6887053622314419,40.416181601030758]},"properties":{"ESA_ESPECIE":"ULA","NOMBRE_COMUN":"Olmo de Los Llanillos","NOMBRE_ESPECIE":"Ulmus laevis","ALTURA":"4","MINTDISTRITO":"03","NOMBRE_DISTRITO":"RETIRO","MINTBARRIO":"035","NOMBRE_BARRIO":"LOS JERONIMOS","OBJECTID":9900778}},{"type":"Feature","id":9803546,"geometry":{"type":"Point","coordinates":[-3.6881802195787587,40.413253264070214]},"properties":{"ESA_ESPECIE":"AHI","NOMBRE_COMUN":"Castaño de indias","NOMBRE_ESPECIE":"Aesculus hippocastanum","ALTURA":"12","MINTDISTRITO":"03","NOMBRE_DISTRITO":"RETIRO","MINTBARRIO":"035","NOMBRE_BARRIO":"LOS JERONIMOS","OBJECTID":9803546}},{"type":"Feature","id":9801625,"geometry":{"type":"Point","coordinates":[-3.6783711140455613,40.411224501296708]},"properties":{"ESA_ESPECIE":"CAT","NOMBRE_COMUN":"Cedro del Atlas","NOMBRE_ESPECIE":"Cedrus atlantica","ALTURA":"8,5","MINTDISTRITO":"03","NOMBRE_DISTRITO":"RETIRO","MINTBARRIO":"035","NOMBRE_BARRIO":"LOS JERONIMOS","OBJECTID":9801625}},{"type":"Feature","id":9769079,"geometry":{"type":"Point","coordinates":[-3.6785202331155054,40.412497930478196]},"properties":{"ESA_ESPECIE":"PPI","NOMBRE_COMUN":"Pino piñonero","NOMBRE_ESPECIE":"Pinus pinea","ALTURA":"23","MINTDISTRITO":"03","NOMBRE_DISTRITO":"RETIRO","MINTBARRIO":"035","NOMBRE_BARRIO":"LOS JERONIMOS","OBJECTID":9769079}},{"type":"Feature","id":9799218,"geometry":{"type":"Point","coordinates":[-3.678268481574738,40.416052443433642]},"properties":{"ESA_ESPECIE":"PCP","NOMBRE_COMUN":"Ciruelo púrpura","NOMBRE_ESPECIE":"Prunus cerasifera  subsp. pissardii","ALTURA":"4","MINTDISTRITO":"03","NOMBRE_DISTRITO":"RETIRO","MINTBARRIO":"035","NOMBRE_BARRIO":"LOS JERONIMOS","OBJECTID":9799218}},{"type":"Feature","id":9812949,"geometry":{"type":"Point","coordinates":[-3.6778963040162376,40.410526912850543]},"properties":{"ESA_ESPECIE":"JVI","NOMBRE_COMUN":"Sabina de Virginia","NOMBRE_ESPECIE":"Juniperus virginiana","ALTURA":"2","MINTDISTRITO":"03","NOMBRE_DISTRITO":"RETIRO","MINTBARRIO":"035","NOMBRE_BARRIO":"LOS JERONIMOS","OBJECTID":9812949}},{"type":"Feature","id":9765922,"geometry":{"type":"Point","coordinates":[-3.6863690955864392,40.418403521396556]},"properties":{"ESA_ESPECIE":"TIP","NOMBRE_COMUN":"Tilo de hojas grandes","NOMBRE_ESPECIE":"Tilia platyphyllos","ALTURA":"5","MINTDISTRITO":"03","NOMBRE_DISTRITO":"RETIRO","MINTBARRIO":"035","NOMBRE_BARRIO":"LOS JERONIMOS","OBJECTID":9765922}},{"type":"Feature","id":9807284,"geometry":{"type":"Point","coordinates":[-3.6864972451383813,40.418797654014618]},"properties":{"ESA_ESPECIE":"CAD","NOMBRE_COMUN":"Cedro blanco","NOMBRE_ESPECIE":"Calocedrus decurrens","ALTURA":"4,5","MINTDISTRITO":"03","NOMBRE_DISTRITO":"RETIRO","MINTBARRIO":"035","NOMBRE_BARRIO":"LOS JERONIMOS","OBJECTID":9807284}},{"type":"Feature","id":9776656,"geometry":{"type":"Point","coordinates":[-3.6869001201116087,40.418392800072453]},"properties":{"ESA_ESPECIE":"AHI","NOMBRE_COMUN":"Castaño de indias","NOMBRE_ESPECIE":"Aesculus hippocastanum","ALTURA":"20","MINTDISTRITO":"03","NOMBRE_DISTRITO":"RETIRO","MINTBARRIO":"035","NOMBRE_BARRIO":"LOS JERONIMOS","OBJECTID":9776656}},{"type":"Feature","id":9806703,"geometry":{"type":"Point","coordinates":[-3.6868802826355251,40.418145979996673]},"properties":{"ESA_ESPECIE":"CBI","NOMBRE_COMUN":"Catalpa","NOMBRE_ESPECIE":"Catalpa bignonioides","ALTURA":"6","MINTDISTRITO":"03","NOMBRE_DISTRITO":"RETIRO","MINTBARRIO":"035","NOMBRE_BARRIO":"LOS JERONIMOS","OBJECTID":9806703}},{"type":"Feature","id":9751017,"geometry":{"type":"Point","coordinates":[-3.6783388079129344,40.409982224381153]},"properties":{"ESA_ESPECIE":"QIL","NOMBRE_COMUN":"Encina","NOMBRE_ESPECIE":"Quercus ilex","ALTURA":"10.5","MINTDISTRITO":"03","NOMBRE_DISTRITO":"RETIRO","MINTBARRIO":"035","NOMBRE_BARRIO":"LOS JERONIMOS","OBJECTID":9751017}},{"type":"Feature","id":9777984,"geometry":{"type":"Point","coordinates":[-3.6781006152304547,40.40969470100508]},"properties":{"ESA_ESPECIE":"QIL","NOMBRE_COMUN":"Encina","NOMBRE_ESPECIE":"Quercus ilex","ALTURA":"4","MINTDISTRITO":"03","NOMBRE_DISTRITO":"RETIRO","MINTBARRIO":"035","NOMBRE_BARRIO":"LOS JERONIMOS","OBJECTID":9777984}},{"type":"Feature","id":9781657,"geometry":{"type":"Point","coordinates":[-3.6836571059601382,40.419264998544719]},"properties":{"ESA_ESPECIE":"CAR","NOMBRE_COMUN":"Ciprés de Arizona","NOMBRE_ESPECIE":"Cupressus arizonica","ALTURA":"17","MINTDISTRITO":"03","NOMBRE_DISTRITO":"RETIRO","MINTBARRIO":"035","NOMBRE_BARRIO":"LOS JERONIMOS","OBJECTID":9781657}},{"type":"Feature","id":9776997,"geometry":{"type":"Point","coordinates":[-3.6843617774053516,40.418827314278673]},"properties":{"ESA_ESPECIE":"PDA","NOMBRE_COMUN":"Plátano de sombra/Platanus x hybrida","NOMBRE_ESPECIE":"Platanus x hispanica","ALTURA":"21","MINTDISTRITO":"03","NOMBRE_DISTRITO":"RETIRO","MINTBARRIO":"035","NOMBRE_BARRIO":"LOS JERONIMOS","OBJECTID":9776997}},{"type":"Feature","id":9776988,"geometry":{"type":"Point","coordinates":[-3.6845770229291221,40.418852616658775]},"properties":{"ESA_ESPECIE":"AHI","NOMBRE_COMUN":"Castaño de indias","NOMBRE_ESPECIE":"Aesculus hippocastanum","ALTURA":"12","MINTDISTRITO":"03","NOMBRE_DISTRITO":"RETIRO","MINTBARRIO":"035","NOMBRE_BARRIO":"LOS JERONIMOS","OBJECTID":9776988}},{"type":"Feature","id":9753439,"geometry":{"type":"Point","coordinates":[-3.6848474415307226,40.418412128691479]},"properties":{"ESA_ESPECIE":"LJA","NOMBRE_COMUN":"Aligustre del Japón","NOMBRE_ESPECIE":"Ligustrum japonicum","ALTURA":null,"MINTDISTRITO":"03","NOMBRE_DISTRITO":"RETIRO","MINTBARRIO":"035","NOMBRE_BARRIO":"LOS JERONIMOS","OBJECTID":9753439}},{"type":"Feature","id":9905263,"geometry":{"type":"Point","coordinates":[-3.6848586283172784,40.418445208507187]},"properties":{"ESA_ESPECIE":"LJA","NOMBRE_COMUN":"Aligustre del Japón","NOMBRE_ESPECIE":"Ligustrum japonicum","ALTURA":"12","MINTDISTRITO":"03","NOMBRE_DISTRITO":"RETIRO","MINTBARRIO":"035","NOMBRE_BARRIO":"LOS JERONIMOS","OBJECTID":9905263}},{"type":"Feature","id":9766669,"geometry":{"type":"Point","coordinates":[-3.684815656699429,40.420340488477613]},"properties":{"ESA_ESPECIE":"AHI","NOMBRE_COMUN":"Castaño de indias","NOMBRE_ESPECIE":"Aesculus hippocastanum","ALTURA":"11","MINTDISTRITO":"03","NOMBRE_DISTRITO":"RETIRO","MINTBARRIO":"035","NOMBRE_BARRIO":"LOS JERONIMOS","OBJECTID":9766669}},{"type":"Feature","id":9906840,"geometry":{"type":"Point","coordinates":[-3.6817501518394788,40.419346763842022]},"properties":{"ESA_ESPECIE":"AHI","NOMBRE_COMUN":"Castaño de indias","NOMBRE_ESPECIE":"Aesculus hippocastanum","ALTURA":"3","MINTDISTRITO":"03","NOMBRE_DISTRITO":"RETIRO","MINTBARRIO":"035","NOMBRE_BARRIO":"LOS JERONIMOS","OBJECTID":9906840}},{"type":"Feature","id":9764594,"geometry":{"type":"Point","coordinates":[-3.6828324489537274,40.420415822398311]},"properties":{"ESA_ESPECIE":"PNI","NOMBRE_COMUN":"Chopo negro","NOMBRE_ESPECIE":"Populus nigra","ALTURA":"5","MINTDISTRITO":"03","NOMBRE_DISTRITO":"RETIRO","MINTBARRIO":"035","NOMBRE_BARRIO":"LOS JERONIMOS","OBJECTID":9764594}},{"type":"Feature","id":9810625,"geometry":{"type":"Point","coordinates":[-3.6833725347276438,40.420463712598227]},"properties":{"ESA_ESPECIE":"MFL","NOMBRE_COMUN":"Manzano japonés","NOMBRE_ESPECIE":"Malus floribunda","ALTURA":"4,5","MINTDISTRITO":"03","NOMBRE_DISTRITO":"RETIRO","MINTBARRIO":"035","NOMBRE_BARRIO":"LOS JERONIMOS","OBJECTID":9810625}},{"type":"Feature","id":9767001,"geometry":{"type":"Point","coordinates":[-3.684184848766868,40.419639145729541]},"properties":{"ESA_ESPECIE":"TFO","NOMBRE_COMUN":"Palma de Fortune","NOMBRE_ESPECIE":"Trachycarpus fortunei","ALTURA":null,"MINTDISTRITO":"03","NOMBRE_DISTRITO":"RETIRO","MINTBARRIO":"035","NOMBRE_BARRIO":"LOS JERONIMOS","OBJECTID":9767001}},{"type":"Feature","id":9811953,"geometry":{"type":"Point","coordinates":[-3.683388870131739,40.41947451312285]},"properties":{"ESA_ESPECIE":"MFL","NOMBRE_COMUN":"Manzano japonés","NOMBRE_ESPECIE":"Malus floribunda","ALTURA":"3","MINTDISTRITO":"03","NOMBRE_DISTRITO":"RETIRO","MINTBARRIO":"035","NOMBRE_BARRIO":"LOS JERONIMOS","OBJECTID":9811953}},{"type":"Feature","id":9811621,"geometry":{"type":"Point","coordinates":[-3.68360589736016,40.41914348103569]},"properties":{"ESA_ESPECIE":"AHI","NOMBRE_COMUN":"Castaño de indias","NOMBRE_ESPECIE":"Aesculus hippocastanum","ALTURA":"10","MINTDISTRITO":"03","NOMBRE_DISTRITO":"RETIRO","MINTBARRIO":"035","NOMBRE_BARRIO":"LOS JERONIMOS","OBJECTID":9811621}},{"type":"Feature","id":9778657,"geometry":{"type":"Point","coordinates":[-3.679443231151506,40.408974832854788]},"properties":{"ESA_ESPECIE":"CEO","NOMBRE_COMUN":"Almez americano","NOMBRE_ESPECIE":"Celtis occidentalis","ALTURA":"11","MINTDISTRITO":"03","NOMBRE_DISTRITO":"RETIRO","MINTBARRIO":"035","NOMBRE_BARRIO":"LOS JERONIMOS","OBJECTID":9778657}},{"type":"Feature","id":9814277,"geometry":{"type":"Point","coordinates":[-3.6795615375660327,40.418638321460733]},"properties":{"ESA_ESPECIE":"APS","NOMBRE_COMUN":"Falso plátano","NOMBRE_ESPECIE":"Acer pseudoplatanus","ALTURA":"5,25","MINTDISTRITO":"03","NOMBRE_DISTRITO":"RETIRO","MINTBARRIO":"035","NOMBRE_BARRIO":"LOS JERONIMOS","OBJECTID":9814277}},{"type":"Feature","id":9768083,"geometry":{"type":"Point","coordinates":[-3.680628370169003,40.419882780768972]},"properties":{"ESA_ESPECIE":"PAR","NOMBRE_COMUN":"Peral de flor 'Chanticleer'","NOMBRE_ESPECIE":"Pyrus calleryana 'Chanticleer'","ALTURA":"8","MINTDISTRITO":"03","NOMBRE_DISTRITO":"RETIRO","MINTBARRIO":"035","NOMBRE_BARRIO":"LOS JERONIMOS","OBJECTID":9768083}},{"type":"Feature","id":9781906,"geometry":{"type":"Point","coordinates":[-3.6818385618185232,40.420447003557619]},"properties":{"ESA_ESPECIE":"CSI","NOMBRE_COMUN":"Árbol del amor","NOMBRE_ESPECIE":"Cercis siliquastrum","ALTURA":"3","MINTDISTRITO":"03","NOMBRE_DISTRITO":"RETIRO","MINTBARRIO":"035","NOMBRE_BARRIO":"LOS JERONIMOS","OBJECTID":9781906}},{"type":"Feature","id":9766423,"geometry":{"type":"Point","coordinates":[-3.6810240620008767,40.419806486381333]},"properties":{"ESA_ESPECIE":"MGR","NOMBRE_COMUN":"Magnolio","NOMBRE_ESPECIE":"Magnolia grandiflora","ALTURA":"10","MINTDISTRITO":"03","NOMBRE_DISTRITO":"RETIRO","MINTBARRIO":"035","NOMBRE_BARRIO":"LOS JERONIMOS","OBJECTID":9766423}},{"type":"Feature","id":9808956,"geometry":{"type":"Point","coordinates":[-3.6816402901540899,40.418558147121146]},"properties":{"ESA_ESPECIE":"CSI","NOMBRE_COMUN":"Árbol del amor","NOMBRE_ESPECIE":"Cercis siliquastrum","ALTURA":"16","MINTDISTRITO":"03","NOMBRE_DISTRITO":"RETIRO","MINTBARRIO":"035","NOMBRE_BARRIO":"LOS JERONIMOS","OBJECTID":9808956}},{"type":"Feature","id":9800297,"geometry":{"type":"Point","coordinates":[-3.6829891806601229,40.410035884006895]},"properties":{"ESA_ESPECIE":"MSY","NOMBRE_COMUN":"Manzano silvestre","NOMBRE_ESPECIE":"Malus sylvestris","ALTURA":"4","MINTDISTRITO":"03","NOMBRE_DISTRITO":"RETIRO","MINTBARRIO":"035","NOMBRE_BARRIO":"LOS JERONIMOS","OBJECTID":9800297}},{"type":"Feature","id":9778325,"geometry":{"type":"Point","coordinates":[-3.6818387999330855,40.409876591728022]},"properties":{"ESA_ESPECIE":"CSI","NOMBRE_COMUN":"Árbol del amor","NOMBRE_ESPECIE":"Cercis siliquastrum","ALTURA":"3","MINTDISTRITO":"03","NOMBRE_DISTRITO":"RETIRO","MINTBARRIO":"035","NOMBRE_BARRIO":"LOS JERONIMOS","OBJECTID":9778325}},{"type":"Feature","id":9767250,"geometry":{"type":"Point","coordinates":[-3.6818450518033248,40.409752645150235]},"properties":{"ESA_ESPECIE":"TFO","NOMBRE_COMUN":"Palma de Fortune","NOMBRE_ESPECIE":"Trachycarpus fortunei","ALTURA":null,"MINTDISTRITO":"03","NOMBRE_DISTRITO":"RETIRO","MINTBARRIO":"035","NOMBRE_BARRIO":"LOS JERONIMOS","OBJECTID":9767250}},{"type":"Feature","id":9782407,"geometry":{"type":"Point","coordinates":[-3.681214436170634,40.408881797824392]},"properties":{"ESA_ESPECIE":"LJA","NOMBRE_COMUN":"Aligustre del Japón","NOMBRE_ESPECIE":"Ligustrum japonicum","ALTURA":"2,5","MINTDISTRITO":"03","NOMBRE_DISTRITO":"RETIRO","MINTBARRIO":"035","NOMBRE_BARRIO":"LOS JERONIMOS","OBJECTID":9782407}},{"type":"Feature","id":9778316,"geometry":{"type":"Point","coordinates":[-3.6818429093559106,40.409632151695845]},"properties":{"ESA_ESPECIE":"CSI","NOMBRE_COMUN":"Árbol del amor","NOMBRE_ESPECIE":"Cercis siliquastrum","ALTURA":"5","MINTDISTRITO":"03","NOMBRE_DISTRITO":"RETIRO","MINTBARRIO":"035","NOMBRE_BARRIO":"LOS JERONIMOS","OBJECTID":9778316}},{"type":"Feature","id":9898857,"geometry":{"type":"Point","coordinates":[-3.68228579257184,40.409108094651373]},"properties":{"ESA_ESPECIE":"AAL","NOMBRE_COMUN":"Ailanto","NOMBRE_ESPECIE":"Ailanthus altissima","ALTURA":"7,5","MINTDISTRITO":"03","NOMBRE_DISTRITO":"RETIRO","MINTBARRIO":"035","NOMBRE_BARRIO":"LOS JERONIMOS","OBJECTID":9898857}},{"type":"Feature","id":9801379,"geometry":{"type":"Point","coordinates":[-3.6813433807424847,40.411082140545396]},"properties":{"ESA_ESPECIE":"PPI","NOMBRE_COMUN":"Pino piñonero","NOMBRE_ESPECIE":"Pinus pinea","ALTURA":"7,5","MINTDISTRITO":"03","NOMBRE_DISTRITO":"RETIRO","MINTBARRIO":"035","NOMBRE_BARRIO":"LOS JERONIMOS","OBJECTID":9801379}},{"type":"Feature","id":9800546,"geometry":{"type":"Point","coordinates":[-3.6812357855027367,40.41139643390747]},"properties":{"ESA_ESPECIE":"AHI","NOMBRE_COMUN":"Castaño de indias","NOMBRE_ESPECIE":"Aesculus hippocastanum","ALTURA":"4,5","MINTDISTRITO":"03","NOMBRE_DISTRITO":"RETIRO","MINTBARRIO":"035","NOMBRE_BARRIO":"LOS JERONIMOS","OBJECTID":9800546}},{"type":"Feature","id":9782902,"geometry":{"type":"Point","coordinates":[-3.6817776470758243,40.411611196103784]},"properties":{"ESA_ESPECIE":"PDA","NOMBRE_COMUN":"Plátano de sombra/Platanus x hybrida","NOMBRE_ESPECIE":"Platanus x hispanica","ALTURA":"3","MINTDISTRITO":"03","NOMBRE_DISTRITO":"RETIRO","MINTBARRIO":"035","NOMBRE_BARRIO":"LOS JERONIMOS","OBJECTID":9782902}},{"type":"Feature","id":9780981,"geometry":{"type":"Point","coordinates":[-3.6819882259964771,40.411433466757416]},"properties":{"ESA_ESPECIE":"AAL","NOMBRE_COMUN":"Ailanto","NOMBRE_ESPECIE":"Ailanthus altissima","ALTURA":"13","MINTDISTRITO":"03","NOMBRE_DISTRITO":"RETIRO","MINTBARRIO":"035","NOMBRE_BARRIO":"LOS JERONIMOS","OBJECTID":9780981}},{"type":"Feature","id":9811612,"geometry":{"type":"Point","coordinates":[-3.6819895843575936,40.412253318945297]},"properties":{"ESA_ESPECIE":"CSE","NOMBRE_COMUN":"Ciprés común","NOMBRE_ESPECIE":"Cupressus sempervirens","ALTURA":"22","MINTDISTRITO":"03","NOMBRE_DISTRITO":"RETIRO","MINTBARRIO":"035","NOMBRE_BARRIO":"LOS JERONIMOS","OBJECTID":9811612}},{"type":"Feature","id":9781574,"geometry":{"type":"Point","coordinates":[-3.682719478731693,40.41191509965374]},"properties":{"ESA_ESPECIE":"GTR","NOMBRE_COMUN":"Acacia de tres espinas","NOMBRE_ESPECIE":"Gleditsia triacanthos","ALTURA":"20","MINTDISTRITO":"03","NOMBRE_DISTRITO":"RETIRO","MINTBARRIO":"035","NOMBRE_BARRIO":"LOS JERONIMOS","OBJECTID":9781574}},{"type":"Feature","id":9768329,"geometry":{"type":"Point","coordinates":[-3.67948923002825,40.410546193177602]},"properties":{"ESA_ESPECIE":"PHA","NOMBRE_COMUN":"Pino carrasco","NOMBRE_ESPECIE":"Pinus halepensis","ALTURA":"14","MINTDISTRITO":"03","NOMBRE_DISTRITO":"RETIRO","MINTBARRIO":"035","NOMBRE_BARRIO":"LOS JERONIMOS","OBJECTID":9768329}},{"type":"Feature","id":9813281,"geometry":{"type":"Point","coordinates":[-3.6808194087547479,40.40970418334205]},"properties":{"ESA_ESPECIE":"FEX","NOMBRE_COMUN":"Fresno común","NOMBRE_ESPECIE":"Fraxinus excelsior","ALTURA":"13","MINTDISTRITO":"03","NOMBRE_DISTRITO":"RETIRO","MINTBARRIO":"035","NOMBRE_BARRIO":"LOS JERONIMOS","OBJECTID":9813281}},{"type":"Feature","id":9764997,"geometry":{"type":"Point","coordinates":[-3.6797616521586218,40.411066576743309]},"properties":{"ESA_ESPECIE":"PPI","NOMBRE_COMUN":"Pino piñonero","NOMBRE_ESPECIE":"Pinus pinea","ALTURA":"6","MINTDISTRITO":"03","NOMBRE_DISTRITO":"RETIRO","MINTBARRIO":"035","NOMBRE_BARRIO":"LOS JERONIMOS","OBJECTID":9764997}},{"type":"Feature","id":9765341,"geometry":{"type":"Point","coordinates":[-3.6798904556996033,40.411586002421814]},"properties":{"ESA_ESPECIE":"AHI","NOMBRE_COMUN":"Castaño de indias","NOMBRE_ESPECIE":"Aesculus hippocastanum","ALTURA":"4,5","MINTDISTRITO":"03","NOMBRE_DISTRITO":"RETIRO","MINTBARRIO":"035","NOMBRE_BARRIO":"LOS JERONIMOS","OBJECTID":9765341}},{"type":"Feature","id":9814953,"geometry":{"type":"Point","coordinates":[-3.6800248128827602,40.411525896635041]},"properties":{"ESA_ESPECIE":"AHI","NOMBRE_COMUN":"Castaño de indias","NOMBRE_ESPECIE":"Aesculus hippocastanum","ALTURA":"1,5","MINTDISTRITO":"03","NOMBRE_DISTRITO":"RETIRO","MINTBARRIO":"035","NOMBRE_BARRIO":"LOS JERONIMOS","OBJECTID":9814953}},{"type":"Feature","id":9765329,"geometry":{"type":"Point","coordinates":[-3.6801027190323574,40.41153763666437]},"properties":{"ESA_ESPECIE":"AHI","NOMBRE_COMUN":"Castaño de indias","NOMBRE_ESPECIE":"Aesculus hippocastanum","ALTURA":"4","MINTDISTRITO":"03","NOMBRE_DISTRITO":"RETIRO","MINTBARRIO":"035","NOMBRE_BARRIO":"LOS JERONIMOS","OBJECTID":9765329}},{"type":"Feature","id":9769325,"geometry":{"type":"Point","coordinates":[-3.6791955552847102,40.414246406759013]},"properties":{"ESA_ESPECIE":"AHI","NOMBRE_COMUN":"Castaño de indias","NOMBRE_ESPECIE":"Aesculus hippocastanum","ALTURA":"11","MINTDISTRITO":"03","NOMBRE_DISTRITO":"RETIRO","MINTBARRIO":"035","NOMBRE_BARRIO":"LOS JERONIMOS","OBJECTID":9769325}},{"type":"Feature","id":9782985,"geometry":{"type":"Point","coordinates":[-3.6791705465178577,40.414139369350579]},"properties":{"ESA_ESPECIE":"AHI","NOMBRE_COMUN":"Castaño de indias","NOMBRE_ESPECIE":"Aesculus hippocastanum","ALTURA":"2","MINTDISTRITO":"03","NOMBRE_DISTRITO":"RETIRO","MINTBARRIO":"035","NOMBRE_BARRIO":"LOS JERONIMOS","OBJECTID":9782985}},{"type":"Feature","id":9810293,"geometry":{"type":"Point","coordinates":[-3.6801643080809638,40.414547848445565]},"properties":{"ESA_ESPECIE":"CSI","NOMBRE_COMUN":"Árbol del amor","NOMBRE_ESPECIE":"Cercis siliquastrum","ALTURA":"9,5","MINTDISTRITO":"03","NOMBRE_DISTRITO":"RETIRO","MINTBARRIO":"035","NOMBRE_BARRIO":"LOS JERONIMOS","OBJECTID":9810293}},{"type":"Feature","id":9809952,"geometry":{"type":"Point","coordinates":[-3.6799820987572911,40.413861673558976]},"properties":{"ESA_ESPECIE":"FAN","NOMBRE_COMUN":"Fresno de la tierra","NOMBRE_ESPECIE":"Fraxinus angustifolia","ALTURA":"11,5","MINTDISTRITO":"03","NOMBRE_DISTRITO":"RETIRO","MINTBARRIO":"035","NOMBRE_BARRIO":"LOS JERONIMOS","OBJECTID":9809952}},{"type":"Feature","id":9801886,"geometry":{"type":"Point","coordinates":[-3.6792777711425986,40.413776885365699]},"properties":{"ESA_ESPECIE":"PDA","NOMBRE_COMUN":"Plátano de sombra/Platanus x hybrida","NOMBRE_ESPECIE":"Platanus x hispanica","ALTURA":"14","MINTDISTRITO":"03","NOMBRE_DISTRITO":"RETIRO","MINTBARRIO":"035","NOMBRE_BARRIO":"LOS JERONIMOS","OBJECTID":9801886}},{"type":"Feature","id":9800214,"geometry":{"type":"Point","coordinates":[-3.6788665377879353,40.410951141521664]},"properties":{"ESA_ESPECIE":"PPI","NOMBRE_COMUN":"Pino piñonero","NOMBRE_ESPECIE":"Pinus pinea","ALTURA":"4","MINTDISTRITO":"03","NOMBRE_DISTRITO":"RETIRO","MINTBARRIO":"035","NOMBRE_BARRIO":"LOS JERONIMOS","OBJECTID":9800214}},{"type":"Feature","id":9810284,"geometry":{"type":"Point","coordinates":[-3.6802636145649492,40.416096658962744]},"properties":{"ESA_ESPECIE":"PDA","NOMBRE_COMUN":"Plátano de sombra/Platanus x hybrida","NOMBRE_ESPECIE":"Platanus x hispanica","ALTURA":"14","MINTDISTRITO":"03","NOMBRE_DISTRITO":"RETIRO","MINTBARRIO":"035","NOMBRE_BARRIO":"LOS JERONIMOS","OBJECTID":9810284}},{"type":"Feature","id":9799719,"geometry":{"type":"Point","coordinates":[-3.6799412296786822,40.417099821170012]},"properties":{"ESA_ESPECIE":"PDA","NOMBRE_COMUN":"Plátano de sombra/Platanus x hybrida","NOMBRE_ESPECIE":"Platanus x hispanica","ALTURA":"24","MINTDISTRITO":"03","NOMBRE_DISTRITO":"RETIRO","MINTBARRIO":"035","NOMBRE_BARRIO":"LOS JERONIMOS","OBJECTID":9799719}},{"type":"Feature","id":9782653,"geometry":{"type":"Point","coordinates":[-3.6789826392863416,40.417708484380164]},"properties":{"ESA_ESPECIE":"AMO","NOMBRE_COMUN":"Arce de Montpellier","NOMBRE_ESPECIE":"Acer monspessulanum","ALTURA":"4","MINTDISTRITO":"03","NOMBRE_DISTRITO":"RETIRO","MINTBARRIO":"035","NOMBRE_BARRIO":"LOS JERONIMOS","OBJECTID":9782653}},{"type":"Feature","id":9800051,"geometry":{"type":"Point","coordinates":[-3.678730680518544,40.417522287286872]},"properties":{"ESA_ESPECIE":"AHI","NOMBRE_COMUN":"Castaño de indias","NOMBRE_ESPECIE":"Aesculus hippocastanum","ALTURA":"5","MINTDISTRITO":"03","NOMBRE_DISTRITO":"RETIRO","MINTBARRIO":"035","NOMBRE_BARRIO":"LOS JERONIMOS","OBJECTID":9800051}},{"type":"Feature","id":9799965,"geometry":{"type":"Point","coordinates":[-3.6790448641832607,40.417009800507579]},"properties":{"ESA_ESPECIE":"AHI","NOMBRE_COMUN":"Castaño de indias","NOMBRE_ESPECIE":"Aesculus hippocastanum","ALTURA":"12","MINTDISTRITO":"03","NOMBRE_DISTRITO":"RETIRO","MINTBARRIO":"035","NOMBRE_BARRIO":"LOS JERONIMOS","OBJECTID":9799965}},{"type":"Feature","id":9766755,"geometry":{"type":"Point","coordinates":[-3.6790249133205735,40.416807421269077]},"properties":{"ESA_ESPECIE":"CDE","NOMBRE_COMUN":"Cedro llorón","NOMBRE_ESPECIE":"Cedrus deodara","ALTURA":"18","MINTDISTRITO":"03","NOMBRE_DISTRITO":"RETIRO","MINTBARRIO":"035","NOMBRE_BARRIO":"LOS JERONIMOS","OBJECTID":9766755}},{"type":"Feature","id":9781313,"geometry":{"type":"Point","coordinates":[-3.6810184123154621,40.413170813879447]},"properties":{"ESA_ESPECIE":"PAL","NOMBRE_COMUN":"Álamo blanco","NOMBRE_ESPECIE":"Populus alba","ALTURA":"8","MINTDISTRITO":"03","NOMBRE_DISTRITO":"RETIRO","MINTBARRIO":"035","NOMBRE_BARRIO":"LOS JERONIMOS","OBJECTID":9781313}},{"type":"Feature","id":9779985,"geometry":{"type":"Point","coordinates":[-3.6823968673051004,40.415615761252454]},"properties":{"ESA_ESPECIE":"CSE","NOMBRE_COMUN":"Ciprés común","NOMBRE_ESPECIE":"Cupressus sempervirens","ALTURA":"11","MINTDISTRITO":"03","NOMBRE_DISTRITO":"RETIRO","MINTBARRIO":"035","NOMBRE_BARRIO":"LOS JERONIMOS","OBJECTID":9779985}},{"type":"Feature","id":9808624,"geometry":{"type":"Point","coordinates":[-3.6828807872713885,40.4178753645227]},"properties":{"ESA_ESPECIE":"CAU","NOMBRE_COMUN":"Almez","NOMBRE_ESPECIE":"Celtis australis","ALTURA":"9,5","MINTDISTRITO":"03","NOMBRE_DISTRITO":"RETIRO","MINTBARRIO":"035","NOMBRE_BARRIO":"LOS JERONIMOS","OBJECTID":9808624}},{"type":"Feature","id":9779653,"geometry":{"type":"Point","coordinates":[-3.6825709725216127,40.417241948039546]},"properties":{"ESA_ESPECIE":"PDA","NOMBRE_COMUN":"Plátano de sombra/Platanus x hybrida","NOMBRE_ESPECIE":"Platanus x hispanica","ALTURA":"20","MINTDISTRITO":"03","NOMBRE_DISTRITO":"RETIRO","MINTBARRIO":"035","NOMBRE_BARRIO":"LOS JERONIMOS","OBJECTID":9779653}},{"type":"Feature","id":9814621,"geometry":{"type":"Point","coordinates":[-3.682604725040604,40.417071117391728]},"properties":{"ESA_ESPECIE":"CSI","NOMBRE_COMUN":"Árbol del amor","NOMBRE_ESPECIE":"Cercis siliquastrum","ALTURA":"1,5","MINTDISTRITO":"03","NOMBRE_DISTRITO":"RETIRO","MINTBARRIO":"035","NOMBRE_BARRIO":"LOS JERONIMOS","OBJECTID":9814621}},{"type":"Feature","id":9783234,"geometry":{"type":"Point","coordinates":[-3.6815117566206328,40.417307746351597]},"properties":{"ESA_ESPECIE":"TFO","NOMBRE_COMUN":"Palma de Fortune","NOMBRE_ESPECIE":"Trachycarpus fortunei","ALTURA":"8","MINTDISTRITO":"03","NOMBRE_DISTRITO":"RETIRO","MINTBARRIO":"035","NOMBRE_BARRIO":"LOS JERONIMOS","OBJECTID":9783234}},{"type":"Feature","id":9804542,"geometry":{"type":"Point","coordinates":[-3.6847610709175806,40.41365804415792]},"properties":{"ESA_ESPECIE":"ACA","NOMBRE_COMUN":"Arce campestre","NOMBRE_ESPECIE":"Acer campestre","ALTURA":"7","MINTDISTRITO":"03","NOMBRE_DISTRITO":"RETIRO","MINTBARRIO":"035","NOMBRE_BARRIO":"LOS JERONIMOS","OBJECTID":9804542}},{"type":"Feature","id":9752013,"geometry":{"type":"Point","coordinates":[-3.6849307586403484,40.41257418139606]},"properties":{"ESA_ESPECIE":"CSI","NOMBRE_COMUN":"Árbol del amor","NOMBRE_ESPECIE":"Cercis siliquastrum","ALTURA":"5.5","MINTDISTRITO":"03","NOMBRE_DISTRITO":"RETIRO","MINTBARRIO":"035","NOMBRE_BARRIO":"LOS JERONIMOS","OBJECTID":9752013}},{"type":"Feature","id":9773407,"geometry":{"type":"Point","coordinates":[-3.6841423332512377,40.412494530003634]},"properties":{"ESA_ESPECIE":"PPI","NOMBRE_COMUN":"Pino piñonero","NOMBRE_ESPECIE":"Pinus pinea","ALTURA":"22","MINTDISTRITO":"03","NOMBRE_DISTRITO":"RETIRO","MINTBARRIO":"035","NOMBRE_BARRIO":"LOS JERONIMOS","OBJECTID":9773407}},{"type":"Feature","id":9773656,"geometry":{"type":"Point","coordinates":[-3.6838769873127233,40.41266889347834]},"properties":{"ESA_ESPECIE":"AHI","NOMBRE_COMUN":"Castaño de indias","NOMBRE_ESPECIE":"Aesculus hippocastanum","ALTURA":"15","MINTDISTRITO":"03","NOMBRE_DISTRITO":"RETIRO","MINTBARRIO":"035","NOMBRE_BARRIO":"LOS JERONIMOS","OBJECTID":9773656}},{"type":"Feature","id":9805375,"geometry":{"type":"Point","coordinates":[-3.6838330653967195,40.413472787934424]},"properties":{"ESA_ESPECIE":"AHI","NOMBRE_COMUN":"Castaño de indias","NOMBRE_ESPECIE":"Aesculus hippocastanum","ALTURA":"28","MINTDISTRITO":"03","NOMBRE_DISTRITO":"RETIRO","MINTBARRIO":"035","NOMBRE_BARRIO":"LOS JERONIMOS","OBJECTID":9805375}},{"type":"Feature","id":9781325,"geometry":{"type":"Point","coordinates":[-3.6820032794351141,40.412443563479471]},"properties":{"ESA_ESPECIE":"PAB","NOMBRE_COMUN":"Álamo\u00A0plateado","NOMBRE_ESPECIE":"Populus alba 'Bolleana'","ALTURA":"22","MINTDISTRITO":"03","NOMBRE_DISTRITO":"RETIRO","MINTBARRIO":"035","NOMBRE_BARRIO":"LOS JERONIMOS","OBJECTID":9781325}},{"type":"Feature","id":9805624,"geometry":{"type":"Point","coordinates":[-3.6852829133028555,40.415052040053759]},"properties":{"ESA_ESPECIE":"AHI","NOMBRE_COMUN":"Castaño de indias","NOMBRE_ESPECIE":"Aesculus hippocastanum","ALTURA":"5,5","MINTDISTRITO":"03","NOMBRE_DISTRITO":"RETIRO","MINTBARRIO":"035","NOMBRE_BARRIO":"LOS JERONIMOS","OBJECTID":9805624}},{"type":"Feature","id":9772906,"geometry":{"type":"Point","coordinates":[-3.685266208032695,40.415109778973907]},"properties":{"ESA_ESPECIE":"RPS","NOMBRE_COMUN":"Falsa acacia","NOMBRE_ESPECIE":"Robinia pseudoacacia","ALTURA":"16","MINTDISTRITO":"03","NOMBRE_DISTRITO":"RETIRO","MINTBARRIO":"035","NOMBRE_BARRIO":"LOS JERONIMOS","OBJECTID":9772906}},{"type":"Feature","id":9772574,"geometry":{"type":"Point","coordinates":[-3.68538547302578,40.414595916479001]},"properties":{"ESA_ESPECIE":"AHI","NOMBRE_COMUN":"Castaño de indias","NOMBRE_ESPECIE":"Aesculus hippocastanum","ALTURA":"6,5","MINTDISTRITO":"03","NOMBRE_DISTRITO":"RETIRO","MINTBARRIO":"035","NOMBRE_BARRIO":"LOS JERONIMOS","OBJECTID":9772574}},{"type":"Feature","id":9772411,"geometry":{"type":"Point","coordinates":[-3.6844977448647098,40.414285588447136]},"properties":{"ESA_ESPECIE":"AHI","NOMBRE_COMUN":"Castaño de indias","NOMBRE_ESPECIE":"Aesculus hippocastanum","ALTURA":"14","MINTDISTRITO":"03","NOMBRE_DISTRITO":"RETIRO","MINTBARRIO":"035","NOMBRE_BARRIO":"LOS JERONIMOS","OBJECTID":9772411}},{"type":"Feature","id":9772079,"geometry":{"type":"Point","coordinates":[-3.6845830246122686,40.414185983956621]},"properties":{"ESA_ESPECIE":"CAU","NOMBRE_COMUN":"Almez","NOMBRE_ESPECIE":"Celtis australis","ALTURA":"6","MINTDISTRITO":"03","NOMBRE_DISTRITO":"RETIRO","MINTBARRIO":"035","NOMBRE_BARRIO":"LOS JERONIMOS","OBJECTID":9772079}},{"type":"Feature","id":9772328,"geometry":{"type":"Point","coordinates":[-3.6848412317936345,40.413602379911069]},"properties":{"ESA_ESPECIE":"AHI","NOMBRE_COMUN":"Castaño de indias","NOMBRE_ESPECIE":"Aesculus hippocastanum","ALTURA":"13","MINTDISTRITO":"03","NOMBRE_DISTRITO":"RETIRO","MINTBARRIO":"035","NOMBRE_BARRIO":"LOS JERONIMOS","OBJECTID":9772328}},{"type":"Feature","id":9804296,"geometry":{"type":"Point","coordinates":[-3.6850837861036911,40.416311433055128]},"properties":{"ESA_ESPECIE":"AHI","NOMBRE_COMUN":"Castaño de indias","NOMBRE_ESPECIE":"Aesculus hippocastanum","ALTURA":"14","MINTDISTRITO":"03","NOMBRE_DISTRITO":"RETIRO","MINTBARRIO":"035","NOMBRE_BARRIO":"LOS JERONIMOS","OBJECTID":9804296}},{"type":"Feature","id":9807628,"geometry":{"type":"Point","coordinates":[-3.685293898051432,40.417079218232004]},"properties":{"ESA_ESPECIE":"GTR","NOMBRE_COMUN":"Acacia de tres espinas","NOMBRE_ESPECIE":"Gleditsia triacanthos","ALTURA":"22","MINTDISTRITO":"03","NOMBRE_DISTRITO":"RETIRO","MINTBARRIO":"035","NOMBRE_BARRIO":"LOS JERONIMOS","OBJECTID":9807628}},{"type":"Feature","id":9772660,"geometry":{"type":"Point","coordinates":[-3.6844275785827492,40.415185827902157]},"properties":{"ESA_ESPECIE":"AHI","NOMBRE_COMUN":"Castaño de indias","NOMBRE_ESPECIE":"Aesculus hippocastanum","ALTURA":"11","MINTDISTRITO":"03","NOMBRE_DISTRITO":"RETIRO","MINTBARRIO":"035","NOMBRE_BARRIO":"LOS JERONIMOS","OBJECTID":9772660}},{"type":"Feature","id":9777329,"geometry":{"type":"Point","coordinates":[-3.6838066078317677,40.415572296792263]},"properties":{"ESA_ESPECIE":"AHI","NOMBRE_COMUN":"Castaño de indias","NOMBRE_ESPECIE":"Aesculus hippocastanum","ALTURA":"7,5","MINTDISTRITO":"03","NOMBRE_DISTRITO":"RETIRO","MINTBARRIO":"035","NOMBRE_BARRIO":"LOS JERONIMOS","OBJECTID":9777329}},{"type":"Feature","id":9811280,"geometry":{"type":"Point","coordinates":[-3.6834667031921362,40.415404747278792]},"properties":{"ESA_ESPECIE":"RPS","NOMBRE_COMUN":"Falsa acacia","NOMBRE_ESPECIE":"Robinia pseudoacacia","ALTURA":"8","MINTDISTRITO":"03","NOMBRE_DISTRITO":"RETIRO","MINTBARRIO":"035","NOMBRE_BARRIO":"LOS JERONIMOS","OBJECTID":9811280}},{"type":"Feature","id":9814870,"geometry":{"type":"Point","coordinates":[-3.6835630317244537,40.414608822704309]},"properties":{"ESA_ESPECIE":"LJA","NOMBRE_COMUN":"Aligustre del Japón","NOMBRE_ESPECIE":"Ligustrum japonicum","ALTURA":"1,5","MINTDISTRITO":"03","NOMBRE_DISTRITO":"RETIRO","MINTBARRIO":"035","NOMBRE_BARRIO":"LOS JERONIMOS","OBJECTID":9814870}},{"type":"Feature","id":9804379,"geometry":{"type":"Point","coordinates":[-3.686832749482249,40.416696409474632]},"properties":{"ESA_ESPECIE":"AHI","NOMBRE_COMUN":"Castaño de indias","NOMBRE_ESPECIE":"Aesculus hippocastanum","ALTURA":"7","MINTDISTRITO":"03","NOMBRE_DISTRITO":"RETIRO","MINTBARRIO":"035","NOMBRE_BARRIO":"LOS JERONIMOS","OBJECTID":9804379}},{"type":"Feature","id":9804047,"geometry":{"type":"Point","coordinates":[-3.6860410993249468,40.41627371138123]},"properties":{"ESA_ESPECIE":"AHI","NOMBRE_COMUN":"Castaño de indias","NOMBRE_ESPECIE":"Aesculus hippocastanum","ALTURA":"20","MINTDISTRITO":"03","NOMBRE_DISTRITO":"RETIRO","MINTBARRIO":"035","NOMBRE_BARRIO":"LOS JERONIMOS","OBJECTID":9804047}},{"type":"Feature","id":9815202,"geometry":{"type":"Point","coordinates":[-3.685852569695077,40.415442736094256]},"properties":{"ESA_ESPECIE":"AXA","NOMBRE_COMUN":"Castaño de Indias rojo","NOMBRE_ESPECIE":"Aesculus x carnea","ALTURA":"3","MINTDISTRITO":"03","NOMBRE_DISTRITO":"RETIRO","MINTBARRIO":"035","NOMBRE_BARRIO":"LOS JERONIMOS","OBJECTID":9815202}},{"type":"Feature","id":9771332,"geometry":{"type":"Point","coordinates":[-3.6854970509338272,40.415410664178722]},"properties":{"ESA_ESPECIE":"AHI","NOMBRE_COMUN":"Castaño de indias","NOMBRE_ESPECIE":"Aesculus hippocastanum","ALTURA":"4,5","MINTDISTRITO":"03","NOMBRE_DISTRITO":"RETIRO","MINTBARRIO":"035","NOMBRE_BARRIO":"LOS JERONIMOS","OBJECTID":9771332}},{"type":"Feature","id":9771246,"geometry":{"type":"Point","coordinates":[-3.6845775188976311,40.415681428964959]},"properties":{"ESA_ESPECIE":"PAR","NOMBRE_COMUN":"Peral de flor 'Chanticleer'","NOMBRE_ESPECIE":"Pyrus calleryana 'Chanticleer'","ALTURA":"5","MINTDISTRITO":"03","NOMBRE_DISTRITO":"RETIRO","MINTBARRIO":"035","NOMBRE_BARRIO":"LOS JERONIMOS","OBJECTID":9771246}},{"type":"Feature","id":9804628,"geometry":{"type":"Point","coordinates":[-3.6846609478524388,40.416349091103612]},"properties":{"ESA_ESPECIE":"AHI","NOMBRE_COMUN":"Castaño de indias","NOMBRE_ESPECIE":"Aesculus hippocastanum","ALTURA":"6","MINTDISTRITO":"03","NOMBRE_DISTRITO":"RETIRO","MINTBARRIO":"035","NOMBRE_BARRIO":"LOS JERONIMOS","OBJECTID":9804628}},{"type":"Feature","id":9802870,"geometry":{"type":"Point","coordinates":[-3.686573686904167,40.413696844365106]},"properties":{"ESA_ESPECIE":"AHI","NOMBRE_COMUN":"Castaño de indias","NOMBRE_ESPECIE":"Aesculus hippocastanum","ALTURA":"14,5","MINTDISTRITO":"03","NOMBRE_DISTRITO":"RETIRO","MINTBARRIO":"035","NOMBRE_BARRIO":"LOS JERONIMOS","OBJECTID":9802870}},{"type":"Feature","id":9804874,"geometry":{"type":"Point","coordinates":[-3.6859516365666911,40.415130462267577]},"properties":{"ESA_ESPECIE":"AHI","NOMBRE_COMUN":"Castaño de indias","NOMBRE_ESPECIE":"Aesculus hippocastanum","ALTURA":"7,5","MINTDISTRITO":"03","NOMBRE_DISTRITO":"RETIRO","MINTBARRIO":"035","NOMBRE_BARRIO":"LOS JERONIMOS","OBJECTID":9804874}},{"type":"Feature","id":9801047,"geometry":{"type":"Point","coordinates":[-3.6871186789593482,40.41378947209833]},"properties":{"ESA_ESPECIE":"UPU","NOMBRE_COMUN":"Olmo de Siberia","NOMBRE_ESPECIE":"Ulmus pumila","ALTURA":"13","MINTDISTRITO":"03","NOMBRE_DISTRITO":"RETIRO","MINTBARRIO":"035","NOMBRE_BARRIO":"LOS JERONIMOS","OBJECTID":9801047}},{"type":"Feature","id":9765590,"geometry":{"type":"Point","coordinates":[-3.6879032089775361,40.415804482934831]},"properties":{"ESA_ESPECIE":"GTR","NOMBRE_COMUN":"Acacia de tres espinas","NOMBRE_ESPECIE":"Gleditsia triacanthos","ALTURA":"8,5","MINTDISTRITO":"03","NOMBRE_DISTRITO":"RETIRO","MINTBARRIO":"035","NOMBRE_BARRIO":"LOS JERONIMOS","OBJECTID":9765590}},{"type":"Feature","id":9771578,"geometry":{"type":"Point","coordinates":[-3.6880038130957034,40.416546590250519]},"properties":{"ESA_ESPECIE":"LIN","NOMBRE_COMUN":"Árbol\u00A0de\u00A0Júpiter","NOMBRE_ESPECIE":"Lagerstroemia indica","ALTURA":"2,5","MINTDISTRITO":"03","NOMBRE_DISTRITO":"RETIRO","MINTBARRIO":"035","NOMBRE_BARRIO":"LOS JERONIMOS","OBJECTID":9771578}},{"type":"Feature","id":9765673,"geometry":{"type":"Point","coordinates":[-3.6868461224435434,40.416884826334368]},"properties":{"ESA_ESPECIE":"AHI","NOMBRE_COMUN":"Castaño de indias","NOMBRE_ESPECIE":"Aesculus hippocastanum","ALTURA":"8","MINTDISTRITO":"03","NOMBRE_DISTRITO":"RETIRO","MINTBARRIO":"035","NOMBRE_BARRIO":"LOS JERONIMOS","OBJECTID":9765673}},{"type":"Feature","id":9771083,"geometry":{"type":"Point","coordinates":[-3.6878576411781099,40.412942128070547]},"properties":{"ESA_ESPECIE":"UPU","NOMBRE_COMUN":"Olmo de Siberia","NOMBRE_ESPECIE":"Ulmus pumila","ALTURA":"14,5","MINTDISTRITO":"03","NOMBRE_DISTRITO":"RETIRO","MINTBARRIO":"035","NOMBRE_BARRIO":"LOS JERONIMOS","OBJECTID":9771083}},{"type":"Feature","id":9770407,"geometry":{"type":"Point","coordinates":[-3.6875414896398362,40.413256352405135]},"properties":{"ESA_ESPECIE":"AJU","NOMBRE_COMUN":"Acacia de Constantinopla","NOMBRE_ESPECIE":"Albizia julibrissin","ALTURA":"6,5","MINTDISTRITO":"03","NOMBRE_DISTRITO":"RETIRO","MINTBARRIO":"035","NOMBRE_BARRIO":"LOS JERONIMOS","OBJECTID":9770407}},{"type":"Feature","id":9803703,"geometry":{"type":"Point","coordinates":[-3.687636082781435,40.413172582244002]},"properties":{"ESA_ESPECIE":"PDA","NOMBRE_COMUN":"Plátano de sombra/Platanus x hybrida","NOMBRE_ESPECIE":"Platanus x hispanica","ALTURA":"10","MINTDISTRITO":"03","NOMBRE_DISTRITO":"RETIRO","MINTBARRIO":"035","NOMBRE_BARRIO":"LOS JERONIMOS","OBJECTID":9803703}},{"type":"Feature","id":9802621,"geometry":{"type":"Point","coordinates":[-3.6874827374361625,40.413139656150904]},"properties":{"ESA_ESPECIE":"GBI","NOMBRE_COMUN":"Gingo","NOMBRE_ESPECIE":"Ginkgo biloba","ALTURA":"10","MINTDISTRITO":"03","NOMBRE_DISTRITO":"RETIRO","MINTBARRIO":"035","NOMBRE_BARRIO":"LOS JERONIMOS","OBJECTID":9802621}},{"type":"Feature","id":9768922,"geometry":{"type":"Point","coordinates":[-3.686304870402723,40.413735954051084]},"properties":{"ESA_ESPECIE":"CSI","NOMBRE_COMUN":"Árbol del amor","NOMBRE_ESPECIE":"Cercis siliquastrum","ALTURA":"9","MINTDISTRITO":"03","NOMBRE_DISTRITO":"RETIRO","MINTBARRIO":"035","NOMBRE_BARRIO":"LOS JERONIMOS","OBJECTID":9768922}},{"type":"Feature","id":9770250,"geometry":{"type":"Point","coordinates":[-3.6865592596671579,40.41327930638419]},"properties":{"ESA_ESPECIE":"LJA","NOMBRE_COMUN":"Aligustre del Japón","NOMBRE_ESPECIE":"Ligustrum japonicum","ALTURA":"7,5","MINTDISTRITO":"03","NOMBRE_DISTRITO":"RETIRO","MINTBARRIO":"035","NOMBRE_BARRIO":"LOS JERONIMOS","OBJECTID":9770250}},{"type":"Feature","id":9769755,"geometry":{"type":"Point","coordinates":[-3.6856246284617029,40.409963033442978]},"properties":{"ESA_ESPECIE":"CAU","NOMBRE_COMUN":"Almez","NOMBRE_ESPECIE":"Celtis australis","ALTURA":"15","MINTDISTRITO":"03","NOMBRE_DISTRITO":"RETIRO","MINTBARRIO":"035","NOMBRE_BARRIO":"LOS JERONIMOS","OBJECTID":9769755}},{"type":"Feature","id":9769918,"geometry":{"type":"Point","coordinates":[-3.6863650901950158,40.410686572050018]},"properties":{"ESA_ESPECIE":"AHI","NOMBRE_COMUN":"Castaño de indias","NOMBRE_ESPECIE":"Aesculus hippocastanum","ALTURA":"14","MINTDISTRITO":"03","NOMBRE_DISTRITO":"RETIRO","MINTBARRIO":"035","NOMBRE_BARRIO":"LOS JERONIMOS","OBJECTID":9769918}},{"type":"Feature","id":9766918,"geometry":{"type":"Point","coordinates":[-3.6876745693291211,40.410490808109216]},"properties":{"ESA_ESPECIE":"TFO","NOMBRE_COMUN":"Palma de Fortune","NOMBRE_ESPECIE":"Trachycarpus fortunei","ALTURA":null,"MINTDISTRITO":"03","NOMBRE_DISTRITO":"RETIRO","MINTBARRIO":"035","NOMBRE_BARRIO":"LOS JERONIMOS","OBJECTID":9766918}},{"type":"Feature","id":9802707,"geometry":{"type":"Point","coordinates":[-3.6872211246129223,40.412010890469809]},"properties":{"ESA_ESPECIE":"CSE","NOMBRE_COMUN":"Ciprés común","NOMBRE_ESPECIE":"Cupressus sempervirens","ALTURA":"4","MINTDISTRITO":"03","NOMBRE_DISTRITO":"RETIRO","MINTBARRIO":"035","NOMBRE_BARRIO":"LOS JERONIMOS","OBJECTID":9802707}},{"type":"Feature","id":9802968,"geometry":{"type":"Point","coordinates":[-3.6870365695422449,40.412323024896835]},"properties":{"ESA_ESPECIE":"OEU","NOMBRE_COMUN":"Olivo","NOMBRE_ESPECIE":"Olea europaea","ALTURA":"3,5","MINTDISTRITO":"03","NOMBRE_DISTRITO":"RETIRO","MINTBARRIO":"035","NOMBRE_BARRIO":"LOS JERONIMOS","OBJECTID":9802968}},{"type":"Feature","id":9767997,"geometry":{"type":"Point","coordinates":[-3.687796640822981,40.412029333254019]},"properties":{"ESA_ESPECIE":"LJA","NOMBRE_COMUN":"Aligustre del Japón","NOMBRE_ESPECIE":"Ligustrum japonicum","ALTURA":"5","MINTDISTRITO":"03","NOMBRE_DISTRITO":"RETIRO","MINTBARRIO":"035","NOMBRE_BARRIO":"LOS JERONIMOS","OBJECTID":9767997}},{"type":"Feature","id":9805707,"geometry":{"type":"Point","coordinates":[-3.6848671682799838,40.411838280430644]},"properties":{"ESA_ESPECIE":"ACA","NOMBRE_COMUN":"Arce campestre","NOMBRE_ESPECIE":"Acer campestre","ALTURA":"13","MINTDISTRITO":"03","NOMBRE_DISTRITO":"RETIRO","MINTBARRIO":"035","NOMBRE_BARRIO":"LOS JERONIMOS","OBJECTID":9805707}},{"type":"Feature","id":9805956,"geometry":{"type":"Point","coordinates":[-3.6845638060728421,40.411481255280108]},"properties":{"ESA_ESPECIE":"ACA","NOMBRE_COMUN":"Arce campestre","NOMBRE_ESPECIE":"Acer campestre","ALTURA":"8","MINTDISTRITO":"03","NOMBRE_DISTRITO":"RETIRO","MINTBARRIO":"035","NOMBRE_BARRIO":"LOS JERONIMOS","OBJECTID":9805956}},{"type":"Feature","id":9773739,"geometry":{"type":"Point","coordinates":[-3.6853336560153362,40.411737740993146]},"properties":{"ESA_ESPECIE":"AHI","NOMBRE_COMUN":"Castaño de indias","NOMBRE_ESPECIE":"Aesculus hippocastanum","ALTURA":"12","MINTDISTRITO":"03","NOMBRE_DISTRITO":"RETIRO","MINTBARRIO":"035","NOMBRE_BARRIO":"LOS JERONIMOS","OBJECTID":9773739}},{"type":"Feature","id":9801293,"geometry":{"type":"Point","coordinates":[-3.6867570667993346,40.411434464642056]},"properties":{"ESA_ESPECIE":"FSY","NOMBRE_COMUN":"Haya","NOMBRE_ESPECIE":"Fagus sylvatica","ALTURA":"3","MINTDISTRITO":"03","NOMBRE_DISTRITO":"RETIRO","MINTBARRIO":"035","NOMBRE_BARRIO":"LOS JERONIMOS","OBJECTID":9801293}},{"type":"Feature","id":9767751,"geometry":{"type":"Point","coordinates":[-3.686386769104872,40.411308788992038]},"properties":{"ESA_ESPECIE":"AHI","NOMBRE_COMUN":"Castaño de indias","NOMBRE_ESPECIE":"Aesculus hippocastanum","ALTURA":"15","MINTDISTRITO":"03","NOMBRE_DISTRITO":"RETIRO","MINTBARRIO":"035","NOMBRE_BARRIO":"LOS JERONIMOS","OBJECTID":9767751}},{"type":"Feature","id":9803300,"geometry":{"type":"Point","coordinates":[-3.6856533678172663,40.411695007417336]},"properties":{"ESA_ESPECIE":"CSE","NOMBRE_COMUN":"Ciprés común","NOMBRE_ESPECIE":"Cupressus sempervirens","ALTURA":"5","MINTDISTRITO":"03","NOMBRE_DISTRITO":"RETIRO","MINTBARRIO":"035","NOMBRE_BARRIO":"LOS JERONIMOS","OBJECTID":9803300}},{"type":"Feature","id":9802218,"geometry":{"type":"Point","coordinates":[-3.683862998714154,40.410014511642025]},"properties":{"ESA_ESPECIE":"CAU","NOMBRE_COMUN":"Almez","NOMBRE_ESPECIE":"Celtis australis","ALTURA":"11","MINTDISTRITO":"03","NOMBRE_DISTRITO":"RETIRO","MINTBARRIO":"035","NOMBRE_BARRIO":"LOS JERONIMOS","OBJECTID":9802218}},{"type":"Feature","id":9769657,"geometry":{"type":"Point","coordinates":[-3.6839697399068583,40.410425179814467]},"properties":{"ESA_ESPECIE":"PDU","NOMBRE_COMUN":"Almendro","NOMBRE_ESPECIE":"Prunus dulcis","ALTURA":"3","MINTDISTRITO":"03","NOMBRE_DISTRITO":"RETIRO","MINTBARRIO":"035","NOMBRE_BARRIO":"LOS JERONIMOS","OBJECTID":9769657}},{"type":"Feature","id":9806952,"geometry":{"type":"Point","coordinates":[-3.6840170858305967,40.412224954343813]},"properties":{"ESA_ESPECIE":"UMI","NOMBRE_COMUN":"Olmo común","NOMBRE_ESPECIE":"Ulmus minor","ALTURA":"6","MINTDISTRITO":"03","NOMBRE_DISTRITO":"RETIRO","MINTBARRIO":"035","NOMBRE_BARRIO":"LOS JERONIMOS","OBJECTID":9806952}},{"type":"Feature","id":9775660,"geometry":{"type":"Point","coordinates":[-3.6839182503401449,40.411951708771902]},"properties":{"ESA_ESPECIE":"CEO","NOMBRE_COMUN":"Almez americano","NOMBRE_ESPECIE":"Celtis occidentalis","ALTURA":"5","MINTDISTRITO":"03","NOMBRE_DISTRITO":"RETIRO","MINTBARRIO":"035","NOMBRE_BARRIO":"LOS JERONIMOS","OBJECTID":9775660}},{"type":"Feature","id":9805870,"geometry":{"type":"Point","coordinates":[-3.6841890430321502,40.411875538695028]},"properties":{"ESA_ESPECIE":"PHA","NOMBRE_COMUN":"Pino carrasco","NOMBRE_ESPECIE":"Pinus halepensis","ALTURA":"25","MINTDISTRITO":"03","NOMBRE_DISTRITO":"RETIRO","MINTBARRIO":"035","NOMBRE_BARRIO":"LOS JERONIMOS","OBJECTID":9805870}},{"type":"Feature","id":9806202,"geometry":{"type":"Point","coordinates":[-3.6847772309303592,40.412160589575493]},"properties":{"ESA_ESPECIE":"AHI","NOMBRE_COMUN":"Castaño de indias","NOMBRE_ESPECIE":"Aesculus hippocastanum","ALTURA":"8","MINTDISTRITO":"03","NOMBRE_DISTRITO":"RETIRO","MINTBARRIO":"035","NOMBRE_BARRIO":"LOS JERONIMOS","OBJECTID":9806202}},{"type":"Feature","id":9802719,"geometry":{"type":"Point","coordinates":[-3.6884097299607501,40.411234545305767]},"properties":{"ESA_ESPECIE":"AHI","NOMBRE_COMUN":"Castaño de indias","NOMBRE_ESPECIE":"Aesculus hippocastanum","ALTURA":"10","MINTDISTRITO":"03","NOMBRE_DISTRITO":"RETIRO","MINTBARRIO":"035","NOMBRE_BARRIO":"LOS JERONIMOS","OBJECTID":9802719}},{"type":"Feature","id":9769906,"geometry":{"type":"Point","coordinates":[-3.6883039232426693,40.410534324711364]},"properties":{"ESA_ESPECIE":"CAU","NOMBRE_COMUN":"Almez","NOMBRE_ESPECIE":"Celtis australis","ALTURA":"8,5","MINTDISTRITO":"03","NOMBRE_DISTRITO":"RETIRO","MINTBARRIO":"035","NOMBRE_BARRIO":"LOS JERONIMOS","OBJECTID":9769906}},{"type":"Feature","id":9904516,"geometry":{"type":"Point","coordinates":[-3.6884585469556281,40.41054635913693]},"properties":{"ESA_ESPECIE":"TFO","NOMBRE_COMUN":"Palma de Fortune","NOMBRE_ESPECIE":"Trachycarpus fortunei","ALTURA":"6","MINTDISTRITO":"03","NOMBRE_DISTRITO":"RETIRO","MINTBARRIO":"035","NOMBRE_BARRIO":"LOS JERONIMOS","OBJECTID":9904516}},{"type":"Feature","id":9802375,"geometry":{"type":"Point","coordinates":[-3.6859516790513629,40.409544685886907]},"properties":{"ESA_ESPECIE":"PCP","NOMBRE_COMUN":"Ciruelo púrpura","NOMBRE_ESPECIE":"Prunus cerasifera  subsp. pissardii","ALTURA":"5,5","MINTDISTRITO":"03","NOMBRE_DISTRITO":"RETIRO","MINTBARRIO":"035","NOMBRE_BARRIO":"LOS JERONIMOS","OBJECTID":9802375}},{"type":"Feature","id":9801874,"geometry":{"type":"Point","coordinates":[-3.6850583877977283,40.410240355294768]},"properties":{"ESA_ESPECIE":"PDU","NOMBRE_COMUN":"Almendro","NOMBRE_ESPECIE":"Prunus dulcis","ALTURA":"5","MINTDISTRITO":"03","NOMBRE_DISTRITO":"RETIRO","MINTBARRIO":"035","NOMBRE_BARRIO":"LOS JERONIMOS","OBJECTID":9801874}},{"type":"Feature","id":9769574,"geometry":{"type":"Point","coordinates":[-3.6844771169641231,40.410156049659214]},"properties":{"ESA_ESPECIE":"PDU","NOMBRE_COMUN":"Almendro","NOMBRE_ESPECIE":"Prunus dulcis","ALTURA":"5,5","MINTDISTRITO":"03","NOMBRE_DISTRITO":"RETIRO","MINTBARRIO":"035","NOMBRE_BARRIO":"LOS JERONIMOS","OBJECTID":9769574}},{"type":"Feature","id":9803214,"geometry":{"type":"Point","coordinates":[-3.6883391075542882,40.413228597400781]},"properties":{"ESA_ESPECIE":"AHI","NOMBRE_COMUN":"Castaño de indias","NOMBRE_ESPECIE":"Aesculus hippocastanum","ALTURA":"11","MINTDISTRITO":"03","NOMBRE_DISTRITO":"RETIRO","MINTBARRIO":"035","NOMBRE_BARRIO":"LOS JERONIMOS","OBJECTID":9803214}},{"type":"Feature","id":9803051,"geometry":{"type":"Point","coordinates":[-3.6885182738997835,40.412832168303396]},"properties":{"ESA_ESPECIE":"AHI","NOMBRE_COMUN":"Castaño de indias","NOMBRE_ESPECIE":"Aesculus hippocastanum","ALTURA":"13","MINTDISTRITO":"03","NOMBRE_DISTRITO":"RETIRO","MINTBARRIO":"035","NOMBRE_BARRIO":"LOS JERONIMOS","OBJECTID":9803051}},{"type":"Feature","id":9771000,"geometry":{"type":"Point","coordinates":[-3.6885103042468548,40.411741480576168]},"properties":{"ESA_ESPECIE":"UPU","NOMBRE_COMUN":"Olmo de Siberia","NOMBRE_ESPECIE":"Ulmus pumila","ALTURA":"12","MINTDISTRITO":"03","NOMBRE_DISTRITO":"RETIRO","MINTBARRIO":"035","NOMBRE_BARRIO":"LOS JERONIMOS","OBJECTID":9771000}},{"type":"Feature","id":9770751,"geometry":{"type":"Point","coordinates":[-3.688240879495968,40.411857679852339]},"properties":{"ESA_ESPECIE":"AHI","NOMBRE_COMUN":"Castaño de indias","NOMBRE_ESPECIE":"Aesculus hippocastanum","ALTURA":"15","MINTDISTRITO":"03","NOMBRE_DISTRITO":"RETIRO","MINTBARRIO":"035","NOMBRE_BARRIO":"LOS JERONIMOS","OBJECTID":9770751}},{"type":"Feature","id":9770739,"geometry":{"type":"Point","coordinates":[-3.6879729295771089,40.411702156627811]},"properties":{"ESA_ESPECIE":"AHI","NOMBRE_COMUN":"Castaño de indias","NOMBRE_ESPECIE":"Aesculus hippocastanum","ALTURA":"11","MINTDISTRITO":"03","NOMBRE_DISTRITO":"RETIRO","MINTBARRIO":"035","NOMBRE_BARRIO":"LOS JERONIMOS","OBJECTID":9770739}},{"type":"Feature","id":9770004,"geometry":{"type":"Point","coordinates":[-3.6881431599189365,40.41103609509539]},"properties":{"ESA_ESPECIE":"SJA","NOMBRE_COMUN":"Acacia del Japón/Sophora japonica","NOMBRE_ESPECIE":"Styphnolobium japonicum","ALTURA":"10","MINTDISTRITO":"03","NOMBRE_DISTRITO":"RETIRO","MINTBARRIO":"035","NOMBRE_BARRIO":"LOS JERONIMOS","OBJECTID":9770004}},{"type":"Feature","id":9770691,"geometry":{"type":"Point","coordinates":[-3.6879980616734835,40.411809034655548]},"properties":{"ESA_ESPECIE":"AHI","NOMBRE_COMUN":"Castaño de indias","NOMBRE_ESPECIE":"Aesculus hippocastanum","ALTURA":"15","MINTDISTRITO":"03","NOMBRE_DISTRITO":"RETIRO","MINTBARRIO":"035","NOMBRE_BARRIO":"LOS JERONIMOS","OBJECTID":9770691}},{"type":"Feature","id":9802032,"geometry":{"type":"Point","coordinates":[-3.6883759765400095,40.410435462790765]},"properties":{"ESA_ESPECIE":"AHI","NOMBRE_COMUN":"Castaño de indias","NOMBRE_ESPECIE":"Aesculus hippocastanum","ALTURA":"14","MINTDISTRITO":"03","NOMBRE_DISTRITO":"RETIRO","MINTBARRIO":"035","NOMBRE_BARRIO":"LOS JERONIMOS","OBJECTID":9802032}},{"type":"Feature","id":9768638,"geometry":{"type":"Point","coordinates":[-3.6851737536451994,40.410279311545565]},"properties":{"ESA_ESPECIE":"SJA","NOMBRE_COMUN":"Acacia del Japón/Sophora japonica","NOMBRE_ESPECIE":"Styphnolobium japonicum","ALTURA":"15","MINTDISTRITO":"03","NOMBRE_DISTRITO":"RETIRO","MINTBARRIO":"035","NOMBRE_BARRIO":"LOS JERONIMOS","OBJECTID":9768638}},{"type":"Feature","id":9775671,"geometry":{"type":"Point","coordinates":[-3.6849901383530814,40.410883375749343]},"properties":{"ESA_ESPECIE":"UPU","NOMBRE_COMUN":"Olmo de Siberia","NOMBRE_ESPECIE":"Ulmus pumila","ALTURA":"12","MINTDISTRITO":"03","NOMBRE_DISTRITO":"RETIRO","MINTBARRIO":"035","NOMBRE_BARRIO":"LOS JERONIMOS","OBJECTID":9775671}},{"type":"Feature","id":9769609,"geometry":{"type":"Point","coordinates":[-3.6848907584648747,40.4102345915908]},"properties":{"ESA_ESPECIE":"PDU","NOMBRE_COMUN":"Almendro","NOMBRE_ESPECIE":"Prunus dulcis","ALTURA":"4,5","MINTDISTRITO":"03","NOMBRE_DISTRITO":"RETIRO","MINTBARRIO":"035","NOMBRE_BARRIO":"LOS JERONIMOS","OBJECTID":9769609}},{"type":"Feature","id":9767642,"geometry":{"type":"Point","coordinates":[-3.6841443011133728,40.410002793371447]},"properties":{"ESA_ESPECIE":"CBE","NOMBRE_COMUN":"Carpe","NOMBRE_ESPECIE":"Carpinus betulus","ALTURA":"4,5","MINTDISTRITO":"03","NOMBRE_DISTRITO":"RETIRO","MINTBARRIO":"035","NOMBRE_BARRIO":"LOS JERONIMOS","OBJECTID":9767642}},{"type":"Feature","id":9810971,"geometry":{"type":"Point","coordinates":[-3.6833046574982822,40.420874547756299]},"properties":{"ESA_ESPECIE":"PDA","NOMBRE_COMUN":"Plátano de sombra/Platanus x hybrida","NOMBRE_ESPECIE":"Platanus x hispanica","ALTURA":"15","MINTDISTRITO":"03","NOMBRE_DISTRITO":"RETIRO","MINTBARRIO":"035","NOMBRE_BARRIO":"LOS JERONIMOS","OBJECTID":9810971}},{"type":"Feature","id":9783048,"geometry":{"type":"Point","coordinates":[-3.6807810126922735,40.421057382093068]},"properties":{"ESA_ESPECIE":"TFO","NOMBRE_COMUN":"Palma de Fortune","NOMBRE_ESPECIE":"Trachycarpus fortunei","ALTURA":"7","MINTDISTRITO":"03","NOMBRE_DISTRITO":"RETIRO","MINTBARRIO":"035","NOMBRE_BARRIO":"LOS JERONIMOS","OBJECTID":9783048}},{"type":"Feature","id":9799278,"geometry":{"type":"Point","coordinates":[-3.6783671990574454,40.415417789178427]},"properties":{"ESA_ESPECIE":"GBI","NOMBRE_COMUN":"Gingo","NOMBRE_ESPECIE":"Ginkgo biloba","ALTURA":"14","MINTDISTRITO":"03","NOMBRE_DISTRITO":"RETIRO","MINTBARRIO":"035","NOMBRE_BARRIO":"LOS JERONIMOS","OBJECTID":9799278}},{"type":"Feature","id":9766609,"geometry":{"type":"Point","coordinates":[-3.678393414725444,40.415586978513431]},"properties":{"ESA_ESPECIE":"GBI","NOMBRE_COMUN":"Gingo","NOMBRE_ESPECIE":"Ginkgo biloba","ALTURA":"13","MINTDISTRITO":"03","NOMBRE_DISTRITO":"RETIRO","MINTBARRIO":"035","NOMBRE_BARRIO":"LOS JERONIMOS","OBJECTID":9766609}},{"type":"Feature","id":9801688,"geometry":{"type":"Point","coordinates":[-3.6778637908321059,40.411045313592609]},"properties":{"ESA_ESPECIE":"CSI","NOMBRE_COMUN":"Árbol del amor","NOMBRE_ESPECIE":"Cercis siliquastrum","ALTURA":"5","MINTDISTRITO":"03","NOMBRE_DISTRITO":"RETIRO","MINTBARRIO":"035","NOMBRE_BARRIO":"LOS JERONIMOS","OBJECTID":9801688}},{"type":"Feature","id":9768392,"geometry":{"type":"Point","coordinates":[-3.677608773764284,40.41139507163026]},"properties":{"ESA_ESPECIE":"QIL","NOMBRE_COMUN":"Encina","NOMBRE_ESPECIE":"Quercus ilex","ALTURA":"9","MINTDISTRITO":"03","NOMBRE_DISTRITO":"RETIRO","MINTBARRIO":"035","NOMBRE_BARRIO":"LOS JERONIMOS","OBJECTID":9768392}},{"type":"Feature","id":9800360,"geometry":{"type":"Point","coordinates":[-3.6776904559927193,40.414547672507311]},"properties":{"ESA_ESPECIE":"UMI","NOMBRE_COMUN":"Olmo común","NOMBRE_ESPECIE":"Ulmus minor","ALTURA":"12","MINTDISTRITO":"03","NOMBRE_DISTRITO":"RETIRO","MINTBARRIO":"035","NOMBRE_BARRIO":"LOS JERONIMOS","OBJECTID":9800360}},{"type":"Feature","id":9778966,"geometry":{"type":"Point","coordinates":[-3.6873076989725089,40.420065249153375]},"properties":{"ESA_ESPECIE":"AHI","NOMBRE_COMUN":"Castaño de indias","NOMBRE_ESPECIE":"Aesculus hippocastanum","ALTURA":"5","MINTDISTRITO":"03","NOMBRE_DISTRITO":"RETIRO","MINTBARRIO":"035","NOMBRE_BARRIO":"LOS JERONIMOS","OBJECTID":9778966}},{"type":"Feature","id":9756035,"geometry":{"type":"Point","coordinates":[-3.6784713821933992,40.408481167435944]},"properties":{"ESA_ESPECIE":"UMI","NOMBRE_COMUN":"Olmo común","NOMBRE_ESPECIE":"Ulmus minor","ALTURA":"10","MINTDISTRITO":"03","NOMBRE_DISTRITO":"RETIRO","MINTBARRIO":"035","NOMBRE_BARRIO":"LOS JERONIMOS","OBJECTID":9756035}},{"type":"Feature","id":9777970,"geometry":{"type":"Point","coordinates":[-3.6783909614871395,40.409776151438813]},"properties":{"ESA_ESPECIE":"QIL","NOMBRE_COMUN":"Encina","NOMBRE_ESPECIE":"Quercus ilex","ALTURA":"7,5","MINTDISTRITO":"03","NOMBRE_DISTRITO":"RETIRO","MINTBARRIO":"035","NOMBRE_BARRIO":"LOS JERONIMOS","OBJECTID":9777970}},{"type":"Feature","id":9755949,"geometry":{"type":"Point","coordinates":[-3.6784366318363499,40.411009674240056]},"properties":{"ESA_ESPECIE":"AHI","NOMBRE_COMUN":"Castaño de indias","NOMBRE_ESPECIE":"Aesculus hippocastanum","ALTURA":"3,5","MINTDISTRITO":"03","NOMBRE_DISTRITO":"RETIRO","MINTBARRIO":"035","NOMBRE_BARRIO":"LOS JERONIMOS","OBJECTID":9755949}},{"type":"Feature","id":9801233,"geometry":{"type":"Point","coordinates":[-3.6780745684044005,40.412530410054863]},"properties":{"ESA_ESPECIE":"PPI","NOMBRE_COMUN":"Pino piñonero","NOMBRE_ESPECIE":"Pinus pinea","ALTURA":"17","MINTDISTRITO":"03","NOMBRE_DISTRITO":"RETIRO","MINTBARRIO":"035","NOMBRE_BARRIO":"LOS JERONIMOS","OBJECTID":9801233}},{"type":"Feature","id":9802364,"geometry":{"type":"Point","coordinates":[-3.6784117129073439,40.413706285280995]},"properties":{"ESA_ESPECIE":"PCP","NOMBRE_COMUN":"Ciruelo púrpura","NOMBRE_ESPECIE":"Prunus cerasifera  subsp. pissardii","ALTURA":"8","MINTDISTRITO":"03","NOMBRE_DISTRITO":"RETIRO","MINTBARRIO":"035","NOMBRE_BARRIO":"LOS JERONIMOS","OBJECTID":9802364}},{"type":"Feature","id":9776642,"geometry":{"type":"Point","coordinates":[-3.6871715507805205,40.418657494484961]},"properties":{"ESA_ESPECIE":"AHI","NOMBRE_COMUN":"Castaño de indias","NOMBRE_ESPECIE":"Aesculus hippocastanum","ALTURA":"8","MINTDISTRITO":"03","NOMBRE_DISTRITO":"RETIRO","MINTBARRIO":"035","NOMBRE_BARRIO":"LOS JERONIMOS","OBJECTID":9776642}},{"type":"Feature","id":9807971,"geometry":{"type":"Point","coordinates":[-3.6871248870004729,40.418344887695959]},"properties":{"ESA_ESPECIE":"AHI","NOMBRE_COMUN":"Castaño de indias","NOMBRE_ESPECIE":"Aesculus hippocastanum","ALTURA":"5","MINTDISTRITO":"03","NOMBRE_DISTRITO":"RETIRO","MINTBARRIO":"035","NOMBRE_BARRIO":"LOS JERONIMOS","OBJECTID":9807971}},{"type":"Feature","id":9776015,"geometry":{"type":"Point","coordinates":[-3.6868645392289743,40.418237965792116]},"properties":{"ESA_ESPECIE":"CBI","NOMBRE_COMUN":"Catalpa","NOMBRE_ESPECIE":"Catalpa bignonioides","ALTURA":"6","MINTDISTRITO":"03","NOMBRE_DISTRITO":"RETIRO","MINTBARRIO":"035","NOMBRE_BARRIO":"LOS JERONIMOS","OBJECTID":9776015}},{"type":"Feature","id":9776310,"geometry":{"type":"Point","coordinates":[-3.6878082289935872,40.418795150568243]},"properties":{"ESA_ESPECIE":"AHI","NOMBRE_COMUN":"Castaño de indias","NOMBRE_ESPECIE":"Aesculus hippocastanum","ALTURA":"7","MINTDISTRITO":"03","NOMBRE_DISTRITO":"RETIRO","MINTBARRIO":"035","NOMBRE_BARRIO":"LOS JERONIMOS","OBJECTID":9776310}},{"type":"Feature","id":9807983,"geometry":{"type":"Point","coordinates":[-3.6874636462680983,40.419241742284221]},"properties":{"ESA_ESPECIE":"AHI","NOMBRE_COMUN":"Castaño de indias","NOMBRE_ESPECIE":"Aesculus hippocastanum","ALTURA":"7,5","MINTDISTRITO":"03","NOMBRE_DISTRITO":"RETIRO","MINTBARRIO":"035","NOMBRE_BARRIO":"LOS JERONIMOS","OBJECTID":9807983}},{"type":"Feature","id":9779003,"geometry":{"type":"Point","coordinates":[-3.6869123354654749,40.419815165464918]},"properties":{"ESA_ESPECIE":"SJA","NOMBRE_COMUN":"Acacia del Japón/Sophora japonica","NOMBRE_ESPECIE":"Styphnolobium japonicum","ALTURA":"14","MINTDISTRITO":"03","NOMBRE_DISTRITO":"RETIRO","MINTBARRIO":"035","NOMBRE_BARRIO":"LOS JERONIMOS","OBJECTID":9779003}},{"type":"Feature","id":9764654,"geometry":{"type":"Point","coordinates":[-3.6822452084094035,40.420374424184907]},"properties":{"ESA_ESPECIE":"AHI","NOMBRE_COMUN":"Castaño de indias","NOMBRE_ESPECIE":"Aesculus hippocastanum","ALTURA":"15","MINTDISTRITO":"03","NOMBRE_DISTRITO":"RETIRO","MINTBARRIO":"035","NOMBRE_BARRIO":"LOS JERONIMOS","OBJECTID":9764654}},{"type":"Feature","id":9782261,"geometry":{"type":"Point","coordinates":[-3.6829796613444485,40.420534412762287]},"properties":{"ESA_ESPECIE":"CSI","NOMBRE_COMUN":"Árbol del amor","NOMBRE_ESPECIE":"Cercis siliquastrum","ALTURA":"3","MINTDISTRITO":"03","NOMBRE_DISTRITO":"RETIRO","MINTBARRIO":"035","NOMBRE_BARRIO":"LOS JERONIMOS","OBJECTID":9782261}},{"type":"Feature","id":9781966,"geometry":{"type":"Point","coordinates":[-3.6835038556923481,40.420710144447085]},"properties":{"ESA_ESPECIE":"AHI","NOMBRE_COMUN":"Castaño de indias","NOMBRE_ESPECIE":"Aesculus hippocastanum","ALTURA":"6","MINTDISTRITO":"03","NOMBRE_DISTRITO":"RETIRO","MINTBARRIO":"035","NOMBRE_BARRIO":"LOS JERONIMOS","OBJECTID":9781966}},{"type":"Feature","id":9811266,"geometry":{"type":"Point","coordinates":[-3.6836888682329625,40.42072813166812]},"properties":{"ESA_ESPECIE":"CHL","NOMBRE_COMUN":"Ciprés de Lawson","NOMBRE_ESPECIE":"Chamaecyparis lawsoniana","ALTURA":"6","MINTDISTRITO":"03","NOMBRE_DISTRITO":"RETIRO","MINTBARRIO":"035","NOMBRE_BARRIO":"LOS JERONIMOS","OBJECTID":9811266}},{"type":"Feature","id":9783589,"geometry":{"type":"Point","coordinates":[-3.6863249129763682,40.417987988300304]},"properties":{"ESA_ESPECIE":"URE","NOMBRE_COMUN":"Olmo resistente a la grafiosis","NOMBRE_ESPECIE":"Ulmus\u00A0minor\u00A0'Resista'","ALTURA":"3","MINTDISTRITO":"03","NOMBRE_DISTRITO":"RETIRO","MINTBARRIO":"035","NOMBRE_BARRIO":"LOS JERONIMOS","OBJECTID":9783589}},{"type":"Feature","id":9900789,"geometry":{"type":"Point","coordinates":[-3.6869673492476926,40.419075988915857]},"properties":{"ESA_ESPECIE":"APS","NOMBRE_COMUN":"Falso plátano","NOMBRE_ESPECIE":"Acer pseudoplatanus","ALTURA":"4,2","MINTDISTRITO":"03","NOMBRE_DISTRITO":"RETIRO","MINTBARRIO":"035","NOMBRE_BARRIO":"LOS JERONIMOS","OBJECTID":9900789}},{"type":"Feature","id":9781720,"geometry":{"type":"Point","coordinates":[-3.6814102488352924,40.420006734238598]},"properties":{"ESA_ESPECIE":"PDA","NOMBRE_COMUN":"Plátano de sombra/Platanus x hybrida","NOMBRE_ESPECIE":"Platanus x hispanica","ALTURA":"21","MINTDISTRITO":"03","NOMBRE_DISTRITO":"RETIRO","MINTBARRIO":"035","NOMBRE_BARRIO":"LOS JERONIMOS","OBJECTID":9781720}},{"type":"Feature","id":9809311,"geometry":{"type":"Point","coordinates":[-3.6816794284847436,40.418059932289545]},"properties":{"ESA_ESPECIE":"AHI","NOMBRE_COMUN":"Castaño de indias","NOMBRE_ESPECIE":"Aesculus hippocastanum","ALTURA":"7","MINTDISTRITO":"03","NOMBRE_DISTRITO":"RETIRO","MINTBARRIO":"035","NOMBRE_BARRIO":"LOS JERONIMOS","OBJECTID":9809311}},{"type":"Feature","id":9767064,"geometry":{"type":"Point","coordinates":[-3.6826363989158453,40.418866707347895]},"properties":{"ESA_ESPECIE":"TFO","NOMBRE_COMUN":"Palma de Fortune","NOMBRE_ESPECIE":"Trachycarpus fortunei","ALTURA":null,"MINTDISTRITO":"03","NOMBRE_DISTRITO":"RETIRO","MINTBARRIO":"035","NOMBRE_BARRIO":"LOS JERONIMOS","OBJECTID":9767064}},{"type":"Feature","id":9808315,"geometry":{"type":"Point","coordinates":[-3.6831457463735013,40.418556639934664]},"properties":{"ESA_ESPECIE":"FOR","NOMBRE_COMUN":"Fresno de flor","NOMBRE_ESPECIE":"Fraxinus ornus","ALTURA":"6,5","MINTDISTRITO":"03","NOMBRE_DISTRITO":"RETIRO","MINTBARRIO":"035","NOMBRE_BARRIO":"LOS JERONIMOS","OBJECTID":9808315}},{"type":"Feature","id":9900826,"geometry":{"type":"Point","coordinates":[-3.6832533937992245,40.418952212641948]},"properties":{"ESA_ESPECIE":"APS","NOMBRE_COMUN":"Falso plátano","NOMBRE_ESPECIE":"Acer pseudoplatanus","ALTURA":"4,2","MINTDISTRITO":"03","NOMBRE_DISTRITO":"RETIRO","MINTBARRIO":"035","NOMBRE_BARRIO":"LOS JERONIMOS","OBJECTID":9900826}},{"type":"Feature","id":9811967,"geometry":{"type":"Point","coordinates":[-3.6827064741510585,40.420078772263309]},"properties":{"ESA_ESPECIE":"MFL","NOMBRE_COMUN":"Manzano japonés","NOMBRE_ESPECIE":"Malus floribunda","ALTURA":"5","MINTDISTRITO":"03","NOMBRE_DISTRITO":"RETIRO","MINTBARRIO":"035","NOMBRE_BARRIO":"LOS JERONIMOS","OBJECTID":9811967}},{"type":"Feature","id":9769265,"geometry":{"type":"Point","coordinates":[-3.6794693135365293,40.418033734784018]},"properties":{"ESA_ESPECIE":"CSI","NOMBRE_COMUN":"Árbol del amor","NOMBRE_ESPECIE":"Cercis siliquastrum","ALTURA":"3","MINTDISTRITO":"03","NOMBRE_DISTRITO":"RETIRO","MINTBARRIO":"035","NOMBRE_BARRIO":"LOS JERONIMOS","OBJECTID":9769265}},{"type":"Feature","id":9814266,"geometry":{"type":"Point","coordinates":[-3.6799125858612545,40.418896988367031]},"properties":{"ESA_ESPECIE":"APS","NOMBRE_COMUN":"Falso plátano","NOMBRE_ESPECIE":"Acer pseudoplatanus","ALTURA":"5,25","MINTDISTRITO":"03","NOMBRE_DISTRITO":"RETIRO","MINTBARRIO":"035","NOMBRE_BARRIO":"LOS JERONIMOS","OBJECTID":9814266}},{"type":"Feature","id":9766068,"geometry":{"type":"Point","coordinates":[-3.6804189941257608,40.418062834488325]},"properties":{"ESA_ESPECIE":"PDA","NOMBRE_COMUN":"Plátano de sombra/Platanus x hybrida","NOMBRE_ESPECIE":"Platanus x hispanica","ALTURA":"15","MINTDISTRITO":"03","NOMBRE_DISTRITO":"RETIRO","MINTBARRIO":"035","NOMBRE_BARRIO":"LOS JERONIMOS","OBJECTID":9766068}},{"type":"Feature","id":9799364,"geometry":{"type":"Point","coordinates":[-3.6804176471624777,40.419658380570397]},"properties":{"ESA_ESPECIE":"AHI","NOMBRE_COMUN":"Castaño de indias","NOMBRE_ESPECIE":"Aesculus hippocastanum","ALTURA":"8,5","MINTDISTRITO":"03","NOMBRE_DISTRITO":"RETIRO","MINTBARRIO":"035","NOMBRE_BARRIO":"LOS JERONIMOS","OBJECTID":9799364}},{"type":"Feature","id":9766314,"geometry":{"type":"Point","coordinates":[-3.6801202795841599,40.420182258462454]},"properties":{"ESA_ESPECIE":"AHI","NOMBRE_COMUN":"Castaño de indias","NOMBRE_ESPECIE":"Aesculus hippocastanum","ALTURA":"12","MINTDISTRITO":"03","NOMBRE_DISTRITO":"RETIRO","MINTBARRIO":"035","NOMBRE_BARRIO":"LOS JERONIMOS","OBJECTID":9766314}},{"type":"Feature","id":9782052,"geometry":{"type":"Point","coordinates":[-3.6817669976936407,40.419989135523188]},"properties":{"ESA_ESPECIE":"AHI","NOMBRE_COMUN":"Castaño de indias","NOMBRE_ESPECIE":"Aesculus hippocastanum","ALTURA":"9,5","MINTDISTRITO":"03","NOMBRE_DISTRITO":"RETIRO","MINTBARRIO":"035","NOMBRE_BARRIO":"LOS JERONIMOS","OBJECTID":9782052}},{"type":"Feature","id":9812262,"geometry":{"type":"Point","coordinates":[-3.6805598919742484,40.408657560953593]},"properties":{"ESA_ESPECIE":"CSE","NOMBRE_COMUN":"Ciprés común","NOMBRE_ESPECIE":"Cupressus sempervirens","ALTURA":"9,5","MINTDISTRITO":"03","NOMBRE_DISTRITO":"RETIRO","MINTBARRIO":"035","NOMBRE_BARRIO":"LOS JERONIMOS","OBJECTID":9812262}},{"type":"Feature","id":9764642,"geometry":{"type":"Point","coordinates":[-3.6800177444311966,40.409253529055249]},"properties":{"ESA_ESPECIE":"EAN","NOMBRE_COMUN":"Árbol del paraíso","NOMBRE_ESPECIE":"Elaeagnus Angustifolia","ALTURA":"2,5","MINTDISTRITO":"03","NOMBRE_DISTRITO":"RETIRO","MINTBARRIO":"035","NOMBRE_BARRIO":"LOS JERONIMOS","OBJECTID":9764642}},{"type":"Feature","id":9782298,"geometry":{"type":"Point","coordinates":[-3.679838900714044,40.408524216118295]},"properties":{"ESA_ESPECIE":"CLE","NOMBRE_COMUN":"Ciprés de Leyland/x Cupressocyparis leylandii","NOMBRE_ESPECIE":"x Cupressocyparis x leylandii","ALTURA":"3,5","MINTDISTRITO":"03","NOMBRE_DISTRITO":"RETIRO","MINTBARRIO":"035","NOMBRE_BARRIO":"LOS JERONIMOS","OBJECTID":9782298}},{"type":"Feature","id":9778671,"geometry":{"type":"Point","coordinates":[-3.6795131737482438,40.409139557923183]},"properties":{"ESA_ESPECIE":"LJA","NOMBRE_COMUN":"Aligustre del Japón","NOMBRE_ESPECIE":"Ligustrum japonicum","ALTURA":"9","MINTDISTRITO":"03","NOMBRE_DISTRITO":"RETIRO","MINTBARRIO":"035","NOMBRE_BARRIO":"LOS JERONIMOS","OBJECTID":9778671}},{"type":"Feature","id":9813590,"geometry":{"type":"Point","coordinates":[-3.6788517720910807,40.408429592040221]},"properties":{"ESA_ESPECIE":"SJA","NOMBRE_COMUN":"Acacia del Japón/Sophora japonica","NOMBRE_ESPECIE":"Styphnolobium japonicum","ALTURA":"2,8","MINTDISTRITO":"03","NOMBRE_DISTRITO":"RETIRO","MINTBARRIO":"035","NOMBRE_BARRIO":"LOS JERONIMOS","OBJECTID":9813590}},{"type":"Feature","id":9799573,"geometry":{"type":"Point","coordinates":[-3.6791906368602594,40.418652221705358]},"properties":{"ESA_ESPECIE":"AHI","NOMBRE_COMUN":"Castaño de indias","NOMBRE_ESPECIE":"Aesculus hippocastanum","ALTURA":"9","MINTDISTRITO":"03","NOMBRE_DISTRITO":"RETIRO","MINTBARRIO":"035","NOMBRE_BARRIO":"LOS JERONIMOS","OBJECTID":9799573}},{"type":"Feature","id":9767605,"geometry":{"type":"Point","coordinates":[-3.6830756080858214,40.410009292209246]},"properties":{"ESA_ESPECIE":"CBE","NOMBRE_COMUN":"Carpe","NOMBRE_ESPECIE":"Carpinus betulus","ALTURA":"4,5","MINTDISTRITO":"03","NOMBRE_DISTRITO":"RETIRO","MINTBARRIO":"035","NOMBRE_BARRIO":"LOS JERONIMOS","OBJECTID":9767605}},{"type":"Feature","id":9777675,"geometry":{"type":"Point","coordinates":[-3.6821309033285545,40.41016189740769]},"properties":{"ESA_ESPECIE":"AHI","NOMBRE_COMUN":"Castaño de indias","NOMBRE_ESPECIE":"Aesculus hippocastanum","ALTURA":"10","MINTDISTRITO":"03","NOMBRE_DISTRITO":"RETIRO","MINTBARRIO":"035","NOMBRE_BARRIO":"LOS JERONIMOS","OBJECTID":9777675}},{"type":"Feature","id":9777638,"geometry":{"type":"Point","coordinates":[-3.6821577695199164,40.409862548034951]},"properties":{"ESA_ESPECIE":"GTR","NOMBRE_COMUN":"Acacia de tres espinas","NOMBRE_ESPECIE":"Gleditsia triacanthos","ALTURA":"18","MINTDISTRITO":"03","NOMBRE_DISTRITO":"RETIRO","MINTBARRIO":"035","NOMBRE_BARRIO":"LOS JERONIMOS","OBJECTID":9777638}},{"type":"Feature","id":9782593,"geometry":{"type":"Point","coordinates":[-3.6810266655115815,40.409453267632031]},"properties":{"ESA_ESPECIE":"LJA","NOMBRE_COMUN":"Aligustre del Japón","NOMBRE_ESPECIE":"Ligustrum japonicum","ALTURA":"16","MINTDISTRITO":"03","NOMBRE_DISTRITO":"RETIRO","MINTBARRIO":"035","NOMBRE_BARRIO":"LOS JERONIMOS","OBJECTID":9782593}},{"type":"Feature","id":9812594,"geometry":{"type":"Point","coordinates":[-3.6809615117612684,40.40925541600285]},"properties":{"ESA_ESPECIE":"CSI","NOMBRE_COMUN":"Árbol del amor","NOMBRE_ESPECIE":"Cercis siliquastrum","ALTURA":"7","MINTDISTRITO":"03","NOMBRE_DISTRITO":"RETIRO","MINTBARRIO":"035","NOMBRE_BARRIO":"LOS JERONIMOS","OBJECTID":9812594}},{"type":"Feature","id":9751412,"geometry":{"type":"Point","coordinates":[-3.6809619659650639,40.408701683977064]},"properties":{"ESA_ESPECIE":"CLE","NOMBRE_COMUN":"Ciprés de Leyland","NOMBRE_ESPECIE":"X Cupressocyparis leylandii","ALTURA":"6","MINTDISTRITO":"03","NOMBRE_DISTRITO":"RETIRO","MINTBARRIO":"035","NOMBRE_BARRIO":"LOS JERONIMOS","OBJECTID":9751412}},{"type":"Feature","id":9751953,"geometry":{"type":"Point","coordinates":[-3.6802928625577795,40.411608236447115]},"properties":{"ESA_ESPECIE":"AHI","NOMBRE_COMUN":"Castaño de indias","NOMBRE_ESPECIE":"Aesculus hippocastanum","ALTURA":"3.5","MINTDISTRITO":"03","NOMBRE_DISTRITO":"RETIRO","MINTBARRIO":"035","NOMBRE_BARRIO":"LOS JERONIMOS","OBJECTID":9751953}},{"type":"Feature","id":9800692,"geometry":{"type":"Point","coordinates":[-3.6817492897069144,40.411168559129457]},"properties":{"ESA_ESPECIE":"AHI","NOMBRE_COMUN":"Castaño de indias","NOMBRE_ESPECIE":"Aesculus hippocastanum","ALTURA":"5,5","MINTDISTRITO":"03","NOMBRE_DISTRITO":"RETIRO","MINTBARRIO":"035","NOMBRE_BARRIO":"LOS JERONIMOS","OBJECTID":9800692}},{"type":"Feature","id":9815262,"geometry":{"type":"Point","coordinates":[-3.6820191683221992,40.411251742721241]},"properties":{"ESA_ESPECIE":"KPA","NOMBRE_COMUN":"Árbol de los farolitos","NOMBRE_ESPECIE":"Koelreuteria paniculata","ALTURA":"5","MINTDISTRITO":"03","NOMBRE_DISTRITO":"RETIRO","MINTBARRIO":"035","NOMBRE_BARRIO":"LOS JERONIMOS","OBJECTID":9815262}},{"type":"Feature","id":9780970,"geometry":{"type":"Point","coordinates":[-3.6826528756920553,40.412109908351361]},"properties":{"ESA_ESPECIE":"QRO","NOMBRE_COMUN":"Roble común","NOMBRE_ESPECIE":"Quercus robur","ALTURA":"10","MINTDISTRITO":"03","NOMBRE_DISTRITO":"RETIRO","MINTBARRIO":"035","NOMBRE_BARRIO":"LOS JERONIMOS","OBJECTID":9780970}},{"type":"Feature","id":9806557,"geometry":{"type":"Point","coordinates":[-3.6831138132396983,40.411578876833737]},"properties":{"ESA_ESPECIE":"CSI","NOMBRE_COMUN":"Árbol del amor","NOMBRE_ESPECIE":"Cercis siliquastrum","ALTURA":"7","MINTDISTRITO":"03","NOMBRE_DISTRITO":"RETIRO","MINTBARRIO":"035","NOMBRE_BARRIO":"LOS JERONIMOS","OBJECTID":9806557}},{"type":"Feature","id":9769720,"geometry":{"type":"Point","coordinates":[-3.6828685687948286,40.410257813861222]},"properties":{"ESA_ESPECIE":"PDU","NOMBRE_COMUN":"Almendro","NOMBRE_ESPECIE":"Prunus dulcis","ALTURA":"3","MINTDISTRITO":"03","NOMBRE_DISTRITO":"RETIRO","MINTBARRIO":"035","NOMBRE_BARRIO":"LOS JERONIMOS","OBJECTID":9769720}},{"type":"Feature","id":9799610,"geometry":{"type":"Point","coordinates":[-3.6791344325698425,40.414519776169101]},"properties":{"ESA_ESPECIE":"CAT","NOMBRE_COMUN":"Cedro del Atlas","NOMBRE_ESPECIE":"Cedrus atlantica","ALTURA":"17","MINTDISTRITO":"03","NOMBRE_DISTRITO":"RETIRO","MINTBARRIO":"035","NOMBRE_BARRIO":"LOS JERONIMOS","OBJECTID":9799610}},{"type":"Feature","id":9896498,"geometry":{"type":"Point","coordinates":[-3.6800500022867881,40.413125441613062]},"properties":{"ESA_ESPECIE":"MAZ","NOMBRE_COMUN":"Malvas","NOMBRE_ESPECIE":"Malva sp","ALTURA":"4,5","MINTDISTRITO":"03","NOMBRE_DISTRITO":"RETIRO","MINTBARRIO":"035","NOMBRE_BARRIO":"LOS JERONIMOS","OBJECTID":9896498}},{"type":"Feature","id":9769068,"geometry":{"type":"Point","coordinates":[-3.6785499308446727,40.412545684373207]},"properties":{"ESA_ESPECIE":"CDE","NOMBRE_COMUN":"Cedro llorón","NOMBRE_ESPECIE":"Cedrus deodara","ALTURA":"22","MINTDISTRITO":"03","NOMBRE_DISTRITO":"RETIRO","MINTBARRIO":"035","NOMBRE_BARRIO":"LOS JERONIMOS","OBJECTID":9769068}},{"type":"Feature","id":9813922,"geometry":{"type":"Point","coordinates":[-3.6795293591023941,40.410071459163255]},"properties":{"ESA_ESPECIE":"PDA","NOMBRE_COMUN":"Plátano de sombra/Platanus x hybrida","NOMBRE_ESPECIE":"Platanus x hispanica","ALTURA":"3","MINTDISTRITO":"03","NOMBRE_DISTRITO":"RETIRO","MINTBARRIO":"035","NOMBRE_BARRIO":"LOS JERONIMOS","OBJECTID":9813922}},{"type":"Feature","id":9810639,"geometry":{"type":"Point","coordinates":[-3.680774477757168,40.411727170805804]},"properties":{"ESA_ESPECIE":"AHI","NOMBRE_COMUN":"Castaño de indias","NOMBRE_ESPECIE":"Aesculus hippocastanum","ALTURA":"8","MINTDISTRITO":"03","NOMBRE_DISTRITO":"RETIRO","MINTBARRIO":"035","NOMBRE_BARRIO":"LOS JERONIMOS","OBJECTID":9810639}},{"type":"Feature","id":9764986,"geometry":{"type":"Point","coordinates":[-3.6802971460014424,40.411315680829212]},"properties":{"ESA_ESPECIE":"PPI","NOMBRE_COMUN":"Pino piñonero","NOMBRE_ESPECIE":"Pinus pinea","ALTURA":"5","MINTDISTRITO":"03","NOMBRE_DISTRITO":"RETIRO","MINTBARRIO":"035","NOMBRE_BARRIO":"LOS JERONIMOS","OBJECTID":9764986}},{"type":"Feature","id":9779298,"geometry":{"type":"Point","coordinates":[-3.680935594510292,40.417295014962356]},"properties":{"ESA_ESPECIE":"CEL","NOMBRE_COMUN":"Galán rojo","NOMBRE_ESPECIE":"Cestrum elegans","ALTURA":"22","MINTDISTRITO":"03","NOMBRE_DISTRITO":"RETIRO","MINTBARRIO":"035","NOMBRE_BARRIO":"LOS JERONIMOS","OBJECTID":9779298}},{"type":"Feature","id":9767310,"geometry":{"type":"Point","coordinates":[-3.6802982807102289,40.417874354839995]},"properties":{"ESA_ESPECIE":"PDA","NOMBRE_COMUN":"Plátano de sombra/Platanus x hybrida","NOMBRE_ESPECIE":"Platanus x hispanica","ALTURA":"16","MINTDISTRITO":"03","NOMBRE_DISTRITO":"RETIRO","MINTBARRIO":"035","NOMBRE_BARRIO":"LOS JERONIMOS","OBJECTID":9767310}},{"type":"Feature","id":9767396,"geometry":{"type":"Point","coordinates":[-3.6799532026775505,40.417784492514201]},"properties":{"ESA_ESPECIE":"CSI","NOMBRE_COMUN":"Árbol del amor","NOMBRE_ESPECIE":"Cercis siliquastrum","ALTURA":"6","MINTDISTRITO":"03","NOMBRE_DISTRITO":"RETIRO","MINTBARRIO":"035","NOMBRE_BARRIO":"LOS JERONIMOS","OBJECTID":9767396}},{"type":"Feature","id":9815016,"geometry":{"type":"Point","coordinates":[-3.6797566805513724,40.416159397564115]},"properties":{"ESA_ESPECIE":"AHI","NOMBRE_COMUN":"Castaño de indias","NOMBRE_ESPECIE":"Aesculus hippocastanum","ALTURA":"1,5","MINTDISTRITO":"03","NOMBRE_DISTRITO":"RETIRO","MINTBARRIO":"035","NOMBRE_BARRIO":"LOS JERONIMOS","OBJECTID":9815016}},{"type":"Feature","id":9766277,"geometry":{"type":"Point","coordinates":[-3.679494392077864,40.416014569308821]},"properties":{"ESA_ESPECIE":"CAT","NOMBRE_COMUN":"Cedro del Atlas","NOMBRE_ESPECIE":"Cedrus atlantica","ALTURA":"13","MINTDISTRITO":"03","NOMBRE_DISTRITO":"RETIRO","MINTBARRIO":"035","NOMBRE_BARRIO":"LOS JERONIMOS","OBJECTID":9766277}},{"type":"Feature","id":9799905,"geometry":{"type":"Point","coordinates":[-3.6785956920573888,40.414922229697581]},"properties":{"ESA_ESPECIE":"MALP","NOMBRE_COMUN":"Morera llorona","NOMBRE_ESPECIE":"Morus alba 'Pendula'","ALTURA":"3","MINTDISTRITO":"03","NOMBRE_DISTRITO":"RETIRO","MINTBARRIO":"035","NOMBRE_BARRIO":"LOS JERONIMOS","OBJECTID":9799905}},{"type":"Feature","id":9809643,"geometry":{"type":"Point","coordinates":[-3.6818538982227769,40.414355913624362]},"properties":{"ESA_ESPECIE":"CAT","NOMBRE_COMUN":"Cedro del Atlas","NOMBRE_ESPECIE":"Cedrus atlantica","ALTURA":"23","MINTDISTRITO":"03","NOMBRE_DISTRITO":"RETIRO","MINTBARRIO":"035","NOMBRE_BARRIO":"LOS JERONIMOS","OBJECTID":9809643}},{"type":"Feature","id":9780294,"geometry":{"type":"Point","coordinates":[-3.6822624632154608,40.414768622526445]},"properties":{"ESA_ESPECIE":"PDA","NOMBRE_COMUN":"Plátano de sombra/Platanus x hybrida","NOMBRE_ESPECIE":"Platanus x hispanica","ALTURA":"18","MINTDISTRITO":"03","NOMBRE_DISTRITO":"RETIRO","MINTBARRIO":"035","NOMBRE_BARRIO":"LOS JERONIMOS","OBJECTID":9780294}},{"type":"Feature","id":9783294,"geometry":{"type":"Point","coordinates":[-3.6831878078117719,40.41412774989314]},"properties":{"ESA_ESPECIE":"TFO","NOMBRE_COMUN":"Palma de Fortune","NOMBRE_ESPECIE":"Trachycarpus fortunei","ALTURA":"3","MINTDISTRITO":"03","NOMBRE_DISTRITO":"RETIRO","MINTBARRIO":"035","NOMBRE_BARRIO":"LOS JERONIMOS","OBJECTID":9783294}},{"type":"Feature","id":9780638,"geometry":{"type":"Point","coordinates":[-3.6829038644697856,40.415508623116324]},"properties":{"ESA_ESPECIE":"AHI","NOMBRE_COMUN":"Castaño de indias","NOMBRE_ESPECIE":"Aesculus hippocastanum","ALTURA":"9","MINTDISTRITO":"03","NOMBRE_DISTRITO":"RETIRO","MINTBARRIO":"035","NOMBRE_BARRIO":"LOS JERONIMOS","OBJECTID":9780638}},{"type":"Feature","id":9809606,"geometry":{"type":"Point","coordinates":[-3.6813627539116127,40.416287475855412]},"properties":{"ESA_ESPECIE":"AHI","NOMBRE_COMUN":"Castaño de indias","NOMBRE_ESPECIE":"Aesculus hippocastanum","ALTURA":"9","MINTDISTRITO":"03","NOMBRE_DISTRITO":"RETIRO","MINTBARRIO":"035","NOMBRE_BARRIO":"LOS JERONIMOS","OBJECTID":9809606}},{"type":"Feature","id":9809938,"geometry":{"type":"Point","coordinates":[-3.6812498226014116,40.415560471302904]},"properties":{"ESA_ESPECIE":"SJA","NOMBRE_COMUN":"Acacia del Japón/Sophora japonica","NOMBRE_ESPECIE":"Styphnolobium japonicum","ALTURA":"10,5","MINTDISTRITO":"03","NOMBRE_DISTRITO":"RETIRO","MINTBARRIO":"035","NOMBRE_BARRIO":"LOS JERONIMOS","OBJECTID":9809938}},{"type":"Feature","id":9806348,"geometry":{"type":"Point","coordinates":[-3.6855840629815773,40.413320597792172]},"properties":{"ESA_ESPECIE":"AHI","NOMBRE_COMUN":"Castaño de indias","NOMBRE_ESPECIE":"Aesculus hippocastanum","ALTURA":"14","MINTDISTRITO":"03","NOMBRE_DISTRITO":"RETIRO","MINTBARRIO":"035","NOMBRE_BARRIO":"LOS JERONIMOS","OBJECTID":9806348}},{"type":"Feature","id":9773593,"geometry":{"type":"Point","coordinates":[-3.684173832918495,40.412812903788698]},"properties":{"ESA_ESPECIE":"AHI","NOMBRE_COMUN":"Castaño de indias","NOMBRE_ESPECIE":"Aesculus hippocastanum","ALTURA":"12","MINTDISTRITO":"03","NOMBRE_DISTRITO":"RETIRO","MINTBARRIO":"035","NOMBRE_BARRIO":"LOS JERONIMOS","OBJECTID":9773593}},{"type":"Feature","id":9806016,"geometry":{"type":"Point","coordinates":[-3.6842013891305445,40.413454068255582]},"properties":{"ESA_ESPECIE":"AHI","NOMBRE_COMUN":"Castaño de indias","NOMBRE_ESPECIE":"Aesculus hippocastanum","ALTURA":"8,5","MINTDISTRITO":"03","NOMBRE_DISTRITO":"RETIRO","MINTBARRIO":"035","NOMBRE_BARRIO":"LOS JERONIMOS","OBJECTID":9806016}},{"type":"Feature","id":9805561,"geometry":{"type":"Point","coordinates":[-3.683695188777028,40.412531913896728]},"properties":{"ESA_ESPECIE":"ACA","NOMBRE_COMUN":"Arce campestre","NOMBRE_ESPECIE":"Acer campestre","ALTURA":"8,5","MINTDISTRITO":"03","NOMBRE_DISTRITO":"RETIRO","MINTBARRIO":"035","NOMBRE_BARRIO":"LOS JERONIMOS","OBJECTID":9805561}},{"type":"Feature","id":9783380,"geometry":{"type":"Point","coordinates":[-3.6825831806321947,40.412874738195683]},"properties":{"ESA_ESPECIE":"TFO","NOMBRE_COMUN":"Palma de Fortune","NOMBRE_ESPECIE":"Trachycarpus fortunei","ALTURA":"7","MINTDISTRITO":"03","NOMBRE_DISTRITO":"RETIRO","MINTBARRIO":"035","NOMBRE_BARRIO":"LOS JERONIMOS","OBJECTID":9783380}},{"type":"Feature","id":9810934,"geometry":{"type":"Point","coordinates":[-3.6815313573065369,40.413247089095577]},"properties":{"ESA_ESPECIE":"AHI","NOMBRE_COMUN":"Castaño de indias","NOMBRE_ESPECIE":"Aesculus hippocastanum","ALTURA":"14","MINTDISTRITO":"03","NOMBRE_DISTRITO":"RETIRO","MINTBARRIO":"035","NOMBRE_BARRIO":"LOS JERONIMOS","OBJECTID":9810934}},{"type":"Feature","id":9772720,"geometry":{"type":"Point","coordinates":[-3.6854174176500321,40.41380518278671]},"properties":{"ESA_ESPECIE":"CSI","NOMBRE_COMUN":"Árbol del amor","NOMBRE_ESPECIE":"Cercis siliquastrum","ALTURA":"7","MINTDISTRITO":"03","NOMBRE_DISTRITO":"RETIRO","MINTBARRIO":"035","NOMBRE_BARRIO":"LOS JERONIMOS","OBJECTID":9772720}},{"type":"Feature","id":9805020,"geometry":{"type":"Point","coordinates":[-3.685181437017186,40.413947699302717]},"properties":{"ESA_ESPECIE":"GTR","NOMBRE_COMUN":"Acacia de tres espinas","NOMBRE_ESPECIE":"Gleditsia triacanthos","ALTURA":"12","MINTDISTRITO":"03","NOMBRE_DISTRITO":"RETIRO","MINTBARRIO":"035","NOMBRE_BARRIO":"LOS JERONIMOS","OBJECTID":9805020}},{"type":"Feature","id":9772019,"geometry":{"type":"Point","coordinates":[-3.684845975005187,40.414256228858171]},"properties":{"ESA_ESPECIE":"QRU","NOMBRE_COMUN":"Roble americano","NOMBRE_ESPECIE":"Quercus rubra","ALTURA":"9","MINTDISTRITO":"03","NOMBRE_DISTRITO":"RETIRO","MINTBARRIO":"035","NOMBRE_BARRIO":"LOS JERONIMOS","OBJECTID":9772019}},{"type":"Feature","id":9805229,"geometry":{"type":"Point","coordinates":[-3.6845540889094806,40.414075515110014]},"properties":{"ESA_ESPECIE":"AHI","NOMBRE_COMUN":"Castaño de indias","NOMBRE_ESPECIE":"Aesculus hippocastanum","ALTURA":"14","MINTDISTRITO":"03","NOMBRE_DISTRITO":"RETIRO","MINTBARRIO":"035","NOMBRE_BARRIO":"LOS JERONIMOS","OBJECTID":9805229}},{"type":"Feature","id":9806643,"geometry":{"type":"Point","coordinates":[-3.6847779209847196,40.413227410706021]},"properties":{"ESA_ESPECIE":"CSI","NOMBRE_COMUN":"Árbol del amor","NOMBRE_ESPECIE":"Cercis siliquastrum","ALTURA":"4,5","MINTDISTRITO":"03","NOMBRE_DISTRITO":"RETIRO","MINTBARRIO":"035","NOMBRE_BARRIO":"LOS JERONIMOS","OBJECTID":9806643}},{"type":"Feature","id":9773347,"geometry":{"type":"Point","coordinates":[-3.6850119887382995,40.413145149876485]},"properties":{"ESA_ESPECIE":"CAU","NOMBRE_COMUN":"Almez","NOMBRE_ESPECIE":"Celtis australis","ALTURA":"16","MINTDISTRITO":"03","NOMBRE_DISTRITO":"RETIRO","MINTBARRIO":"035","NOMBRE_BARRIO":"LOS JERONIMOS","OBJECTID":9773347}},{"type":"Feature","id":9771724,"geometry":{"type":"Point","coordinates":[-3.6851255104382377,40.416364762625214]},"properties":{"ESA_ESPECIE":"AHI","NOMBRE_COMUN":"Castaño de indias","NOMBRE_ESPECIE":"Aesculus hippocastanum","ALTURA":"15","MINTDISTRITO":"03","NOMBRE_DISTRITO":"RETIRO","MINTBARRIO":"035","NOMBRE_BARRIO":"LOS JERONIMOS","OBJECTID":9771724}},{"type":"Feature","id":9803655,"geometry":{"type":"Point","coordinates":[-3.6855606572326693,40.41603710067983]},"properties":{"ESA_ESPECIE":"PAL","NOMBRE_COMUN":"Álamo blanco","NOMBRE_ESPECIE":"Populus alba","ALTURA":"13","MINTDISTRITO":"03","NOMBRE_DISTRITO":"RETIRO","MINTBARRIO":"035","NOMBRE_BARRIO":"LOS JERONIMOS","OBJECTID":9803655}},{"type":"Feature","id":9777343,"geometry":{"type":"Point","coordinates":[-3.6833622402375608,40.415663663249674]},"properties":{"ESA_ESPECIE":"AHI","NOMBRE_COMUN":"Castaño de indias","NOMBRE_ESPECIE":"Aesculus hippocastanum","ALTURA":"6,5","MINTDISTRITO":"03","NOMBRE_DISTRITO":"RETIRO","MINTBARRIO":"035","NOMBRE_BARRIO":"LOS JERONIMOS","OBJECTID":9777343}},{"type":"Feature","id":9772265,"geometry":{"type":"Point","coordinates":[-3.6841336361516244,40.414089003818845]},"properties":{"ESA_ESPECIE":"AHI","NOMBRE_COMUN":"Castaño de indias","NOMBRE_ESPECIE":"Aesculus hippocastanum","ALTURA":"12","MINTDISTRITO":"03","NOMBRE_DISTRITO":"RETIRO","MINTBARRIO":"035","NOMBRE_BARRIO":"LOS JERONIMOS","OBJECTID":9772265}},{"type":"Feature","id":9804983,"geometry":{"type":"Point","coordinates":[-3.684130137554869,40.414709477942857]},"properties":{"ESA_ESPECIE":"AHI","NOMBRE_COMUN":"Castaño de indias","NOMBRE_ESPECIE":"Aesculus hippocastanum","ALTURA":"14","MINTDISTRITO":"03","NOMBRE_DISTRITO":"RETIRO","MINTBARRIO":"035","NOMBRE_BARRIO":"LOS JERONIMOS","OBJECTID":9804983}},{"type":"Feature","id":9780626,"geometry":{"type":"Point","coordinates":[-3.6839951488563392,40.415113701936178]},"properties":{"ESA_ESPECIE":"AHI","NOMBRE_COMUN":"Castaño de indias","NOMBRE_ESPECIE":"Aesculus hippocastanum","ALTURA":"9","MINTDISTRITO":"03","NOMBRE_DISTRITO":"RETIRO","MINTBARRIO":"035","NOMBRE_BARRIO":"LOS JERONIMOS","OBJECTID":9780626}},{"type":"Feature","id":9807639,"geometry":{"type":"Point","coordinates":[-3.6871014026364657,40.417375861132143]},"properties":{"ESA_ESPECIE":"AHI","NOMBRE_COMUN":"Castaño de indias","NOMBRE_ESPECIE":"Aesculus hippocastanum","ALTURA":"12","MINTDISTRITO":"03","NOMBRE_DISTRITO":"RETIRO","MINTBARRIO":"035","NOMBRE_BARRIO":"LOS JERONIMOS","OBJECTID":9807639}},{"type":"Feature","id":9776347,"geometry":{"type":"Point","coordinates":[-3.686675317209628,40.41719205843372]},"properties":{"ESA_ESPECIE":"AHI","NOMBRE_COMUN":"Castaño de indias","NOMBRE_ESPECIE":"Aesculus hippocastanum","ALTURA":"12","MINTDISTRITO":"03","NOMBRE_DISTRITO":"RETIRO","MINTBARRIO":"035","NOMBRE_BARRIO":"LOS JERONIMOS","OBJECTID":9776347}},{"type":"Feature","id":9804233,"geometry":{"type":"Point","coordinates":[-3.6864687636092683,40.416091721699253]},"properties":{"ESA_ESPECIE":"AHI","NOMBRE_COMUN":"Castaño de indias","NOMBRE_ESPECIE":"Aesculus hippocastanum","ALTURA":"13","MINTDISTRITO":"03","NOMBRE_DISTRITO":"RETIRO","MINTBARRIO":"035","NOMBRE_BARRIO":"LOS JERONIMOS","OBJECTID":9804233}},{"type":"Feature","id":9771392,"geometry":{"type":"Point","coordinates":[-3.6857055178301241,40.415443842560151]},"properties":{"ESA_ESPECIE":"AHI","NOMBRE_COMUN":"Castaño de indias","NOMBRE_ESPECIE":"Aesculus hippocastanum","ALTURA":"12","MINTDISTRITO":"03","NOMBRE_DISTRITO":"RETIRO","MINTBARRIO":"035","NOMBRE_BARRIO":"LOS JERONIMOS","OBJECTID":9771392}},{"type":"Feature","id":9803901,"geometry":{"type":"Point","coordinates":[-3.6856322260882086,40.415515655919968]},"properties":{"ESA_ESPECIE":"AHI","NOMBRE_COMUN":"Castaño de indias","NOMBRE_ESPECIE":"Aesculus hippocastanum","ALTURA":"11","MINTDISTRITO":"03","NOMBRE_DISTRITO":"RETIRO","MINTBARRIO":"035","NOMBRE_BARRIO":"LOS JERONIMOS","OBJECTID":9803901}},{"type":"Feature","id":9804688,"geometry":{"type":"Point","coordinates":[-3.6851337264324888,40.415872126154916]},"properties":{"ESA_ESPECIE":"FAN","NOMBRE_COMUN":"Fresno de la tierra","NOMBRE_ESPECIE":"Fraxinus angustifolia","ALTURA":"17,5","MINTDISTRITO":"03","NOMBRE_DISTRITO":"RETIRO","MINTBARRIO":"035","NOMBRE_BARRIO":"LOS JERONIMOS","OBJECTID":9804688}},{"type":"Feature","id":9771687,"geometry":{"type":"Point","coordinates":[-3.6869808328506899,40.416329428989989]},"properties":{"ESA_ESPECIE":"AHI","NOMBRE_COMUN":"Castaño de indias","NOMBRE_ESPECIE":"Aesculus hippocastanum","ALTURA":"13","MINTDISTRITO":"03","NOMBRE_DISTRITO":"RETIRO","MINTBARRIO":"035","NOMBRE_BARRIO":"LOS JERONIMOS","OBJECTID":9771687}},{"type":"Feature","id":9765736,"geometry":{"type":"Point","coordinates":[-3.6873564564067967,40.416439359121284]},"properties":{"ESA_ESPECIE":"GTR","NOMBRE_COMUN":"Acacia de tres espinas","NOMBRE_ESPECIE":"Gleditsia triacanthos","ALTURA":"7","MINTDISTRITO":"03","NOMBRE_DISTRITO":"RETIRO","MINTBARRIO":"035","NOMBRE_BARRIO":"LOS JERONIMOS","OBJECTID":9765736}},{"type":"Feature","id":9803987,"geometry":{"type":"Point","coordinates":[-3.6874669202876227,40.416428639240181]},"properties":{"ESA_ESPECIE":"AHI","NOMBRE_COMUN":"Castaño de indias","NOMBRE_ESPECIE":"Aesculus hippocastanum","ALTURA":"8","MINTDISTRITO":"03","NOMBRE_DISTRITO":"RETIRO","MINTBARRIO":"035","NOMBRE_BARRIO":"LOS JERONIMOS","OBJECTID":9803987}},{"type":"Feature","id":9803360,"geometry":{"type":"Point","coordinates":[-3.6879775323015376,40.415896644711594]},"properties":{"ESA_ESPECIE":"GTR","NOMBRE_COMUN":"Acacia de tres espinas","NOMBRE_ESPECIE":"Gleditsia triacanthos","ALTURA":"5,5","MINTDISTRITO":"03","NOMBRE_DISTRITO":"RETIRO","MINTBARRIO":"035","NOMBRE_BARRIO":"LOS JERONIMOS","OBJECTID":9803360}},{"type":"Feature","id":9771933,"geometry":{"type":"Point","coordinates":[-3.6879650926279903,40.416232945429307]},"properties":{"ESA_ESPECIE":"AHI","NOMBRE_COMUN":"Castaño de indias","NOMBRE_ESPECIE":"Aesculus hippocastanum","ALTURA":"12","MINTDISTRITO":"03","NOMBRE_DISTRITO":"RETIRO","MINTBARRIO":"035","NOMBRE_BARRIO":"LOS JERONIMOS","OBJECTID":9771933}},{"type":"Feature","id":9765982,"geometry":{"type":"Point","coordinates":[-3.6874938228300405,40.417349717422212]},"properties":{"ESA_ESPECIE":"AHI","NOMBRE_COMUN":"Castaño de indias","NOMBRE_ESPECIE":"Aesculus hippocastanum","ALTURA":"6","MINTDISTRITO":"03","NOMBRE_DISTRITO":"RETIRO","MINTBARRIO":"035","NOMBRE_BARRIO":"LOS JERONIMOS","OBJECTID":9765982}},{"type":"Feature","id":9805315,"geometry":{"type":"Point","coordinates":[-3.6857401682505153,40.414189703273458]},"properties":{"ESA_ESPECIE":"QRU","NOMBRE_COMUN":"Roble americano","NOMBRE_ESPECIE":"Quercus rubra","ALTURA":"5,5","MINTDISTRITO":"03","NOMBRE_DISTRITO":"RETIRO","MINTBARRIO":"035","NOMBRE_BARRIO":"LOS JERONIMOS","OBJECTID":9805315}},{"type":"Feature","id":9800901,"geometry":{"type":"Point","coordinates":[-3.6859854392473785,40.414565105932255]},"properties":{"ESA_ESPECIE":"BRP","NOMBRE_COMUN":"Morera de papel","NOMBRE_ESPECIE":"Broussonetia papyrifera","ALTURA":"8","MINTDISTRITO":"03","NOMBRE_DISTRITO":"RETIRO","MINTBARRIO":"035","NOMBRE_BARRIO":"LOS JERONIMOS","OBJECTID":9800901}},{"type":"Feature","id":9803557,"geometry":{"type":"Point","coordinates":[-3.686795878587307,40.415110504340625]},"properties":{"ESA_ESPECIE":"CSE","NOMBRE_COMUN":"Ciprés común","NOMBRE_ESPECIE":"Cupressus sempervirens","ALTURA":"3,5","MINTDISTRITO":"03","NOMBRE_DISTRITO":"RETIRO","MINTBARRIO":"035","NOMBRE_BARRIO":"LOS JERONIMOS","OBJECTID":9803557}},{"type":"Feature","id":9800938,"geometry":{"type":"Point","coordinates":[-3.6876508606245384,40.414003669521556]},"properties":{"ESA_ESPECIE":"UMI","NOMBRE_COMUN":"Olmo común","NOMBRE_ESPECIE":"Ulmus minor","ALTURA":"12","MINTDISTRITO":"03","NOMBRE_DISTRITO":"RETIRO","MINTBARRIO":"035","NOMBRE_BARRIO":"LOS JERONIMOS","OBJECTID":9800938}},{"type":"Feature","id":9767937,"geometry":{"type":"Point","coordinates":[-3.6878171151162755,40.414126969463226]},"properties":{"ESA_ESPECIE":"RPS","NOMBRE_COMUN":"Falsa acacia","NOMBRE_ESPECIE":"Robinia pseudoacacia","ALTURA":"7","MINTDISTRITO":"03","NOMBRE_DISTRITO":"RETIRO","MINTBARRIO":"035","NOMBRE_BARRIO":"LOS JERONIMOS","OBJECTID":9767937}},{"type":"Feature","id":9768933,"geometry":{"type":"Point","coordinates":[-3.687749781199297,40.414413137121343]},"properties":{"ESA_ESPECIE":"CSI","NOMBRE_COMUN":"Árbol del amor","NOMBRE_ESPECIE":"Cercis siliquastrum","ALTURA":"9","MINTDISTRITO":"03","NOMBRE_DISTRITO":"RETIRO","MINTBARRIO":"035","NOMBRE_BARRIO":"LOS JERONIMOS","OBJECTID":9768933}},{"type":"Feature","id":9770396,"geometry":{"type":"Point","coordinates":[-3.6868516141895795,40.412562341210069]},"properties":{"ESA_ESPECIE":"AJU","NOMBRE_COMUN":"Acacia de Constantinopla","NOMBRE_ESPECIE":"Albizia julibrissin","ALTURA":"4,5","MINTDISTRITO":"03","NOMBRE_DISTRITO":"RETIRO","MINTBARRIO":"035","NOMBRE_BARRIO":"LOS JERONIMOS","OBJECTID":9770396}},{"type":"Feature","id":9803692,"geometry":{"type":"Point","coordinates":[-3.6860343002036542,40.413271665658478]},"properties":{"ESA_ESPECIE":"CEO","NOMBRE_COMUN":"Almez americano","NOMBRE_ESPECIE":"Celtis occidentalis","ALTURA":"14","MINTDISTRITO":"03","NOMBRE_DISTRITO":"RETIRO","MINTBARRIO":"035","NOMBRE_BARRIO":"LOS JERONIMOS","OBJECTID":9803692}},{"type":"Feature","id":9770937,"geometry":{"type":"Point","coordinates":[-3.6863062983591508,40.413454232495695]},"properties":{"ESA_ESPECIE":"RPS","NOMBRE_COMUN":"Falsa acacia","NOMBRE_ESPECIE":"Robinia pseudoacacia","ALTURA":"10","MINTDISTRITO":"03","NOMBRE_DISTRITO":"RETIRO","MINTBARRIO":"035","NOMBRE_BARRIO":"LOS JERONIMOS","OBJECTID":9770937}},{"type":"Feature","id":9815348,"geometry":{"type":"Point","coordinates":[-3.686740232747876,40.413111726279787]},"properties":{"ESA_ESPECIE":"LNO","NOMBRE_COMUN":"Laurel","NOMBRE_ESPECIE":"Laurus nobilis","ALTURA":"2,6","MINTDISTRITO":"03","NOMBRE_DISTRITO":"RETIRO","MINTBARRIO":"035","NOMBRE_BARRIO":"LOS JERONIMOS","OBJECTID":9815348}},{"type":"Feature","id":9802573,"geometry":{"type":"Point","coordinates":[-3.6866688862086074,40.413693396110411]},"properties":{"ESA_ESPECIE":"AHI","NOMBRE_COMUN":"Castaño de indias","NOMBRE_ESPECIE":"Aesculus hippocastanum","ALTURA":"12,5","MINTDISTRITO":"03","NOMBRE_DISTRITO":"RETIRO","MINTBARRIO":"035","NOMBRE_BARRIO":"LOS JERONIMOS","OBJECTID":9802573}},{"type":"Feature","id":9768970,"geometry":{"type":"Point","coordinates":[-3.6863264048220703,40.413999341002132]},"properties":{"ESA_ESPECIE":"GTR","NOMBRE_COMUN":"Acacia de tres espinas","NOMBRE_ESPECIE":"Gleditsia triacanthos","ALTURA":"16","MINTDISTRITO":"03","NOMBRE_DISTRITO":"RETIRO","MINTBARRIO":"035","NOMBRE_BARRIO":"LOS JERONIMOS","OBJECTID":9768970}},{"type":"Feature","id":9803016,"geometry":{"type":"Point","coordinates":[-3.6871737563468647,40.412254227295563]},"properties":{"ESA_ESPECIE":"CSE","NOMBRE_COMUN":"Ciprés común","NOMBRE_ESPECIE":"Cupressus sempervirens","ALTURA":"7","MINTDISTRITO":"03","NOMBRE_DISTRITO":"RETIRO","MINTBARRIO":"035","NOMBRE_BARRIO":"LOS JERONIMOS","OBJECTID":9803016}},{"type":"Feature","id":9800606,"geometry":{"type":"Point","coordinates":[-3.6877151813018325,40.411946592162728]},"properties":{"ESA_ESPECIE":"LJA","NOMBRE_COMUN":"Aligustre del Japón","NOMBRE_ESPECIE":"Ligustrum japonicum","ALTURA":"12","MINTDISTRITO":"03","NOMBRE_DISTRITO":"RETIRO","MINTBARRIO":"035","NOMBRE_BARRIO":"LOS JERONIMOS","OBJECTID":9800606}},{"type":"Feature","id":9802561,"geometry":{"type":"Point","coordinates":[-3.6877072488534468,40.411768260056526]},"properties":{"ESA_ESPECIE":"AHI","NOMBRE_COMUN":"Castaño de indias","NOMBRE_ESPECIE":"Aesculus hippocastanum","ALTURA":"11","MINTDISTRITO":"03","NOMBRE_DISTRITO":"RETIRO","MINTBARRIO":"035","NOMBRE_BARRIO":"LOS JERONIMOS","OBJECTID":9802561}},{"type":"Feature","id":9768724,"geometry":{"type":"Point","coordinates":[-3.6879240630973107,40.413592006311958]},"properties":{"ESA_ESPECIE":"AHI","NOMBRE_COMUN":"Castaño de indias","NOMBRE_ESPECIE":"Aesculus hippocastanum","ALTURA":"13,5","MINTDISTRITO":"03","NOMBRE_DISTRITO":"RETIRO","MINTBARRIO":"035","NOMBRE_BARRIO":"LOS JERONIMOS","OBJECTID":9768724}},{"type":"Feature","id":9770052,"geometry":{"type":"Point","coordinates":[-3.6879395749066339,40.413697410017399]},"properties":{"ESA_ESPECIE":"LJA","NOMBRE_COMUN":"Aligustre del Japón","NOMBRE_ESPECIE":"Ligustrum japonicum","ALTURA":"10","MINTDISTRITO":"03","NOMBRE_DISTRITO":"RETIRO","MINTBARRIO":"035","NOMBRE_BARRIO":"LOS JERONIMOS","OBJECTID":9770052}},{"type":"Feature","id":9770064,"geometry":{"type":"Point","coordinates":[-3.6875000226199273,40.413490023542266]},"properties":{"ESA_ESPECIE":"CAT","NOMBRE_COMUN":"Cedro del Atlas","NOMBRE_ESPECIE":"Cedrus atlantica","ALTURA":"9","MINTDISTRITO":"03","NOMBRE_DISTRITO":"RETIRO","MINTBARRIO":"035","NOMBRE_BARRIO":"LOS JERONIMOS","OBJECTID":9770064}},{"type":"Feature","id":9806311,"geometry":{"type":"Point","coordinates":[-3.685082116193211,40.412023530487794]},"properties":{"ESA_ESPECIE":"CAU","NOMBRE_COMUN":"Almez","NOMBRE_ESPECIE":"Celtis australis","ALTURA":"5","MINTDISTRITO":"03","NOMBRE_DISTRITO":"RETIRO","MINTBARRIO":"035","NOMBRE_BARRIO":"LOS JERONIMOS","OBJECTID":9806311}},{"type":"Feature","id":9770261,"geometry":{"type":"Point","coordinates":[-3.6856563047103799,40.412097001086778]},"properties":{"ESA_ESPECIE":"CDE","NOMBRE_COMUN":"Cedro llorón","NOMBRE_ESPECIE":"Cedrus deodara","ALTURA":"11","MINTDISTRITO":"03","NOMBRE_DISTRITO":"RETIRO","MINTBARRIO":"035","NOMBRE_BARRIO":"LOS JERONIMOS","OBJECTID":9770261}},{"type":"Feature","id":9802020,"geometry":{"type":"Point","coordinates":[-3.6859255707109098,40.409829950464385]},"properties":{"ESA_ESPECIE":"PPI","NOMBRE_COMUN":"Pino piñonero","NOMBRE_ESPECIE":"Pinus pinea","ALTURA":"17","MINTDISTRITO":"03","NOMBRE_DISTRITO":"RETIRO","MINTBARRIO":"035","NOMBRE_BARRIO":"LOS JERONIMOS","OBJECTID":9802020}},{"type":"Feature","id":9770605,"geometry":{"type":"Point","coordinates":[-3.687375504870277,40.411933819218611]},"properties":{"ESA_ESPECIE":"CSE","NOMBRE_COMUN":"Ciprés común","NOMBRE_ESPECIE":"Cupressus sempervirens","ALTURA":"4","MINTDISTRITO":"03","NOMBRE_DISTRITO":"RETIRO","MINTBARRIO":"035","NOMBRE_BARRIO":"LOS JERONIMOS","OBJECTID":9770605}},{"type":"Feature","id":9802905,"geometry":{"type":"Point","coordinates":[-3.6872599222436806,40.411902920569148]},"properties":{"ESA_ESPECIE":"CSE","NOMBRE_COMUN":"Ciprés común","NOMBRE_ESPECIE":"Cupressus sempervirens","ALTURA":"4,5","MINTDISTRITO":"03","NOMBRE_DISTRITO":"RETIRO","MINTBARRIO":"035","NOMBRE_BARRIO":"LOS JERONIMOS","OBJECTID":9802905}},{"type":"Feature","id":9770593,"geometry":{"type":"Point","coordinates":[-3.6872285218824685,40.412026675411063]},"properties":{"ESA_ESPECIE":"CSE","NOMBRE_COMUN":"Ciprés común","NOMBRE_ESPECIE":"Cupressus sempervirens","ALTURA":"3,5","MINTDISTRITO":"03","NOMBRE_DISTRITO":"RETIRO","MINTBARRIO":"035","NOMBRE_BARRIO":"LOS JERONIMOS","OBJECTID":9770593}},{"type":"Feature","id":9801934,"geometry":{"type":"Point","coordinates":[-3.6843054148166781,40.410331112012209]},"properties":{"ESA_ESPECIE":"PDU","NOMBRE_COMUN":"Almendro","NOMBRE_ESPECIE":"Prunus dulcis","ALTURA":"4,5","MINTDISTRITO":"03","NOMBRE_DISTRITO":"RETIRO","MINTBARRIO":"035","NOMBRE_BARRIO":"LOS JERONIMOS","OBJECTID":9801934}},{"type":"Feature","id":9813934,"geometry":{"type":"Point","coordinates":[-3.6839744703392547,40.412206656808152]},"properties":{"ESA_ESPECIE":"UMI","NOMBRE_COMUN":"Olmo común","NOMBRE_ESPECIE":"Ulmus minor","ALTURA":"3,5","MINTDISTRITO":"03","NOMBRE_DISTRITO":"RETIRO","MINTBARRIO":"035","NOMBRE_BARRIO":"LOS JERONIMOS","OBJECTID":9813934}},{"type":"Feature","id":9806889,"geometry":{"type":"Point","coordinates":[-3.6843335684822374,40.411858494090339]},"properties":{"ESA_ESPECIE":"UPU","NOMBRE_COMUN":"Olmo de Siberia","NOMBRE_ESPECIE":"Ulmus pumila","ALTURA":"20","MINTDISTRITO":"03","NOMBRE_DISTRITO":"RETIRO","MINTBARRIO":"035","NOMBRE_BARRIO":"LOS JERONIMOS","OBJECTID":9806889}},{"type":"Feature","id":9773015,"geometry":{"type":"Point","coordinates":[-3.6845990323220352,40.412382366705472]},"properties":{"ESA_ESPECIE":"CMO","NOMBRE_COMUN":"Majuelo","NOMBRE_ESPECIE":"Crataegus monogyna","ALTURA":"5","MINTDISTRITO":"03","NOMBRE_DISTRITO":"RETIRO","MINTBARRIO":"035","NOMBRE_BARRIO":"LOS JERONIMOS","OBJECTID":9773015}},{"type":"Feature","id":9773052,"geometry":{"type":"Point","coordinates":[-3.6846935150612228,40.411567658855319]},"properties":{"ESA_ESPECIE":"CMO","NOMBRE_COMUN":"Majuelo","NOMBRE_ESPECIE":"Crataegus monogyna","ALTURA":"5","MINTDISTRITO":"03","NOMBRE_DISTRITO":"RETIRO","MINTBARRIO":"035","NOMBRE_BARRIO":"LOS JERONIMOS","OBJECTID":9773052}},{"type":"Feature","id":9773261,"geometry":{"type":"Point","coordinates":[-3.6851437508886975,40.411634721807317]},"properties":{"ESA_ESPECIE":"QRO","NOMBRE_COMUN":"Roble común","NOMBRE_ESPECIE":"Quercus robur","ALTURA":"6,5","MINTDISTRITO":"03","NOMBRE_DISTRITO":"RETIRO","MINTBARRIO":"035","NOMBRE_BARRIO":"LOS JERONIMOS","OBJECTID":9773261}},{"type":"Feature","id":9776942,"geometry":{"type":"Point","coordinates":[-3.6883954114556983,40.419251657636636]},"properties":{"ESA_ESPECIE":"AHI","NOMBRE_COMUN":"Castaño de indias","NOMBRE_ESPECIE":"Aesculus hippocastanum","ALTURA":"10","MINTDISTRITO":"03","NOMBRE_DISTRITO":"RETIRO","MINTBARRIO":"035","NOMBRE_BARRIO":"LOS JERONIMOS","OBJECTID":9776942}},{"type":"Feature","id":9807831,"geometry":{"type":"Point","coordinates":[-3.6884030606736964,40.41853113182043]},"properties":{"ESA_ESPECIE":"AHI","NOMBRE_COMUN":"Castaño de indias","NOMBRE_ESPECIE":"Aesculus hippocastanum","ALTURA":"10,5","MINTDISTRITO":"03","NOMBRE_DISTRITO":"RETIRO","MINTBARRIO":"035","NOMBRE_BARRIO":"LOS JERONIMOS","OBJECTID":9807831}},{"type":"Feature","id":9807582,"geometry":{"type":"Point","coordinates":[-3.6883806949148288,40.417473594060489]},"properties":{"ESA_ESPECIE":"GTR","NOMBRE_COMUN":"Acacia de tres espinas","NOMBRE_ESPECIE":"Gleditsia triacanthos","ALTURA":"20","MINTDISTRITO":"03","NOMBRE_DISTRITO":"RETIRO","MINTBARRIO":"035","NOMBRE_BARRIO":"LOS JERONIMOS","OBJECTID":9807582}},{"type":"Feature","id":9776201,"geometry":{"type":"Point","coordinates":[-3.6887485473495296,40.417344231579541]},"properties":{"ESA_ESPECIE":"AHI","NOMBRE_COMUN":"Castaño de indias","NOMBRE_ESPECIE":"Aesculus hippocastanum","ALTURA":"10","MINTDISTRITO":"03","NOMBRE_DISTRITO":"RETIRO","MINTBARRIO":"035","NOMBRE_BARRIO":"LOS JERONIMOS","OBJECTID":9776201}},{"type":"Feature","id":9771873,"geometry":{"type":"Point","coordinates":[-3.6882726055769104,40.416197601541228]},"properties":{"ESA_ESPECIE":"AHI","NOMBRE_COMUN":"Castaño de indias","NOMBRE_ESPECIE":"Aesculus hippocastanum","ALTURA":"15","MINTDISTRITO":"03","NOMBRE_DISTRITO":"RETIRO","MINTBARRIO":"035","NOMBRE_BARRIO":"LOS JERONIMOS","OBJECTID":9771873}},{"type":"Feature","id":9771286,"geometry":{"type":"Point","coordinates":[-3.6880585123599161,40.415995451537391]},"properties":{"ESA_ESPECIE":"FEX","NOMBRE_COMUN":"Fresno común","NOMBRE_ESPECIE":"Fraxinus excelsior","ALTURA":"12,5","MINTDISTRITO":"03","NOMBRE_DISTRITO":"RETIRO","MINTBARRIO":"035","NOMBRE_BARRIO":"LOS JERONIMOS","OBJECTID":9771286}},{"type":"Feature","id":9799424,"geometry":{"type":"Point","coordinates":[-3.6784410618637806,40.416396000038382]},"properties":{"ESA_ESPECIE":"CSE","NOMBRE_COMUN":"Ciprés común","NOMBRE_ESPECIE":"Cupressus sempervirens","ALTURA":"5","MINTDISTRITO":"03","NOMBRE_DISTRITO":"RETIRO","MINTBARRIO":"035","NOMBRE_BARRIO":"LOS JERONIMOS","OBJECTID":9799424}},{"type":"Feature","id":9768381,"geometry":{"type":"Point","coordinates":[-3.6776446906260079,40.411544771864385]},"properties":{"ESA_ESPECIE":"QIL","NOMBRE_COMUN":"Encina","NOMBRE_ESPECIE":"Quercus ilex","ALTURA":"11","MINTDISTRITO":"03","NOMBRE_DISTRITO":"RETIRO","MINTBARRIO":"035","NOMBRE_BARRIO":"LOS JERONIMOS","OBJECTID":9768381}},{"type":"Feature","id":9767456,"geometry":{"type":"Point","coordinates":[-3.6777257532172389,40.41444863628714]},"properties":{"ESA_ESPECIE":"CSE","NOMBRE_COMUN":"Ciprés común","NOMBRE_ESPECIE":"Cupressus sempervirens","ALTURA":"8","MINTDISTRITO":"03","NOMBRE_DISTRITO":"RETIRO","MINTBARRIO":"035","NOMBRE_BARRIO":"LOS JERONIMOS","OBJECTID":9767456}},{"type":"Feature","id":9814074,"geometry":{"type":"Point","coordinates":[-3.6779719900407604,40.415514098770132]},"properties":{"ESA_ESPECIE":"PDA","NOMBRE_COMUN":"Plátano de sombra/Platanus x hybrida","NOMBRE_ESPECIE":"Platanus x hispanica","ALTURA":"4,5","MINTDISTRITO":"03","NOMBRE_DISTRITO":"RETIRO","MINTBARRIO":"035","NOMBRE_BARRIO":"LOS JERONIMOS","OBJECTID":9814074}},{"type":"Feature","id":9808418,"geometry":{"type":"Point","coordinates":[-3.6859563713910335,40.419326785319853]},"properties":{"ESA_ESPECIE":"AHI","NOMBRE_COMUN":"Castaño de indias","NOMBRE_ESPECIE":"Aesculus hippocastanum","ALTURA":"13,5","MINTDISTRITO":"03","NOMBRE_DISTRITO":"RETIRO","MINTBARRIO":"035","NOMBRE_BARRIO":"LOS JERONIMOS","OBJECTID":9808418}},{"type":"Feature","id":9776456,"geometry":{"type":"Point","coordinates":[-3.6866255529078513,40.418040825980221]},"properties":{"ESA_ESPECIE":"AHI","NOMBRE_COMUN":"Castaño de indias","NOMBRE_ESPECIE":"Aesculus hippocastanum","ALTURA":"10","MINTDISTRITO":"03","NOMBRE_DISTRITO":"RETIRO","MINTBARRIO":"035","NOMBRE_BARRIO":"LOS JERONIMOS","OBJECTID":9776456}},{"type":"Feature","id":9807825,"geometry":{"type":"Point","coordinates":[-3.6870042892404244,40.419870736422865]},"properties":{"ESA_ESPECIE":"CAU","NOMBRE_COMUN":"Almez","NOMBRE_ESPECIE":"Celtis australis","ALTURA":"6","MINTDISTRITO":"03","NOMBRE_DISTRITO":"RETIRO","MINTBARRIO":"035","NOMBRE_BARRIO":"LOS JERONIMOS","OBJECTID":9807825}},{"type":"Feature","id":9778863,"geometry":{"type":"Point","coordinates":[-3.6784269652753259,40.410440614255016]},"properties":{"ESA_ESPECIE":"PDA","NOMBRE_COMUN":"Plátano de sombra/Platanus x hybrida","NOMBRE_ESPECIE":"Platanus x hispanica","ALTURA":"3","MINTDISTRITO":"03","NOMBRE_DISTRITO":"RETIRO","MINTBARRIO":"035","NOMBRE_BARRIO":"LOS JERONIMOS","OBJECTID":9778863}},{"type":"Feature","id":9769371,"geometry":{"type":"Point","coordinates":[-3.6779644714005628,40.412983535554844]},"properties":{"ESA_ESPECIE":"CSE","NOMBRE_COMUN":"Ciprés común","NOMBRE_ESPECIE":"Cupressus sempervirens","ALTURA":"3","MINTDISTRITO":"03","NOMBRE_DISTRITO":"RETIRO","MINTBARRIO":"035","NOMBRE_BARRIO":"LOS JERONIMOS","OBJECTID":9769371}},{"type":"Feature","id":9799667,"geometry":{"type":"Point","coordinates":[-3.6783151365104452,40.415740501582533]},"properties":{"ESA_ESPECIE":"MGR","NOMBRE_COMUN":"Magnolio","NOMBRE_ESPECIE":"Magnolia grandiflora","ALTURA":"8,5","MINTDISTRITO":"03","NOMBRE_DISTRITO":"RETIRO","MINTBARRIO":"035","NOMBRE_BARRIO":"LOS JERONIMOS","OBJECTID":9799667}},{"type":"Feature","id":9777191,"geometry":{"type":"Point","coordinates":[-3.6838764547203735,40.419088925808872]},"properties":{"ESA_ESPECIE":"CAT","NOMBRE_COMUN":"Cedro del Atlas","NOMBRE_ESPECIE":"Cedrus atlantica","ALTURA":"17","MINTDISTRITO":"03","NOMBRE_DISTRITO":"RETIRO","MINTBARRIO":"035","NOMBRE_BARRIO":"LOS JERONIMOS","OBJECTID":9777191}},{"type":"Feature","id":9896650,"geometry":{"type":"Point","coordinates":[-3.683593330910103,40.418455120113386]},"properties":{"ESA_ESPECIE":"AGL","NOMBRE_COMUN":"Aliso común","NOMBRE_ESPECIE":"Alnus glutinosa","ALTURA":"3,75","MINTDISTRITO":"03","NOMBRE_DISTRITO":"RETIRO","MINTBARRIO":"035","NOMBRE_BARRIO":"LOS JERONIMOS","OBJECTID":9896650}},{"type":"Feature","id":9808169,"geometry":{"type":"Point","coordinates":[-3.6844776215311614,40.418812024842168]},"properties":{"ESA_ESPECIE":"PDA","NOMBRE_COMUN":"Plátano de sombra/Platanus x hybrida","NOMBRE_ESPECIE":"Platanus x hispanica","ALTURA":"22","MINTDISTRITO":"03","NOMBRE_DISTRITO":"RETIRO","MINTBARRIO":"035","NOMBRE_BARRIO":"LOS JERONIMOS","OBJECTID":9808169}},{"type":"Feature","id":9779112,"geometry":{"type":"Point","coordinates":[-3.6850335250261486,40.418443784970364]},"properties":{"ESA_ESPECIE":"PRA","NOMBRE_COMUN":"Albaricoquero","NOMBRE_ESPECIE":"Prunus armeniaca","ALTURA":"5,5","MINTDISTRITO":"03","NOMBRE_DISTRITO":"RETIRO","MINTBARRIO":"035","NOMBRE_BARRIO":"LOS JERONIMOS","OBJECTID":9779112}},{"type":"Feature","id":9779699,"geometry":{"type":"Point","coordinates":[-3.685224924140396,40.418487695981227]},"properties":{"ESA_ESPECIE":"PDA","NOMBRE_COMUN":"Plátano de sombra/Platanus x hybrida","NOMBRE_ESPECIE":"Platanus x hispanica","ALTURA":"22","MINTDISTRITO":"03","NOMBRE_DISTRITO":"RETIRO","MINTBARRIO":"035","NOMBRE_BARRIO":"LOS JERONIMOS","OBJECTID":9779699}},{"type":"Feature","id":9814080,"geometry":{"type":"Point","coordinates":[-3.6851707656907489,40.418799477666667]},"properties":{"ESA_ESPECIE":"PDA","NOMBRE_COMUN":"Plátano de sombra/Platanus x hybrida","NOMBRE_ESPECIE":"Platanus x hispanica","ALTURA":"5,5","MINTDISTRITO":"03","NOMBRE_DISTRITO":"RETIRO","MINTBARRIO":"035","NOMBRE_BARRIO":"LOS JERONIMOS","OBJECTID":9814080}},{"type":"Feature","id":9810831,"geometry":{"type":"Point","coordinates":[-3.6822213017162539,40.41947929148747]},"properties":{"ESA_ESPECIE":"LST","NOMBRE_COMUN":"Liquidambar","NOMBRE_ESPECIE":"Liquidambar styraciflua","ALTURA":"3","MINTDISTRITO":"03","NOMBRE_DISTRITO":"RETIRO","MINTBARRIO":"035","NOMBRE_BARRIO":"LOS JERONIMOS","OBJECTID":9810831}},{"type":"Feature","id":9812153,"geometry":{"type":"Point","coordinates":[-3.6835600030892137,40.420150260830212]},"properties":{"ESA_ESPECIE":"AHI","NOMBRE_COMUN":"Castaño de indias","NOMBRE_ESPECIE":"Aesculus hippocastanum","ALTURA":"12","MINTDISTRITO":"03","NOMBRE_DISTRITO":"RETIRO","MINTBARRIO":"035","NOMBRE_BARRIO":"LOS JERONIMOS","OBJECTID":9812153}},{"type":"Feature","id":9814661,"geometry":{"type":"Point","coordinates":[-3.6836087300416476,40.420374730338168]},"properties":{"ESA_ESPECIE":"CSI","NOMBRE_COMUN":"Árbol del amor","NOMBRE_ESPECIE":"Cercis siliquastrum","ALTURA":"1,5","MINTDISTRITO":"03","NOMBRE_DISTRITO":"RETIRO","MINTBARRIO":"035","NOMBRE_BARRIO":"LOS JERONIMOS","OBJECTID":9814661}},{"type":"Feature","id":9810825,"geometry":{"type":"Point","coordinates":[-3.6839719267737823,40.420542060359352]},"properties":{"ESA_ESPECIE":"TBA","NOMBRE_COMUN":"Tejo","NOMBRE_ESPECIE":"Taxus baccata","ALTURA":"2,5","MINTDISTRITO":"03","NOMBRE_DISTRITO":"RETIRO","MINTBARRIO":"035","NOMBRE_BARRIO":"LOS JERONIMOS","OBJECTID":9810825}},{"type":"Feature","id":9777778,"geometry":{"type":"Point","coordinates":[-3.6844709795373918,40.420269916695332]},"properties":{"ESA_ESPECIE":"AHI","NOMBRE_COMUN":"Castaño de indias","NOMBRE_ESPECIE":"Aesculus hippocastanum","ALTURA":"7,5","MINTDISTRITO":"03","NOMBRE_DISTRITO":"RETIRO","MINTBARRIO":"035","NOMBRE_BARRIO":"LOS JERONIMOS","OBJECTID":9777778}},{"type":"Feature","id":9782112,"geometry":{"type":"Point","coordinates":[-3.6837430984432316,40.419818366067247]},"properties":{"ESA_ESPECIE":"AHI","NOMBRE_COMUN":"Castaño de indias","NOMBRE_ESPECIE":"Aesculus hippocastanum","ALTURA":"8,5","MINTDISTRITO":"03","NOMBRE_DISTRITO":"RETIRO","MINTBARRIO":"035","NOMBRE_BARRIO":"LOS JERONIMOS","OBJECTID":9782112}},{"type":"Feature","id":9768037,"geometry":{"type":"Point","coordinates":[-3.68023528766332,40.420413654832323]},"properties":{"ESA_ESPECIE":"PAR","NOMBRE_COMUN":"Peral de flor 'Chanticleer'","NOMBRE_ESPECIE":"Pyrus calleryana 'Chanticleer'","ALTURA":"9","MINTDISTRITO":"03","NOMBRE_DISTRITO":"RETIRO","MINTBARRIO":"035","NOMBRE_BARRIO":"LOS JERONIMOS","OBJECTID":9768037}},{"type":"Feature","id":9779106,"geometry":{"type":"Point","coordinates":[-3.6809669009227708,40.418197537180994]},"properties":{"ESA_ESPECIE":"PAR","NOMBRE_COMUN":"Peral de flor 'Chanticleer'","NOMBRE_ESPECIE":"Pyrus calleryana 'Chanticleer'","ALTURA":"6,5","MINTDISTRITO":"03","NOMBRE_DISTRITO":"RETIRO","MINTBARRIO":"035","NOMBRE_BARRIO":"LOS JERONIMOS","OBJECTID":9779106}},{"type":"Feature","id":9808910,"geometry":{"type":"Point","coordinates":[-3.682261502209172,40.418435509474371]},"properties":{"ESA_ESPECIE":"CSI","NOMBRE_COMUN":"Árbol del amor","NOMBRE_ESPECIE":"Cercis siliquastrum","ALTURA":"6","MINTDISTRITO":"03","NOMBRE_DISTRITO":"RETIRO","MINTBARRIO":"035","NOMBRE_BARRIO":"LOS JERONIMOS","OBJECTID":9808910}},{"type":"Feature","id":9809503,"geometry":{"type":"Point","coordinates":[-3.6826764653770341,40.418374149827862]},"properties":{"ESA_ESPECIE":"LJA","NOMBRE_COMUN":"Aligustre del Japón","NOMBRE_ESPECIE":"Ligustrum japonicum","ALTURA":"13","MINTDISTRITO":"03","NOMBRE_DISTRITO":"RETIRO","MINTBARRIO":"035","NOMBRE_BARRIO":"LOS JERONIMOS","OBJECTID":9809503}},{"type":"Feature","id":9764800,"geometry":{"type":"Point","coordinates":[-3.6824735655649468,40.418541537592766]},"properties":{"ESA_ESPECIE":"CSI","NOMBRE_COMUN":"Árbol del amor","NOMBRE_ESPECIE":"Cercis siliquastrum","ALTURA":"4","MINTDISTRITO":"03","NOMBRE_DISTRITO":"RETIRO","MINTBARRIO":"035","NOMBRE_BARRIO":"LOS JERONIMOS","OBJECTID":9764800}},{"type":"Feature","id":9782106,"geometry":{"type":"Point","coordinates":[-3.6829517581948528,40.419686826580325]},"properties":{"ESA_ESPECIE":"AHI","NOMBRE_COMUN":"Castaño de indias","NOMBRE_ESPECIE":"Aesculus hippocastanum","ALTURA":"11","MINTDISTRITO":"03","NOMBRE_DISTRITO":"RETIRO","MINTBARRIO":"035","NOMBRE_BARRIO":"LOS JERONIMOS","OBJECTID":9782106}},{"type":"Feature","id":9766122,"geometry":{"type":"Point","coordinates":[-3.6791183331327972,40.418472825852248]},"properties":{"ESA_ESPECIE":"AHI","NOMBRE_COMUN":"Castaño de indias","NOMBRE_ESPECIE":"Aesculus hippocastanum","ALTURA":"10","MINTDISTRITO":"03","NOMBRE_DISTRITO":"RETIRO","MINTBARRIO":"035","NOMBRE_BARRIO":"LOS JERONIMOS","OBJECTID":9766122}},{"type":"Feature","id":9814323,"geometry":{"type":"Point","coordinates":[-3.6794992555083548,40.418466299406219]},"properties":{"ESA_ESPECIE":"CDE","NOMBRE_COMUN":"Cedro llorón","NOMBRE_ESPECIE":"Cedrus deodara","ALTURA":"2","MINTDISTRITO":"03","NOMBRE_DISTRITO":"RETIRO","MINTBARRIO":"035","NOMBRE_BARRIO":"LOS JERONIMOS","OBJECTID":9814323}},{"type":"Feature","id":9799418,"geometry":{"type":"Point","coordinates":[-3.6803161522304055,40.418632847505535]},"properties":{"ESA_ESPECIE":"AHI","NOMBRE_COMUN":"Castaño de indias","NOMBRE_ESPECIE":"Aesculus hippocastanum","ALTURA":"8","MINTDISTRITO":"03","NOMBRE_DISTRITO":"RETIRO","MINTBARRIO":"035","NOMBRE_BARRIO":"LOS JERONIMOS","OBJECTID":9799418}},{"type":"Feature","id":9766371,"geometry":{"type":"Point","coordinates":[-3.6798770801760057,40.419394406419947]},"properties":{"ESA_ESPECIE":"PDA","NOMBRE_COMUN":"Plátano de sombra/Platanus x hybrida","NOMBRE_ESPECIE":"Platanus x hispanica","ALTURA":"17","MINTDISTRITO":"03","NOMBRE_DISTRITO":"RETIRO","MINTBARRIO":"035","NOMBRE_BARRIO":"LOS JERONIMOS","OBJECTID":9766371}},{"type":"Feature","id":9768043,"geometry":{"type":"Point","coordinates":[-3.6800751579953039,40.42007937032821]},"properties":{"ESA_ESPECIE":"SMG","NOMBRE_COMUN":"Serbal de Mougeot","NOMBRE_ESPECIE":"Sorbus mougeotii","ALTURA":"4","MINTDISTRITO":"03","NOMBRE_DISTRITO":"RETIRO","MINTBARRIO":"035","NOMBRE_BARRIO":"LOS JERONIMOS","OBJECTID":9768043}},{"type":"Feature","id":9813487,"geometry":{"type":"Point","coordinates":[-3.6799741853633652,40.420528875900636]},"properties":{"ESA_ESPECIE":"PAB","NOMBRE_COMUN":"Álamo\u00A0plateado","NOMBRE_ESPECIE":"Populus alba 'Bolleana'","ALTURA":"8","MINTDISTRITO":"03","NOMBRE_DISTRITO":"RETIRO","MINTBARRIO":"035","NOMBRE_BARRIO":"LOS JERONIMOS","OBJECTID":9813487}},{"type":"Feature","id":9783434,"geometry":{"type":"Point","coordinates":[-3.6810349446895176,40.409751959311997]},"properties":{"ESA_ESPECIE":"TFO","NOMBRE_COMUN":"Palma de Fortune","NOMBRE_ESPECIE":"Trachycarpus fortunei","ALTURA":"5","MINTDISTRITO":"03","NOMBRE_DISTRITO":"RETIRO","MINTBARRIO":"035","NOMBRE_BARRIO":"LOS JERONIMOS","OBJECTID":9783434}},{"type":"Feature","id":9778857,"geometry":{"type":"Point","coordinates":[-3.6816451687564022,40.4092942436342]},"properties":{"ESA_ESPECIE":"CDE","NOMBRE_COMUN":"Cedro llorón","NOMBRE_ESPECIE":"Cedrus deodara","ALTURA":"3","MINTDISTRITO":"03","NOMBRE_DISTRITO":"RETIRO","MINTBARRIO":"035","NOMBRE_BARRIO":"LOS JERONIMOS","OBJECTID":9778857}},{"type":"Feature","id":9755895,"geometry":{"type":"Point","coordinates":[-3.6807410297922667,40.409306120028781]},"properties":{"ESA_ESPECIE":"UPU","NOMBRE_COMUN":"Olmo de Siberia","NOMBRE_ESPECIE":"Ulmus pumila","ALTURA":"11","MINTDISTRITO":"03","NOMBRE_DISTRITO":"RETIRO","MINTBARRIO":"035","NOMBRE_BARRIO":"LOS JERONIMOS","OBJECTID":9755895}},{"type":"Feature","id":9812746,"geometry":{"type":"Point","coordinates":[-3.679738981133061,40.409370952697216]},"properties":{"ESA_ESPECIE":"CDE","NOMBRE_COMUN":"Cedro llorón","NOMBRE_ESPECIE":"Cedrus deodara","ALTURA":"22","MINTDISTRITO":"03","NOMBRE_DISTRITO":"RETIRO","MINTBARRIO":"035","NOMBRE_BARRIO":"LOS JERONIMOS","OBJECTID":9812746}},{"type":"Feature","id":9812159,"geometry":{"type":"Point","coordinates":[-3.6800723488879314,40.408574600307851]},"properties":{"ESA_ESPECIE":"CAU","NOMBRE_COMUN":"Almez","NOMBRE_ESPECIE":"Celtis australis","ALTURA":"8","MINTDISTRITO":"03","NOMBRE_DISTRITO":"RETIRO","MINTBARRIO":"035","NOMBRE_BARRIO":"LOS JERONIMOS","OBJECTID":9812159}},{"type":"Feature","id":9782355,"geometry":{"type":"Point","coordinates":[-3.6797329976616666,40.408527901844224]},"properties":{"ESA_ESPECIE":"CSE","NOMBRE_COMUN":"Ciprés común","NOMBRE_ESPECIE":"Cupressus sempervirens","ALTURA":"7","MINTDISTRITO":"03","NOMBRE_DISTRITO":"RETIRO","MINTBARRIO":"035","NOMBRE_BARRIO":"LOS JERONIMOS","OBJECTID":9782355}},{"type":"Feature","id":9781365,"geometry":{"type":"Point","coordinates":[-3.6818088203539241,40.411799121390231]},"properties":{"ESA_ESPECIE":"AHI","NOMBRE_COMUN":"Castaño de indias","NOMBRE_ESPECIE":"Aesculus hippocastanum","ALTURA":"13","MINTDISTRITO":"03","NOMBRE_DISTRITO":"RETIRO","MINTBARRIO":"035","NOMBRE_BARRIO":"LOS JERONIMOS","OBJECTID":9781365}},{"type":"Feature","id":9811080,"geometry":{"type":"Point","coordinates":[-3.6825101140836138,40.412240968066932]},"properties":{"ESA_ESPECIE":"AHI","NOMBRE_COMUN":"Castaño de indias","NOMBRE_ESPECIE":"Aesculus hippocastanum","ALTURA":"14","MINTDISTRITO":"03","NOMBRE_DISTRITO":"RETIRO","MINTBARRIO":"035","NOMBRE_BARRIO":"LOS JERONIMOS","OBJECTID":9811080}},{"type":"Feature","id":9805916,"geometry":{"type":"Point","coordinates":[-3.6829300159353036,40.41186980198183]},"properties":{"ESA_ESPECIE":"AHI","NOMBRE_COMUN":"Castaño de indias","NOMBRE_ESPECIE":"Aesculus hippocastanum","ALTURA":"8","MINTDISTRITO":"03","NOMBRE_DISTRITO":"RETIRO","MINTBARRIO":"035","NOMBRE_BARRIO":"LOS JERONIMOS","OBJECTID":9805916}},{"type":"Feature","id":9769709,"geometry":{"type":"Point","coordinates":[-3.6827478420124371,40.410175733570682]},"properties":{"ESA_ESPECIE":"PDU","NOMBRE_COMUN":"Almendro","NOMBRE_ESPECIE":"Prunus dulcis","ALTURA":"3,5","MINTDISTRITO":"03","NOMBRE_DISTRITO":"RETIRO","MINTBARRIO":"035","NOMBRE_BARRIO":"LOS JERONIMOS","OBJECTID":9769709}},{"type":"Feature","id":9768630,"geometry":{"type":"Point","coordinates":[-3.6830984051015561,40.410125014025454]},"properties":{"ESA_ESPECIE":"PDU","NOMBRE_COMUN":"Almendro","NOMBRE_ESPECIE":"Prunus dulcis","ALTURA":"5,5","MINTDISTRITO":"03","NOMBRE_DISTRITO":"RETIRO","MINTBARRIO":"035","NOMBRE_BARRIO":"LOS JERONIMOS","OBJECTID":9768630}},{"type":"Feature","id":9783440,"geometry":{"type":"Point","coordinates":[-3.6818765226963621,40.4098353780415]},"properties":{"ESA_ESPECIE":"TFO","NOMBRE_COMUN":"Palma de Fortune","NOMBRE_ESPECIE":"Trachycarpus fortunei","ALTURA":"2","MINTDISTRITO":"03","NOMBRE_DISTRITO":"RETIRO","MINTBARRIO":"035","NOMBRE_BARRIO":"LOS JERONIMOS","OBJECTID":9783440}},{"type":"Feature","id":9781519,"geometry":{"type":"Point","coordinates":[-3.6796691967085478,40.411799286425783]},"properties":{"ESA_ESPECIE":"AHI","NOMBRE_COMUN":"Castaño de indias","NOMBRE_ESPECIE":"Aesculus hippocastanum","ALTURA":"7","MINTDISTRITO":"03","NOMBRE_DISTRITO":"RETIRO","MINTBARRIO":"035","NOMBRE_BARRIO":"LOS JERONIMOS","OBJECTID":9781519}},{"type":"Feature","id":9813736,"geometry":{"type":"Point","coordinates":[-3.6786393409768268,40.410369309850978]},"properties":{"ESA_ESPECIE":"PDA","NOMBRE_COMUN":"Plátano de sombra/Platanus x hybrida","NOMBRE_ESPECIE":"Platanus x hispanica","ALTURA":"5","MINTDISTRITO":"03","NOMBRE_DISTRITO":"RETIRO","MINTBARRIO":"035","NOMBRE_BARRIO":"LOS JERONIMOS","OBJECTID":9813736}},{"type":"Feature","id":9800005,"geometry":{"type":"Point","coordinates":[-3.6807669482045191,40.41150161933178]},"properties":{"ESA_ESPECIE":"AHI","NOMBRE_COMUN":"Castaño de indias","NOMBRE_ESPECIE":"Aesculus hippocastanum","ALTURA":"11","MINTDISTRITO":"03","NOMBRE_DISTRITO":"RETIRO","MINTBARRIO":"035","NOMBRE_BARRIO":"LOS JERONIMOS","OBJECTID":9800005}},{"type":"Feature","id":9801677,"geometry":{"type":"Point","coordinates":[-3.6797291895744757,40.411148173447799]},"properties":{"ESA_ESPECIE":"MFL","NOMBRE_COMUN":"Manzano japonés","NOMBRE_ESPECIE":"Malus floribunda","ALTURA":"3,5","MINTDISTRITO":"03","NOMBRE_DISTRITO":"RETIRO","MINTBARRIO":"035","NOMBRE_BARRIO":"LOS JERONIMOS","OBJECTID":9801677}},{"type":"Feature","id":9800752,"geometry":{"type":"Point","coordinates":[-3.6813747130178034,40.411214695362638]},"properties":{"ESA_ESPECIE":"AHI","NOMBRE_COMUN":"Castaño de indias","NOMBRE_ESPECIE":"Aesculus hippocastanum","ALTURA":"5","MINTDISTRITO":"03","NOMBRE_DISTRITO":"RETIRO","MINTBARRIO":"035","NOMBRE_BARRIO":"LOS JERONIMOS","OBJECTID":9800752}},{"type":"Feature","id":9765043,"geometry":{"type":"Point","coordinates":[-3.6818692251871834,40.411141824705325]},"properties":{"ESA_ESPECIE":"AHI","NOMBRE_COMUN":"Castaño de indias","NOMBRE_ESPECIE":"Aesculus hippocastanum","ALTURA":"4,5","MINTDISTRITO":"03","NOMBRE_DISTRITO":"RETIRO","MINTBARRIO":"035","NOMBRE_BARRIO":"LOS JERONIMOS","OBJECTID":9765043}},{"type":"Feature","id":9904476,"geometry":{"type":"Point","coordinates":[-3.6798463667487056,40.414006976982591]},"properties":{"ESA_ESPECIE":"PDA","NOMBRE_COMUN":"Plátano de sombra/Platanus x hybrida","NOMBRE_ESPECIE":"Platanus x hispanica","ALTURA":"3","MINTDISTRITO":"03","NOMBRE_DISTRITO":"RETIRO","MINTBARRIO":"035","NOMBRE_BARRIO":"LOS JERONIMOS","OBJECTID":9904476}},{"type":"Feature","id":9780440,"geometry":{"type":"Point","coordinates":[-3.6798794294191635,40.413777610245127]},"properties":{"ESA_ESPECIE":"PDA","NOMBRE_COMUN":"Plátano de sombra/Platanus x hybrida","NOMBRE_ESPECIE":"Platanus x hispanica","ALTURA":"15","MINTDISTRITO":"03","NOMBRE_DISTRITO":"RETIRO","MINTBARRIO":"035","NOMBRE_BARRIO":"LOS JERONIMOS","OBJECTID":9780440}},{"type":"Feature","id":9810487,"geometry":{"type":"Point","coordinates":[-3.6807204733104237,40.413728327986995]},"properties":{"ESA_ESPECIE":"AHI","NOMBRE_COMUN":"Castaño de indias","NOMBRE_ESPECIE":"Aesculus hippocastanum","ALTURA":"14","MINTDISTRITO":"03","NOMBRE_DISTRITO":"RETIRO","MINTBARRIO":"035","NOMBRE_BARRIO":"LOS JERONIMOS","OBJECTID":9810487}},{"type":"Feature","id":9811667,"geometry":{"type":"Point","coordinates":[-3.6804511175801946,40.413219325366747]},"properties":{"ESA_ESPECIE":"AHI","NOMBRE_COMUN":"Castaño de indias","NOMBRE_ESPECIE":"Aesculus hippocastanum","ALTURA":"15","MINTDISTRITO":"03","NOMBRE_DISTRITO":"RETIRO","MINTBARRIO":"035","NOMBRE_BARRIO":"LOS JERONIMOS","OBJECTID":9811667}},{"type":"Feature","id":9801339,"geometry":{"type":"Point","coordinates":[-3.6790512194971829,40.413163249058577]},"properties":{"ESA_ESPECIE":"AHI","NOMBRE_COMUN":"Castaño de indias","NOMBRE_ESPECIE":"Aesculus hippocastanum","ALTURA":"9","MINTDISTRITO":"03","NOMBRE_DISTRITO":"RETIRO","MINTBARRIO":"035","NOMBRE_BARRIO":"LOS JERONIMOS","OBJECTID":9801339}},{"type":"Feature","id":9768292,"geometry":{"type":"Point","coordinates":[-3.6788725355227343,40.412863882385942]},"properties":{"ESA_ESPECIE":"AHI","NOMBRE_COMUN":"Castaño de indias","NOMBRE_ESPECIE":"Aesculus hippocastanum","ALTURA":"5","MINTDISTRITO":"03","NOMBRE_DISTRITO":"RETIRO","MINTBARRIO":"035","NOMBRE_BARRIO":"LOS JERONIMOS","OBJECTID":9768292}},{"type":"Feature","id":9811074,"geometry":{"type":"Point","coordinates":[-3.6816325720465941,40.415784531773539]},"properties":{"ESA_ESPECIE":"RPS","NOMBRE_COMUN":"Falsa acacia","NOMBRE_ESPECIE":"Robinia pseudoacacia","ALTURA":"16","MINTDISTRITO":"03","NOMBRE_DISTRITO":"RETIRO","MINTBARRIO":"035","NOMBRE_BARRIO":"LOS JERONIMOS","OBJECTID":9811074}},{"type":"Feature","id":9810238,"geometry":{"type":"Point","coordinates":[-3.6804587578242076,40.415482426674252]},"properties":{"ESA_ESPECIE":"AHI","NOMBRE_COMUN":"Castaño de indias","NOMBRE_ESPECIE":"Aesculus hippocastanum","ALTURA":"12","MINTDISTRITO":"03","NOMBRE_DISTRITO":"RETIRO","MINTBARRIO":"035","NOMBRE_BARRIO":"LOS JERONIMOS","OBJECTID":9810238}},{"type":"Feature","id":9809497,"geometry":{"type":"Point","coordinates":[-3.6808662273013852,40.416510401959641]},"properties":{"ESA_ESPECIE":"AHI","NOMBRE_COMUN":"Castaño de indias","NOMBRE_ESPECIE":"Aesculus hippocastanum","ALTURA":"10","MINTDISTRITO":"03","NOMBRE_DISTRITO":"RETIRO","MINTBARRIO":"035","NOMBRE_BARRIO":"LOS JERONIMOS","OBJECTID":9809497}},{"type":"Feature","id":9779450,"geometry":{"type":"Point","coordinates":[-3.6808006586536339,40.417227430923504]},"properties":{"ESA_ESPECIE":"AHI","NOMBRE_COMUN":"Castaño de indias","NOMBRE_ESPECIE":"Aesculus hippocastanum","ALTURA":"10","MINTDISTRITO":"03","NOMBRE_DISTRITO":"RETIRO","MINTBARRIO":"035","NOMBRE_BARRIO":"LOS JERONIMOS","OBJECTID":9779450}},{"type":"Feature","id":9766709,"geometry":{"type":"Point","coordinates":[-3.6802863069734935,40.417699019127738]},"properties":{"ESA_ESPECIE":"MGR","NOMBRE_COMUN":"Magnolio","NOMBRE_ESPECIE":"Magnolia grandiflora","ALTURA":"5","MINTDISTRITO":"03","NOMBRE_DISTRITO":"RETIRO","MINTBARRIO":"035","NOMBRE_BARRIO":"LOS JERONIMOS","OBJECTID":9766709}},{"type":"Feature","id":9766715,"geometry":{"type":"Point","coordinates":[-3.6796253984260616,40.416567045094361]},"properties":{"ESA_ESPECIE":"CEO","NOMBRE_COMUN":"Almez americano","NOMBRE_ESPECIE":"Celtis occidentalis","ALTURA":"10","MINTDISTRITO":"03","NOMBRE_DISTRITO":"RETIRO","MINTBARRIO":"035","NOMBRE_BARRIO":"LOS JERONIMOS","OBJECTID":9766715}},{"type":"Feature","id":9809752,"geometry":{"type":"Point","coordinates":[-3.6820500341036353,40.414173413526527]},"properties":{"ESA_ESPECIE":"PDA","NOMBRE_COMUN":"Plátano de sombra/Platanus x hybrida","NOMBRE_ESPECIE":"Platanus x hispanica","ALTURA":"15","MINTDISTRITO":"03","NOMBRE_DISTRITO":"RETIRO","MINTBARRIO":"035","NOMBRE_BARRIO":"LOS JERONIMOS","OBJECTID":9809752}},{"type":"Feature","id":9809746,"geometry":{"type":"Point","coordinates":[-3.681040450694228,40.414249635420035]},"properties":{"ESA_ESPECIE":"URE","NOMBRE_COMUN":"Olmo resistente a la grafiosis","NOMBRE_ESPECIE":"Ulmus\u00A0minor\u00A0'Resista'","ALTURA":"10,5","MINTDISTRITO":"03","NOMBRE_DISTRITO":"RETIRO","MINTBARRIO":"035","NOMBRE_BARRIO":"LOS JERONIMOS","OBJECTID":9809746}},{"type":"Feature","id":9780778,"geometry":{"type":"Point","coordinates":[-3.6830361119091397,40.415204417072268]},"properties":{"ESA_ESPECIE":"UMI","NOMBRE_COMUN":"Olmo común","NOMBRE_ESPECIE":"Ulmus minor","ALTURA":"9,5","MINTDISTRITO":"03","NOMBRE_DISTRITO":"RETIRO","MINTBARRIO":"035","NOMBRE_BARRIO":"LOS JERONIMOS","OBJECTID":9780778}},{"type":"Feature","id":9777784,"geometry":{"type":"Point","coordinates":[-3.6830435642284112,40.417944925793407]},"properties":{"ESA_ESPECIE":"QIL","NOMBRE_COMUN":"Encina","NOMBRE_ESPECIE":"Quercus ilex","ALTURA":"8","MINTDISTRITO":"03","NOMBRE_DISTRITO":"RETIRO","MINTBARRIO":"035","NOMBRE_BARRIO":"LOS JERONIMOS","OBJECTID":9777784}},{"type":"Feature","id":9764794,"geometry":{"type":"Point","coordinates":[-3.6816235854955628,40.416942671090673]},"properties":{"ESA_ESPECIE":"GTR","NOMBRE_COMUN":"Acacia de tres espinas","NOMBRE_ESPECIE":"Gleditsia triacanthos","ALTURA":"17","MINTDISTRITO":"03","NOMBRE_DISTRITO":"RETIRO","MINTBARRIO":"035","NOMBRE_BARRIO":"LOS JERONIMOS","OBJECTID":9764794}},{"type":"Feature","id":9809159,"geometry":{"type":"Point","coordinates":[-3.6814727873905451,40.417925609357113]},"properties":{"ESA_ESPECIE":"AHI","NOMBRE_COMUN":"Castaño de indias","NOMBRE_ESPECIE":"Aesculus hippocastanum","ALTURA":"10","MINTDISTRITO":"03","NOMBRE_DISTRITO":"RETIRO","MINTBARRIO":"035","NOMBRE_BARRIO":"LOS JERONIMOS","OBJECTID":9809159}},{"type":"Feature","id":9773207,"geometry":{"type":"Point","coordinates":[-3.6846338846180107,40.413091803563191]},"properties":{"ESA_ESPECIE":"ACA","NOMBRE_COMUN":"Arce campestre","NOMBRE_ESPECIE":"Acer campestre","ALTURA":"8","MINTDISTRITO":"03","NOMBRE_DISTRITO":"RETIRO","MINTBARRIO":"035","NOMBRE_BARRIO":"LOS JERONIMOS","OBJECTID":9773207}},{"type":"Feature","id":9772958,"geometry":{"type":"Point","coordinates":[-3.6843880610354711,40.413413260530547]},"properties":{"ESA_ESPECIE":"LJA","NOMBRE_COMUN":"Aligustre del Japón","NOMBRE_ESPECIE":"Ligustrum japonicum","ALTURA":"8","MINTDISTRITO":"03","NOMBRE_DISTRITO":"RETIRO","MINTBARRIO":"035","NOMBRE_BARRIO":"LOS JERONIMOS","OBJECTID":9772958}},{"type":"Feature","id":9806497,"geometry":{"type":"Point","coordinates":[-3.683725318398043,40.413320658633651]},"properties":{"ESA_ESPECIE":"CSI","NOMBRE_COMUN":"Árbol del amor","NOMBRE_ESPECIE":"Cercis siliquastrum","ALTURA":"10","MINTDISTRITO":"03","NOMBRE_DISTRITO":"RETIRO","MINTBARRIO":"035","NOMBRE_BARRIO":"LOS JERONIMOS","OBJECTID":9806497}},{"type":"Feature","id":9777529,"geometry":{"type":"Point","coordinates":[-3.6830894164929342,40.412659404986002]},"properties":{"ESA_ESPECIE":"AHI","NOMBRE_COMUN":"Castaño de indias","NOMBRE_ESPECIE":"Aesculus hippocastanum","ALTURA":"9","MINTDISTRITO":"03","NOMBRE_DISTRITO":"RETIRO","MINTBARRIO":"035","NOMBRE_BARRIO":"LOS JERONIMOS","OBJECTID":9777529}},{"type":"Feature","id":9777535,"geometry":{"type":"Point","coordinates":[-3.6832430514113539,40.413058048775142]},"properties":{"ESA_ESPECIE":"AHI","NOMBRE_COMUN":"Castaño de indias","NOMBRE_ESPECIE":"Aesculus hippocastanum","ALTURA":"8","MINTDISTRITO":"03","NOMBRE_DISTRITO":"RETIRO","MINTBARRIO":"035","NOMBRE_BARRIO":"LOS JERONIMOS","OBJECTID":9777535}},{"type":"Feature","id":9781027,"geometry":{"type":"Point","coordinates":[-3.6825679719279005,40.412433384271807]},"properties":{"ESA_ESPECIE":"PIN","NOMBRE_COMUN":"Pino laricio","NOMBRE_ESPECIE":"Pinus nigra","ALTURA":"18","MINTDISTRITO":"03","NOMBRE_DISTRITO":"RETIRO","MINTBARRIO":"035","NOMBRE_BARRIO":"LOS JERONIMOS","OBJECTID":9781027}},{"type":"Feature","id":9805169,"geometry":{"type":"Point","coordinates":[-3.6846231659010549,40.413779771330937]},"properties":{"ESA_ESPECIE":"AHI","NOMBRE_COMUN":"Castaño de indias","NOMBRE_ESPECIE":"Aesculus hippocastanum","ALTURA":"6","MINTDISTRITO":"03","NOMBRE_DISTRITO":"RETIRO","MINTBARRIO":"035","NOMBRE_BARRIO":"LOS JERONIMOS","OBJECTID":9805169}},{"type":"Feature","id":9803995,"geometry":{"type":"Point","coordinates":[-3.6856041770721237,40.41361039885949]},"properties":{"ESA_ESPECIE":"ACA","NOMBRE_COMUN":"Arce campestre","NOMBRE_ESPECIE":"Acer campestre","ALTURA":"7","MINTDISTRITO":"03","NOMBRE_DISTRITO":"RETIRO","MINTBARRIO":"035","NOMBRE_BARRIO":"LOS JERONIMOS","OBJECTID":9803995}},{"type":"Feature","id":9806254,"geometry":{"type":"Point","coordinates":[-3.6853257238358115,40.413166696173903]},"properties":{"ESA_ESPECIE":"AHI","NOMBRE_COMUN":"Castaño de indias","NOMBRE_ESPECIE":"Aesculus hippocastanum","ALTURA":"18","MINTDISTRITO":"03","NOMBRE_DISTRITO":"RETIRO","MINTBARRIO":"035","NOMBRE_BARRIO":"LOS JERONIMOS","OBJECTID":9806254}},{"type":"Feature","id":9806503,"geometry":{"type":"Point","coordinates":[-3.6855995187368089,40.413062009369021]},"properties":{"ESA_ESPECIE":"SJA","NOMBRE_COMUN":"Acacia del Japón/Sophora japonica","NOMBRE_ESPECIE":"Styphnolobium japonicum","ALTURA":"20","MINTDISTRITO":"03","NOMBRE_DISTRITO":"RETIRO","MINTBARRIO":"035","NOMBRE_BARRIO":"LOS JERONIMOS","OBJECTID":9806503}},{"type":"Feature","id":9773201,"geometry":{"type":"Point","coordinates":[-3.6855071238595576,40.412993295610868]},"properties":{"ESA_ESPECIE":"ACA","NOMBRE_COMUN":"Arce campestre","NOMBRE_ESPECIE":"Acer campestre","ALTURA":"9,5","MINTDISTRITO":"03","NOMBRE_DISTRITO":"RETIRO","MINTBARRIO":"035","NOMBRE_BARRIO":"LOS JERONIMOS","OBJECTID":9773201}},{"type":"Feature","id":9901221,"geometry":{"type":"Point","coordinates":[-3.684811272077829,40.412878202419073]},"properties":{"ESA_ESPECIE":"GTR","NOMBRE_COMUN":"Acacia de tres espinas","NOMBRE_ESPECIE":"Gleditsia triacanthos","ALTURA":"18","MINTDISTRITO":"03","NOMBRE_DISTRITO":"RETIRO","MINTBARRIO":"035","NOMBRE_BARRIO":"LOS JERONIMOS","OBJECTID":9901221}},{"type":"Feature","id":9775863,"geometry":{"type":"Point","coordinates":[-3.6854861048304417,40.417682721003686]},"properties":{"ESA_ESPECIE":"CAU","NOMBRE_COMUN":"Almez","NOMBRE_ESPECIE":"Celtis australis","ALTURA":"16","MINTDISTRITO":"03","NOMBRE_DISTRITO":"RETIRO","MINTBARRIO":"035","NOMBRE_BARRIO":"LOS JERONIMOS","OBJECTID":9775863}},{"type":"Feature","id":9780191,"geometry":{"type":"Point","coordinates":[-3.6833620364860309,40.415121589863588]},"properties":{"ESA_ESPECIE":"AAL","NOMBRE_COMUN":"Ailanto","NOMBRE_ESPECIE":"Ailanthus altissima","ALTURA":"13","MINTDISTRITO":"03","NOMBRE_DISTRITO":"RETIRO","MINTBARRIO":"035","NOMBRE_BARRIO":"LOS JERONIMOS","OBJECTID":9780191}},{"type":"Feature","id":9780784,"geometry":{"type":"Point","coordinates":[-3.6835350106038014,40.413984075442265]},"properties":{"ESA_ESPECIE":"CAU","NOMBRE_COMUN":"Almez","NOMBRE_ESPECIE":"Celtis australis","ALTURA":"7,5","MINTDISTRITO":"03","NOMBRE_DISTRITO":"RETIRO","MINTBARRIO":"035","NOMBRE_BARRIO":"LOS JERONIMOS","OBJECTID":9780784}},{"type":"Feature","id":9772614,"geometry":{"type":"Point","coordinates":[-3.6853399074371374,40.415174567660607]},"properties":{"ESA_ESPECIE":"AHI","NOMBRE_COMUN":"Castaño de indias","NOMBRE_ESPECIE":"Aesculus hippocastanum","ALTURA":"5","MINTDISTRITO":"03","NOMBRE_DISTRITO":"RETIRO","MINTBARRIO":"035","NOMBRE_BARRIO":"LOS JERONIMOS","OBJECTID":9772614}},{"type":"Feature","id":9772620,"geometry":{"type":"Point","coordinates":[-3.6851348200832779,40.414437941867504]},"properties":{"ESA_ESPECIE":"AHI","NOMBRE_COMUN":"Castaño de indias","NOMBRE_ESPECIE":"Aesculus hippocastanum","ALTURA":"6,5","MINTDISTRITO":"03","NOMBRE_DISTRITO":"RETIRO","MINTBARRIO":"035","NOMBRE_BARRIO":"LOS JERONIMOS","OBJECTID":9772620}},{"type":"Feature","id":9772365,"geometry":{"type":"Point","coordinates":[-3.6853429395961159,40.414132833073651]},"properties":{"ESA_ESPECIE":"AHI","NOMBRE_COMUN":"Castaño de indias","NOMBRE_ESPECIE":"Aesculus hippocastanum","ALTURA":"10","MINTDISTRITO":"03","NOMBRE_DISTRITO":"RETIRO","MINTBARRIO":"035","NOMBRE_BARRIO":"LOS JERONIMOS","OBJECTID":9772365}},{"type":"Feature","id":9804244,"geometry":{"type":"Point","coordinates":[-3.6878369956478303,40.416361690122002]},"properties":{"ESA_ESPECIE":"GTR","NOMBRE_COMUN":"Acacia de tres espinas","NOMBRE_ESPECIE":"Gleditsia triacanthos","ALTURA":"8","MINTDISTRITO":"03","NOMBRE_DISTRITO":"RETIRO","MINTBARRIO":"035","NOMBRE_BARRIO":"LOS JERONIMOS","OBJECTID":9804244}},{"type":"Feature","id":9776450,"geometry":{"type":"Point","coordinates":[-3.6870008741835494,40.417903460705134]},"properties":{"ESA_ESPECIE":"AHI","NOMBRE_COMUN":"Castaño de indias","NOMBRE_ESPECIE":"Aesculus hippocastanum","ALTURA":"18","MINTDISTRITO":"03","NOMBRE_DISTRITO":"RETIRO","MINTBARRIO":"035","NOMBRE_BARRIO":"LOS JERONIMOS","OBJECTID":9776450}},{"type":"Feature","id":9804588,"geometry":{"type":"Point","coordinates":[-3.6860228397952648,40.416714533363731]},"properties":{"ESA_ESPECIE":"AHI","NOMBRE_COMUN":"Castaño de indias","NOMBRE_ESPECIE":"Aesculus hippocastanum","ALTURA":"13","MINTDISTRITO":"03","NOMBRE_DISTRITO":"RETIRO","MINTBARRIO":"035","NOMBRE_BARRIO":"LOS JERONIMOS","OBJECTID":9804588}},{"type":"Feature","id":9771292,"geometry":{"type":"Point","coordinates":[-3.6853986598674675,40.416102241609018]},"properties":{"ESA_ESPECIE":"AHI","NOMBRE_COMUN":"Castaño de indias","NOMBRE_ESPECIE":"Aesculus hippocastanum","ALTURA":"13","MINTDISTRITO":"03","NOMBRE_DISTRITO":"RETIRO","MINTBARRIO":"035","NOMBRE_BARRIO":"LOS JERONIMOS","OBJECTID":9771292}},{"type":"Feature","id":9804333,"geometry":{"type":"Point","coordinates":[-3.685585857260655,40.416661818870253]},"properties":{"ESA_ESPECIE":"GTR","NOMBRE_COMUN":"Acacia de tres espinas","NOMBRE_ESPECIE":"Gleditsia triacanthos","ALTURA":"16","MINTDISTRITO":"03","NOMBRE_DISTRITO":"RETIRO","MINTBARRIO":"035","NOMBRE_BARRIO":"LOS JERONIMOS","OBJECTID":9804333}},{"type":"Feature","id":9804582,"geometry":{"type":"Point","coordinates":[-3.6855332958730052,40.416788068021852]},"properties":{"ESA_ESPECIE":"AHI","NOMBRE_COMUN":"Castaño de indias","NOMBRE_ESPECIE":"Aesculus hippocastanum","ALTURA":"9","MINTDISTRITO":"03","NOMBRE_DISTRITO":"RETIRO","MINTBARRIO":"035","NOMBRE_BARRIO":"LOS JERONIMOS","OBJECTID":9804582}},{"type":"Feature","id":9770545,"geometry":{"type":"Point","coordinates":[-3.6870343274048922,40.41181863925636]},"properties":{"ESA_ESPECIE":"CSE","NOMBRE_COMUN":"Ciprés común","NOMBRE_ESPECIE":"Cupressus sempervirens","ALTURA":"5,5","MINTDISTRITO":"03","NOMBRE_DISTRITO":"RETIRO","MINTBARRIO":"035","NOMBRE_BARRIO":"LOS JERONIMOS","OBJECTID":9770545}},{"type":"Feature","id":9770948,"geometry":{"type":"Point","coordinates":[-3.6879758469170687,40.413300976066814]},"properties":{"ESA_ESPECIE":"RPS","NOMBRE_COMUN":"Falsa acacia","NOMBRE_ESPECIE":"Robinia pseudoacacia","ALTURA":"7,5","MINTDISTRITO":"03","NOMBRE_DISTRITO":"RETIRO","MINTBARRIO":"035","NOMBRE_BARRIO":"LOS JERONIMOS","OBJECTID":9770948}},{"type":"Feature","id":9800011,"geometry":{"type":"Point","coordinates":[-3.6878160562008313,40.413621315700624]},"properties":{"ESA_ESPECIE":"AHIB","NOMBRE_COMUN":"Castaño de indias de Baumann","NOMBRE_ESPECIE":"Aesculus hippocastanum 'Baumannii'","ALTURA":"5,5","MINTDISTRITO":"03","NOMBRE_DISTRITO":"RETIRO","MINTBARRIO":"035","NOMBRE_BARRIO":"LOS JERONIMOS","OBJECTID":9800011}},{"type":"Feature","id":9803005,"geometry":{"type":"Point","coordinates":[-3.6865766905184736,40.414039900246962]},"properties":{"ESA_ESPECIE":"GDI","NOMBRE_COMUN":"Cafetero de Kentucky","NOMBRE_ESPECIE":"Gymnocladus dioica","ALTURA":"16","MINTDISTRITO":"03","NOMBRE_DISTRITO":"RETIRO","MINTBARRIO":"035","NOMBRE_BARRIO":"LOS JERONIMOS","OBJECTID":9803005}},{"type":"Feature","id":9801333,"geometry":{"type":"Point","coordinates":[-3.6862630891713812,40.414809243176109]},"properties":{"ESA_ESPECIE":"GTR","NOMBRE_COMUN":"Acacia de tres espinas","NOMBRE_ESPECIE":"Gleditsia triacanthos","ALTURA":"16","MINTDISTRITO":"03","NOMBRE_DISTRITO":"RETIRO","MINTBARRIO":"035","NOMBRE_BARRIO":"LOS JERONIMOS","OBJECTID":9801333}},{"type":"Feature","id":9803260,"geometry":{"type":"Point","coordinates":[-3.6873271342766687,40.414789138670017]},"properties":{"ESA_ESPECIE":"GTR","NOMBRE_COMUN":"Acacia de tres espinas","NOMBRE_ESPECIE":"Gleditsia triacanthos","ALTURA":"8","MINTDISTRITO":"03","NOMBRE_DISTRITO":"RETIRO","MINTBARRIO":"035","NOMBRE_BARRIO":"LOS JERONIMOS","OBJECTID":9803260}},{"type":"Feature","id":9769958,"geometry":{"type":"Point","coordinates":[-3.6861383169152897,40.410495034116643]},"properties":{"ESA_ESPECIE":"AHI","NOMBRE_COMUN":"Castaño de indias","NOMBRE_ESPECIE":"Aesculus hippocastanum","ALTURA":"12","MINTDISTRITO":"03","NOMBRE_DISTRITO":"RETIRO","MINTBARRIO":"035","NOMBRE_BARRIO":"LOS JERONIMOS","OBJECTID":9769958}},{"type":"Feature","id":9802080,"geometry":{"type":"Point","coordinates":[-3.6859052606583802,40.410220838858983]},"properties":{"ESA_ESPECIE":"CAU","NOMBRE_COMUN":"Almez","NOMBRE_ESPECIE":"Celtis australis","ALTURA":"6,5","MINTDISTRITO":"03","NOMBRE_DISTRITO":"RETIRO","MINTBARRIO":"035","NOMBRE_BARRIO":"LOS JERONIMOS","OBJECTID":9802080}},{"type":"Feature","id":9801926,"geometry":{"type":"Point","coordinates":[-3.6866375771320445,40.410170239664644]},"properties":{"ESA_ESPECIE":"CAU","NOMBRE_COMUN":"Almez","NOMBRE_ESPECIE":"Celtis australis","ALTURA":"6,5","MINTDISTRITO":"03","NOMBRE_DISTRITO":"RETIRO","MINTBARRIO":"035","NOMBRE_BARRIO":"LOS JERONIMOS","OBJECTID":9801926}},{"type":"Feature","id":9782693,"geometry":{"type":"Point","coordinates":[-3.6876231188839332,40.410129724780262]},"properties":{"ESA_ESPECIE":"ZECA","NOMBRE_COMUN":"Olmo de Siberia","NOMBRE_ESPECIE":"Zelkova carpinifolia","ALTURA":"3,5","MINTDISTRITO":"03","NOMBRE_DISTRITO":"RETIRO","MINTBARRIO":"035","NOMBRE_BARRIO":"LOS JERONIMOS","OBJECTID":9782693}},{"type":"Feature","id":9765381,"geometry":{"type":"Point","coordinates":[-3.6877847110170707,40.409784437449794]},"properties":{"ESA_ESPECIE":"CAU","NOMBRE_COMUN":"Almez","NOMBRE_ESPECIE":"Celtis australis","ALTURA":"5,5","MINTDISTRITO":"03","NOMBRE_DISTRITO":"RETIRO","MINTBARRIO":"035","NOMBRE_BARRIO":"LOS JERONIMOS","OBJECTID":9765381}},{"type":"Feature","id":9812995,"geometry":{"type":"Point","coordinates":[-3.6874257207677732,40.41065001848456]},"properties":{"ESA_ESPECIE":"SJA","NOMBRE_COMUN":"Acacia del Japón/Sophora japonica","NOMBRE_ESPECIE":"Styphnolobium japonicum","ALTURA":"3,5","MINTDISTRITO":"03","NOMBRE_DISTRITO":"RETIRO","MINTBARRIO":"035","NOMBRE_BARRIO":"LOS JERONIMOS","OBJECTID":9812995}},{"type":"Feature","id":9805661,"geometry":{"type":"Point","coordinates":[-3.6840577413432021,40.412240578761256]},"properties":{"ESA_ESPECIE":"PPI","NOMBRE_COMUN":"Pino piñonero","NOMBRE_ESPECIE":"Pinus pinea","ALTURA":"25","MINTDISTRITO":"03","NOMBRE_DISTRITO":"RETIRO","MINTBARRIO":"035","NOMBRE_BARRIO":"LOS JERONIMOS","OBJECTID":9805661}},{"type":"Feature","id":9766128,"geometry":{"type":"Point","coordinates":[-3.6847973183637341,40.411057581935431]},"properties":{"ESA_ESPECIE":"CSI","NOMBRE_COMUN":"Árbol del amor","NOMBRE_ESPECIE":"Cercis siliquastrum","ALTURA":"4","MINTDISTRITO":"03","NOMBRE_DISTRITO":"RETIRO","MINTBARRIO":"035","NOMBRE_BARRIO":"LOS JERONIMOS","OBJECTID":9766128}},{"type":"Feature","id":9896656,"geometry":{"type":"Point","coordinates":[-3.6851587408185553,40.411476488005533]},"properties":{"ESA_ESPECIE":"CSI","NOMBRE_COMUN":"Árbol del amor","NOMBRE_ESPECIE":"Cercis siliquastrum","ALTURA":"2,25","MINTDISTRITO":"03","NOMBRE_DISTRITO":"RETIRO","MINTBARRIO":"035","NOMBRE_BARRIO":"LOS JERONIMOS","OBJECTID":9896656}},{"type":"Feature","id":9807244,"geometry":{"type":"Point","coordinates":[-3.6852376940916165,40.41112079300337]},"properties":{"ESA_ESPECIE":"UPU","NOMBRE_COMUN":"Olmo de Siberia","NOMBRE_ESPECIE":"Ulmus pumila","ALTURA":"11","MINTDISTRITO":"03","NOMBRE_DISTRITO":"RETIRO","MINTBARRIO":"035","NOMBRE_BARRIO":"LOS JERONIMOS","OBJECTID":9807244}},{"type":"Feature","id":9805910,"geometry":{"type":"Point","coordinates":[-3.6853967987180094,40.412169170731353]},"properties":{"ESA_ESPECIE":"AHI","NOMBRE_COMUN":"Castaño de indias","NOMBRE_ESPECIE":"Aesculus hippocastanum","ALTURA":"12","MINTDISTRITO":"03","NOMBRE_DISTRITO":"RETIRO","MINTBARRIO":"035","NOMBRE_BARRIO":"LOS JERONIMOS","OBJECTID":9805910}},{"type":"Feature","id":9782948,"geometry":{"type":"Point","coordinates":[-3.6857266038632344,40.410777233110998]},"properties":{"ESA_ESPECIE":"AHI","NOMBRE_COMUN":"Castaño de indias","NOMBRE_ESPECIE":"Aesculus hippocastanum","ALTURA":"3","MINTDISTRITO":"03","NOMBRE_DISTRITO":"RETIRO","MINTBARRIO":"035","NOMBRE_BARRIO":"LOS JERONIMOS","OBJECTID":9782948}},{"type":"Feature","id":9782699,"geometry":{"type":"Point","coordinates":[-3.6879812947902244,40.410546875596772]},"properties":{"ESA_ESPECIE":"AHI","NOMBRE_COMUN":"Castaño de indias","NOMBRE_ESPECIE":"Aesculus hippocastanum","ALTURA":"2,5","MINTDISTRITO":"03","NOMBRE_DISTRITO":"RETIRO","MINTBARRIO":"035","NOMBRE_BARRIO":"LOS JERONIMOS","OBJECTID":9782699}},{"type":"Feature","id":9898820,"geometry":{"type":"Point","coordinates":[-3.6845111257868739,40.409349447432142]},"properties":{"ESA_ESPECIE":"MGR","NOMBRE_COMUN":"Magnolio","NOMBRE_ESPECIE":"Magnolia grandiflora","ALTURA":"9","MINTDISTRITO":"03","NOMBRE_DISTRITO":"RETIRO","MINTBARRIO":"035","NOMBRE_BARRIO":"LOS JERONIMOS","OBJECTID":9898820}},{"type":"Feature","id":9769620,"geometry":{"type":"Point","coordinates":[-3.6845401817066437,40.41028504637756]},"properties":{"ESA_ESPECIE":"PDU","NOMBRE_COMUN":"Almendro","NOMBRE_ESPECIE":"Prunus dulcis","ALTURA":"5","MINTDISTRITO":"03","NOMBRE_DISTRITO":"RETIRO","MINTBARRIO":"035","NOMBRE_BARRIO":"LOS JERONIMOS","OBJECTID":9769620}},{"type":"Feature","id":9800260,"geometry":{"type":"Point","coordinates":[-3.6841745982747218,40.41000238886874]},"properties":{"ESA_ESPECIE":"CBE","NOMBRE_COMUN":"Carpe","NOMBRE_ESPECIE":"Carpinus betulus","ALTURA":"3,5","MINTDISTRITO":"03","NOMBRE_DISTRITO":"RETIRO","MINTBARRIO":"035","NOMBRE_BARRIO":"LOS JERONIMOS","OBJECTID":9800260}},{"type":"Feature","id":9766964,"geometry":{"type":"Point","coordinates":[-3.6838037127034027,40.411049896767963]},"properties":{"ESA_ESPECIE":"TFO","NOMBRE_COMUN":"Palma de Fortune","NOMBRE_ESPECIE":"Trachycarpus fortunei","ALTURA":null,"MINTDISTRITO":"03","NOMBRE_DISTRITO":"RETIRO","MINTBARRIO":"035","NOMBRE_BARRIO":"LOS JERONIMOS","OBJECTID":9766964}},{"type":"Feature","id":9775614,"geometry":{"type":"Point","coordinates":[-3.6836340258188698,40.412113390512204]},"properties":{"ESA_ESPECIE":"UPU","NOMBRE_COMUN":"Olmo de Siberia","NOMBRE_ESPECIE":"Ulmus pumila","ALTURA":"12","MINTDISTRITO":"03","NOMBRE_DISTRITO":"RETIRO","MINTBARRIO":"035","NOMBRE_BARRIO":"LOS JERONIMOS","OBJECTID":9775614}},{"type":"Feature","id":9803841,"geometry":{"type":"Point","coordinates":[-3.6886674276041762,40.415614698382761]},"properties":{"ESA_ESPECIE":"AHI","NOMBRE_COMUN":"Castaño de indias","NOMBRE_ESPECIE":"Aesculus hippocastanum","ALTURA":"9,5","MINTDISTRITO":"03","NOMBRE_DISTRITO":"RETIRO","MINTBARRIO":"035","NOMBRE_BARRIO":"LOS JERONIMOS","OBJECTID":9803841}},{"type":"Feature","id":9802916,"geometry":{"type":"Point","coordinates":[-3.6886852609894074,40.414495659168296]},"properties":{"ESA_ESPECIE":"LJA","NOMBRE_COMUN":"Aligustre del Japón","NOMBRE_ESPECIE":"Ligustrum japonicum","ALTURA":"10","MINTDISTRITO":"03","NOMBRE_DISTRITO":"RETIRO","MINTBARRIO":"035","NOMBRE_BARRIO":"LOS JERONIMOS","OBJECTID":9802916}},{"type":"Feature","id":9771037,"geometry":{"type":"Point","coordinates":[-3.6883223494650226,40.411952961115126]},"properties":{"ESA_ESPECIE":"CSI","NOMBRE_COMUN":"Árbol del amor","NOMBRE_ESPECIE":"Cercis siliquastrum","ALTURA":"3,5","MINTDISTRITO":"03","NOMBRE_DISTRITO":"RETIRO","MINTBARRIO":"035","NOMBRE_BARRIO":"LOS JERONIMOS","OBJECTID":9771037}},{"type":"Feature","id":9770699,"geometry":{"type":"Point","coordinates":[-3.6883197857605619,40.411643515342142]},"properties":{"ESA_ESPECIE":"AHI","NOMBRE_COMUN":"Castaño de indias","NOMBRE_ESPECIE":"Aesculus hippocastanum","ALTURA":"9","MINTDISTRITO":"03","NOMBRE_DISTRITO":"RETIRO","MINTBARRIO":"035","NOMBRE_BARRIO":"LOS JERONIMOS","OBJECTID":9770699}},{"type":"Feature","id":9803254,"geometry":{"type":"Point","coordinates":[-3.6885789781619782,40.41163821522516]},"properties":{"ESA_ESPECIE":"AHI","NOMBRE_COMUN":"Castaño de indias","NOMBRE_ESPECIE":"Aesculus hippocastanum","ALTURA":"12","MINTDISTRITO":"03","NOMBRE_DISTRITO":"RETIRO","MINTBARRIO":"035","NOMBRE_BARRIO":"LOS JERONIMOS","OBJECTID":9803254}},{"type":"Feature","id":9802667,"geometry":{"type":"Point","coordinates":[-3.6880175055140034,40.410753309868859]},"properties":{"ESA_ESPECIE":"SJA","NOMBRE_COMUN":"Acacia del Japón/Sophora japonica","NOMBRE_ESPECIE":"Styphnolobium japonicum","ALTURA":"9","MINTDISTRITO":"03","NOMBRE_DISTRITO":"RETIRO","MINTBARRIO":"035","NOMBRE_BARRIO":"LOS JERONIMOS","OBJECTID":9802667}},{"type":"Feature","id":9776301,"geometry":{"type":"Point","coordinates":[-3.6882384291070034,40.418489616297123]},"properties":{"ESA_ESPECIE":"AHI","NOMBRE_COMUN":"Castaño de indias","NOMBRE_ESPECIE":"Aesculus hippocastanum","ALTURA":"6","MINTDISTRITO":"03","NOMBRE_DISTRITO":"RETIRO","MINTBARRIO":"035","NOMBRE_BARRIO":"LOS JERONIMOS","OBJECTID":9776301}},{"type":"Feature","id":9807138,"geometry":{"type":"Point","coordinates":[-3.688244932133613,40.41772237630564]},"properties":{"ESA_ESPECIE":"ABP","NOMBRE_COMUN":"Pinsapo","NOMBRE_ESPECIE":"Abies pinsapo","ALTURA":"15","MINTDISTRITO":"03","NOMBRE_DISTRITO":"RETIRO","MINTBARRIO":"035","NOMBRE_BARRIO":"LOS JERONIMOS","OBJECTID":9807138}},{"type":"Feature","id":9803154,"geometry":{"type":"Point","coordinates":[-3.6885867855774728,40.414530480093106]},"properties":{"ESA_ESPECIE":"AHI","NOMBRE_COMUN":"Castaño de indias","NOMBRE_ESPECIE":"Aesculus hippocastanum","ALTURA":"11","MINTDISTRITO":"03","NOMBRE_DISTRITO":"RETIRO","MINTBARRIO":"035","NOMBRE_BARRIO":"LOS JERONIMOS","OBJECTID":9803154}},{"type":"Feature","id":9769022,"geometry":{"type":"Point","coordinates":[-3.6880149505166937,40.414155792505333]},"properties":{"ESA_ESPECIE":"UMI","NOMBRE_COMUN":"Olmo común","NOMBRE_ESPECIE":"Ulmus minor","ALTURA":"10","MINTDISTRITO":"03","NOMBRE_DISTRITO":"RETIRO","MINTBARRIO":"035","NOMBRE_BARRIO":"LOS JERONIMOS","OBJECTID":9769022}},{"type":"Feature","id":9770350,"geometry":{"type":"Point","coordinates":[-3.6885011885958141,40.412312258460673]},"properties":{"ESA_ESPECIE":"CAU","NOMBRE_COMUN":"Almez","NOMBRE_ESPECIE":"Celtis australis","ALTURA":"13","MINTDISTRITO":"03","NOMBRE_DISTRITO":"RETIRO","MINTBARRIO":"035","NOMBRE_BARRIO":"LOS JERONIMOS","OBJECTID":9770350}},{"type":"Feature","id":9803308,"geometry":{"type":"Point","coordinates":[-3.6881171380860813,40.411928353664926]},"properties":{"ESA_ESPECIE":"AHI","NOMBRE_COMUN":"Castaño de indias","NOMBRE_ESPECIE":"Aesculus hippocastanum","ALTURA":"15","MINTDISTRITO":"03","NOMBRE_DISTRITO":"RETIRO","MINTBARRIO":"035","NOMBRE_BARRIO":"LOS JERONIMOS","OBJECTID":9803308}},{"type":"Feature","id":9766809,"geometry":{"type":"Point","coordinates":[-3.6808504660185686,40.421025238749699]},"properties":{"ESA_ESPECIE":"TFO","NOMBRE_COMUN":"Palma de Fortune","NOMBRE_ESPECIE":"Trachycarpus fortunei","ALTURA":null,"MINTDISTRITO":"03","NOMBRE_DISTRITO":"RETIRO","MINTBARRIO":"035","NOMBRE_BARRIO":"LOS JERONIMOS","OBJECTID":9766809}},{"type":"Feature","id":9766815,"geometry":{"type":"Point","coordinates":[-3.6808154609427235,40.420866425368992]},"properties":{"ESA_ESPECIE":"TFO","NOMBRE_COMUN":"Palma de Fortune","NOMBRE_ESPECIE":"Trachycarpus fortunei","ALTURA":null,"MINTDISTRITO":"03","NOMBRE_DISTRITO":"RETIRO","MINTBARRIO":"035","NOMBRE_BARRIO":"LOS JERONIMOS","OBJECTID":9766815}},{"type":"Feature","id":9807931,"geometry":{"type":"Point","coordinates":[-3.6878853780340153,40.418814925887609]},"properties":{"ESA_ESPECIE":"AHI","NOMBRE_COMUN":"Castaño de indias","NOMBRE_ESPECIE":"Aesculus hippocastanum","ALTURA":"4","MINTDISTRITO":"03","NOMBRE_DISTRITO":"RETIRO","MINTBARRIO":"035","NOMBRE_BARRIO":"LOS JERONIMOS","OBJECTID":9807931}},{"type":"Feature","id":9775809,"geometry":{"type":"Point","coordinates":[-3.6875002937495376,40.418692927635888]},"properties":{"ESA_ESPECIE":"LST","NOMBRE_COMUN":"Liquidambar","NOMBRE_ESPECIE":"Liquidambar styraciflua","ALTURA":"5","MINTDISTRITO":"03","NOMBRE_DISTRITO":"RETIRO","MINTBARRIO":"035","NOMBRE_BARRIO":"LOS JERONIMOS","OBJECTID":9775809}},{"type":"Feature","id":9776848,"geometry":{"type":"Point","coordinates":[-3.6878461027289311,40.41935078325124]},"properties":{"ESA_ESPECIE":"LIN","NOMBRE_COMUN":"Árbol\u00A0de\u00A0Júpiter","NOMBRE_ESPECIE":"Lagerstroemia indica","ALTURA":"2,5","MINTDISTRITO":"03","NOMBRE_DISTRITO":"RETIRO","MINTBARRIO":"035","NOMBRE_BARRIO":"LOS JERONIMOS","OBJECTID":9776848}},{"type":"Feature","id":9808269,"geometry":{"type":"Point","coordinates":[-3.6872067227358132,40.419832001674479]},"properties":{"ESA_ESPECIE":"AHI","NOMBRE_COMUN":"Castaño de indias","NOMBRE_ESPECIE":"Aesculus hippocastanum","ALTURA":"9,5","MINTDISTRITO":"03","NOMBRE_DISTRITO":"RETIRO","MINTBARRIO":"035","NOMBRE_BARRIO":"LOS JERONIMOS","OBJECTID":9808269}},{"type":"Feature","id":9900835,"geometry":{"type":"Point","coordinates":[-3.677431984240167,40.41229898639093]},"properties":{"ESA_ESPECIE":"CAU","NOMBRE_COMUN":"Almez","NOMBRE_ESPECIE":"Celtis australis","ALTURA":"3,5","MINTDISTRITO":"03","NOMBRE_DISTRITO":"RETIRO","MINTBARRIO":"035","NOMBRE_BARRIO":"LOS JERONIMOS","OBJECTID":9900835}},{"type":"Feature","id":9769317,"geometry":{"type":"Point","coordinates":[-3.677705710910887,40.414565601198049]},"properties":{"ESA_ESPECIE":"PAB","NOMBRE_COMUN":"Álamo\u00A0plateado","NOMBRE_ESPECIE":"Populus alba 'Bolleana'","ALTURA":"15","MINTDISTRITO":"03","NOMBRE_DISTRITO":"RETIRO","MINTBARRIO":"035","NOMBRE_BARRIO":"LOS JERONIMOS","OBJECTID":9769317}},{"type":"Feature","id":9751366,"geometry":{"type":"Point","coordinates":[-3.6823089416624826,40.420289027928781]},"properties":{"ESA_ESPECIE":"CAU","NOMBRE_COMUN":"Almez","NOMBRE_ESPECIE":"Celtis australis","ALTURA":"17","MINTDISTRITO":"03","NOMBRE_DISTRITO":"RETIRO","MINTBARRIO":"035","NOMBRE_BARRIO":"LOS JERONIMOS","OBJECTID":9751366}},{"type":"Feature","id":9808472,"geometry":{"type":"Point","coordinates":[-3.684219552749886,40.419908304458069]},"properties":{"ESA_ESPECIE":"AHI","NOMBRE_COMUN":"Castaño de indias","NOMBRE_ESPECIE":"Aesculus hippocastanum","ALTURA":"11,5","MINTDISTRITO":"03","NOMBRE_DISTRITO":"RETIRO","MINTBARRIO":"035","NOMBRE_BARRIO":"LOS JERONIMOS","OBJECTID":9808472}},{"type":"Feature","id":9811472,"geometry":{"type":"Point","coordinates":[-3.6836078377109502,40.419521498088166]},"properties":{"ESA_ESPECIE":"AHI","NOMBRE_COMUN":"Castaño de indias","NOMBRE_ESPECIE":"Aesculus hippocastanum","ALTURA":"12,5","MINTDISTRITO":"03","NOMBRE_DISTRITO":"RETIRO","MINTBARRIO":"035","NOMBRE_BARRIO":"LOS JERONIMOS","OBJECTID":9811472}},{"type":"Feature","id":9777137,"geometry":{"type":"Point","coordinates":[-3.6855215795802594,40.418914407581902]},"properties":{"ESA_ESPECIE":"PDA","NOMBRE_COMUN":"Plátano de sombra/Platanus x hybrida","NOMBRE_ESPECIE":"Platanus x hispanica","ALTURA":"16","MINTDISTRITO":"03","NOMBRE_DISTRITO":"RETIRO","MINTBARRIO":"035","NOMBRE_BARRIO":"LOS JERONIMOS","OBJECTID":9777137}},{"type":"Feature","id":9779012,"geometry":{"type":"Point","coordinates":[-3.6864069181034336,40.419772941847697]},"properties":{"ESA_ESPECIE":"CSI","NOMBRE_COMUN":"Árbol del amor","NOMBRE_ESPECIE":"Cercis siliquastrum","ALTURA":"5,5","MINTDISTRITO":"03","NOMBRE_DISTRITO":"RETIRO","MINTBARRIO":"035","NOMBRE_BARRIO":"LOS JERONIMOS","OBJECTID":9779012}},{"type":"Feature","id":9776842,"geometry":{"type":"Point","coordinates":[-3.6863955783584297,40.419113006629964]},"properties":{"ESA_ESPECIE":"LST","NOMBRE_COMUN":"Liquidambar","NOMBRE_ESPECIE":"Liquidambar styraciflua","ALTURA":"6,5","MINTDISTRITO":"03","NOMBRE_DISTRITO":"RETIRO","MINTBARRIO":"035","NOMBRE_BARRIO":"LOS JERONIMOS","OBJECTID":9776842}},{"type":"Feature","id":9781668,"geometry":{"type":"Point","coordinates":[-3.6820879869479444,40.420306883116801]},"properties":{"ESA_ESPECIE":"EGL","NOMBRE_COMUN":"Eucalipto blanco","NOMBRE_ESPECIE":"Eucalyptus globulus","ALTURA":"16,5","MINTDISTRITO":"03","NOMBRE_DISTRITO":"RETIRO","MINTBARRIO":"035","NOMBRE_BARRIO":"LOS JERONIMOS","OBJECTID":9781668}},{"type":"Feature","id":9779504,"geometry":{"type":"Point","coordinates":[-3.6829635746760134,40.418585851453081]},"properties":{"ESA_ESPECIE":"AHI","NOMBRE_COMUN":"Castaño de indias","NOMBRE_ESPECIE":"Aesculus hippocastanum","ALTURA":"8","MINTDISTRITO":"03","NOMBRE_DISTRITO":"RETIRO","MINTBARRIO":"035","NOMBRE_BARRIO":"LOS JERONIMOS","OBJECTID":9779504}},{"type":"Feature","id":9808810,"geometry":{"type":"Point","coordinates":[-3.6830939234809899,40.418074727913002]},"properties":{"ESA_ESPECIE":"QIL","NOMBRE_COMUN":"Encina","NOMBRE_ESPECIE":"Quercus ilex","ALTURA":"9","MINTDISTRITO":"03","NOMBRE_DISTRITO":"RETIRO","MINTBARRIO":"035","NOMBRE_BARRIO":"LOS JERONIMOS","OBJECTID":9808810}},{"type":"Feature","id":9779799,"geometry":{"type":"Point","coordinates":[-3.6830248070815621,40.418812878042708]},"properties":{"ESA_ESPECIE":"UMI","NOMBRE_COMUN":"Olmo común","NOMBRE_ESPECIE":"Ulmus minor","ALTURA":"14","MINTDISTRITO":"03","NOMBRE_DISTRITO":"RETIRO","MINTBARRIO":"035","NOMBRE_BARRIO":"LOS JERONIMOS","OBJECTID":9779799}},{"type":"Feature","id":9751372,"geometry":{"type":"Point","coordinates":[-3.683006894521609,40.419216571079268]},"properties":{"ESA_ESPECIE":"CHL","NOMBRE_COMUN":"Ciprés de Lawson","NOMBRE_ESPECIE":"Chamaecyparis lawsoniana","ALTURA":"8.5","MINTDISTRITO":"03","NOMBRE_DISTRITO":"RETIRO","MINTBARRIO":"035","NOMBRE_BARRIO":"LOS JERONIMOS","OBJECTID":9751372}},{"type":"Feature","id":9782012,"geometry":{"type":"Point","coordinates":[-3.6822083045061342,40.420128514875934]},"properties":{"ESA_ESPECIE":"AHI","NOMBRE_COMUN":"Castaño de indias","NOMBRE_ESPECIE":"Aesculus hippocastanum","ALTURA":"13","MINTDISTRITO":"03","NOMBRE_DISTRITO":"RETIRO","MINTBARRIO":"035","NOMBRE_BARRIO":"LOS JERONIMOS","OBJECTID":9782012}},{"type":"Feature","id":9799318,"geometry":{"type":"Point","coordinates":[-3.6805628202635785,40.41881369383163]},"properties":{"ESA_ESPECIE":"PDA","NOMBRE_COMUN":"Plátano de sombra/Platanus x hybrida","NOMBRE_ESPECIE":"Platanus x hispanica","ALTURA":"20","MINTDISTRITO":"03","NOMBRE_DISTRITO":"RETIRO","MINTBARRIO":"035","NOMBRE_BARRIO":"LOS JERONIMOS","OBJECTID":9799318}},{"type":"Feature","id":9814767,"geometry":{"type":"Point","coordinates":[-3.6799407487885532,40.419958025260144]},"properties":{"ESA_ESPECIE":"PAR","NOMBRE_COMUN":"Peral de flor 'Chanticleer'","NOMBRE_ESPECIE":"Pyrus calleryana 'Chanticleer'","ALTURA":"1,5","MINTDISTRITO":"03","NOMBRE_DISTRITO":"RETIRO","MINTBARRIO":"035","NOMBRE_BARRIO":"LOS JERONIMOS","OBJECTID":9814767}},{"type":"Feature","id":9762487,"geometry":{"type":"Point","coordinates":[-3.6805440111684322,40.420074219559709]},"properties":{"ESA_ESPECIE":"TFO","NOMBRE_COMUN":"Palma de Fortune","NOMBRE_ESPECIE":"Trachycarpus fortunei","ALTURA":null,"MINTDISTRITO":"03","NOMBRE_DISTRITO":"RETIRO","MINTBARRIO":"035","NOMBRE_BARRIO":"LOS JERONIMOS","OBJECTID":9762487}},{"type":"Feature","id":9800105,"geometry":{"type":"Point","coordinates":[-3.6808477077065698,40.420070580148419]},"properties":{"ESA_ESPECIE":"PAR","NOMBRE_COMUN":"Peral de flor 'Chanticleer'","NOMBRE_ESPECIE":"Pyrus calleryana 'Chanticleer'","ALTURA":"6","MINTDISTRITO":"03","NOMBRE_DISTRITO":"RETIRO","MINTBARRIO":"035","NOMBRE_BARRIO":"LOS JERONIMOS","OBJECTID":9800105}},{"type":"Feature","id":9768143,"geometry":{"type":"Point","coordinates":[-3.6813682767429823,40.420740768222984]},"properties":{"ESA_ESPECIE":"ZECA","NOMBRE_COMUN":"Olmo de Siberia","NOMBRE_ESPECIE":"Zelkova carpinifolia","ALTURA":"4,5","MINTDISTRITO":"03","NOMBRE_DISTRITO":"RETIRO","MINTBARRIO":"035","NOMBRE_BARRIO":"LOS JERONIMOS","OBJECTID":9768143}},{"type":"Feature","id":9782006,"geometry":{"type":"Point","coordinates":[-3.6821368356420745,40.42061506456163]},"properties":{"ESA_ESPECIE":"AHI","NOMBRE_COMUN":"Castaño de indias","NOMBRE_ESPECIE":"Aesculus hippocastanum","ALTURA":"15","MINTDISTRITO":"03","NOMBRE_DISTRITO":"RETIRO","MINTBARRIO":"035","NOMBRE_BARRIO":"LOS JERONIMOS","OBJECTID":9782006}},{"type":"Feature","id":9778176,"geometry":{"type":"Point","coordinates":[-3.6797978276771177,40.409611130634644]},"properties":{"ESA_ESPECIE":"CDE","NOMBRE_COMUN":"Cedro llorón","NOMBRE_ESPECIE":"Cedrus deodara","ALTURA":"20","MINTDISTRITO":"03","NOMBRE_DISTRITO":"RETIRO","MINTBARRIO":"035","NOMBRE_BARRIO":"LOS JERONIMOS","OBJECTID":9778176}},{"type":"Feature","id":9812800,"geometry":{"type":"Point","coordinates":[-3.6799296493918527,40.409239749764531]},"properties":{"ESA_ESPECIE":"PDU","NOMBRE_COMUN":"Almendro","NOMBRE_ESPECIE":"Prunus dulcis","ALTURA":"2","MINTDISTRITO":"03","NOMBRE_DISTRITO":"RETIRO","MINTBARRIO":"035","NOMBRE_BARRIO":"LOS JERONIMOS","OBJECTID":9812800}},{"type":"Feature","id":9778471,"geometry":{"type":"Point","coordinates":[-3.6794881327653668,40.408940694911763]},"properties":{"ESA_ESPECIE":"UMI","NOMBRE_COMUN":"Olmo común","NOMBRE_ESPECIE":"Ulmus minor","ALTURA":"15","MINTDISTRITO":"03","NOMBRE_DISTRITO":"RETIRO","MINTBARRIO":"035","NOMBRE_BARRIO":"LOS JERONIMOS","OBJECTID":9778471}},{"type":"Feature","id":9813089,"geometry":{"type":"Point","coordinates":[-3.6791523142171965,40.409580869892096]},"properties":{"ESA_ESPECIE":"QRO","NOMBRE_COMUN":"Roble común","NOMBRE_ESPECIE":"Quercus robur","ALTURA":"6","MINTDISTRITO":"03","NOMBRE_DISTRITO":"RETIRO","MINTBARRIO":"035","NOMBRE_BARRIO":"LOS JERONIMOS","OBJECTID":9813089}},{"type":"Feature","id":9813095,"geometry":{"type":"Point","coordinates":[-3.6789315981023489,40.408351285025944]},"properties":{"ESA_ESPECIE":"GTR","NOMBRE_COMUN":"Acacia de tres espinas","NOMBRE_ESPECIE":"Gleditsia triacanthos","ALTURA":"10","MINTDISTRITO":"03","NOMBRE_DISTRITO":"RETIRO","MINTBARRIO":"035","NOMBRE_BARRIO":"LOS JERONIMOS","OBJECTID":9813095}},{"type":"Feature","id":9799324,"geometry":{"type":"Point","coordinates":[-3.6805775091388515,40.418467641954223]},"properties":{"ESA_ESPECIE":"PDA","NOMBRE_COMUN":"Plátano de sombra/Platanus x hybrida","NOMBRE_ESPECIE":"Platanus x hispanica","ALTURA":"16","MINTDISTRITO":"03","NOMBRE_DISTRITO":"RETIRO","MINTBARRIO":"035","NOMBRE_BARRIO":"LOS JERONIMOS","OBJECTID":9799324}},{"type":"Feature","id":9814423,"geometry":{"type":"Point","coordinates":[-3.6818435510058234,40.410284277707078]},"properties":{"ESA_ESPECIE":"SJA","NOMBRE_COMUN":"Acacia del Japón/Sophora japonica","NOMBRE_ESPECIE":"Styphnolobium japonicum","ALTURA":"7","MINTDISTRITO":"03","NOMBRE_DISTRITO":"RETIRO","MINTBARRIO":"035","NOMBRE_BARRIO":"LOS JERONIMOS","OBJECTID":9814423}},{"type":"Feature","id":9801439,"geometry":{"type":"Point","coordinates":[-3.6812646600807568,40.410592232350496]},"properties":{"ESA_ESPECIE":"PPI","NOMBRE_COMUN":"Pino piñonero","NOMBRE_ESPECIE":"Pinus pinea","ALTURA":"8","MINTDISTRITO":"03","NOMBRE_DISTRITO":"RETIRO","MINTBARRIO":"035","NOMBRE_BARRIO":"LOS JERONIMOS","OBJECTID":9801439}},{"type":"Feature","id":9782799,"geometry":{"type":"Point","coordinates":[-3.6812990147699152,40.410715994568193]},"properties":{"ESA_ESPECIE":"PGR","NOMBRE_COMUN":"Granado","NOMBRE_ESPECIE":"Punica granatum","ALTURA":"2,5","MINTDISTRITO":"03","NOMBRE_DISTRITO":"RETIRO","MINTBARRIO":"035","NOMBRE_BARRIO":"LOS JERONIMOS","OBJECTID":9782799}},{"type":"Feature","id":9815302,"geometry":{"type":"Point","coordinates":[-3.6810454853296295,40.409551283467536]},"properties":{"ESA_ESPECIE":"LTU","NOMBRE_COMUN":"Árbol de las tulipas","NOMBRE_ESPECIE":"Liriodendron tulipifera","ALTURA":"5,5","MINTDISTRITO":"03","NOMBRE_DISTRITO":"RETIRO","MINTBARRIO":"035","NOMBRE_BARRIO":"LOS JERONIMOS","OBJECTID":9815302}},{"type":"Feature","id":9782455,"geometry":{"type":"Point","coordinates":[-3.680588776635815,40.408758004136963]},"properties":{"ESA_ESPECIE":"PCP","NOMBRE_COMUN":"Ciruelo púrpura","NOMBRE_ESPECIE":"Prunus cerasifera  subsp. pissardii","ALTURA":"4","MINTDISTRITO":"03","NOMBRE_DISTRITO":"RETIRO","MINTBARRIO":"035","NOMBRE_BARRIO":"LOS JERONIMOS","OBJECTID":9782455}},{"type":"Feature","id":9778170,"geometry":{"type":"Point","coordinates":[-3.6799536909238255,40.409593277093897]},"properties":{"ESA_ESPECIE":"CDE","NOMBRE_COMUN":"Cedro llorón","NOMBRE_ESPECIE":"Cedrus deodara","ALTURA":"22","MINTDISTRITO":"03","NOMBRE_DISTRITO":"RETIRO","MINTBARRIO":"035","NOMBRE_BARRIO":"LOS JERONIMOS","OBJECTID":9778170}},{"type":"Feature","id":9801980,"geometry":{"type":"Point","coordinates":[-3.6829558827769389,40.410563714246024]},"properties":{"ESA_ESPECIE":"PPI","NOMBRE_COMUN":"Pino piñonero","NOMBRE_ESPECIE":"Pinus pinea","ALTURA":"3,5","MINTDISTRITO":"03","NOMBRE_DISTRITO":"RETIRO","MINTBARRIO":"035","NOMBRE_BARRIO":"LOS JERONIMOS","OBJECTID":9801980}},{"type":"Feature","id":9782996,"geometry":{"type":"Point","coordinates":[-3.683040922746974,40.410171815141254]},"properties":{"ESA_ESPECIE":"PDU","NOMBRE_COMUN":"Almendro","NOMBRE_ESPECIE":"Prunus dulcis","ALTURA":"1,8","MINTDISTRITO":"03","NOMBRE_DISTRITO":"RETIRO","MINTBARRIO":"035","NOMBRE_BARRIO":"LOS JERONIMOS","OBJECTID":9782996}},{"type":"Feature","id":9767651,"geometry":{"type":"Point","coordinates":[-3.6830117064816581,40.410025705840482]},"properties":{"ESA_ESPECIE":"MSY","NOMBRE_COMUN":"Manzano silvestre","NOMBRE_ESPECIE":"Malus sylvestris","ALTURA":"4","MINTDISTRITO":"03","NOMBRE_DISTRITO":"RETIRO","MINTBARRIO":"035","NOMBRE_BARRIO":"LOS JERONIMOS","OBJECTID":9767651}},{"type":"Feature","id":9815308,"geometry":{"type":"Point","coordinates":[-3.6825772615344667,40.410176470460527]},"properties":{"ESA_ESPECIE":"PDU","NOMBRE_COMUN":"Almendro","NOMBRE_ESPECIE":"Prunus dulcis","ALTURA":"1,8","MINTDISTRITO":"03","NOMBRE_DISTRITO":"RETIRO","MINTBARRIO":"035","NOMBRE_BARRIO":"LOS JERONIMOS","OBJECTID":9815308}},{"type":"Feature","id":9778465,"geometry":{"type":"Point","coordinates":[-3.681710436087644,40.409678698868696]},"properties":{"ESA_ESPECIE":"UMI","NOMBRE_COMUN":"Olmo común","NOMBRE_ESPECIE":"Ulmus minor","ALTURA":"11","MINTDISTRITO":"03","NOMBRE_DISTRITO":"RETIRO","MINTBARRIO":"035","NOMBRE_BARRIO":"LOS JERONIMOS","OBJECTID":9778465}},{"type":"Feature","id":9813636,"geometry":{"type":"Point","coordinates":[-3.6815675351698571,40.410047966839485]},"properties":{"ESA_ESPECIE":"LJA","NOMBRE_COMUN":"Aligustre del Japón","NOMBRE_ESPECIE":"Ligustrum japonicum","ALTURA":"14","MINTDISTRITO":"03","NOMBRE_DISTRITO":"RETIRO","MINTBARRIO":"035","NOMBRE_BARRIO":"LOS JERONIMOS","OBJECTID":9813636}},{"type":"Feature","id":9811466,"geometry":{"type":"Point","coordinates":[-3.6820708508816811,40.412177523851383]},"properties":{"ESA_ESPECIE":"AHI","NOMBRE_COMUN":"Castaño de indias","NOMBRE_ESPECIE":"Aesculus hippocastanum","ALTURA":"12","MINTDISTRITO":"03","NOMBRE_DISTRITO":"RETIRO","MINTBARRIO":"035","NOMBRE_BARRIO":"LOS JERONIMOS","OBJECTID":9811466}},{"type":"Feature","id":9811761,"geometry":{"type":"Point","coordinates":[-3.6821332830734592,40.41233751672835]},"properties":{"ESA_ESPECIE":"UMI","NOMBRE_COMUN":"Olmo común","NOMBRE_ESPECIE":"Ulmus minor","ALTURA":"15","MINTDISTRITO":"03","NOMBRE_DISTRITO":"RETIRO","MINTBARRIO":"035","NOMBRE_BARRIO":"LOS JERONIMOS","OBJECTID":9811761}},{"type":"Feature","id":9781465,"geometry":{"type":"Point","coordinates":[-3.6822087495154738,40.412253431390162]},"properties":{"ESA_ESPECIE":"AHI","NOMBRE_COMUN":"Castaño de indias","NOMBRE_ESPECIE":"Aesculus hippocastanum","ALTURA":"14","MINTDISTRITO":"03","NOMBRE_DISTRITO":"RETIRO","MINTBARRIO":"035","NOMBRE_BARRIO":"LOS JERONIMOS","OBJECTID":9781465}},{"type":"Feature","id":9781127,"geometry":{"type":"Point","coordinates":[-3.6826782438675116,40.412377417618742]},"properties":{"ESA_ESPECIE":"AHI","NOMBRE_COMUN":"Castaño de indias","NOMBRE_ESPECIE":"Aesculus hippocastanum","ALTURA":"11","MINTDISTRITO":"03","NOMBRE_DISTRITO":"RETIRO","MINTBARRIO":"035","NOMBRE_BARRIO":"LOS JERONIMOS","OBJECTID":9781127}},{"type":"Feature","id":9805816,"geometry":{"type":"Point","coordinates":[-3.682859861599491,40.411685242390519]},"properties":{"ESA_ESPECIE":"AHI","NOMBRE_COMUN":"Castaño de indias","NOMBRE_ESPECIE":"Aesculus hippocastanum","ALTURA":"6","MINTDISTRITO":"03","NOMBRE_DISTRITO":"RETIRO","MINTBARRIO":"035","NOMBRE_BARRIO":"LOS JERONIMOS","OBJECTID":9805816}},{"type":"Feature","id":9777629,"geometry":{"type":"Point","coordinates":[-3.6822105698781655,40.410371428537751]},"properties":{"ESA_ESPECIE":"GTR","NOMBRE_COMUN":"Acacia de tres espinas","NOMBRE_ESPECIE":"Gleditsia triacanthos","ALTURA":"15","MINTDISTRITO":"03","NOMBRE_DISTRITO":"RETIRO","MINTBARRIO":"035","NOMBRE_BARRIO":"LOS JERONIMOS","OBJECTID":9777629}},{"type":"Feature","id":9769471,"geometry":{"type":"Point","coordinates":[-3.6794316343446991,40.410938966265782]},"properties":{"ESA_ESPECIE":"PHS","NOMBRE_COMUN":"Fotinia","NOMBRE_ESPECIE":"Photinia serrulata","ALTURA":"6,5","MINTDISTRITO":"03","NOMBRE_DISTRITO":"RETIRO","MINTBARRIO":"035","NOMBRE_BARRIO":"LOS JERONIMOS","OBJECTID":9769471}},{"type":"Feature","id":9802275,"geometry":{"type":"Point","coordinates":[-3.6808434877338336,40.411333311880277]},"properties":{"ESA_ESPECIE":"AXA","NOMBRE_COMUN":"Castaño de Indias rojo","NOMBRE_ESPECIE":"Aesculus x carnea","ALTURA":"6","MINTDISTRITO":"03","NOMBRE_DISTRITO":"RETIRO","MINTBARRIO":"035","NOMBRE_BARRIO":"LOS JERONIMOS","OBJECTID":9802275}},{"type":"Feature","id":9764694,"geometry":{"type":"Point","coordinates":[-3.6811226010679956,40.412331276881908]},"properties":{"ESA_ESPECIE":"CSI","NOMBRE_COMUN":"Árbol del amor","NOMBRE_ESPECIE":"Cercis siliquastrum","ALTURA":"7,5","MINTDISTRITO":"03","NOMBRE_DISTRITO":"RETIRO","MINTBARRIO":"035","NOMBRE_BARRIO":"LOS JERONIMOS","OBJECTID":9764694}},{"type":"Feature","id":9783340,"geometry":{"type":"Point","coordinates":[-3.6809296130130269,40.411965204479912]},"properties":{"ESA_ESPECIE":"PHC","NOMBRE_COMUN":"Palmera canaria","NOMBRE_ESPECIE":"Phoenix canariensis","ALTURA":"6","MINTDISTRITO":"03","NOMBRE_DISTRITO":"RETIRO","MINTBARRIO":"035","NOMBRE_BARRIO":"LOS JERONIMOS","OBJECTID":9783340}},{"type":"Feature","id":9765143,"geometry":{"type":"Point","coordinates":[-3.6813448896254273,40.411183834909821]},"properties":{"ESA_ESPECIE":"PPI","NOMBRE_COMUN":"Pino piñonero","NOMBRE_ESPECIE":"Pinus pinea","ALTURA":"6,5","MINTDISTRITO":"03","NOMBRE_DISTRITO":"RETIRO","MINTBARRIO":"035","NOMBRE_BARRIO":"LOS JERONIMOS","OBJECTID":9765143}},{"type":"Feature","id":9781471,"geometry":{"type":"Point","coordinates":[-3.6817110794149648,40.412218528766225]},"properties":{"ESA_ESPECIE":"AHI","NOMBRE_COMUN":"Castaño de indias","NOMBRE_ESPECIE":"Aesculus hippocastanum","ALTURA":"17","MINTDISTRITO":"03","NOMBRE_DISTRITO":"RETIRO","MINTBARRIO":"035","NOMBRE_BARRIO":"LOS JERONIMOS","OBJECTID":9781471}},{"type":"Feature","id":9767356,"geometry":{"type":"Point","coordinates":[-3.6788949395424733,40.417244943270163]},"properties":{"ESA_ESPECIE":"AHI","NOMBRE_COMUN":"Castaño de indias","NOMBRE_ESPECIE":"Aesculus hippocastanum","ALTURA":"5","MINTDISTRITO":"03","NOMBRE_DISTRITO":"RETIRO","MINTBARRIO":"035","NOMBRE_BARRIO":"LOS JERONIMOS","OBJECTID":9767356}},{"type":"Feature","id":9800652,"geometry":{"type":"Point","coordinates":[-3.678967184822576,40.417027094625546]},"properties":{"ESA_ESPECIE":"AHI","NOMBRE_COMUN":"Castaño de indias","NOMBRE_ESPECIE":"Aesculus hippocastanum","ALTURA":"12,5","MINTDISTRITO":"03","NOMBRE_DISTRITO":"RETIRO","MINTBARRIO":"035","NOMBRE_BARRIO":"LOS JERONIMOS","OBJECTID":9800652}},{"type":"Feature","id":9780832,"geometry":{"type":"Point","coordinates":[-3.6805638299295427,40.414593858023707]},"properties":{"ESA_ESPECIE":"RPS","NOMBRE_COMUN":"Falsa acacia","NOMBRE_ESPECIE":"Robinia pseudoacacia","ALTURA":"19","MINTDISTRITO":"03","NOMBRE_DISTRITO":"RETIRO","MINTBARRIO":"035","NOMBRE_BARRIO":"LOS JERONIMOS","OBJECTID":9780832}},{"type":"Feature","id":9810439,"geometry":{"type":"Point","coordinates":[-3.6805817052927106,40.414041218550793]},"properties":{"ESA_ESPECIE":"AHI","NOMBRE_COMUN":"Castaño de indias","NOMBRE_ESPECIE":"Aesculus hippocastanum","ALTURA":"15,5","MINTDISTRITO":"03","NOMBRE_DISTRITO":"RETIRO","MINTBARRIO":"035","NOMBRE_BARRIO":"LOS JERONIMOS","OBJECTID":9810439}},{"type":"Feature","id":9782793,"geometry":{"type":"Point","coordinates":[-3.6790544074791871,40.413648043632847]},"properties":{"ESA_ESPECIE":"AHI","NOMBRE_COMUN":"Castaño de indias","NOMBRE_ESPECIE":"Aesculus hippocastanum","ALTURA":"4","MINTDISTRITO":"03","NOMBRE_DISTRITO":"RETIRO","MINTBARRIO":"035","NOMBRE_BARRIO":"LOS JERONIMOS","OBJECTID":9782793}},{"type":"Feature","id":9900540,"geometry":{"type":"Point","coordinates":[-3.6788422381442678,40.410459993155676]},"properties":{"ESA_ESPECIE":"PDA","NOMBRE_COMUN":"Plátano de sombra/Platanus x hybrida","NOMBRE_ESPECIE":"Platanus x hispanica","ALTURA":"5","MINTDISTRITO":"03","NOMBRE_DISTRITO":"RETIRO","MINTBARRIO":"035","NOMBRE_BARRIO":"LOS JERONIMOS","OBJECTID":9900540}},{"type":"Feature","id":9780340,"geometry":{"type":"Point","coordinates":[-3.6800800169698302,40.415349231039485]},"properties":{"ESA_ESPECIE":"PDA","NOMBRE_COMUN":"Plátano de sombra/Platanus x hybrida","NOMBRE_ESPECIE":"Platanus x hispanica","ALTURA":"14","MINTDISTRITO":"03","NOMBRE_DISTRITO":"RETIRO","MINTBARRIO":"035","NOMBRE_BARRIO":"LOS JERONIMOS","OBJECTID":9780340}},{"type":"Feature","id":9809105,"geometry":{"type":"Point","coordinates":[-3.6807841223915938,40.416193766879516]},"properties":{"ESA_ESPECIE":"AHI","NOMBRE_COMUN":"Castaño de indias","NOMBRE_ESPECIE":"Aesculus hippocastanum","ALTURA":"6,5","MINTDISTRITO":"03","NOMBRE_DISTRITO":"RETIRO","MINTBARRIO":"035","NOMBRE_BARRIO":"LOS JERONIMOS","OBJECTID":9809105}},{"type":"Feature","id":9809597,"geometry":{"type":"Point","coordinates":[-3.6808006582904182,40.417227394889458]},"properties":{"ESA_ESPECIE":"AHI","NOMBRE_COMUN":"Castaño de indias","NOMBRE_ESPECIE":"Aesculus hippocastanum","ALTURA":"10","MINTDISTRITO":"03","NOMBRE_DISTRITO":"RETIRO","MINTBARRIO":"035","NOMBRE_BARRIO":"LOS JERONIMOS","OBJECTID":9809597}},{"type":"Feature","id":9767350,"geometry":{"type":"Point","coordinates":[-3.679395201181126,40.417467140807197]},"properties":{"ESA_ESPECIE":"AHIB","NOMBRE_COMUN":"Castaño de indias de Baumann","NOMBRE_ESPECIE":"Aesculus hippocastanum 'Baumannii'","ALTURA":"3","MINTDISTRITO":"03","NOMBRE_DISTRITO":"RETIRO","MINTBARRIO":"035","NOMBRE_BARRIO":"LOS JERONIMOS","OBJECTID":9767350}},{"type":"Feature","id":9813433,"geometry":{"type":"Point","coordinates":[-3.6788518119640945,40.417677802031136]},"properties":{"ESA_ESPECIE":"AMO","NOMBRE_COMUN":"Arce de Montpellier","NOMBRE_ESPECIE":"Acer monspessulanum","ALTURA":"4","MINTDISTRITO":"03","NOMBRE_DISTRITO":"RETIRO","MINTBARRIO":"035","NOMBRE_BARRIO":"LOS JERONIMOS","OBJECTID":9813433}},{"type":"Feature","id":9800646,"geometry":{"type":"Point","coordinates":[-3.6786710751495617,40.417361780615622]},"properties":{"ESA_ESPECIE":"AHI","NOMBRE_COMUN":"Castaño de indias","NOMBRE_ESPECIE":"Aesculus hippocastanum","ALTURA":"8,5","MINTDISTRITO":"03","NOMBRE_DISTRITO":"RETIRO","MINTBARRIO":"035","NOMBRE_BARRIO":"LOS JERONIMOS","OBJECTID":9800646}},{"type":"Feature","id":9810433,"geometry":{"type":"Point","coordinates":[-3.6830145112802755,40.414835344739387]},"properties":{"ESA_ESPECIE":"AHI","NOMBRE_COMUN":"Castaño de indias","NOMBRE_ESPECIE":"Aesculus hippocastanum","ALTURA":"9","MINTDISTRITO":"03","NOMBRE_DISTRITO":"RETIRO","MINTBARRIO":"035","NOMBRE_BARRIO":"LOS JERONIMOS","OBJECTID":9810433}},{"type":"Feature","id":9810144,"geometry":{"type":"Point","coordinates":[-3.6828070032739091,40.415110085218821]},"properties":{"ESA_ESPECIE":"GTR","NOMBRE_COMUN":"Acacia de tres espinas","NOMBRE_ESPECIE":"Gleditsia triacanthos","ALTURA":"10","MINTDISTRITO":"03","NOMBRE_DISTRITO":"RETIRO","MINTBARRIO":"035","NOMBRE_BARRIO":"LOS JERONIMOS","OBJECTID":9810144}},{"type":"Feature","id":9808816,"geometry":{"type":"Point","coordinates":[-3.6817451140634887,40.417398551150491]},"properties":{"ESA_ESPECIE":"AHI","NOMBRE_COMUN":"Castaño de indias","NOMBRE_ESPECIE":"Aesculus hippocastanum","ALTURA":"15","MINTDISTRITO":"03","NOMBRE_DISTRITO":"RETIRO","MINTBARRIO":"035","NOMBRE_BARRIO":"LOS JERONIMOS","OBJECTID":9808816}},{"type":"Feature","id":9779793,"geometry":{"type":"Point","coordinates":[-3.6817271017585327,40.417435756621416]},"properties":{"ESA_ESPECIE":"AHI","NOMBRE_COMUN":"Castaño de indias","NOMBRE_ESPECIE":"Aesculus hippocastanum","ALTURA":"19","MINTDISTRITO":"03","NOMBRE_DISTRITO":"RETIRO","MINTBARRIO":"035","NOMBRE_BARRIO":"LOS JERONIMOS","OBJECTID":9779793}},{"type":"Feature","id":9809259,"geometry":{"type":"Point","coordinates":[-3.6815352105277359,40.417737375730006]},"properties":{"ESA_ESPECIE":"AHI","NOMBRE_COMUN":"Castaño de indias","NOMBRE_ESPECIE":"Aesculus hippocastanum","ALTURA":"11,5","MINTDISTRITO":"03","NOMBRE_DISTRITO":"RETIRO","MINTBARRIO":"035","NOMBRE_BARRIO":"LOS JERONIMOS","OBJECTID":9809259}},{"type":"Feature","id":9780137,"geometry":{"type":"Point","coordinates":[-3.6819543523637592,40.415790445086969]},"properties":{"ESA_ESPECIE":"LST","NOMBRE_COMUN":"Liquidambar","NOMBRE_ESPECIE":"Liquidambar styraciflua","ALTURA":"4","MINTDISTRITO":"03","NOMBRE_DISTRITO":"RETIRO","MINTBARRIO":"035","NOMBRE_BARRIO":"LOS JERONIMOS","OBJECTID":9780137}},{"type":"Feature","id":9807144,"geometry":{"type":"Point","coordinates":[-3.6836953057660931,40.412485246298978]},"properties":{"ESA_ESPECIE":"BRP","NOMBRE_COMUN":"Morera de papel","NOMBRE_ESPECIE":"Broussonetia papyrifera","ALTURA":"12","MINTDISTRITO":"03","NOMBRE_DISTRITO":"RETIRO","MINTBARRIO":"035","NOMBRE_BARRIO":"LOS JERONIMOS","OBJECTID":9807144}},{"type":"Feature","id":9773307,"geometry":{"type":"Point","coordinates":[-3.6834972615343116,40.412621499003407]},"properties":{"ESA_ESPECIE":"CAU","NOMBRE_COMUN":"Almez","NOMBRE_ESPECIE":"Celtis australis","ALTURA":"5,5","MINTDISTRITO":"03","NOMBRE_DISTRITO":"RETIRO","MINTBARRIO":"035","NOMBRE_BARRIO":"LOS JERONIMOS","OBJECTID":9773307}},{"type":"Feature","id":9811767,"geometry":{"type":"Point","coordinates":[-3.6827441454744214,40.412552831192372]},"properties":{"ESA_ESPECIE":"AHI","NOMBRE_COMUN":"Castaño de indias","NOMBRE_ESPECIE":"Aesculus hippocastanum","ALTURA":"16","MINTDISTRITO":"03","NOMBRE_DISTRITO":"RETIRO","MINTBARRIO":"035","NOMBRE_BARRIO":"LOS JERONIMOS","OBJECTID":9811767}},{"type":"Feature","id":9810925,"geometry":{"type":"Point","coordinates":[-3.6832305672613019,40.413254745159854]},"properties":{"ESA_ESPECIE":"UGL","NOMBRE_COMUN":"Olmo de montaña","NOMBRE_ESPECIE":"Ulmus glabra","ALTURA":"10","MINTDISTRITO":"03","NOMBRE_DISTRITO":"RETIRO","MINTBARRIO":"035","NOMBRE_BARRIO":"LOS JERONIMOS","OBJECTID":9810925}},{"type":"Feature","id":9810980,"geometry":{"type":"Point","coordinates":[-3.6811305789179891,40.414805683778056]},"properties":{"ESA_ESPECIE":"ANE","NOMBRE_COMUN":"Arce negundo","NOMBRE_ESPECIE":"Acer negundo","ALTURA":"16","MINTDISTRITO":"03","NOMBRE_DISTRITO":"RETIRO","MINTBARRIO":"035","NOMBRE_BARRIO":"LOS JERONIMOS","OBJECTID":9810980}},{"type":"Feature","id":9783334,"geometry":{"type":"Point","coordinates":[-3.6830429582489574,40.414349868052433]},"properties":{"ESA_ESPECIE":"TFO","NOMBRE_COMUN":"Palma de Fortune","NOMBRE_ESPECIE":"Trachycarpus fortunei","ALTURA":"5","MINTDISTRITO":"03","NOMBRE_DISTRITO":"RETIRO","MINTBARRIO":"035","NOMBRE_BARRIO":"LOS JERONIMOS","OBJECTID":9783334}},{"type":"Feature","id":9805275,"geometry":{"type":"Point","coordinates":[-3.6847009597925009,40.413532426564281]},"properties":{"ESA_ESPECIE":"UMI","NOMBRE_COMUN":"Olmo común","NOMBRE_ESPECIE":"Ulmus minor","ALTURA":"16","MINTDISTRITO":"03","NOMBRE_DISTRITO":"RETIRO","MINTBARRIO":"035","NOMBRE_BARRIO":"LOS JERONIMOS","OBJECTID":9805275}},{"type":"Feature","id":9771973,"geometry":{"type":"Point","coordinates":[-3.6845891000750193,40.413500359059292]},"properties":{"ESA_ESPECIE":"GDI","NOMBRE_COMUN":"Cafetero de Kentucky","NOMBRE_ESPECIE":"Gymnocladus dioica","ALTURA":"13,5","MINTDISTRITO":"03","NOMBRE_DISTRITO":"RETIRO","MINTBARRIO":"035","NOMBRE_BARRIO":"LOS JERONIMOS","OBJECTID":9771973}},{"type":"Feature","id":9813974,"geometry":{"type":"Point","coordinates":[-3.6847820925419166,40.4125285626655]},"properties":{"ESA_ESPECIE":"GTR","NOMBRE_COMUN":"Acacia de tres espinas","NOMBRE_ESPECIE":"Gleditsia triacanthos","ALTURA":"3","MINTDISTRITO":"03","NOMBRE_DISTRITO":"RETIRO","MINTBARRIO":"035","NOMBRE_BARRIO":"LOS JERONIMOS","OBJECTID":9813974}},{"type":"Feature","id":9775514,"geometry":{"type":"Point","coordinates":[-3.6848672982433128,40.412768347488978]},"properties":{"ESA_ESPECIE":"GTR","NOMBRE_COMUN":"Acacia de tres espinas","NOMBRE_ESPECIE":"Gleditsia triacanthos","ALTURA":"18","MINTDISTRITO":"03","NOMBRE_DISTRITO":"RETIRO","MINTBARRIO":"035","NOMBRE_BARRIO":"LOS JERONIMOS","OBJECTID":9775514}},{"type":"Feature","id":9805269,"geometry":{"type":"Point","coordinates":[-3.6843341224050015,40.413629247530189]},"properties":{"ESA_ESPECIE":"UMI","NOMBRE_COMUN":"Olmo común","NOMBRE_ESPECIE":"Ulmus minor","ALTURA":"15","MINTDISTRITO":"03","NOMBRE_DISTRITO":"RETIRO","MINTBARRIO":"035","NOMBRE_BARRIO":"LOS JERONIMOS","OBJECTID":9805269}},{"type":"Feature","id":9804931,"geometry":{"type":"Point","coordinates":[-3.6837682670015912,40.413669883853856]},"properties":{"ESA_ESPECIE":"AHI","NOMBRE_COMUN":"Castaño de indias","NOMBRE_ESPECIE":"Aesculus hippocastanum","ALTURA":"20","MINTDISTRITO":"03","NOMBRE_DISTRITO":"RETIRO","MINTBARRIO":"035","NOMBRE_BARRIO":"LOS JERONIMOS","OBJECTID":9804931}},{"type":"Feature","id":9809800,"geometry":{"type":"Point","coordinates":[-3.6836384356533762,40.415086802558797]},"properties":{"ESA_ESPECIE":"AHI","NOMBRE_COMUN":"Castaño de indias","NOMBRE_ESPECIE":"Aesculus hippocastanum","ALTURA":"8,5","MINTDISTRITO":"03","NOMBRE_DISTRITO":"RETIRO","MINTBARRIO":"035","NOMBRE_BARRIO":"LOS JERONIMOS","OBJECTID":9809800}},{"type":"Feature","id":9780678,"geometry":{"type":"Point","coordinates":[-3.6834469701076036,40.414707932724419]},"properties":{"ESA_ESPECIE":"SJA","NOMBRE_COMUN":"Acacia del Japón/Sophora japonica","NOMBRE_ESPECIE":"Styphnolobium japonicum","ALTURA":"15","MINTDISTRITO":"03","NOMBRE_DISTRITO":"RETIRO","MINTBARRIO":"035","NOMBRE_BARRIO":"LOS JERONIMOS","OBJECTID":9780678}},{"type":"Feature","id":9804488,"geometry":{"type":"Point","coordinates":[-3.6842370737435517,40.414463600725519]},"properties":{"ESA_ESPECIE":"QRO","NOMBRE_COMUN":"Roble común","NOMBRE_ESPECIE":"Quercus robur","ALTURA":"17","MINTDISTRITO":"03","NOMBRE_DISTRITO":"RETIRO","MINTBARRIO":"035","NOMBRE_BARRIO":"LOS JERONIMOS","OBJECTID":9804488}},{"type":"Feature","id":9772520,"geometry":{"type":"Point","coordinates":[-3.6849596683964454,40.414588710096041]},"properties":{"ESA_ESPECIE":"AHI","NOMBRE_COMUN":"Castaño de indias","NOMBRE_ESPECIE":"Aesculus hippocastanum","ALTURA":"10,5","MINTDISTRITO":"03","NOMBRE_DISTRITO":"RETIRO","MINTBARRIO":"035","NOMBRE_BARRIO":"LOS JERONIMOS","OBJECTID":9772520}},{"type":"Feature","id":9772514,"geometry":{"type":"Point","coordinates":[-3.6852496000342478,40.414855281629315]},"properties":{"ESA_ESPECIE":"AHI","NOMBRE_COMUN":"Castaño de indias","NOMBRE_ESPECIE":"Aesculus hippocastanum","ALTURA":"7,5","MINTDISTRITO":"03","NOMBRE_DISTRITO":"RETIRO","MINTBARRIO":"035","NOMBRE_BARRIO":"LOS JERONIMOS","OBJECTID":9772514}},{"type":"Feature","id":9804974,"geometry":{"type":"Point","coordinates":[-3.6854394672603936,40.414306685109274]},"properties":{"ESA_ESPECIE":"AHI","NOMBRE_COMUN":"Castaño de indias","NOMBRE_ESPECIE":"Aesculus hippocastanum","ALTURA":"9","MINTDISTRITO":"03","NOMBRE_DISTRITO":"RETIRO","MINTBARRIO":"035","NOMBRE_BARRIO":"LOS JERONIMOS","OBJECTID":9804974}},{"type":"Feature","id":9764356,"geometry":{"type":"Point","coordinates":[-3.6863973389038001,40.416175933514253]},"properties":{"ESA_ESPECIE":"ACA","NOMBRE_COMUN":"Arce campestre","NOMBRE_ESPECIE":"Acer campestre","ALTURA":"3","MINTDISTRITO":"03","NOMBRE_DISTRITO":"RETIRO","MINTBARRIO":"035","NOMBRE_BARRIO":"LOS JERONIMOS","OBJECTID":9764356}},{"type":"Feature","id":9771186,"geometry":{"type":"Point","coordinates":[-3.6862432458547092,40.415551103096249]},"properties":{"ESA_ESPECIE":"MFL","NOMBRE_COMUN":"Manzano japonés","NOMBRE_ESPECIE":"Malus floribunda","ALTURA":"4","MINTDISTRITO":"03","NOMBRE_DISTRITO":"RETIRO","MINTBARRIO":"035","NOMBRE_BARRIO":"LOS JERONIMOS","OBJECTID":9771186}},{"type":"Feature","id":9755995,"geometry":{"type":"Point","coordinates":[-3.6856546911193417,40.417523162111657]},"properties":{"ESA_ESPECIE":"CLU","NOMBRE_COMUN":"Ciprés de Portugal","NOMBRE_ESPECIE":"Cupressus lusitanica","ALTURA":"13","MINTDISTRITO":"03","NOMBRE_DISTRITO":"RETIRO","MINTBARRIO":"035","NOMBRE_BARRIO":"LOS JERONIMOS","OBJECTID":9755995}},{"type":"Feature","id":9775963,"geometry":{"type":"Point","coordinates":[-3.6853886083688003,40.417692668426476]},"properties":{"ESA_ESPECIE":"PIP","NOMBRE_COMUN":"Pino resinero","NOMBRE_ESPECIE":"Pinus pinaster","ALTURA":"9","MINTDISTRITO":"03","NOMBRE_DISTRITO":"RETIRO","MINTBARRIO":"035","NOMBRE_BARRIO":"LOS JERONIMOS","OBJECTID":9775963}},{"type":"Feature","id":9901327,"geometry":{"type":"Point","coordinates":[-3.6833492207682794,40.415349585594534]},"properties":{"ESA_ESPECIE":"AAL","NOMBRE_COMUN":"Ailanto","NOMBRE_ESPECIE":"Ailanthus altissima","ALTURA":"10,5","MINTDISTRITO":"03","NOMBRE_DISTRITO":"RETIRO","MINTBARRIO":"035","NOMBRE_BARRIO":"LOS JERONIMOS","OBJECTID":9901327}},{"type":"Feature","id":9810138,"geometry":{"type":"Point","coordinates":[-3.6833714838995788,40.414842604780709]},"properties":{"ESA_ESPECIE":"GTR","NOMBRE_COMUN":"Acacia de tres espinas","NOMBRE_ESPECIE":"Gleditsia triacanthos","ALTURA":"10","MINTDISTRITO":"03","NOMBRE_DISTRITO":"RETIRO","MINTBARRIO":"035","NOMBRE_BARRIO":"LOS JERONIMOS","OBJECTID":9810138}},{"type":"Feature","id":9814761,"geometry":{"type":"Point","coordinates":[-3.6870259930956419,40.41686988369905]},"properties":{"ESA_ESPECIE":"AHI","NOMBRE_COMUN":"Castaño de indias","NOMBRE_ESPECIE":"Aesculus hippocastanum","ALTURA":"1,5","MINTDISTRITO":"03","NOMBRE_DISTRITO":"RETIRO","MINTBARRIO":"035","NOMBRE_BARRIO":"LOS JERONIMOS","OBJECTID":9814761}},{"type":"Feature","id":9807482,"geometry":{"type":"Point","coordinates":[-3.6864415615582846,40.417750385801156]},"properties":{"ESA_ESPECIE":"AHI","NOMBRE_COMUN":"Castaño de indias","NOMBRE_ESPECIE":"Aesculus hippocastanum","ALTURA":"13","MINTDISTRITO":"03","NOMBRE_DISTRITO":"RETIRO","MINTBARRIO":"035","NOMBRE_BARRIO":"LOS JERONIMOS","OBJECTID":9807482}},{"type":"Feature","id":9776504,"geometry":{"type":"Point","coordinates":[-3.6865053692818877,40.41732054568908]},"properties":{"ESA_ESPECIE":"AHI","NOMBRE_COMUN":"Castaño de indias","NOMBRE_ESPECIE":"Aesculus hippocastanum","ALTURA":"12","MINTDISTRITO":"03","NOMBRE_DISTRITO":"RETIRO","MINTBARRIO":"035","NOMBRE_BARRIO":"LOS JERONIMOS","OBJECTID":9776504}},{"type":"Feature","id":9806603,"geometry":{"type":"Point","coordinates":[-3.6857122384543515,40.417943705452615]},"properties":{"ESA_ESPECIE":"AHI","NOMBRE_COMUN":"Castaño de indias","NOMBRE_ESPECIE":"Aesculus hippocastanum","ALTURA":"14","MINTDISTRITO":"03","NOMBRE_DISTRITO":"RETIRO","MINTBARRIO":"035","NOMBRE_BARRIO":"LOS JERONIMOS","OBJECTID":9806603}},{"type":"Feature","id":9765684,"geometry":{"type":"Point","coordinates":[-3.6862330075247853,40.416925133880461]},"properties":{"ESA_ESPECIE":"AHI","NOMBRE_COMUN":"Castaño de indias","NOMBRE_ESPECIE":"Aesculus hippocastanum","ALTURA":"3,5","MINTDISTRITO":"03","NOMBRE_DISTRITO":"RETIRO","MINTBARRIO":"035","NOMBRE_BARRIO":"LOS JERONIMOS","OBJECTID":9765684}},{"type":"Feature","id":9771635,"geometry":{"type":"Point","coordinates":[-3.6858583892092667,40.416722761314325]},"properties":{"ESA_ESPECIE":"AHI","NOMBRE_COMUN":"Castaño de indias","NOMBRE_ESPECIE":"Aesculus hippocastanum","ALTURA":"15","MINTDISTRITO":"03","NOMBRE_DISTRITO":"RETIRO","MINTBARRIO":"035","NOMBRE_BARRIO":"LOS JERONIMOS","OBJECTID":9771635}},{"type":"Feature","id":9800990,"geometry":{"type":"Point","coordinates":[-3.6872289977838539,40.414520261321861]},"properties":{"ESA_ESPECIE":"CSI","NOMBRE_COMUN":"Árbol del amor","NOMBRE_ESPECIE":"Cercis siliquastrum","ALTURA":"10","MINTDISTRITO":"03","NOMBRE_DISTRITO":"RETIRO","MINTBARRIO":"035","NOMBRE_BARRIO":"LOS JERONIMOS","OBJECTID":9800990}},{"type":"Feature","id":9800947,"geometry":{"type":"Point","coordinates":[-3.6878614503920071,40.413803496964057]},"properties":{"ESA_ESPECIE":"CSI","NOMBRE_COMUN":"Árbol del amor","NOMBRE_ESPECIE":"Cercis siliquastrum","ALTURA":"12","MINTDISTRITO":"03","NOMBRE_DISTRITO":"RETIRO","MINTBARRIO":"035","NOMBRE_BARRIO":"LOS JERONIMOS","OBJECTID":9800947}},{"type":"Feature","id":9765481,"geometry":{"type":"Point","coordinates":[-3.6874293958901712,40.414784593742979]},"properties":{"ESA_ESPECIE":"GTR","NOMBRE_COMUN":"Acacia de tres espinas","NOMBRE_ESPECIE":"Gleditsia triacanthos","ALTURA":"8","MINTDISTRITO":"03","NOMBRE_DISTRITO":"RETIRO","MINTBARRIO":"035","NOMBRE_BARRIO":"LOS JERONIMOS","OBJECTID":9765481}},{"type":"Feature","id":9771678,"geometry":{"type":"Point","coordinates":[-3.6871284405597282,40.416240263155665]},"properties":{"ESA_ESPECIE":"AHI","NOMBRE_COMUN":"Castaño de indias","NOMBRE_ESPECIE":"Aesculus hippocastanum","ALTURA":"10","MINTDISTRITO":"03","NOMBRE_DISTRITO":"RETIRO","MINTBARRIO":"035","NOMBRE_BARRIO":"LOS JERONIMOS","OBJECTID":9771678}},{"type":"Feature","id":9806597,"geometry":{"type":"Point","coordinates":[-3.6872809582951267,40.417349532535525]},"properties":{"ESA_ESPECIE":"AHI","NOMBRE_COMUN":"Castaño de indias","NOMBRE_ESPECIE":"Aesculus hippocastanum","ALTURA":"8","MINTDISTRITO":"03","NOMBRE_DISTRITO":"RETIRO","MINTBARRIO":"035","NOMBRE_BARRIO":"LOS JERONIMOS","OBJECTID":9806597}},{"type":"Feature","id":9804482,"geometry":{"type":"Point","coordinates":[-3.6870033360219332,40.416641350683932]},"properties":{"ESA_ESPECIE":"AHI","NOMBRE_COMUN":"Castaño de indias","NOMBRE_ESPECIE":"Aesculus hippocastanum","ALTURA":"18","MINTDISTRITO":"03","NOMBRE_DISTRITO":"RETIRO","MINTBARRIO":"035","NOMBRE_BARRIO":"LOS JERONIMOS","OBJECTID":9804482}},{"type":"Feature","id":9803603,"geometry":{"type":"Point","coordinates":[-3.6864263791821301,40.413208446368543]},"properties":{"ESA_ESPECIE":"CSI","NOMBRE_COMUN":"Árbol del amor","NOMBRE_ESPECIE":"Cercis siliquastrum","ALTURA":"10","MINTDISTRITO":"03","NOMBRE_DISTRITO":"RETIRO","MINTBARRIO":"035","NOMBRE_BARRIO":"LOS JERONIMOS","OBJECTID":9803603}},{"type":"Feature","id":9814964,"geometry":{"type":"Point","coordinates":[-3.686715086224003,40.413550517422031]},"properties":{"ESA_ESPECIE":"UMI","NOMBRE_COMUN":"Olmo común","NOMBRE_ESPECIE":"Ulmus minor","ALTURA":"1,5","MINTDISTRITO":"03","NOMBRE_DISTRITO":"RETIRO","MINTBARRIO":"035","NOMBRE_BARRIO":"LOS JERONIMOS","OBJECTID":9814964}},{"type":"Feature","id":9800111,"geometry":{"type":"Point","coordinates":[-3.6865190638354424,40.414435109172523]},"properties":{"ESA_ESPECIE":"CEO","NOMBRE_COMUN":"Almez americano","NOMBRE_ESPECIE":"Celtis occidentalis","ALTURA":"5,5","MINTDISTRITO":"03","NOMBRE_DISTRITO":"RETIRO","MINTBARRIO":"035","NOMBRE_BARRIO":"LOS JERONIMOS","OBJECTID":9800111}},{"type":"Feature","id":9771979,"geometry":{"type":"Point","coordinates":[-3.685677621219976,40.413895171911406]},"properties":{"ESA_ESPECIE":"GDI","NOMBRE_COMUN":"Cafetero de Kentucky","NOMBRE_ESPECIE":"Gymnocladus dioica","ALTURA":"15","MINTDISTRITO":"03","NOMBRE_DISTRITO":"RETIRO","MINTBARRIO":"035","NOMBRE_BARRIO":"LOS JERONIMOS","OBJECTID":9771979}},{"type":"Feature","id":9803941,"geometry":{"type":"Point","coordinates":[-3.6858768183564665,40.414760535047755]},"properties":{"ESA_ESPECIE":"ACA","NOMBRE_COMUN":"Arce campestre","NOMBRE_ESPECIE":"Acer campestre","ALTURA":"7,5","MINTDISTRITO":"03","NOMBRE_DISTRITO":"RETIRO","MINTBARRIO":"035","NOMBRE_BARRIO":"LOS JERONIMOS","OBJECTID":9803941}},{"type":"Feature","id":9768979,"geometry":{"type":"Point","coordinates":[-3.6862435624462999,40.41460542118913]},"properties":{"ESA_ESPECIE":"BRP","NOMBRE_COMUN":"Morera de papel","NOMBRE_ESPECIE":"Broussonetia papyrifera","ALTURA":"11","MINTDISTRITO":"03","NOMBRE_DISTRITO":"RETIRO","MINTBARRIO":"035","NOMBRE_BARRIO":"LOS JERONIMOS","OBJECTID":9768979}},{"type":"Feature","id":9802613,"geometry":{"type":"Point","coordinates":[-3.6872036370097661,40.411828128612171]},"properties":{"ESA_ESPECIE":"CSE","NOMBRE_COMUN":"Ciprés común","NOMBRE_ESPECIE":"Cupressus sempervirens","ALTURA":"5","MINTDISTRITO":"03","NOMBRE_DISTRITO":"RETIRO","MINTBARRIO":"035","NOMBRE_BARRIO":"LOS JERONIMOS","OBJECTID":9802613}},{"type":"Feature","id":9765487,"geometry":{"type":"Point","coordinates":[-3.6868154286213253,40.411735615028491]},"properties":{"ESA_ESPECIE":"ABA","NOMBRE_COMUN":"Abeto blanco","NOMBRE_ESPECIE":"Abies alba","ALTURA":"5","MINTDISTRITO":"03","NOMBRE_DISTRITO":"RETIRO","MINTBARRIO":"035","NOMBRE_BARRIO":"LOS JERONIMOS","OBJECTID":9765487}},{"type":"Feature","id":9770645,"geometry":{"type":"Point","coordinates":[-3.6871515749205588,40.41227857546528]},"properties":{"ESA_ESPECIE":"CSE","NOMBRE_COMUN":"Ciprés común","NOMBRE_ESPECIE":"Cupressus sempervirens","ALTURA":"7","MINTDISTRITO":"03","NOMBRE_DISTRITO":"RETIRO","MINTBARRIO":"035","NOMBRE_BARRIO":"LOS JERONIMOS","OBJECTID":9770645}},{"type":"Feature","id":9802767,"geometry":{"type":"Point","coordinates":[-3.6872170540250639,40.412203942671674]},"properties":{"ESA_ESPECIE":"CSE","NOMBRE_COMUN":"Ciprés común","NOMBRE_ESPECIE":"Cupressus sempervirens","ALTURA":"6,5","MINTDISTRITO":"03","NOMBRE_DISTRITO":"RETIRO","MINTBARRIO":"035","NOMBRE_BARRIO":"LOS JERONIMOS","OBJECTID":9802767}},{"type":"Feature","id":9803646,"geometry":{"type":"Point","coordinates":[-3.6876027075962443,40.412650733118895]},"properties":{"ESA_ESPECIE":"PDA","NOMBRE_COMUN":"Plátano de sombra/Platanus x hybrida","NOMBRE_ESPECIE":"Platanus x hispanica","ALTURA":"9,5","MINTDISTRITO":"03","NOMBRE_DISTRITO":"RETIRO","MINTBARRIO":"035","NOMBRE_BARRIO":"LOS JERONIMOS","OBJECTID":9803646}},{"type":"Feature","id":9770307,"geometry":{"type":"Point","coordinates":[-3.6870298408287243,40.413092636281085]},"properties":{"ESA_ESPECIE":"QPA","NOMBRE_COMUN":"Roble de los pantanos","NOMBRE_ESPECIE":"Quercus palustris","ALTURA":"5","MINTDISTRITO":"03","NOMBRE_DISTRITO":"RETIRO","MINTBARRIO":"035","NOMBRE_BARRIO":"LOS JERONIMOS","OBJECTID":9770307}},{"type":"Feature","id":9773848,"geometry":{"type":"Point","coordinates":[-3.6849959105803651,40.412107041678766]},"properties":{"ESA_ESPECIE":"AHI","NOMBRE_COMUN":"Castaño de indias","NOMBRE_ESPECIE":"Aesculus hippocastanum","ALTURA":"14","MINTDISTRITO":"03","NOMBRE_DISTRITO":"RETIRO","MINTBARRIO":"035","NOMBRE_BARRIO":"LOS JERONIMOS","OBJECTID":9773848}},{"type":"Feature","id":9773842,"geometry":{"type":"Point","coordinates":[-3.6854496849876139,40.412271560435919]},"properties":{"ESA_ESPECIE":"AHI","NOMBRE_COMUN":"Castaño de indias","NOMBRE_ESPECIE":"Aesculus hippocastanum","ALTURA":"12","MINTDISTRITO":"03","NOMBRE_DISTRITO":"RETIRO","MINTBARRIO":"035","NOMBRE_BARRIO":"LOS JERONIMOS","OBJECTID":9773842}},{"type":"Feature","id":9755989,"geometry":{"type":"Point","coordinates":[-3.6856312679284948,40.412139672299766]},"properties":{"ESA_ESPECIE":"UPU","NOMBRE_COMUN":"Olmo de Siberia","NOMBRE_ESPECIE":"Ulmus pumila","ALTURA":"10","MINTDISTRITO":"03","NOMBRE_DISTRITO":"RETIRO","MINTBARRIO":"035","NOMBRE_BARRIO":"LOS JERONIMOS","OBJECTID":9755989}},{"type":"Feature","id":9767694,"geometry":{"type":"Point","coordinates":[-3.6862332185575979,40.41102429354369]},"properties":{"ESA_ESPECIE":"CDE","NOMBRE_COMUN":"Cedro llorón","NOMBRE_ESPECIE":"Cedrus deodara","ALTURA":"25","MINTDISTRITO":"03","NOMBRE_DISTRITO":"RETIRO","MINTBARRIO":"035","NOMBRE_BARRIO":"LOS JERONIMOS","OBJECTID":9767694}},{"type":"Feature","id":9802318,"geometry":{"type":"Point","coordinates":[-3.6868313486968818,40.410125124548131]},"properties":{"ESA_ESPECIE":"AHI","NOMBRE_COMUN":"Castaño de indias","NOMBRE_ESPECIE":"Aesculus hippocastanum","ALTURA":"13","MINTDISTRITO":"03","NOMBRE_DISTRITO":"RETIRO","MINTBARRIO":"035","NOMBRE_BARRIO":"LOS JERONIMOS","OBJECTID":9802318}},{"type":"Feature","id":9768684,"geometry":{"type":"Point","coordinates":[-3.6879017060222798,40.410388429382692]},"properties":{"ESA_ESPECIE":"LJA","NOMBRE_COMUN":"Aligustre del Japón","NOMBRE_ESPECIE":"Ligustrum japonicum","ALTURA":"5","MINTDISTRITO":"03","NOMBRE_DISTRITO":"RETIRO","MINTBARRIO":"035","NOMBRE_BARRIO":"LOS JERONIMOS","OBJECTID":9768684}},{"type":"Feature","id":9770012,"geometry":{"type":"Point","coordinates":[-3.6880198758911402,40.41080205277764]},"properties":{"ESA_ESPECIE":"SJA","NOMBRE_COMUN":"Acacia del Japón/Sophora japonica","NOMBRE_ESPECIE":"Styphnolobium japonicum","ALTURA":"18","MINTDISTRITO":"03","NOMBRE_DISTRITO":"RETIRO","MINTBARRIO":"035","NOMBRE_BARRIO":"LOS JERONIMOS","OBJECTID":9770012}},{"type":"Feature","id":9769858,"geometry":{"type":"Point","coordinates":[-3.6885163791105033,40.409955308899328]},"properties":{"ESA_ESPECIE":"AHI","NOMBRE_COMUN":"Castaño de indias","NOMBRE_ESPECIE":"Aesculus hippocastanum","ALTURA":"9","MINTDISTRITO":"03","NOMBRE_DISTRITO":"RETIRO","MINTBARRIO":"035","NOMBRE_BARRIO":"LOS JERONIMOS","OBJECTID":9769858}},{"type":"Feature","id":9805810,"geometry":{"type":"Point","coordinates":[-3.6847242406130096,40.410974554832386]},"properties":{"ESA_ESPECIE":"QRO","NOMBRE_COMUN":"Roble común","NOMBRE_ESPECIE":"Quercus robur","ALTURA":"13","MINTDISTRITO":"03","NOMBRE_DISTRITO":"RETIRO","MINTBARRIO":"035","NOMBRE_BARRIO":"LOS JERONIMOS","OBJECTID":9805810}},{"type":"Feature","id":9806941,"geometry":{"type":"Point","coordinates":[-3.6835687782740818,40.411330727119562]},"properties":{"ESA_ESPECIE":"GTR","NOMBRE_COMUN":"Acacia de tres espinas","NOMBRE_ESPECIE":"Gleditsia triacanthos","ALTURA":"14","MINTDISTRITO":"03","NOMBRE_DISTRITO":"RETIRO","MINTBARRIO":"035","NOMBRE_BARRIO":"LOS JERONIMOS","OBJECTID":9806941}},{"type":"Feature","id":9773301,"geometry":{"type":"Point","coordinates":[-3.6833105054513164,40.412242510834417]},"properties":{"ESA_ESPECIE":"CAU","NOMBRE_COMUN":"Almez","NOMBRE_ESPECIE":"Celtis australis","ALTURA":"15","MINTDISTRITO":"03","NOMBRE_DISTRITO":"RETIRO","MINTBARRIO":"035","NOMBRE_BARRIO":"LOS JERONIMOS","OBJECTID":9773301}},{"type":"Feature","id":9773645,"geometry":{"type":"Point","coordinates":[-3.6837392154112685,40.412392679857916]},"properties":{"ESA_ESPECIE":"AHI","NOMBRE_COMUN":"Castaño de indias","NOMBRE_ESPECIE":"Aesculus hippocastanum","ALTURA":"13","MINTDISTRITO":"03","NOMBRE_DISTRITO":"RETIRO","MINTBARRIO":"035","NOMBRE_BARRIO":"LOS JERONIMOS","OBJECTID":9773645}},{"type":"Feature","id":9765581,"geometry":{"type":"Point","coordinates":[-3.6883572097777653,40.415894393833696]},"properties":{"ESA_ESPECIE":"AHI","NOMBRE_COMUN":"Castaño de indias","NOMBRE_ESPECIE":"Aesculus hippocastanum","ALTURA":"10","MINTDISTRITO":"03","NOMBRE_DISTRITO":"RETIRO","MINTBARRIO":"035","NOMBRE_BARRIO":"LOS JERONIMOS","OBJECTID":9765581}},{"type":"Feature","id":9815110,"geometry":{"type":"Point","coordinates":[-3.688209619198223,40.415954930378717]},"properties":{"ESA_ESPECIE":"AHI","NOMBRE_COMUN":"Castaño de indias","NOMBRE_ESPECIE":"Aesculus hippocastanum","ALTURA":"1,5","MINTDISTRITO":"03","NOMBRE_DISTRITO":"RETIRO","MINTBARRIO":"035","NOMBRE_BARRIO":"LOS JERONIMOS","OBJECTID":9815110}},{"type":"Feature","id":9771240,"geometry":{"type":"Point","coordinates":[-3.68877310997865,40.416086512356841]},"properties":{"ESA_ESPECIE":"CAT","NOMBRE_COMUN":"Cedro del Atlas","NOMBRE_ESPECIE":"Cedrus atlantica","ALTURA":"14","MINTDISTRITO":"03","NOMBRE_DISTRITO":"RETIRO","MINTBARRIO":"035","NOMBRE_BARRIO":"LOS JERONIMOS","OBJECTID":9771240}},{"type":"Feature","id":9770994,"geometry":{"type":"Point","coordinates":[-3.6884866070088487,40.412593067408977]},"properties":{"ESA_ESPECIE":"UPU","NOMBRE_COMUN":"Olmo de Siberia","NOMBRE_ESPECIE":"Ulmus pumila","ALTURA":"15,5","MINTDISTRITO":"03","NOMBRE_DISTRITO":"RETIRO","MINTBARRIO":"035","NOMBRE_BARRIO":"LOS JERONIMOS","OBJECTID":9770994}},{"type":"Feature","id":9770991,"geometry":{"type":"Point","coordinates":[-3.688554368940697,40.412765637708532]},"properties":{"ESA_ESPECIE":"UPU","NOMBRE_COMUN":"Olmo de Siberia","NOMBRE_ESPECIE":"Ulmus pumila","ALTURA":"11,5","MINTDISTRITO":"03","NOMBRE_DISTRITO":"RETIRO","MINTBARRIO":"035","NOMBRE_BARRIO":"LOS JERONIMOS","OBJECTID":9770991}},{"type":"Feature","id":9769912,"geometry":{"type":"Point","coordinates":[-3.68818450565532,40.410289899115]},"properties":{"ESA_ESPECIE":"PAB","NOMBRE_COMUN":"Álamo\u00A0plateado","NOMBRE_ESPECIE":"Populus alba 'Bolleana'","ALTURA":"16","MINTDISTRITO":"03","NOMBRE_DISTRITO":"RETIRO","MINTBARRIO":"035","NOMBRE_BARRIO":"LOS JERONIMOS","OBJECTID":9769912}},{"type":"Feature","id":9755843,"geometry":{"type":"Point","coordinates":[-3.678374401131955,40.411932116508652]},"properties":{"ESA_ESPECIE":"AHI","NOMBRE_COMUN":"Castaño de indias","NOMBRE_ESPECIE":"Aesculus hippocastanum","ALTURA":"4,5","MINTDISTRITO":"03","NOMBRE_DISTRITO":"RETIRO","MINTBARRIO":"035","NOMBRE_BARRIO":"LOS JERONIMOS","OBJECTID":9755843}},{"type":"Feature","id":9766174,"geometry":{"type":"Point","coordinates":[-3.6780691207023137,40.413747790686863]},"properties":{"ESA_ESPECIE":"CSE","NOMBRE_COMUN":"Ciprés común","NOMBRE_ESPECIE":"Cupressus sempervirens","ALTURA":"3,5","MINTDISTRITO":"03","NOMBRE_DISTRITO":"RETIRO","MINTBARRIO":"035","NOMBRE_BARRIO":"LOS JERONIMOS","OBJECTID":9766174}},{"type":"Feature","id":9799126,"geometry":{"type":"Point","coordinates":[-3.6777337834736228,40.409492553346546]},"properties":{"ESA_ESPECIE":"PGR","NOMBRE_COMUN":"Granado","NOMBRE_ESPECIE":"Punica granatum","ALTURA":"3","MINTDISTRITO":"03","NOMBRE_DISTRITO":"RETIRO","MINTBARRIO":"035","NOMBRE_BARRIO":"LOS JERONIMOS","OBJECTID":9799126}},{"type":"Feature","id":9778076,"geometry":{"type":"Point","coordinates":[-3.6778101249328627,40.410052262231581]},"properties":{"ESA_ESPECIE":"QIL","NOMBRE_COMUN":"Encina","NOMBRE_ESPECIE":"Quercus ilex","ALTURA":"8","MINTDISTRITO":"03","NOMBRE_DISTRITO":"RETIRO","MINTBARRIO":"035","NOMBRE_BARRIO":"LOS JERONIMOS","OBJECTID":9778076}},{"type":"Feature","id":9767256,"geometry":{"type":"Point","coordinates":[-3.6777381348159564,40.411368278139854]},"properties":{"ESA_ESPECIE":"TFO","NOMBRE_COMUN":"Palma de Fortune","NOMBRE_ESPECIE":"Trachycarpus fortunei","ALTURA":null,"MINTDISTRITO":"03","NOMBRE_DISTRITO":"RETIRO","MINTBARRIO":"035","NOMBRE_BARRIO":"LOS JERONIMOS","OBJECTID":9767256}},{"type":"Feature","id":9808372,"geometry":{"type":"Point","coordinates":[-3.6855438522732658,40.420066973673634]},"properties":{"ESA_ESPECIE":"AHI","NOMBRE_COMUN":"Castaño de indias","NOMBRE_ESPECIE":"Aesculus hippocastanum","ALTURA":"4","MINTDISTRITO":"03","NOMBRE_DISTRITO":"RETIRO","MINTBARRIO":"035","NOMBRE_BARRIO":"LOS JERONIMOS","OBJECTID":9808372}},{"type":"Feature","id":9778909,"geometry":{"type":"Point","coordinates":[-3.6867407169086892,40.420179880046611]},"properties":{"ESA_ESPECIE":"AHI","NOMBRE_COMUN":"Castaño de indias","NOMBRE_ESPECIE":"Aesculus hippocastanum","ALTURA":"10","MINTDISTRITO":"03","NOMBRE_DISTRITO":"RETIRO","MINTBARRIO":"035","NOMBRE_BARRIO":"LOS JERONIMOS","OBJECTID":9778909}},{"type":"Feature","id":9777237,"geometry":{"type":"Point","coordinates":[-3.6865984694717819,40.419459190639344]},"properties":{"ESA_ESPECIE":"AHI","NOMBRE_COMUN":"Castaño de indias","NOMBRE_ESPECIE":"Aesculus hippocastanum","ALTURA":"8,5","MINTDISTRITO":"03","NOMBRE_DISTRITO":"RETIRO","MINTBARRIO":"035","NOMBRE_BARRIO":"LOS JERONIMOS","OBJECTID":9777237}},{"type":"Feature","id":9776650,"geometry":{"type":"Point","coordinates":[-3.6861701177882291,40.41856506349216]},"properties":{"ESA_ESPECIE":"AHI","NOMBRE_COMUN":"Castaño de indias","NOMBRE_ESPECIE":"Aesculus hippocastanum","ALTURA":"20","MINTDISTRITO":"03","NOMBRE_DISTRITO":"RETIRO","MINTBARRIO":"035","NOMBRE_BARRIO":"LOS JERONIMOS","OBJECTID":9776650}},{"type":"Feature","id":9807536,"geometry":{"type":"Point","coordinates":[-3.6878502055255589,40.418019906763121]},"properties":{"ESA_ESPECIE":"AHI","NOMBRE_COMUN":"Castaño de indias","NOMBRE_ESPECIE":"Aesculus hippocastanum","ALTURA":"5","MINTDISTRITO":"03","NOMBRE_DISTRITO":"RETIRO","MINTBARRIO":"035","NOMBRE_BARRIO":"LOS JERONIMOS","OBJECTID":9807536}},{"type":"Feature","id":9769171,"geometry":{"type":"Point","coordinates":[-3.6783785380597132,40.411287764393833]},"properties":{"ESA_ESPECIE":"CAT","NOMBRE_COMUN":"Cedro del Atlas","NOMBRE_ESPECIE":"Cedrus atlantica","ALTURA":"8,5","MINTDISTRITO":"03","NOMBRE_DISTRITO":"RETIRO","MINTBARRIO":"035","NOMBRE_BARRIO":"LOS JERONIMOS","OBJECTID":9769171}},{"type":"Feature","id":9767007,"geometry":{"type":"Point","coordinates":[-3.6842144341297747,40.41965683017451]},"properties":{"ESA_ESPECIE":"TFO","NOMBRE_COMUN":"Palma de Fortune","NOMBRE_ESPECIE":"Trachycarpus fortunei","ALTURA":null,"MINTDISTRITO":"03","NOMBRE_DISTRITO":"RETIRO","MINTBARRIO":"035","NOMBRE_BARRIO":"LOS JERONIMOS","OBJECTID":9767007}},{"type":"Feature","id":9777732,"geometry":{"type":"Point","coordinates":[-3.6841529271908726,40.419666031130745]},"properties":{"ESA_ESPECIE":"AHI","NOMBRE_COMUN":"Castaño de indias","NOMBRE_ESPECIE":"Aesculus hippocastanum","ALTURA":"12","MINTDISTRITO":"03","NOMBRE_DISTRITO":"RETIRO","MINTBARRIO":"035","NOMBRE_BARRIO":"LOS JERONIMOS","OBJECTID":9777732}},{"type":"Feature","id":9809451,"geometry":{"type":"Point","coordinates":[-3.6833411787099557,40.418486664901572]},"properties":{"ESA_ESPECIE":"AHI","NOMBRE_COMUN":"Castaño de indias","NOMBRE_ESPECIE":"Aesculus hippocastanum","ALTURA":"10","MINTDISTRITO":"03","NOMBRE_DISTRITO":"RETIRO","MINTBARRIO":"035","NOMBRE_BARRIO":"LOS JERONIMOS","OBJECTID":9809451}},{"type":"Feature","id":9808123,"geometry":{"type":"Point","coordinates":[-3.6850408280767732,40.420324694992644]},"properties":{"ESA_ESPECIE":"PCP","NOMBRE_COMUN":"Ciruelo púrpura","NOMBRE_ESPECIE":"Prunus cerasifera  subsp. pissardii","ALTURA":"6,5","MINTDISTRITO":"03","NOMBRE_DISTRITO":"RETIRO","MINTBARRIO":"035","NOMBRE_BARRIO":"LOS JERONIMOS","OBJECTID":9808123}},{"type":"Feature","id":9905011,"geometry":{"type":"Point","coordinates":[-3.6849593479767786,40.420178997021743]},"properties":{"ESA_ESPECIE":"SJA","NOMBRE_COMUN":"Acacia del Japón/Sophora japonica","NOMBRE_ESPECIE":"Styphnolobium japonicum","ALTURA":"5,4","MINTDISTRITO":"03","NOMBRE_DISTRITO":"RETIRO","MINTBARRIO":"035","NOMBRE_BARRIO":"LOS JERONIMOS","OBJECTID":9905011}},{"type":"Feature","id":9768830,"geometry":{"type":"Point","coordinates":[-3.6851747630121849,40.420382054691174]},"properties":{"ESA_ESPECIE":"AHI","NOMBRE_COMUN":"Castaño de indias","NOMBRE_ESPECIE":"Aesculus hippocastanum","ALTURA":"11,5","MINTDISTRITO":"03","NOMBRE_DISTRITO":"RETIRO","MINTBARRIO":"035","NOMBRE_BARRIO":"LOS JERONIMOS","OBJECTID":9768830}},{"type":"Feature","id":9808864,"geometry":{"type":"Point","coordinates":[-3.6823326113677664,40.418690685481117]},"properties":{"ESA_ESPECIE":"CSI","NOMBRE_COMUN":"Árbol del amor","NOMBRE_ESPECIE":"Cercis siliquastrum","ALTURA":"5,5","MINTDISTRITO":"03","NOMBRE_DISTRITO":"RETIRO","MINTBARRIO":"035","NOMBRE_BARRIO":"LOS JERONIMOS","OBJECTID":9808864}},{"type":"Feature","id":9809205,"geometry":{"type":"Point","coordinates":[-3.6822979161605751,40.418189626891518]},"properties":{"ESA_ESPECIE":"CSE","NOMBRE_COMUN":"Ciprés común","NOMBRE_ESPECIE":"Cupressus sempervirens","ALTURA":"12","MINTDISTRITO":"03","NOMBRE_DISTRITO":"RETIRO","MINTBARRIO":"035","NOMBRE_BARRIO":"LOS JERONIMOS","OBJECTID":9809205}},{"type":"Feature","id":9811861,"geometry":{"type":"Point","coordinates":[-3.6825670213284054,40.419756270066422]},"properties":{"ESA_ESPECIE":"AHI","NOMBRE_COMUN":"Castaño de indias","NOMBRE_ESPECIE":"Aesculus hippocastanum","ALTURA":"11","MINTDISTRITO":"03","NOMBRE_DISTRITO":"RETIRO","MINTBARRIO":"035","NOMBRE_BARRIO":"LOS JERONIMOS","OBJECTID":9811861}},{"type":"Feature","id":9781814,"geometry":{"type":"Point","coordinates":[-3.6830364977543955,40.420678582041468]},"properties":{"ESA_ESPECIE":"FEX","NOMBRE_COMUN":"Fresno común","NOMBRE_ESPECIE":"Fraxinus excelsior","ALTURA":"7","MINTDISTRITO":"03","NOMBRE_DISTRITO":"RETIRO","MINTBARRIO":"035","NOMBRE_BARRIO":"LOS JERONIMOS","OBJECTID":9781814}},{"type":"Feature","id":9782158,"geometry":{"type":"Point","coordinates":[-3.6839092544353589,40.420230357861342]},"properties":{"ESA_ESPECIE":"AHI","NOMBRE_COMUN":"Castaño de indias","NOMBRE_ESPECIE":"Aesculus hippocastanum","ALTURA":"10,5","MINTDISTRITO":"03","NOMBRE_DISTRITO":"RETIRO","MINTBARRIO":"035","NOMBRE_BARRIO":"LOS JERONIMOS","OBJECTID":9782158}},{"type":"Feature","id":9811959,"geometry":{"type":"Point","coordinates":[-3.6839977654846892,40.420298843517052]},"properties":{"ESA_ESPECIE":"AHI","NOMBRE_COMUN":"Castaño de indias","NOMBRE_ESPECIE":"Aesculus hippocastanum","ALTURA":"5","MINTDISTRITO":"03","NOMBRE_DISTRITO":"RETIRO","MINTBARRIO":"035","NOMBRE_BARRIO":"LOS JERONIMOS","OBJECTID":9811959}},{"type":"Feature","id":9814028,"geometry":{"type":"Point","coordinates":[-3.6798212030623936,40.42034712618856]},"properties":{"ESA_ESPECIE":"AHI","NOMBRE_COMUN":"Castaño de indias","NOMBRE_ESPECIE":"Aesculus hippocastanum","ALTURA":"5","MINTDISTRITO":"03","NOMBRE_DISTRITO":"RETIRO","MINTBARRIO":"035","NOMBRE_BARRIO":"LOS JERONIMOS","OBJECTID":9814028}},{"type":"Feature","id":9814615,"geometry":{"type":"Point","coordinates":[-3.6807280269544482,40.420093789472574]},"properties":{"ESA_ESPECIE":"SAU","NOMBRE_COMUN":"Serbal de los cazadores","NOMBRE_ESPECIE":"Sorbus aucuparia","ALTURA":"2","MINTDISTRITO":"03","NOMBRE_DISTRITO":"RETIRO","MINTBARRIO":"035","NOMBRE_BARRIO":"LOS JERONIMOS","OBJECTID":9814615}},{"type":"Feature","id":9799959,"geometry":{"type":"Point","coordinates":[-3.681257303205971,40.420175933525172]},"properties":{"ESA_ESPECIE":"MGR","NOMBRE_COMUN":"Magnolio","NOMBRE_ESPECIE":"Magnolia grandiflora","ALTURA":"8","MINTDISTRITO":"03","NOMBRE_DISTRITO":"RETIRO","MINTBARRIO":"035","NOMBRE_BARRIO":"LOS JERONIMOS","OBJECTID":9799959}},{"type":"Feature","id":9782060,"geometry":{"type":"Point","coordinates":[-3.681955517359575,40.420240276921632]},"properties":{"ESA_ESPECIE":"AOC","NOMBRE_COMUN":"Falso castaño amarillo","NOMBRE_ESPECIE":"Aesculus octandra","ALTURA":"4","MINTDISTRITO":"03","NOMBRE_DISTRITO":"RETIRO","MINTBARRIO":"035","NOMBRE_BARRIO":"LOS JERONIMOS","OBJECTID":9782060}},{"type":"Feature","id":9783240,"geometry":{"type":"Point","coordinates":[-3.6815165662760876,40.418133667505828]},"properties":{"ESA_ESPECIE":"TFO","NOMBRE_COMUN":"Palma de Fortune","NOMBRE_ESPECIE":"Trachycarpus fortunei","ALTURA":"8","MINTDISTRITO":"03","NOMBRE_DISTRITO":"RETIRO","MINTBARRIO":"035","NOMBRE_BARRIO":"LOS JERONIMOS","OBJECTID":9783240}},{"type":"Feature","id":9813287,"geometry":{"type":"Point","coordinates":[-3.6817861849166955,40.418173177152489]},"properties":{"ESA_ESPECIE":"AHI","NOMBRE_COMUN":"Castaño de indias","NOMBRE_ESPECIE":"Aesculus hippocastanum","ALTURA":"2,5","MINTDISTRITO":"03","NOMBRE_DISTRITO":"RETIRO","MINTBARRIO":"035","NOMBRE_BARRIO":"LOS JERONIMOS","OBJECTID":9813287}},{"type":"Feature","id":9778565,"geometry":{"type":"Point","coordinates":[-3.6786583694188035,40.408981964916144]},"properties":{"ESA_ESPECIE":"AHI","NOMBRE_COMUN":"Castaño de indias","NOMBRE_ESPECIE":"Aesculus hippocastanum","ALTURA":"7","MINTDISTRITO":"03","NOMBRE_DISTRITO":"RETIRO","MINTBARRIO":"035","NOMBRE_BARRIO":"LOS JERONIMOS","OBJECTID":9778565}},{"type":"Feature","id":9782647,"geometry":{"type":"Point","coordinates":[-3.6794680462860958,40.418890772901982]},"properties":{"ESA_ESPECIE":"QRO","NOMBRE_COMUN":"Roble común","NOMBRE_ESPECIE":"Quercus robur","ALTURA":"3,5","MINTDISTRITO":"03","NOMBRE_DISTRITO":"RETIRO","MINTBARRIO":"035","NOMBRE_BARRIO":"LOS JERONIMOS","OBJECTID":9782647}},{"type":"Feature","id":9766417,"geometry":{"type":"Point","coordinates":[-3.6805968402390064,40.419239630459614]},"properties":{"ESA_ESPECIE":"MGR","NOMBRE_COMUN":"Magnolio","NOMBRE_ESPECIE":"Magnolia grandiflora","ALTURA":"9","MINTDISTRITO":"03","NOMBRE_DISTRITO":"RETIRO","MINTBARRIO":"035","NOMBRE_BARRIO":"LOS JERONIMOS","OBJECTID":9766417}},{"type":"Feature","id":9808618,"geometry":{"type":"Point","coordinates":[-3.6805471225236412,40.420055097566376]},"properties":{"ESA_ESPECIE":"TFO","NOMBRE_COMUN":"Palma de Fortune","NOMBRE_ESPECIE":"Trachycarpus fortunei","ALTURA":"4","MINTDISTRITO":"03","NOMBRE_DISTRITO":"RETIRO","MINTBARRIO":"035","NOMBRE_BARRIO":"LOS JERONIMOS","OBJECTID":9808618}},{"type":"Feature","id":9799470,"geometry":{"type":"Point","coordinates":[-3.6798896102991816,40.419615712012437]},"properties":{"ESA_ESPECIE":"AHI","NOMBRE_COMUN":"Castaño de indias","NOMBRE_ESPECIE":"Aesculus hippocastanum","ALTURA":"10","MINTDISTRITO":"03","NOMBRE_DISTRITO":"RETIRO","MINTBARRIO":"035","NOMBRE_BARRIO":"LOS JERONIMOS","OBJECTID":9799470}},{"type":"Feature","id":9768089,"geometry":{"type":"Point","coordinates":[-3.6800233686988402,40.419948773534536]},"properties":{"ESA_ESPECIE":"PYC","NOMBRE_COMUN":"Peral","NOMBRE_ESPECIE":"Pyrus communis","ALTURA":"4,5","MINTDISTRITO":"03","NOMBRE_DISTRITO":"RETIRO","MINTBARRIO":"035","NOMBRE_BARRIO":"LOS JERONIMOS","OBJECTID":9768089}},{"type":"Feature","id":9812205,"geometry":{"type":"Point","coordinates":[-3.6809332173135316,40.40869675956683]},"properties":{"ESA_ESPECIE":"CLE","NOMBRE_COMUN":"Ciprés de Leyland/x Cupressocyparis leylandii","NOMBRE_ESPECIE":"x Cupressocyparis x leylandii","ALTURA":"5","MINTDISTRITO":"03","NOMBRE_DISTRITO":"RETIRO","MINTBARRIO":"035","NOMBRE_BARRIO":"LOS JERONIMOS","OBJECTID":9812205}},{"type":"Feature","id":9898863,"geometry":{"type":"Point","coordinates":[-3.6829163419574069,40.409354733835002]},"properties":{"ESA_ESPECIE":"ANE","NOMBRE_COMUN":"Arce negundo","NOMBRE_ESPECIE":"Acer negundo","ALTURA":"9","MINTDISTRITO":"03","NOMBRE_DISTRITO":"RETIRO","MINTBARRIO":"035","NOMBRE_BARRIO":"LOS JERONIMOS","OBJECTID":9898863}},{"type":"Feature","id":9782401,"geometry":{"type":"Point","coordinates":[-3.6803526744639088,40.408575248442361]},"properties":{"ESA_ESPECIE":"ADE","NOMBRE_COMUN":"Mimosa plateada","NOMBRE_ESPECIE":"Acacia dealbata","ALTURA":"2,5","MINTDISTRITO":"03","NOMBRE_DISTRITO":"RETIRO","MINTBARRIO":"035","NOMBRE_BARRIO":"LOS JERONIMOS","OBJECTID":9782401}},{"type":"Feature","id":9812454,"geometry":{"type":"Point","coordinates":[-3.6803493224603132,40.409494651908872]},"properties":{"ESA_ESPECIE":"PCP","NOMBRE_COMUN":"Ciruelo púrpura","NOMBRE_ESPECIE":"Prunus cerasifera  subsp. pissardii","ALTURA":"4","MINTDISTRITO":"03","NOMBRE_DISTRITO":"RETIRO","MINTBARRIO":"035","NOMBRE_BARRIO":"LOS JERONIMOS","OBJECTID":9812454}},{"type":"Feature","id":9812700,"geometry":{"type":"Point","coordinates":[-3.6791612090207049,40.409246401287085]},"properties":{"ESA_ESPECIE":"CSI","NOMBRE_COMUN":"Árbol del amor","NOMBRE_ESPECIE":"Cercis siliquastrum","ALTURA":"5","MINTDISTRITO":"03","NOMBRE_DISTRITO":"RETIRO","MINTBARRIO":"035","NOMBRE_BARRIO":"LOS JERONIMOS","OBJECTID":9812700}},{"type":"Feature","id":9813041,"geometry":{"type":"Point","coordinates":[-3.6788980997784475,40.409273928626064]},"properties":{"ESA_ESPECIE":"CEO","NOMBRE_COMUN":"Almez americano","NOMBRE_ESPECIE":"Celtis occidentalis","ALTURA":"4,5","MINTDISTRITO":"03","NOMBRE_DISTRITO":"RETIRO","MINTBARRIO":"035","NOMBRE_BARRIO":"LOS JERONIMOS","OBJECTID":9813041}},{"type":"Feature","id":9814369,"geometry":{"type":"Point","coordinates":[-3.6810517860172629,40.411044939395808]},"properties":{"ESA_ESPECIE":"MFL","NOMBRE_COMUN":"Manzano japonés","NOMBRE_ESPECIE":"Malus floribunda","ALTURA":"2,75","MINTDISTRITO":"03","NOMBRE_DISTRITO":"RETIRO","MINTBARRIO":"035","NOMBRE_BARRIO":"LOS JERONIMOS","OBJECTID":9814369}},{"type":"Feature","id":9896604,"geometry":{"type":"Point","coordinates":[-3.6816513042464014,40.411303209652452]},"properties":{"ESA_ESPECIE":"AHI","NOMBRE_COMUN":"Castaño de indias","NOMBRE_ESPECIE":"Aesculus hippocastanum","ALTURA":"4","MINTDISTRITO":"03","NOMBRE_DISTRITO":"RETIRO","MINTBARRIO":"035","NOMBRE_BARRIO":"LOS JERONIMOS","OBJECTID":9896604}},{"type":"Feature","id":9813533,"geometry":{"type":"Point","coordinates":[-3.6822884581074926,40.410576375478449]},"properties":{"ESA_ESPECIE":"GTR","NOMBRE_COMUN":"Acacia de tres espinas","NOMBRE_ESPECIE":"Gleditsia triacanthos","ALTURA":"15","MINTDISTRITO":"03","NOMBRE_DISTRITO":"RETIRO","MINTBARRIO":"035","NOMBRE_BARRIO":"LOS JERONIMOS","OBJECTID":9813533}},{"type":"Feature","id":9769666,"geometry":{"type":"Point","coordinates":[-3.6828690658651788,40.410304658031691]},"properties":{"ESA_ESPECIE":"PDU","NOMBRE_COMUN":"Almendro","NOMBRE_ESPECIE":"Prunus dulcis","ALTURA":"3,5","MINTDISTRITO":"03","NOMBRE_DISTRITO":"RETIRO","MINTBARRIO":"035","NOMBRE_BARRIO":"LOS JERONIMOS","OBJECTID":9769666}},{"type":"Feature","id":9801880,"geometry":{"type":"Point","coordinates":[-3.6813392541014269,40.411034074510944]},"properties":{"ESA_ESPECIE":"PHS","NOMBRE_COMUN":"Fotinia","NOMBRE_ESPECIE":"Photinia serrulata","ALTURA":"10","MINTDISTRITO":"03","NOMBRE_DISTRITO":"RETIRO","MINTBARRIO":"035","NOMBRE_BARRIO":"LOS JERONIMOS","OBJECTID":9801880}},{"type":"Feature","id":9768335,"geometry":{"type":"Point","coordinates":[-3.6810340351041986,40.41045791458891]},"properties":{"ESA_ESPECIE":"PHA","NOMBRE_COMUN":"Pino carrasco","NOMBRE_ESPECIE":"Pinus halepensis","ALTURA":"23","MINTDISTRITO":"03","NOMBRE_DISTRITO":"RETIRO","MINTBARRIO":"035","NOMBRE_BARRIO":"LOS JERONIMOS","OBJECTID":9768335}},{"type":"Feature","id":9813782,"geometry":{"type":"Point","coordinates":[-3.6788622146855174,40.412819708519841]},"properties":{"ESA_ESPECIE":"AHI","NOMBRE_COMUN":"Castaño de indias","NOMBRE_ESPECIE":"Aesculus hippocastanum","ALTURA":"4","MINTDISTRITO":"03","NOMBRE_DISTRITO":"RETIRO","MINTBARRIO":"035","NOMBRE_BARRIO":"LOS JERONIMOS","OBJECTID":9813782}},{"type":"Feature","id":9762581,"geometry":{"type":"Point","coordinates":[-3.6795113970143962,40.411850461958807]},"properties":{"ESA_ESPECIE":"TFO","NOMBRE_COMUN":"Palma de Fortune","NOMBRE_ESPECIE":"Trachycarpus fortunei","ALTURA":null,"MINTDISTRITO":"03","NOMBRE_DISTRITO":"RETIRO","MINTBARRIO":"035","NOMBRE_BARRIO":"LOS JERONIMOS","OBJECTID":9762581}},{"type":"Feature","id":9767502,"geometry":{"type":"Point","coordinates":[-3.6791438198869586,40.411065432685426]},"properties":{"ESA_ESPECIE":"PPI","NOMBRE_COMUN":"Pino piñonero","NOMBRE_ESPECIE":"Pinus pinea","ALTURA":"6","MINTDISTRITO":"03","NOMBRE_DISTRITO":"RETIRO","MINTBARRIO":"035","NOMBRE_BARRIO":"LOS JERONIMOS","OBJECTID":9767502}},{"type":"Feature","id":9768338,"geometry":{"type":"Point","coordinates":[-3.6789564307093152,40.410760135141196]},"properties":{"ESA_ESPECIE":"PPI","NOMBRE_COMUN":"Pino piñonero","NOMBRE_ESPECIE":"Pinus pinea","ALTURA":"10","MINTDISTRITO":"03","NOMBRE_DISTRITO":"RETIRO","MINTBARRIO":"035","NOMBRE_BARRIO":"LOS JERONIMOS","OBJECTID":9768338}},{"type":"Feature","id":9765335,"geometry":{"type":"Point","coordinates":[-3.6799730846029006,40.411529480162855]},"properties":{"ESA_ESPECIE":"AHI","NOMBRE_COMUN":"Castaño de indias","NOMBRE_ESPECIE":"Aesculus hippocastanum","ALTURA":"4","MINTDISTRITO":"03","NOMBRE_DISTRITO":"RETIRO","MINTBARRIO":"035","NOMBRE_BARRIO":"LOS JERONIMOS","OBJECTID":9765335}},{"type":"Feature","id":9811372,"geometry":{"type":"Point","coordinates":[-3.6804143723009095,40.411922084384862]},"properties":{"ESA_ESPECIE":"PHA","NOMBRE_COMUN":"Pino carrasco","NOMBRE_ESPECIE":"Pinus halepensis","ALTURA":"22","MINTDISTRITO":"03","NOMBRE_DISTRITO":"RETIRO","MINTBARRIO":"035","NOMBRE_BARRIO":"LOS JERONIMOS","OBJECTID":9811372}},{"type":"Feature","id":9780486,"geometry":{"type":"Point","coordinates":[-3.6807349286148807,40.414087893321039]},"properties":{"ESA_ESPECIE":"AHI","NOMBRE_COMUN":"Castaño de indias","NOMBRE_ESPECIE":"Aesculus hippocastanum","ALTURA":"17","MINTDISTRITO":"03","NOMBRE_DISTRITO":"RETIRO","MINTBARRIO":"035","NOMBRE_BARRIO":"LOS JERONIMOS","OBJECTID":9780486}},{"type":"Feature","id":9781565,"geometry":{"type":"Point","coordinates":[-3.6801024106809122,40.413236115896289]},"properties":{"ESA_ESPECIE":"CSI","NOMBRE_COMUN":"Árbol del amor","NOMBRE_ESPECIE":"Cercis siliquastrum","ALTURA":"12,5","MINTDISTRITO":"03","NOMBRE_DISTRITO":"RETIRO","MINTBARRIO":"035","NOMBRE_BARRIO":"LOS JERONIMOS","OBJECTID":9781565}},{"type":"Feature","id":9811126,"geometry":{"type":"Point","coordinates":[-3.6808980443776447,40.412488528287582]},"properties":{"ESA_ESPECIE":"PPI","NOMBRE_COMUN":"Pino piñonero","NOMBRE_ESPECIE":"Pinus pinea","ALTURA":"30","MINTDISTRITO":"03","NOMBRE_DISTRITO":"RETIRO","MINTBARRIO":"035","NOMBRE_BARRIO":"LOS JERONIMOS","OBJECTID":9811126}},{"type":"Feature","id":9781073,"geometry":{"type":"Point","coordinates":[-3.6801783009649078,40.412518368448971]},"properties":{"ESA_ESPECIE":"PHA","NOMBRE_COMUN":"Pino carrasco","NOMBRE_ESPECIE":"Pinus halepensis","ALTURA":"25","MINTDISTRITO":"03","NOMBRE_DISTRITO":"RETIRO","MINTBARRIO":"035","NOMBRE_BARRIO":"LOS JERONIMOS","OBJECTID":9781073}},{"type":"Feature","id":9765089,"geometry":{"type":"Point","coordinates":[-3.6790122847404794,40.412999819216274]},"properties":{"ESA_ESPECIE":"AHI","NOMBRE_COMUN":"Castaño de indias","NOMBRE_ESPECIE":"Aesculus hippocastanum","ALTURA":"8","MINTDISTRITO":"03","NOMBRE_DISTRITO":"RETIRO","MINTBARRIO":"035","NOMBRE_BARRIO":"LOS JERONIMOS","OBJECTID":9765089}},{"type":"Feature","id":9801385,"geometry":{"type":"Point","coordinates":[-3.6788725476704616,40.412863918350858]},"properties":{"ESA_ESPECIE":"AHI","NOMBRE_COMUN":"Castaño de indias","NOMBRE_ESPECIE":"Aesculus hippocastanum","ALTURA":"5","MINTDISTRITO":"03","NOMBRE_DISTRITO":"RETIRO","MINTBARRIO":"035","NOMBRE_BARRIO":"LOS JERONIMOS","OBJECTID":9801385}},{"type":"Feature","id":9764748,"geometry":{"type":"Point","coordinates":[-3.681174469414441,40.415288103183265]},"properties":{"ESA_ESPECIE":"CSI","NOMBRE_COMUN":"Árbol del amor","NOMBRE_ESPECIE":"Cercis siliquastrum","ALTURA":"9","MINTDISTRITO":"03","NOMBRE_DISTRITO":"RETIRO","MINTBARRIO":"035","NOMBRE_BARRIO":"LOS JERONIMOS","OBJECTID":9764748}},{"type":"Feature","id":9779158,"geometry":{"type":"Point","coordinates":[-3.6807027019914598,40.417398729167267]},"properties":{"ESA_ESPECIE":"MAL","NOMBRE_COMUN":"Morera blanca","NOMBRE_ESPECIE":"Morus alba","ALTURA":"9,5","MINTDISTRITO":"03","NOMBRE_DISTRITO":"RETIRO","MINTBARRIO":"035","NOMBRE_BARRIO":"LOS JERONIMOS","OBJECTID":9779158}},{"type":"Feature","id":9799713,"geometry":{"type":"Point","coordinates":[-3.6802252397945536,40.417643035843405]},"properties":{"ESA_ESPECIE":"PDA","NOMBRE_COMUN":"Plátano de sombra/Platanus x hybrida","NOMBRE_ESPECIE":"Platanus x hispanica","ALTURA":"17","MINTDISTRITO":"03","NOMBRE_DISTRITO":"RETIRO","MINTBARRIO":"035","NOMBRE_BARRIO":"LOS JERONIMOS","OBJECTID":9799713}},{"type":"Feature","id":9800798,"geometry":{"type":"Point","coordinates":[-3.6792918916270816,40.417708992144618]},"properties":{"ESA_ESPECIE":"AHI","NOMBRE_COMUN":"Castaño de indias","NOMBRE_ESPECIE":"Aesculus hippocastanum","ALTURA":"10,5","MINTDISTRITO":"03","NOMBRE_DISTRITO":"RETIRO","MINTBARRIO":"035","NOMBRE_BARRIO":"LOS JERONIMOS","OBJECTID":9800798}},{"type":"Feature","id":9766663,"geometry":{"type":"Point","coordinates":[-3.6797152272016045,40.415983811629843]},"properties":{"ESA_ESPECIE":"AHI","NOMBRE_COMUN":"Castaño de indias","NOMBRE_ESPECIE":"Aesculus hippocastanum","ALTURA":"6","MINTDISTRITO":"03","NOMBRE_DISTRITO":"RETIRO","MINTBARRIO":"035","NOMBRE_BARRIO":"LOS JERONIMOS","OBJECTID":9766663}},{"type":"Feature","id":9809700,"geometry":{"type":"Point","coordinates":[-3.6807949044206913,40.414212459718122]},"properties":{"ESA_ESPECIE":"QRO","NOMBRE_COMUN":"Roble común","NOMBRE_ESPECIE":"Quercus robur","ALTURA":"13","MINTDISTRITO":"03","NOMBRE_DISTRITO":"RETIRO","MINTBARRIO":"035","NOMBRE_BARRIO":"LOS JERONIMOS","OBJECTID":9809700}},{"type":"Feature","id":9810044,"geometry":{"type":"Point","coordinates":[-3.6811803902781466,40.413996989969419]},"properties":{"ESA_ESPECIE":"TDI","NOMBRE_COMUN":"Ciprés de los pantanos","NOMBRE_ESPECIE":"Taxodium distichum","ALTURA":"9","MINTDISTRITO":"03","NOMBRE_DISTRITO":"RETIRO","MINTBARRIO":"035","NOMBRE_BARRIO":"LOS JERONIMOS","OBJECTID":9810044}},{"type":"Feature","id":9782893,"geometry":{"type":"Point","coordinates":[-3.6826451635847683,40.415020599018142]},"properties":{"ESA_ESPECIE":"QRO","NOMBRE_COMUN":"Roble común","NOMBRE_ESPECIE":"Quercus robur","ALTURA":"5,5","MINTDISTRITO":"03","NOMBRE_DISTRITO":"RETIRO","MINTBARRIO":"035","NOMBRE_BARRIO":"LOS JERONIMOS","OBJECTID":9782893}},{"type":"Feature","id":9751023,"geometry":{"type":"Point","coordinates":[-3.682679508765577,40.414903630809278]},"properties":{"ESA_ESPECIE":"MAL","NOMBRE_COMUN":"Morera blanca","NOMBRE_ESPECIE":"Morus alba","ALTURA":"12","MINTDISTRITO":"03","NOMBRE_DISTRITO":"RETIRO","MINTBARRIO":"035","NOMBRE_BARRIO":"LOS JERONIMOS","OBJECTID":9751023}},{"type":"Feature","id":9780732,"geometry":{"type":"Point","coordinates":[-3.6824907413128489,40.415655837970206]},"properties":{"ESA_ESPECIE":"BRP","NOMBRE_COMUN":"Morera de papel","NOMBRE_ESPECIE":"Broussonetia papyrifera","ALTURA":"7","MINTDISTRITO":"03","NOMBRE_DISTRITO":"RETIRO","MINTBARRIO":"035","NOMBRE_BARRIO":"LOS JERONIMOS","OBJECTID":9780732}},{"type":"Feature","id":9779404,"geometry":{"type":"Point","coordinates":[-3.6818556515502094,40.417675089689517]},"properties":{"ESA_ESPECIE":"AHI","NOMBRE_COMUN":"Castaño de indias","NOMBRE_ESPECIE":"Aesculus hippocastanum","ALTURA":"12","MINTDISTRITO":"03","NOMBRE_DISTRITO":"RETIRO","MINTBARRIO":"035","NOMBRE_BARRIO":"LOS JERONIMOS","OBJECTID":9779404}},{"type":"Feature","id":9779991,"geometry":{"type":"Point","coordinates":[-3.6815461093744792,40.415558436830572]},"properties":{"ESA_ESPECIE":"QIL","NOMBRE_COMUN":"Encina","NOMBRE_ESPECIE":"Quercus ilex","ALTURA":"11","MINTDISTRITO":"03","NOMBRE_DISTRITO":"RETIRO","MINTBARRIO":"035","NOMBRE_BARRIO":"LOS JERONIMOS","OBJECTID":9779991}},{"type":"Feature","id":9773499,"geometry":{"type":"Point","coordinates":[-3.685429330465436,40.413110243889179]},"properties":{"ESA_ESPECIE":"AHI","NOMBRE_COMUN":"Castaño de indias","NOMBRE_ESPECIE":"Aesculus hippocastanum","ALTURA":"12","MINTDISTRITO":"03","NOMBRE_DISTRITO":"RETIRO","MINTBARRIO":"035","NOMBRE_BARRIO":"LOS JERONIMOS","OBJECTID":9773499}},{"type":"Feature","id":9783486,"geometry":{"type":"Point","coordinates":[-3.6839225709549059,40.412919796291348]},"properties":{"ESA_ESPECIE":"TFO","NOMBRE_COMUN":"Palma de Fortune","NOMBRE_ESPECIE":"Trachycarpus fortunei","ALTURA":"5","MINTDISTRITO":"03","NOMBRE_DISTRITO":"RETIRO","MINTBARRIO":"035","NOMBRE_BARRIO":"LOS JERONIMOS","OBJECTID":9783486}},{"type":"Feature","id":9765830,"geometry":{"type":"Point","coordinates":[-3.6831675868311642,40.412484978264757]},"properties":{"ESA_ESPECIE":"AHI","NOMBRE_COMUN":"Castaño de indias","NOMBRE_ESPECIE":"Aesculus hippocastanum","ALTURA":"14","MINTDISTRITO":"03","NOMBRE_DISTRITO":"RETIRO","MINTBARRIO":"035","NOMBRE_BARRIO":"LOS JERONIMOS","OBJECTID":9765830}},{"type":"Feature","id":9810779,"geometry":{"type":"Point","coordinates":[-3.6830305216686572,40.413285467811633]},"properties":{"ESA_ESPECIE":"PDA","NOMBRE_COMUN":"Plátano de sombra/Platanus x hybrida","NOMBRE_ESPECIE":"Platanus x hispanica","ALTURA":"18","MINTDISTRITO":"03","NOMBRE_DISTRITO":"RETIRO","MINTBARRIO":"035","NOMBRE_BARRIO":"LOS JERONIMOS","OBJECTID":9810779}},{"type":"Feature","id":9781319,"geometry":{"type":"Point","coordinates":[-3.6830875816968045,40.413427888180514]},"properties":{"ESA_ESPECIE":"PAL","NOMBRE_COMUN":"Álamo blanco","NOMBRE_ESPECIE":"Populus alba","ALTURA":"16","MINTDISTRITO":"03","NOMBRE_DISTRITO":"RETIRO","MINTBARRIO":"035","NOMBRE_BARRIO":"LOS JERONIMOS","OBJECTID":9781319}},{"type":"Feature","id":9811028,"geometry":{"type":"Point","coordinates":[-3.682535736750316,40.412602539406784]},"properties":{"ESA_ESPECIE":"AHI","NOMBRE_COMUN":"Castaño de indias","NOMBRE_ESPECIE":"Aesculus hippocastanum","ALTURA":"16","MINTDISTRITO":"03","NOMBRE_DISTRITO":"RETIRO","MINTBARRIO":"035","NOMBRE_BARRIO":"LOS JERONIMOS","OBJECTID":9811028}},{"type":"Feature","id":9805618,"geometry":{"type":"Point","coordinates":[-3.6846373178032601,40.414936485852976]},"properties":{"ESA_ESPECIE":"AHI","NOMBRE_COMUN":"Castaño de indias","NOMBRE_ESPECIE":"Aesculus hippocastanum","ALTURA":"13","MINTDISTRITO":"03","NOMBRE_DISTRITO":"RETIRO","MINTBARRIO":"035","NOMBRE_BARRIO":"LOS JERONIMOS","OBJECTID":9805618}},{"type":"Feature","id":9772666,"geometry":{"type":"Point","coordinates":[-3.6849394553104919,40.414501622222986]},"properties":{"ESA_ESPECIE":"AHI","NOMBRE_COMUN":"Castaño de indias","NOMBRE_ESPECIE":"Aesculus hippocastanum","ALTURA":"14","MINTDISTRITO":"03","NOMBRE_DISTRITO":"RETIRO","MINTBARRIO":"035","NOMBRE_BARRIO":"LOS JERONIMOS","OBJECTID":9772666}},{"type":"Feature","id":9804287,"geometry":{"type":"Point","coordinates":[-3.6853441191446987,40.414795081471574]},"properties":{"ESA_ESPECIE":"TBA","NOMBRE_COMUN":"Tejo","NOMBRE_ESPECIE":"Taxus baccata","ALTURA":"8","MINTDISTRITO":"03","NOMBRE_DISTRITO":"RETIRO","MINTBARRIO":"035","NOMBRE_BARRIO":"LOS JERONIMOS","OBJECTID":9804287}},{"type":"Feature","id":9805369,"geometry":{"type":"Point","coordinates":[-3.6845444199526223,40.414330988000444]},"properties":{"ESA_ESPECIE":"AHI","NOMBRE_COMUN":"Castaño de indias","NOMBRE_ESPECIE":"Aesculus hippocastanum","ALTURA":"10","MINTDISTRITO":"03","NOMBRE_DISTRITO":"RETIRO","MINTBARRIO":"035","NOMBRE_BARRIO":"LOS JERONIMOS","OBJECTID":9805369}},{"type":"Feature","id":9772322,"geometry":{"type":"Point","coordinates":[-3.6844858746530078,40.41347475387488]},"properties":{"ESA_ESPECIE":"AHI","NOMBRE_COMUN":"Castaño de indias","NOMBRE_ESPECIE":"Aesculus hippocastanum","ALTURA":"15","MINTDISTRITO":"03","NOMBRE_DISTRITO":"RETIRO","MINTBARRIO":"035","NOMBRE_BARRIO":"LOS JERONIMOS","OBJECTID":9772322}},{"type":"Feature","id":9772073,"geometry":{"type":"Point","coordinates":[-3.685082084116611,40.413549781603457]},"properties":{"ESA_ESPECIE":"CAU","NOMBRE_COMUN":"Almez","NOMBRE_ESPECIE":"Celtis australis","ALTURA":"8","MINTDISTRITO":"03","NOMBRE_DISTRITO":"RETIRO","MINTBARRIO":"035","NOMBRE_BARRIO":"LOS JERONIMOS","OBJECTID":9772073}},{"type":"Feature","id":9771584,"geometry":{"type":"Point","coordinates":[-3.6855518703668344,40.41657421821651]},"properties":{"ESA_ESPECIE":"PCP","NOMBRE_COMUN":"Ciruelo púrpura","NOMBRE_ESPECIE":"Prunus cerasifera  subsp. pissardii","ALTURA":"4,5","MINTDISTRITO":"03","NOMBRE_DISTRITO":"RETIRO","MINTBARRIO":"035","NOMBRE_BARRIO":"LOS JERONIMOS","OBJECTID":9771584}},{"type":"Feature","id":9810533,"geometry":{"type":"Point","coordinates":[-3.6835139184456369,40.414754564207108]},"properties":{"ESA_ESPECIE":"CAU","NOMBRE_COMUN":"Almez","NOMBRE_ESPECIE":"Celtis australis","ALTURA":"14","MINTDISTRITO":"03","NOMBRE_DISTRITO":"RETIRO","MINTBARRIO":"035","NOMBRE_BARRIO":"LOS JERONIMOS","OBJECTID":9810533}},{"type":"Feature","id":9780237,"geometry":{"type":"Point","coordinates":[-3.683472831564707,40.414284084122485]},"properties":{"ESA_ESPECIE":"QRO","NOMBRE_COMUN":"Roble común","NOMBRE_ESPECIE":"Quercus robur","ALTURA":"3","MINTDISTRITO":"03","NOMBRE_DISTRITO":"RETIRO","MINTBARRIO":"035","NOMBRE_BARRIO":"LOS JERONIMOS","OBJECTID":9780237}},{"type":"Feature","id":9809946,"geometry":{"type":"Point","coordinates":[-3.6833036851697702,40.413899793736583]},"properties":{"ESA_ESPECIE":"AHI","NOMBRE_COMUN":"Castaño de indias","NOMBRE_ESPECIE":"Aesculus hippocastanum","ALTURA":"14","MINTDISTRITO":"03","NOMBRE_DISTRITO":"RETIRO","MINTBARRIO":"035","NOMBRE_BARRIO":"LOS JERONIMOS","OBJECTID":9809946}},{"type":"Feature","id":9777483,"geometry":{"type":"Point","coordinates":[-3.684025286632302,40.415086856845676]},"properties":{"ESA_ESPECIE":"AHI","NOMBRE_COMUN":"Castaño de indias","NOMBRE_ESPECIE":"Aesculus hippocastanum","ALTURA":"7,5","MINTDISTRITO":"03","NOMBRE_DISTRITO":"RETIRO","MINTBARRIO":"035","NOMBRE_BARRIO":"LOS JERONIMOS","OBJECTID":9777483}},{"type":"Feature","id":9805123,"geometry":{"type":"Point","coordinates":[-3.6841778712823627,40.4150897918692]},"properties":{"ESA_ESPECIE":"AHI","NOMBRE_COMUN":"Castaño de indias","NOMBRE_ESPECIE":"Aesculus hippocastanum","ALTURA":"8","MINTDISTRITO":"03","NOMBRE_DISTRITO":"RETIRO","MINTBARRIO":"035","NOMBRE_BARRIO":"LOS JERONIMOS","OBJECTID":9805123}},{"type":"Feature","id":9807877,"geometry":{"type":"Point","coordinates":[-3.6871294913655297,40.417662046739927]},"properties":{"ESA_ESPECIE":"AHI","NOMBRE_COMUN":"Castaño de indias","NOMBRE_ESPECIE":"Aesculus hippocastanum","ALTURA":"13","MINTDISTRITO":"03","NOMBRE_DISTRITO":"RETIRO","MINTBARRIO":"035","NOMBRE_BARRIO":"LOS JERONIMOS","OBJECTID":9807877}},{"type":"Feature","id":9775909,"geometry":{"type":"Point","coordinates":[-3.6871326056806786,40.417436369636825]},"properties":{"ESA_ESPECIE":"CSE","NOMBRE_COMUN":"Ciprés común","NOMBRE_ESPECIE":"Cupressus sempervirens","ALTURA":"18","MINTDISTRITO":"03","NOMBRE_DISTRITO":"RETIRO","MINTBARRIO":"035","NOMBRE_BARRIO":"LOS JERONIMOS","OBJECTID":9775909}},{"type":"Feature","id":9776404,"geometry":{"type":"Point","coordinates":[-3.686049829634285,40.417897936776171]},"properties":{"ESA_ESPECIE":"AHI","NOMBRE_COMUN":"Castaño de indias","NOMBRE_ESPECIE":"Aesculus hippocastanum","ALTURA":"15","MINTDISTRITO":"03","NOMBRE_DISTRITO":"RETIRO","MINTBARRIO":"035","NOMBRE_BARRIO":"LOS JERONIMOS","OBJECTID":9776404}},{"type":"Feature","id":9804041,"geometry":{"type":"Point","coordinates":[-3.6860157077516011,40.41632683525161]},"properties":{"ESA_ESPECIE":"AHI","NOMBRE_COMUN":"Castaño de indias","NOMBRE_ESPECIE":"Aesculus hippocastanum","ALTURA":"16","MINTDISTRITO":"03","NOMBRE_DISTRITO":"RETIRO","MINTBARRIO":"035","NOMBRE_BARRIO":"LOS JERONIMOS","OBJECTID":9804041}},{"type":"Feature","id":9804880,"geometry":{"type":"Point","coordinates":[-3.6859117109418404,40.415176483131106]},"properties":{"ESA_ESPECIE":"AHI","NOMBRE_COMUN":"Castaño de indias","NOMBRE_ESPECIE":"Aesculus hippocastanum","ALTURA":"6","MINTDISTRITO":"03","NOMBRE_DISTRITO":"RETIRO","MINTBARRIO":"035","NOMBRE_BARRIO":"LOS JERONIMOS","OBJECTID":9804880}},{"type":"Feature","id":9803795,"geometry":{"type":"Point","coordinates":[-3.6849254275263896,40.41604391964718]},"properties":{"ESA_ESPECIE":"AHI","NOMBRE_COMUN":"Castaño de indias","NOMBRE_ESPECIE":"Aesculus hippocastanum","ALTURA":"11","MINTDISTRITO":"03","NOMBRE_DISTRITO":"RETIRO","MINTBARRIO":"035","NOMBRE_BARRIO":"LOS JERONIMOS","OBJECTID":9803795}},{"type":"Feature","id":9804536,"geometry":{"type":"Point","coordinates":[-3.68575707304751,40.414888903600307]},"properties":{"ESA_ESPECIE":"PNI","NOMBRE_COMUN":"Chopo negro","NOMBRE_ESPECIE":"Populus nigra","ALTURA":"18","MINTDISTRITO":"03","NOMBRE_DISTRITO":"RETIRO","MINTBARRIO":"035","NOMBRE_BARRIO":"LOS JERONIMOS","OBJECTID":9804536}},{"type":"Feature","id":9800303,"geometry":{"type":"Point","coordinates":[-3.6875364794318974,40.413836412021958]},"properties":{"ESA_ESPECIE":"RPS","NOMBRE_COMUN":"Falsa acacia","NOMBRE_ESPECIE":"Robinia pseudoacacia","ALTURA":"12","MINTDISTRITO":"03","NOMBRE_DISTRITO":"RETIRO","MINTBARRIO":"035","NOMBRE_BARRIO":"LOS JERONIMOS","OBJECTID":9800303}},{"type":"Feature","id":9803454,"geometry":{"type":"Point","coordinates":[-3.6877167901180683,40.414996552271404]},"properties":{"ESA_ESPECIE":"LJA","NOMBRE_COMUN":"Aligustre del Japón","NOMBRE_ESPECIE":"Ligustrum japonicum","ALTURA":"3,5","MINTDISTRITO":"03","NOMBRE_DISTRITO":"RETIRO","MINTBARRIO":"035","NOMBRE_BARRIO":"LOS JERONIMOS","OBJECTID":9803454}},{"type":"Feature","id":9771827,"geometry":{"type":"Point","coordinates":[-3.687122389165022,40.416326695893495]},"properties":{"ESA_ESPECIE":"GTR","NOMBRE_COMUN":"Acacia de tres espinas","NOMBRE_ESPECIE":"Gleditsia triacanthos","ALTURA":"14","MINTDISTRITO":"03","NOMBRE_DISTRITO":"RETIRO","MINTBARRIO":"035","NOMBRE_BARRIO":"LOS JERONIMOS","OBJECTID":9771827}},{"type":"Feature","id":9804290,"geometry":{"type":"Point","coordinates":[-3.6871994900264515,40.416331607042586]},"properties":{"ESA_ESPECIE":"GTR","NOMBRE_COMUN":"Acacia de tres espinas","NOMBRE_ESPECIE":"Gleditsia triacanthos","ALTURA":"8","MINTDISTRITO":"03","NOMBRE_DISTRITO":"RETIRO","MINTBARRIO":"035","NOMBRE_BARRIO":"LOS JERONIMOS","OBJECTID":9804290}},{"type":"Feature","id":9776155,"geometry":{"type":"Point","coordinates":[-3.6877806035802547,40.41775729273791]},"properties":{"ESA_ESPECIE":"AHI","NOMBRE_COMUN":"Castaño de indias","NOMBRE_ESPECIE":"Aesculus hippocastanum","ALTURA":"15","MINTDISTRITO":"03","NOMBRE_DISTRITO":"RETIRO","MINTBARRIO":"035","NOMBRE_BARRIO":"LOS JERONIMOS","OBJECTID":9776155}},{"type":"Feature","id":9803208,"geometry":{"type":"Point","coordinates":[-3.687847575344434,40.41238533834585]},"properties":{"ESA_ESPECIE":"AHI","NOMBRE_COMUN":"Castaño de indias","NOMBRE_ESPECIE":"Aesculus hippocastanum","ALTURA":"14","MINTDISTRITO":"03","NOMBRE_DISTRITO":"RETIRO","MINTBARRIO":"035","NOMBRE_BARRIO":"LOS JERONIMOS","OBJECTID":9803208}},{"type":"Feature","id":9801634,"geometry":{"type":"Point","coordinates":[-3.6861567981894496,40.41373139143645]},"properties":{"ESA_ESPECIE":"BRP","NOMBRE_COMUN":"Morera de papel","NOMBRE_ESPECIE":"Broussonetia papyrifera","ALTURA":"14","MINTDISTRITO":"03","NOMBRE_DISTRITO":"RETIRO","MINTBARRIO":"035","NOMBRE_BARRIO":"LOS JERONIMOS","OBJECTID":9801634}},{"type":"Feature","id":9752105,"geometry":{"type":"Point","coordinates":[-3.686278396176816,40.413446085464948]},"properties":{"ESA_ESPECIE":"CSI","NOMBRE_COMUN":"Árbol del amor","NOMBRE_ESPECIE":"Cercis siliquastrum","ALTURA":"6.5","MINTDISTRITO":"03","NOMBRE_DISTRITO":"RETIRO","MINTBARRIO":"035","NOMBRE_BARRIO":"LOS JERONIMOS","OBJECTID":9752105}},{"type":"Feature","id":9801631,"geometry":{"type":"Point","coordinates":[-3.6861042989699078,40.413807739392936]},"properties":{"ESA_ESPECIE":"BRP","NOMBRE_COMUN":"Morera de papel","NOMBRE_ESPECIE":"Broussonetia papyrifera","ALTURA":"12","MINTDISTRITO":"03","NOMBRE_DISTRITO":"RETIRO","MINTBARRIO":"035","NOMBRE_BARRIO":"LOS JERONIMOS","OBJECTID":9801631}},{"type":"Feature","id":9770158,"geometry":{"type":"Point","coordinates":[-3.6860443092814239,40.414261827270664]},"properties":{"ESA_ESPECIE":"AHI","NOMBRE_COMUN":"Castaño de indias","NOMBRE_ESPECIE":"Aesculus hippocastanum","ALTURA":"15","MINTDISTRITO":"03","NOMBRE_DISTRITO":"RETIRO","MINTBARRIO":"035","NOMBRE_BARRIO":"LOS JERONIMOS","OBJECTID":9770158}},{"type":"Feature","id":9772912,"geometry":{"type":"Point","coordinates":[-3.6857668744307324,40.414833836200415]},"properties":{"ESA_ESPECIE":"RPS","NOMBRE_COMUN":"Falsa acacia","NOMBRE_ESPECIE":"Robinia pseudoacacia","ALTURA":"13","MINTDISTRITO":"03","NOMBRE_DISTRITO":"RETIRO","MINTBARRIO":"035","NOMBRE_BARRIO":"LOS JERONIMOS","OBJECTID":9772912}},{"type":"Feature","id":9800552,"geometry":{"type":"Point","coordinates":[-3.6875861037122659,40.41130663583607]},"properties":{"ESA_ESPECIE":"PAB","NOMBRE_COMUN":"Álamo\u00A0plateado","NOMBRE_ESPECIE":"Populus alba 'Bolleana'","ALTURA":"18","MINTDISTRITO":"03","NOMBRE_DISTRITO":"RETIRO","MINTBARRIO":"035","NOMBRE_BARRIO":"LOS JERONIMOS","OBJECTID":9800552}},{"type":"Feature","id":9802959,"geometry":{"type":"Point","coordinates":[-3.6872033606671679,40.411995608588192]},"properties":{"ESA_ESPECIE":"OEU","NOMBRE_COMUN":"Olivo","NOMBRE_ESPECIE":"Olea europaea","ALTURA":"3","MINTDISTRITO":"03","NOMBRE_DISTRITO":"RETIRO","MINTBARRIO":"035","NOMBRE_BARRIO":"LOS JERONIMOS","OBJECTID":9802959}},{"type":"Feature","id":9770499,"geometry":{"type":"Point","coordinates":[-3.6870078210756039,40.412022671675921]},"properties":{"ESA_ESPECIE":"CSE","NOMBRE_COMUN":"Ciprés común","NOMBRE_ESPECIE":"Cupressus sempervirens","ALTURA":"5,5","MINTDISTRITO":"03","NOMBRE_DISTRITO":"RETIRO","MINTBARRIO":"035","NOMBRE_BARRIO":"LOS JERONIMOS","OBJECTID":9770499}},{"type":"Feature","id":9802962,"geometry":{"type":"Point","coordinates":[-3.687172998831008,40.412205249568068]},"properties":{"ESA_ESPECIE":"CSE","NOMBRE_COMUN":"Ciprés común","NOMBRE_ESPECIE":"Cupressus sempervirens","ALTURA":"6","MINTDISTRITO":"03","NOMBRE_DISTRITO":"RETIRO","MINTBARRIO":"035","NOMBRE_BARRIO":"LOS JERONIMOS","OBJECTID":9802962}},{"type":"Feature","id":9802713,"geometry":{"type":"Point","coordinates":[-3.6873114556797226,40.412049326695055]},"properties":{"ESA_ESPECIE":"CSE","NOMBRE_COMUN":"Ciprés común","NOMBRE_ESPECIE":"Cupressus sempervirens","ALTURA":"5,5","MINTDISTRITO":"03","NOMBRE_DISTRITO":"RETIRO","MINTBARRIO":"035","NOMBRE_BARRIO":"LOS JERONIMOS","OBJECTID":9802713}},{"type":"Feature","id":9770745,"geometry":{"type":"Point","coordinates":[-3.6878813565439161,40.411939909896759]},"properties":{"ESA_ESPECIE":"AHI","NOMBRE_COMUN":"Castaño de indias","NOMBRE_ESPECIE":"Aesculus hippocastanum","ALTURA":"13","MINTDISTRITO":"03","NOMBRE_DISTRITO":"RETIRO","MINTBARRIO":"035","NOMBRE_BARRIO":"LOS JERONIMOS","OBJECTID":9770745}}],"exceededTransferLimit":true,"properties":{"exceededTransferLimit":true}}