{"type":"FeatureCollection","features":[{"type":"Feature","id":51249795,"geometry":{"type":"Point","coordinates":[-3.6939301592283864,40.407197586162496]},"properties":{"ESA_ESPECIE":"PDA","NOMBRE_COMUN":"Plátano de sombra/Platanus x hybrida","NOMBRE_ESPECIE":"Platanus x hispanica","ALTURA":"7","MINTDISTRITO":"02","NOMBRE_DISTRITO":"ARGANZUELA","MINTBARRIO":"026","NOMBRE_BARRIO":"PALOS DE LA FRONTERA","OBJECTID":51249795}},{"type":"Feature","id":51176966,"geometry":{"type":"Point","coordinates":[-3.6895160442069543,40.407239949064696]},"properties":{"ESA_ESPECIE":"CAU","NOMBRE_COMUN":"Almez","NOMBRE_ESPECIE":"Celtis australis","ALTURA":"10","MINTDISTRITO":"03","NOMBRE_DISTRITO":"RETIRO","MINTBARRIO":"035","NOMBRE_BARRIO":"LOS JERONIMOS","OBJECTID":51176966}},{"type":"Feature","id":51412955,"geometry":{"type":"Point","coordinates":[-3.6914872481626007,40.409437621734611]},"properties":{"ESA_ESPECIE":"PDA","NOMBRE_COMUN":"Plátano de sombra/Platanus x hybrida","NOMBRE_ESPECIE":"Platanus x hispanica","ALTURA":"18","MINTDISTRITO":"03","NOMBRE_DISTRITO":"RETIRO","MINTBARRIO":"035","NOMBRE_BARRIO":"LOS JERONIMOS","OBJECTID":51412955}},{"type":"Feature","id":50662609,"geometry":{"type":"Point","coordinates":[-3.691237721668462,40.421012813453267]},"properties":{"ESA_ESPECIE":"MEA","NOMBRE_COMUN":"Cinamomo","NOMBRE_ESPECIE":"Melia azedarach","ALTURA":"7","MINTDISTRITO":"04","NOMBRE_DISTRITO":"SALAMANCA","MINTBARRIO":"041","NOMBRE_BARRIO":"RECOLETOS","OBJECTID":50662609}},{"type":"Feature","id":51022889,"geometry":{"type":"Point","coordinates":[-3.6921796885692699,40.420124922429373]},"properties":{"ESA_ESPECIE":"TBA","NOMBRE_COMUN":"Tejo","NOMBRE_ESPECIE":"Taxus baccata","ALTURA":"4","MINTDISTRITO":"04","NOMBRE_DISTRITO":"SALAMANCA","MINTBARRIO":"041","NOMBRE_BARRIO":"RECOLETOS","OBJECTID":51022889}},{"type":"Feature","id":51281692,"geometry":{"type":"Point","coordinates":[-3.6948898748283114,40.415258664141753]},"properties":{"ESA_ESPECIE":"SJA","NOMBRE_COMUN":"Palma de Fortune","NOMBRE_ESPECIE":"Trachycarpus fortunei","ALTURA":"10","MINTDISTRITO":"01","NOMBRE_DISTRITO":"CENTRO","MINTBARRIO":"013","NOMBRE_BARRIO":"CORTES","OBJECTID":51281692}},{"type":"Feature","id":50643969,"geometry":{"type":"Point","coordinates":[-3.6837808777006864,40.406782131646331]},"properties":{"ESA_ESPECIE":"PDA","NOMBRE_COMUN":"Plátano de sombra/Platanus x hybrida","NOMBRE_ESPECIE":"Platanus x hispanica","ALTURA":"14","MINTDISTRITO":"03","NOMBRE_DISTRITO":"RETIRO","MINTBARRIO":"035","NOMBRE_BARRIO":"LOS JERONIMOS","OBJECTID":50643969}},{"type":"Feature","id":50564713,"geometry":{"type":"Point","coordinates":[-3.6881142947971957,40.40808877325334]},"properties":{"ESA_ESPECIE":"PHA","NOMBRE_COMUN":"Pino carrasco","NOMBRE_ESPECIE":"Pinus halepensis","ALTURA":"1,5","MINTDISTRITO":"03","NOMBRE_DISTRITO":"RETIRO","MINTBARRIO":"035","NOMBRE_BARRIO":"LOS JERONIMOS","OBJECTID":50564713}},{"type":"Feature","id":51179219,"geometry":{"type":"Point","coordinates":[-3.6881074846038664,40.407974389702645]},"properties":{"ESA_ESPECIE":"PHA","NOMBRE_COMUN":"Pino carrasco","NOMBRE_ESPECIE":"Pinus halepensis","ALTURA":"3","MINTDISTRITO":"03","NOMBRE_DISTRITO":"RETIRO","MINTBARRIO":"035","NOMBRE_BARRIO":"LOS JERONIMOS","OBJECTID":51179219}},{"type":"Feature","id":50986083,"geometry":{"type":"Point","coordinates":[-3.6959032723465666,40.409524478748139]},"properties":{"ESA_ESPECIE":"PDA","NOMBRE_COMUN":"Plátano de sombra/Platanus x hybrida","NOMBRE_ESPECIE":"Platanus x hispanica","ALTURA":"15","MINTDISTRITO":"01","NOMBRE_DISTRITO":"CENTRO","MINTBARRIO":"012","NOMBRE_BARRIO":"EMBAJADORES","OBJECTID":50986083}},{"type":"Feature","id":50561132,"geometry":{"type":"Point","coordinates":[-3.6774206113795795,40.406815743509448]},"properties":{"ESA_ESPECIE":"RPS","NOMBRE_COMUN":"Falsa acacia","NOMBRE_ESPECIE":"Robinia pseudoacacia","ALTURA":"0","MINTDISTRITO":"03","NOMBRE_DISTRITO":"RETIRO","MINTBARRIO":"031","NOMBRE_BARRIO":"PACIFICO","OBJECTID":50561132}},{"type":"Feature","id":51182539,"geometry":{"type":"Point","coordinates":[-3.6780905477204713,40.420413965513397]},"properties":{"ESA_ESPECIE":"LJA","NOMBRE_COMUN":"Aligustre del Japón","NOMBRE_ESPECIE":"Ligustrum japonicum","ALTURA":"8","MINTDISTRITO":"03","NOMBRE_DISTRITO":"RETIRO","MINTBARRIO":"034","NOMBRE_BARRIO":"IBIZA","OBJECTID":51182539}},{"type":"Feature","id":50697494,"geometry":{"type":"Point","coordinates":[-3.6777122300834755,40.42013378624074]},"properties":{"ESA_ESPECIE":"LJA","NOMBRE_COMUN":"Aligustre del Japón","NOMBRE_ESPECIE":"Ligustrum japonicum","ALTURA":"5,5","MINTDISTRITO":"03","NOMBRE_DISTRITO":"RETIRO","MINTBARRIO":"034","NOMBRE_BARRIO":"IBIZA","OBJECTID":50697494}},{"type":"Feature","id":51356774,"geometry":{"type":"Point","coordinates":[-3.6787894056365769,40.418755092006037]},"properties":{"ESA_ESPECIE":"FAN","NOMBRE_COMUN":"Fresno de la tierra","NOMBRE_ESPECIE":"Fraxinus angustifolia","ALTURA":"4,5","MINTDISTRITO":"03","NOMBRE_DISTRITO":"RETIRO","MINTBARRIO":"034","NOMBRE_BARRIO":"IBIZA","OBJECTID":51356774}},{"type":"Feature","id":50693652,"geometry":{"type":"Point","coordinates":[-3.6926877533233693,40.415082760530616]},"properties":{"ESA_ESPECIE":"SJA","NOMBRE_COMUN":"Acacia del Japón/Sophora japonica","NOMBRE_ESPECIE":"Styphnolobium japonicum","ALTURA":"8","MINTDISTRITO":"03","NOMBRE_DISTRITO":"RETIRO","MINTBARRIO":"035","NOMBRE_BARRIO":"LOS JERONIMOS","OBJECTID":50693652}},{"type":"Feature","id":51228570,"geometry":{"type":"Point","coordinates":[-3.6926789374944362,40.411192056260852]},"properties":{"ESA_ESPECIE":"SJA","NOMBRE_COMUN":"Acacia del Japón/Sophora japonica","NOMBRE_ESPECIE":"Styphnolobium japonicum","ALTURA":"6","MINTDISTRITO":"01","NOMBRE_DISTRITO":"CENTRO","MINTBARRIO":"013","NOMBRE_BARRIO":"CORTES","OBJECTID":51228570}},{"type":"Feature","id":51100556,"geometry":{"type":"Point","coordinates":[-3.6928965969480223,40.41152028524327]},"properties":{"ESA_ESPECIE":"PDA","NOMBRE_COMUN":"Plátano de sombra/Platanus x hybrida","NOMBRE_ESPECIE":"Platanus x hispanica","ALTURA":"18","MINTDISTRITO":"01","NOMBRE_DISTRITO":"CENTRO","MINTBARRIO":"013","NOMBRE_BARRIO":"CORTES","OBJECTID":51100556}},{"type":"Feature","id":50602918,"geometry":{"type":"Point","coordinates":[-3.6923903987686475,40.4108306304338]},"properties":{"ESA_ESPECIE":"SJA","NOMBRE_COMUN":"Acacia del Japón","NOMBRE_ESPECIE":"Sophora japonica","ALTURA":"21","MINTDISTRITO":"03","NOMBRE_DISTRITO":"RETIRO","MINTBARRIO":"035","NOMBRE_BARRIO":"LOS JERONIMOS","OBJECTID":50602918}},{"type":"Feature","id":50705320,"geometry":{"type":"Point","coordinates":[-3.6780821840655777,40.404262522830237]},"properties":{"ESA_ESPECIE":"SJA","NOMBRE_COMUN":"Acacia del Japón/Sophora japonica","NOMBRE_ESPECIE":"Styphnolobium japonicum","ALTURA":"5","MINTDISTRITO":"03","NOMBRE_DISTRITO":"RETIRO","MINTBARRIO":"031","NOMBRE_BARRIO":"PACIFICO","OBJECTID":50705320}},{"type":"Feature","id":51228902,"geometry":{"type":"Point","coordinates":[-3.6953985411793036,40.41316690284372]},"properties":{"ESA_ESPECIE":"PPI","NOMBRE_COMUN":"Pino piñonero","NOMBRE_ESPECIE":"Pinus pinea","ALTURA":"17","MINTDISTRITO":"01","NOMBRE_DISTRITO":"CENTRO","MINTBARRIO":"013","NOMBRE_BARRIO":"CORTES","OBJECTID":51228902}},{"type":"Feature","id":51182800,"geometry":{"type":"Point","coordinates":[-3.6816136594091109,40.405341900835069]},"properties":{"ESA_ESPECIE":"SJA","NOMBRE_COMUN":"Acacia del Japón/Sophora japonica","NOMBRE_ESPECIE":"Styphnolobium japonicum","ALTURA":"10","MINTDISTRITO":"03","NOMBRE_DISTRITO":"RETIRO","MINTBARRIO":"031","NOMBRE_BARRIO":"PACIFICO","OBJECTID":51182800}},{"type":"Feature","id":50633890,"geometry":{"type":"Point","coordinates":[-3.6930383421315414,40.416762828825753]},"properties":{"ESA_ESPECIE":"LJA","NOMBRE_COMUN":"Aligustre del Japón","NOMBRE_ESPECIE":"Ligustrum japonicum","ALTURA":"8","MINTDISTRITO":"03","NOMBRE_DISTRITO":"RETIRO","MINTBARRIO":"035","NOMBRE_BARRIO":"LOS JERONIMOS","OBJECTID":50633890}},{"type":"Feature","id":51407714,"geometry":{"type":"Point","coordinates":[-3.6913489645648769,40.419784441271389]},"properties":{"ESA_ESPECIE":"SJA","NOMBRE_COMUN":"Acacia del Japón/Sophora japonica","NOMBRE_ESPECIE":"Styphnolobium japonicum","ALTURA":"9","MINTDISTRITO":"04","NOMBRE_DISTRITO":"SALAMANCA","MINTBARRIO":"041","NOMBRE_BARRIO":"RECOLETOS","OBJECTID":51407714}},{"type":"Feature","id":51182871,"geometry":{"type":"Point","coordinates":[-3.6906622190339378,40.415157022582797]},"properties":{"ESA_ESPECIE":"SJA","NOMBRE_COMUN":"Acacia del Japón/Sophora japonica","NOMBRE_ESPECIE":"Styphnolobium japonicum","ALTURA":"5","MINTDISTRITO":"03","NOMBRE_DISTRITO":"RETIRO","MINTBARRIO":"035","NOMBRE_BARRIO":"LOS JERONIMOS","OBJECTID":51182871}},{"type":"Feature","id":51216428,"geometry":{"type":"Point","coordinates":[-3.6918842767581186,40.416557640885905]},"properties":{"ESA_ESPECIE":"PDA","NOMBRE_COMUN":"Plátano de sombra/Platanus x hybrida","NOMBRE_ESPECIE":"Platanus x hispanica","ALTURA":"12","MINTDISTRITO":"03","NOMBRE_DISTRITO":"RETIRO","MINTBARRIO":"035","NOMBRE_BARRIO":"LOS JERONIMOS","OBJECTID":51216428}},{"type":"Feature","id":50597654,"geometry":{"type":"Point","coordinates":[-3.6937431654770627,40.405330436089429]},"properties":{"ESA_ESPECIE":"APS","NOMBRE_COMUN":"Falso plátano","NOMBRE_ESPECIE":"Acer pseudoplatanus","ALTURA":"5","MINTDISTRITO":"02","NOMBRE_DISTRITO":"ARGANZUELA","MINTBARRIO":"026","NOMBRE_BARRIO":"PALOS DE LA FRONTERA","OBJECTID":50597654}},{"type":"Feature","id":51387462,"geometry":{"type":"Point","coordinates":[-3.6933805287053199,40.404802004517428]},"properties":{"ESA_ESPECIE":"PDA","NOMBRE_COMUN":"Plátano de sombra/Platanus x hybrida","NOMBRE_ESPECIE":"Platanus x hispanica","ALTURA":"12","MINTDISTRITO":"02","NOMBRE_DISTRITO":"ARGANZUELA","MINTBARRIO":"026","NOMBRE_BARRIO":"PALOS DE LA FRONTERA","OBJECTID":51387462}},{"type":"Feature","id":51336307,"geometry":{"type":"Point","coordinates":[-3.6926155007606325,40.406785133093464]},"properties":{"ESA_ESPECIE":"SJA","NOMBRE_COMUN":"Acacia del Japón/Sophora japonica","NOMBRE_ESPECIE":"Styphnolobium japonicum","ALTURA":"7","MINTDISTRITO":"02","NOMBRE_DISTRITO":"ARGANZUELA","MINTBARRIO":"026","NOMBRE_BARRIO":"PALOS DE LA FRONTERA","OBJECTID":51336307}},{"type":"Feature","id":50693558,"geometry":{"type":"Point","coordinates":[-3.6887865479593169,40.407632065140497]},"properties":{"ESA_ESPECIE":"PDA","NOMBRE_COMUN":"Plátano de sombra/Platanus x hybrida","NOMBRE_ESPECIE":"Platanus x hispanica","ALTURA":"15","MINTDISTRITO":"03","NOMBRE_DISTRITO":"RETIRO","MINTBARRIO":"035","NOMBRE_BARRIO":"LOS JERONIMOS","OBJECTID":50693558}},{"type":"Feature","id":51185811,"geometry":{"type":"Point","coordinates":[-3.6889880435485689,40.420570844047987]},"properties":{"ESA_ESPECIE":"PDA","NOMBRE_COMUN":"Plátano de sombra/Platanus x hybrida","NOMBRE_ESPECIE":"Platanus x hispanica","ALTURA":"8","MINTDISTRITO":"04","NOMBRE_DISTRITO":"SALAMANCA","MINTBARRIO":"041","NOMBRE_BARRIO":"RECOLETOS","OBJECTID":51185811}},{"type":"Feature","id":51179196,"geometry":{"type":"Point","coordinates":[-3.6883360361227289,40.408098993974427]},"properties":{"ESA_ESPECIE":"CAR","NOMBRE_COMUN":"Ciprés de Arizona","NOMBRE_ESPECIE":"Cupressus arizonica","ALTURA":"5","MINTDISTRITO":"03","NOMBRE_DISTRITO":"RETIRO","MINTBARRIO":"035","NOMBRE_BARRIO":"LOS JERONIMOS","OBJECTID":51179196}},{"type":"Feature","id":51314372,"geometry":{"type":"Point","coordinates":[-3.6842031668700446,40.407918090780349]},"properties":{"ESA_ESPECIE":"UPU","NOMBRE_COMUN":"Olmo de Siberia","NOMBRE_ESPECIE":"Ulmus pumila","ALTURA":"12","MINTDISTRITO":"03","NOMBRE_DISTRITO":"RETIRO","MINTBARRIO":"035","NOMBRE_BARRIO":"LOS JERONIMOS","OBJECTID":51314372}},{"type":"Feature","id":51288570,"geometry":{"type":"Point","coordinates":[-3.6799873285789197,40.40402987345805]},"properties":{"ESA_ESPECIE":"PDA","NOMBRE_COMUN":"Plátano de sombra/Platanus x hybrida","NOMBRE_ESPECIE":"Platanus x hispanica","ALTURA":"3,5","MINTDISTRITO":"03","NOMBRE_DISTRITO":"RETIRO","MINTBARRIO":"031","NOMBRE_BARRIO":"PACIFICO","OBJECTID":51288570}},{"type":"Feature","id":51182516,"geometry":{"type":"Point","coordinates":[-3.6833798436593121,40.406455239333845]},"properties":{"ESA_ESPECIE":"SJA","NOMBRE_COMUN":"Acacia del Japón/Sophora japonica","NOMBRE_ESPECIE":"Styphnolobium japonicum","ALTURA":"6,5","MINTDISTRITO":"03","NOMBRE_DISTRITO":"RETIRO","MINTBARRIO":"031","NOMBRE_BARRIO":"PACIFICO","OBJECTID":51182516}},{"type":"Feature","id":51172034,"geometry":{"type":"Point","coordinates":[-3.6843501999071737,40.406480923682473]},"properties":{"ESA_ESPECIE":"PDA","NOMBRE_COMUN":"Plátano de sombra/Platanus x hybrida","NOMBRE_ESPECIE":"Platanus x hispanica","ALTURA":"16","MINTDISTRITO":"03","NOMBRE_DISTRITO":"RETIRO","MINTBARRIO":"031","NOMBRE_BARRIO":"PACIFICO","OBJECTID":51172034}},{"type":"Feature","id":51177985,"geometry":{"type":"Point","coordinates":[-3.6855220583837274,40.406133601288133]},"properties":{"ESA_ESPECIE":"PCP","NOMBRE_COMUN":"Ciruelo púrpura","NOMBRE_ESPECIE":"Prunus cerasifera  subsp. pissardii","ALTURA":"4,5","MINTDISTRITO":"03","NOMBRE_DISTRITO":"RETIRO","MINTBARRIO":"031","NOMBRE_BARRIO":"PACIFICO","OBJECTID":51177985}},{"type":"Feature","id":50710323,"geometry":{"type":"Point","coordinates":[-3.6851161576815645,40.406349990427032]},"properties":{"ESA_ESPECIE":"PDA","NOMBRE_COMUN":"Plátano de sombra/Platanus x hybrida","NOMBRE_ESPECIE":"Platanus x hispanica","ALTURA":"16","MINTDISTRITO":"03","NOMBRE_DISTRITO":"RETIRO","MINTBARRIO":"031","NOMBRE_BARRIO":"PACIFICO","OBJECTID":50710323}},{"type":"Feature","id":50703376,"geometry":{"type":"Point","coordinates":[-3.6821806717420333,40.407269244579659]},"properties":{"ESA_ESPECIE":"SJA","NOMBRE_COMUN":"Acacia del Japón/Sophora japonica","NOMBRE_ESPECIE":"Styphnolobium japonicum","ALTURA":"15","MINTDISTRITO":"03","NOMBRE_DISTRITO":"RETIRO","MINTBARRIO":"035","NOMBRE_BARRIO":"LOS JERONIMOS","OBJECTID":50703376}},{"type":"Feature","id":51259565,"geometry":{"type":"Point","coordinates":[-3.6833162721688435,40.408493122773194]},"properties":{"ESA_ESPECIE":"CTK","NOMBRE_COMUN":"Chitalpa 'Minsum'","NOMBRE_ESPECIE":"x Chitalpa tashkentensis  'Summer Bells'","ALTURA":"2,4","MINTDISTRITO":"03","NOMBRE_DISTRITO":"RETIRO","MINTBARRIO":"035","NOMBRE_BARRIO":"LOS JERONIMOS","OBJECTID":51259565}},{"type":"Feature","id":50564026,"geometry":{"type":"Point","coordinates":[-3.6915929929874087,40.41709931380057]},"properties":{"ESA_ESPECIE":"RPS","NOMBRE_COMUN":"Falsa acacia","NOMBRE_ESPECIE":"Robinia pseudoacacia","ALTURA":"7","MINTDISTRITO":"03","NOMBRE_DISTRITO":"RETIRO","MINTBARRIO":"035","NOMBRE_BARRIO":"LOS JERONIMOS","OBJECTID":50564026}},{"type":"Feature","id":51180309,"geometry":{"type":"Point","coordinates":[-3.6905364391788367,40.416782222316606]},"properties":{"ESA_ESPECIE":"SJA","NOMBRE_COMUN":"Acacia del Japón/Sophora japonica","NOMBRE_ESPECIE":"Styphnolobium japonicum","ALTURA":"9","MINTDISTRITO":"03","NOMBRE_DISTRITO":"RETIRO","MINTBARRIO":"035","NOMBRE_BARRIO":"LOS JERONIMOS","OBJECTID":51180309}},{"type":"Feature","id":50574483,"geometry":{"type":"Point","coordinates":[-3.6905903435790872,40.419290910260891]},"properties":{"ESA_ESPECIE":"SJA","NOMBRE_COMUN":"Acacia del Japón/Sophora japonica","NOMBRE_ESPECIE":"Styphnolobium japonicum","ALTURA":"139","MINTDISTRITO":"03","NOMBRE_DISTRITO":"RETIRO","MINTBARRIO":"035","NOMBRE_BARRIO":"LOS JERONIMOS","OBJECTID":50574483}},{"type":"Feature","id":51031141,"geometry":{"type":"Point","coordinates":[-3.690432977675314,40.413615087406271]},"properties":{"ESA_ESPECIE":"SJA","NOMBRE_COMUN":"Acacia del Japón/Sophora japonica","NOMBRE_ESPECIE":"Styphnolobium japonicum","ALTURA":"5","MINTDISTRITO":"03","NOMBRE_DISTRITO":"RETIRO","MINTBARRIO":"035","NOMBRE_BARRIO":"LOS JERONIMOS","OBJECTID":51031141}},{"type":"Feature","id":51228593,"geometry":{"type":"Point","coordinates":[-3.6938605813206435,40.418062046454125]},"properties":{"ESA_ESPECIE":"PDA","NOMBRE_COMUN":"Plátano de sombra/Platanus x hybrida","NOMBRE_ESPECIE":"Platanus x hispanica","ALTURA":"8","MINTDISTRITO":"01","NOMBRE_DISTRITO":"CENTRO","MINTBARRIO":"013","NOMBRE_BARRIO":"CORTES","OBJECTID":51228593}},{"type":"Feature","id":51228476,"geometry":{"type":"Point","coordinates":[-3.6944055930230326,40.415768693055604]},"properties":{"ESA_ESPECIE":"SJA","NOMBRE_COMUN":"Acacia del Japón/Sophora japonica","NOMBRE_ESPECIE":"Styphnolobium japonicum","ALTURA":"5","MINTDISTRITO":"01","NOMBRE_DISTRITO":"CENTRO","MINTBARRIO":"013","NOMBRE_BARRIO":"CORTES","OBJECTID":51228476}},{"type":"Feature","id":51228808,"geometry":{"type":"Point","coordinates":[-3.6936671916958286,40.414823517895776]},"properties":{"ESA_ESPECIE":"PDA","NOMBRE_COMUN":"Plátano de sombra/Platanus x hybrida","NOMBRE_ESPECIE":"Platanus x hispanica","ALTURA":"10","MINTDISTRITO":"01","NOMBRE_DISTRITO":"CENTRO","MINTBARRIO":"013","NOMBRE_BARRIO":"CORTES","OBJECTID":51228808}},{"type":"Feature","id":50707335,"geometry":{"type":"Point","coordinates":[-3.6807479202231397,40.404780105626365]},"properties":{"ESA_ESPECIE":"PDA","NOMBRE_COMUN":"Plátano de sombra/Platanus x hybrida","NOMBRE_ESPECIE":"Platanus x hispanica","ALTURA":"11","MINTDISTRITO":"03","NOMBRE_DISTRITO":"RETIRO","MINTBARRIO":"031","NOMBRE_BARRIO":"PACIFICO","OBJECTID":50707335}},{"type":"Feature","id":50644063,"geometry":{"type":"Point","coordinates":[-3.6815302087136828,40.404641892715105]},"properties":{"ESA_ESPECIE":"PDA","NOMBRE_COMUN":"Plátano de sombra/Platanus x hybrida","NOMBRE_ESPECIE":"Platanus x hispanica","ALTURA":"15","MINTDISTRITO":"03","NOMBRE_DISTRITO":"RETIRO","MINTBARRIO":"031","NOMBRE_BARRIO":"PACIFICO","OBJECTID":50644063}},{"type":"Feature","id":51412932,"geometry":{"type":"Point","coordinates":[-3.6929320929663789,40.417938001878973]},"properties":{"ESA_ESPECIE":"PDA","NOMBRE_COMUN":"Plátano de sombra/Platanus x hybrida","NOMBRE_ESPECIE":"Platanus x hispanica","ALTURA":"22","MINTDISTRITO":"03","NOMBRE_DISTRITO":"RETIRO","MINTBARRIO":"035","NOMBRE_BARRIO":"LOS JERONIMOS","OBJECTID":51412932}},{"type":"Feature","id":51368298,"geometry":{"type":"Point","coordinates":[-3.689922921452947,40.403988754381835]},"properties":{"ESA_ESPECIE":"AUM","NOMBRE_COMUN":"Arce tridente","NOMBRE_ESPECIE":"Acer buergerianum","ALTURA":"5","MINTDISTRITO":"02","NOMBRE_DISTRITO":"ARGANZUELA","MINTBARRIO":"026","NOMBRE_BARRIO":"PALOS DE LA FRONTERA","OBJECTID":51368298}},{"type":"Feature","id":51336330,"geometry":{"type":"Point","coordinates":[-3.6919192215881202,40.406325146040295]},"properties":{"ESA_ESPECIE":"SJA","NOMBRE_COMUN":"Acacia del Japón/Sophora japonica","NOMBRE_ESPECIE":"Styphnolobium japonicum","ALTURA":"3,5","MINTDISTRITO":"02","NOMBRE_DISTRITO":"ARGANZUELA","MINTBARRIO":"027","NOMBRE_BARRIO":"ATOCHA","OBJECTID":51336330}},{"type":"Feature","id":51386274,"geometry":{"type":"Point","coordinates":[-3.690785239530896,40.404329355718154]},"properties":{"ESA_ESPECIE":"SJA","NOMBRE_COMUN":"Acacia del Japón/Sophora japonica","NOMBRE_ESPECIE":"Styphnolobium japonicum","ALTURA":"8","MINTDISTRITO":"02","NOMBRE_DISTRITO":"ARGANZUELA","MINTBARRIO":"026","NOMBRE_BARRIO":"PALOS DE LA FRONTERA","OBJECTID":51386274}},{"type":"Feature","id":51350322,"geometry":{"type":"Point","coordinates":[-3.6941624534064483,40.406418142256307]},"properties":{"ESA_ESPECIE":"PDA","NOMBRE_COMUN":"Plátano de sombra/Platanus x hybrida","NOMBRE_ESPECIE":"Platanus x hispanica","ALTURA":"15","MINTDISTRITO":"02","NOMBRE_DISTRITO":"ARGANZUELA","MINTBARRIO":"026","NOMBRE_BARRIO":"PALOS DE LA FRONTERA","OBJECTID":51350322}},{"type":"Feature","id":51259828,"geometry":{"type":"Point","coordinates":[-3.6942074817095549,40.405265081314745]},"properties":{"ESA_ESPECIE":"APS","NOMBRE_COMUN":"Falso plátano","NOMBRE_ESPECIE":"Acer pseudoplatanus","ALTURA":"6","MINTDISTRITO":"02","NOMBRE_DISTRITO":"ARGANZUELA","MINTBARRIO":"026","NOMBRE_BARRIO":"PALOS DE LA FRONTERA","OBJECTID":51259828}},{"type":"Feature","id":51346741,"geometry":{"type":"Point","coordinates":[-3.6910178527180801,40.409668546406181]},"properties":{"ESA_ESPECIE":"UPU","NOMBRE_COMUN":"Olmo de Siberia","NOMBRE_ESPECIE":"Ulmus pumila","ALTURA":"14","MINTDISTRITO":"03","NOMBRE_DISTRITO":"RETIRO","MINTBARRIO":"035","NOMBRE_BARRIO":"LOS JERONIMOS","OBJECTID":51346741}},{"type":"Feature","id":50711511,"geometry":{"type":"Point","coordinates":[-3.6820634027405581,40.40737146856172]},"properties":{"ESA_ESPECIE":"SJA","NOMBRE_COMUN":"Acacia del Japón/Sophora japonica","NOMBRE_ESPECIE":"Styphnolobium japonicum","ALTURA":"6,5","MINTDISTRITO":"03","NOMBRE_DISTRITO":"RETIRO","MINTBARRIO":"035","NOMBRE_BARRIO":"LOS JERONIMOS","OBJECTID":50711511}},{"type":"Feature","id":51003441,"geometry":{"type":"Point","coordinates":[-3.6959192501613272,40.415346338016384]},"properties":{"ESA_ESPECIE":"AMO","NOMBRE_COMUN":"Arce de Montpellier","NOMBRE_ESPECIE":"Acer monspessulanum","ALTURA":"4","MINTDISTRITO":"01","NOMBRE_DISTRITO":"CENTRO","MINTBARRIO":"013","NOMBRE_BARRIO":"CORTES","OBJECTID":51003441}},{"type":"Feature","id":50663820,"geometry":{"type":"Point","coordinates":[-3.6884880530760018,40.420954085210404]},"properties":{"ESA_ESPECIE":"PDA","NOMBRE_COMUN":"Plátano de sombra/Platanus x hybrida","NOMBRE_ESPECIE":"Platanus x hispanica","ALTURA":"7,5","MINTDISTRITO":"04","NOMBRE_DISTRITO":"SALAMANCA","MINTBARRIO":"041","NOMBRE_BARRIO":"RECOLETOS","OBJECTID":50663820}},{"type":"Feature","id":51185834,"geometry":{"type":"Point","coordinates":[-3.688240301210489,40.420326215725211]},"properties":{"ESA_ESPECIE":"PDA","NOMBRE_COMUN":"Plátano de sombra/Platanus x hybrida","NOMBRE_ESPECIE":"Platanus x hispanica","ALTURA":"7","MINTDISTRITO":"04","NOMBRE_DISTRITO":"SALAMANCA","MINTBARRIO":"041","NOMBRE_BARRIO":"RECOLETOS","OBJECTID":51185834}},{"type":"Feature","id":50563671,"geometry":{"type":"Point","coordinates":[-3.6781440022902703,40.405842585108829]},"properties":{"ESA_ESPECIE":"LJA","NOMBRE_COMUN":"Aligustre del Japón","NOMBRE_ESPECIE":"Ligustrum japonicum","ALTURA":"5","MINTDISTRITO":"03","NOMBRE_DISTRITO":"RETIRO","MINTBARRIO":"031","NOMBRE_BARRIO":"PACIFICO","OBJECTID":50563671}},{"type":"Feature","id":51083361,"geometry":{"type":"Point","coordinates":[-3.6854510559358857,40.406121103235712]},"properties":{"ESA_ESPECIE":"CDE","NOMBRE_COMUN":"Cedro llorón","NOMBRE_ESPECIE":"Cedrus deodara","ALTURA":"14","MINTDISTRITO":"03","NOMBRE_DISTRITO":"RETIRO","MINTBARRIO":"031","NOMBRE_BARRIO":"PACIFICO","OBJECTID":51083361}},{"type":"Feature","id":51172174,"geometry":{"type":"Point","coordinates":[-3.6839500619592522,40.405161048809816]},"properties":{"ESA_ESPECIE":"PDA","NOMBRE_COMUN":"Plátano de sombra/Platanus x hybrida","NOMBRE_ESPECIE":"Platanus x hispanica","ALTURA":"15","MINTDISTRITO":"03","NOMBRE_DISTRITO":"RETIRO","MINTBARRIO":"031","NOMBRE_BARRIO":"PACIFICO","OBJECTID":51172174}},{"type":"Feature","id":50564928,"geometry":{"type":"Point","coordinates":[-3.6885534551295147,40.419442248762344]},"properties":{"ESA_ESPECIE":"PDA","NOMBRE_COMUN":"Plátano de sombra/Platanus x hybrida","NOMBRE_ESPECIE":"Platanus x hispanica","ALTURA":"4,5","MINTDISTRITO":"03","NOMBRE_DISTRITO":"RETIRO","MINTBARRIO":"035","NOMBRE_BARRIO":"LOS JERONIMOS","OBJECTID":50564928}},{"type":"Feature","id":51172838,"geometry":{"type":"Point","coordinates":[-3.6923014555616644,40.410718197589944]},"properties":{"ESA_ESPECIE":"PYSP","NOMBRE_COMUN":"Perales","NOMBRE_ESPECIE":"Pyrus sp","ALTURA":"7","MINTDISTRITO":"03","NOMBRE_DISTRITO":"RETIRO","MINTBARRIO":"035","NOMBRE_BARRIO":"LOS JERONIMOS","OBJECTID":51172838}},{"type":"Feature","id":50699108,"geometry":{"type":"Point","coordinates":[-3.6889458175717906,40.411425371179483]},"properties":{"ESA_ESPECIE":"PDA","NOMBRE_COMUN":"Plátano de sombra/Platanus x hybrida","NOMBRE_ESPECIE":"Platanus x hispanica","ALTURA":"10","MINTDISTRITO":"03","NOMBRE_DISTRITO":"RETIRO","MINTBARRIO":"035","NOMBRE_BARRIO":"LOS JERONIMOS","OBJECTID":50699108}},{"type":"Feature","id":51383286,"geometry":{"type":"Point","coordinates":[-3.6909989773184928,40.412624602257821]},"properties":{"ESA_ESPECIE":"SJA","NOMBRE_COMUN":"Acacia del Japón/Sophora japonica","NOMBRE_ESPECIE":"Styphnolobium japonicum","ALTURA":"4","MINTDISTRITO":"03","NOMBRE_DISTRITO":"RETIRO","MINTBARRIO":"035","NOMBRE_BARRIO":"LOS JERONIMOS","OBJECTID":51383286}},{"type":"Feature","id":51174596,"geometry":{"type":"Point","coordinates":[-3.6931776236542744,40.413171996120923]},"properties":{"ESA_ESPECIE":"PDA","NOMBRE_COMUN":"Plátano de sombra/Platanus x hybrida","NOMBRE_ESPECIE":"Platanus x hispanica","ALTURA":"6","MINTDISTRITO":"01","NOMBRE_DISTRITO":"CENTRO","MINTBARRIO":"013","NOMBRE_BARRIO":"CORTES","OBJECTID":51174596}},{"type":"Feature","id":50644086,"geometry":{"type":"Point","coordinates":[-3.6781426880403636,40.407104258481738]},"properties":{"ESA_ESPECIE":"SJA","NOMBRE_COMUN":"Acacia del Japón/Sophora japonica","NOMBRE_ESPECIE":"Styphnolobium japonicum","ALTURA":"12","MINTDISTRITO":"03","NOMBRE_DISTRITO":"RETIRO","MINTBARRIO":"031","NOMBRE_BARRIO":"PACIFICO","OBJECTID":50644086}},{"type":"Feature","id":51072455,"geometry":{"type":"Point","coordinates":[-3.695812968733875,40.420387285134389]},"properties":{"ESA_ESPECIE":"PDA","NOMBRE_COMUN":"Plátano de sombra/Platanus x hybrida","NOMBRE_ESPECIE":"Platanus x hispanica","ALTURA":"16","MINTDISTRITO":"01","NOMBRE_DISTRITO":"CENTRO","MINTBARRIO":"014","NOMBRE_BARRIO":"JUSTICIA","OBJECTID":51072455}},{"type":"Feature","id":50892810,"geometry":{"type":"Point","coordinates":[-3.689563538879026,40.420191006268652]},"properties":{"ESA_ESPECIE":"PDA","NOMBRE_COMUN":"Plátano de sombra/Platanus x hybrida","NOMBRE_ESPECIE":"Platanus x hispanica","ALTURA":"4,5","MINTDISTRITO":"04","NOMBRE_DISTRITO":"SALAMANCA","MINTBARRIO":"041","NOMBRE_BARRIO":"RECOLETOS","OBJECTID":50892810}},{"type":"Feature","id":51227196,"geometry":{"type":"Point","coordinates":[-3.6935052353555524,40.417871727302284]},"properties":{"ESA_ESPECIE":"MGR","NOMBRE_COMUN":"Magnolio","NOMBRE_ESPECIE":"Magnolia grandiflora","ALTURA":"10","MINTDISTRITO":"01","NOMBRE_DISTRITO":"CENTRO","MINTBARRIO":"013","NOMBRE_BARRIO":"CORTES","OBJECTID":51227196}},{"type":"Feature","id":51181257,"geometry":{"type":"Point","coordinates":[-3.6805249973153127,40.404620948365746]},"properties":{"ESA_ESPECIE":"PDA","NOMBRE_COMUN":"Plátano de sombra/Platanus x hybrida","NOMBRE_ESPECIE":"Platanus x hispanica","ALTURA":"11,5","MINTDISTRITO":"03","NOMBRE_DISTRITO":"RETIRO","MINTBARRIO":"031","NOMBRE_BARRIO":"PACIFICO","OBJECTID":51181257}},{"type":"Feature","id":51215549,"geometry":{"type":"Point","coordinates":[-3.6913167374800819,40.416638378480847]},"properties":{"ESA_ESPECIE":"PDA","NOMBRE_COMUN":"Plátano de sombra/Platanus x hybrida","NOMBRE_ESPECIE":"Platanus x hispanica","ALTURA":"16,5","MINTDISTRITO":"03","NOMBRE_DISTRITO":"RETIRO","MINTBARRIO":"035","NOMBRE_BARRIO":"LOS JERONIMOS","OBJECTID":51215549}},{"type":"Feature","id":50696452,"geometry":{"type":"Point","coordinates":[-3.6902779089621109,40.413314552428751]},"properties":{"ESA_ESPECIE":"SJA","NOMBRE_COMUN":"Acacia del Japón/Sophora japonica","NOMBRE_ESPECIE":"Styphnolobium japonicum","ALTURA":"10","MINTDISTRITO":"03","NOMBRE_DISTRITO":"RETIRO","MINTBARRIO":"035","NOMBRE_BARRIO":"LOS JERONIMOS","OBJECTID":50696452}},{"type":"Feature","id":51186521,"geometry":{"type":"Point","coordinates":[-3.6955025147162632,40.408931769880716]},"properties":{"ESA_ESPECIE":"LJV","NOMBRE_COMUN":"Aligustre variegado","NOMBRE_ESPECIE":"Ligustrum japonicum 'Variegatum'","ALTURA":"7","MINTDISTRITO":"01","NOMBRE_DISTRITO":"CENTRO","MINTBARRIO":"012","NOMBRE_BARRIO":"EMBAJADORES","OBJECTID":51186521}},{"type":"Feature","id":51329406,"geometry":{"type":"Point","coordinates":[-3.6909597110053212,40.404045608741519]},"properties":{"ESA_ESPECIE":"UPU","NOMBRE_COMUN":"Olmo de Siberia","NOMBRE_ESPECIE":"Ulmus pumila","ALTURA":"9,5","MINTDISTRITO":"02","NOMBRE_DISTRITO":"ARGANZUELA","MINTBARRIO":"026","NOMBRE_BARRIO":"PALOS DE LA FRONTERA","OBJECTID":51329406}},{"type":"Feature","id":51335480,"geometry":{"type":"Point","coordinates":[-3.6922590202495735,40.404015116053856]},"properties":{"ESA_ESPECIE":"CAU","NOMBRE_COMUN":"Almez","NOMBRE_ESPECIE":"Celtis australis","ALTURA":"9","MINTDISTRITO":"02","NOMBRE_DISTRITO":"ARGANZUELA","MINTBARRIO":"026","NOMBRE_BARRIO":"PALOS DE LA FRONTERA","OBJECTID":51335480}},{"type":"Feature","id":51073760,"geometry":{"type":"Point","coordinates":[-3.6929164486781549,40.407880327178269]},"properties":{"ESA_ESPECIE":"CSE","NOMBRE_COMUN":"Ciprés común","NOMBRE_ESPECIE":"Cupressus sempervirens","ALTURA":"8","MINTDISTRITO":"01","NOMBRE_DISTRITO":"CENTRO","MINTBARRIO":"012","NOMBRE_BARRIO":"EMBAJADORES","OBJECTID":51073760}},{"type":"Feature","id":51176943,"geometry":{"type":"Point","coordinates":[-3.6900214091357282,40.407611467912069]},"properties":{"ESA_ESPECIE":"PYSP","NOMBRE_COMUN":"Perales","NOMBRE_ESPECIE":"Pyrus sp","ALTURA":"6,5","MINTDISTRITO":"03","NOMBRE_DISTRITO":"RETIRO","MINTBARRIO":"035","NOMBRE_BARRIO":"LOS JERONIMOS","OBJECTID":51176943}},{"type":"Feature","id":51346718,"geometry":{"type":"Point","coordinates":[-3.6899625078782998,40.409545848238032]},"properties":{"ESA_ESPECIE":"MEA","NOMBRE_COMUN":"Cinamomo","NOMBRE_ESPECIE":"Melia azedarach","ALTURA":"6,5","MINTDISTRITO":"03","NOMBRE_DISTRITO":"RETIRO","MINTBARRIO":"035","NOMBRE_BARRIO":"LOS JERONIMOS","OBJECTID":51346718}},{"type":"Feature","id":50711488,"geometry":{"type":"Point","coordinates":[-3.6824100939217934,40.408028616035089]},"properties":{"ESA_ESPECIE":"SJA","NOMBRE_COMUN":"Acacia del Japón/Sophora japonica","NOMBRE_ESPECIE":"Styphnolobium japonicum","ALTURA":"6","MINTDISTRITO":"03","NOMBRE_DISTRITO":"RETIRO","MINTBARRIO":"035","NOMBRE_BARRIO":"LOS JERONIMOS","OBJECTID":50711488}},{"type":"Feature","id":51182894,"geometry":{"type":"Point","coordinates":[-3.6831115229156999,40.407473254525136]},"properties":{"ESA_ESPECIE":"SJA","NOMBRE_COMUN":"Acacia del Japón/Sophora japonica","NOMBRE_ESPECIE":"Styphnolobium japonicum","ALTURA":"12","MINTDISTRITO":"03","NOMBRE_DISTRITO":"RETIRO","MINTBARRIO":"035","NOMBRE_BARRIO":"LOS JERONIMOS","OBJECTID":51182894}},{"type":"Feature","id":51009467,"geometry":{"type":"Point","coordinates":[-3.6958448620435393,40.407751937879702]},"properties":{"ESA_ESPECIE":"RPS","NOMBRE_COMUN":"Falsa acacia","NOMBRE_ESPECIE":"Robinia pseudoacacia","ALTURA":"4,5","MINTDISTRITO":"01","NOMBRE_DISTRITO":"CENTRO","MINTBARRIO":"012","NOMBRE_BARRIO":"EMBAJADORES","OBJECTID":51009467}},{"type":"Feature","id":50985442,"geometry":{"type":"Point","coordinates":[-3.6957898617164218,40.409418358930488]},"properties":{"ESA_ESPECIE":"AJU","NOMBRE_COMUN":"Acacia de Constantinopla","NOMBRE_ESPECIE":"Albizia julibrissin","ALTURA":"7","MINTDISTRITO":"01","NOMBRE_DISTRITO":"CENTRO","MINTBARRIO":"012","NOMBRE_BARRIO":"EMBAJADORES","OBJECTID":50985442}},{"type":"Feature","id":51004512,"geometry":{"type":"Point","coordinates":[-3.6914579910935426,40.416279045795761]},"properties":{"ESA_ESPECIE":"SJA","NOMBRE_COMUN":"Acacia del Japón/Sophora japonica","NOMBRE_ESPECIE":"Styphnolobium japonicum","ALTURA":"3","MINTDISTRITO":"03","NOMBRE_DISTRITO":"RETIRO","MINTBARRIO":"035","NOMBRE_BARRIO":"LOS JERONIMOS","OBJECTID":51004512}},{"type":"Feature","id":51412978,"geometry":{"type":"Point","coordinates":[-3.6932167747342031,40.415385987574368]},"properties":{"ESA_ESPECIE":"PDA","NOMBRE_COMUN":"Plátano de sombra/Platanus x hybrida","NOMBRE_ESPECIE":"Platanus x hispanica","ALTURA":"16","MINTDISTRITO":"03","NOMBRE_DISTRITO":"RETIRO","MINTBARRIO":"035","NOMBRE_BARRIO":"LOS JERONIMOS","OBJECTID":51412978}},{"type":"Feature","id":51185857,"geometry":{"type":"Point","coordinates":[-3.6884563678591586,40.420449956779926]},"properties":{"ESA_ESPECIE":"PDA","NOMBRE_COMUN":"Plátano de sombra/Platanus x hybrida","NOMBRE_ESPECIE":"Platanus x hispanica","ALTURA":"10","MINTDISTRITO":"04","NOMBRE_DISTRITO":"SALAMANCA","MINTBARRIO":"041","NOMBRE_BARRIO":"RECOLETOS","OBJECTID":51185857}},{"type":"Feature","id":50576976,"geometry":{"type":"Point","coordinates":[-3.6792377696919565,40.407595941682629]},"properties":{"ESA_ESPECIE":"PPI","NOMBRE_COMUN":"Pino piñonero","NOMBRE_ESPECIE":"Pinus pinea","ALTURA":"6","MINTDISTRITO":"03","NOMBRE_DISTRITO":"RETIRO","MINTBARRIO":"035","NOMBRE_BARRIO":"LOS JERONIMOS","OBJECTID":50576976}},{"type":"Feature","id":50695049,"geometry":{"type":"Point","coordinates":[-3.6795203992722967,40.408007706932331]},"properties":{"ESA_ESPECIE":"SJA","NOMBRE_COMUN":"Acacia del Japón/Sophora japonica","NOMBRE_ESPECIE":"Styphnolobium japonicum","ALTURA":"6,5","MINTDISTRITO":"03","NOMBRE_DISTRITO":"RETIRO","MINTBARRIO":"035","NOMBRE_BARRIO":"LOS JERONIMOS","OBJECTID":50695049}},{"type":"Feature","id":50693844,"geometry":{"type":"Point","coordinates":[-3.681167833795195,40.405704296228102]},"properties":{"ESA_ESPECIE":"SJA","NOMBRE_COMUN":"Acacia del Japón/Sophora japonica","NOMBRE_ESPECIE":"Styphnolobium japonicum","ALTURA":"9","MINTDISTRITO":"03","NOMBRE_DISTRITO":"RETIRO","MINTBARRIO":"031","NOMBRE_BARRIO":"PACIFICO","OBJECTID":50693844}},{"type":"Feature","id":50633867,"geometry":{"type":"Point","coordinates":[-3.6925211048743818,40.416629305953123]},"properties":{"ESA_ESPECIE":"APS","NOMBRE_COMUN":"Falso plátano","NOMBRE_ESPECIE":"Acer pseudoplatanus","ALTURA":"15","MINTDISTRITO":"03","NOMBRE_DISTRITO":"RETIRO","MINTBARRIO":"035","NOMBRE_BARRIO":"LOS JERONIMOS","OBJECTID":50633867}},{"type":"Feature","id":51172197,"geometry":{"type":"Point","coordinates":[-3.689514861515367,40.417929765446473]},"properties":{"ESA_ESPECIE":"SJA","NOMBRE_COMUN":"Acacia del Japón/Sophora japonica","NOMBRE_ESPECIE":"Styphnolobium japonicum","ALTURA":"8","MINTDISTRITO":"03","NOMBRE_DISTRITO":"RETIRO","MINTBARRIO":"035","NOMBRE_BARRIO":"LOS JERONIMOS","OBJECTID":51172197}},{"type":"Feature","id":51171865,"geometry":{"type":"Point","coordinates":[-3.6894467623177389,40.417925838208816]},"properties":{"ESA_ESPECIE":"SJA","NOMBRE_COMUN":"Acacia del Japón/Sophora japonica","NOMBRE_ESPECIE":"Styphnolobium japonicum","ALTURA":"7","MINTDISTRITO":"03","NOMBRE_DISTRITO":"RETIRO","MINTBARRIO":"035","NOMBRE_BARRIO":"LOS JERONIMOS","OBJECTID":51171865}},{"type":"Feature","id":51180238,"geometry":{"type":"Point","coordinates":[-3.690565069861246,40.418273994272127]},"properties":{"ESA_ESPECIE":"SJA","NOMBRE_COMUN":"Acacia del Japón/Sophora japonica","NOMBRE_ESPECIE":"Styphnolobium japonicum","ALTURA":"9","MINTDISTRITO":"03","NOMBRE_DISTRITO":"RETIRO","MINTBARRIO":"035","NOMBRE_BARRIO":"LOS JERONIMOS","OBJECTID":51180238}},{"type":"Feature","id":51407691,"geometry":{"type":"Point","coordinates":[-3.6898375290381655,40.419676333864338]},"properties":{"ESA_ESPECIE":"PDA","NOMBRE_COMUN":"Plátano de sombra/Platanus x hybrida","NOMBRE_ESPECIE":"Platanus x hispanica","ALTURA":"19","MINTDISTRITO":"03","NOMBRE_DISTRITO":"RETIRO","MINTBARRIO":"035","NOMBRE_BARRIO":"LOS JERONIMOS","OBJECTID":51407691}},{"type":"Feature","id":50668798,"geometry":{"type":"Point","coordinates":[-3.6910690051642372,40.420947245255974]},"properties":{"ESA_ESPECIE":"TIE","NOMBRE_COMUN":"Tilo","NOMBRE_ESPECIE":"Tilia x europaea","ALTURA":"8","MINTDISTRITO":"04","NOMBRE_DISTRITO":"SALAMANCA","MINTBARRIO":"041","NOMBRE_BARRIO":"RECOLETOS","OBJECTID":50668798}},{"type":"Feature","id":51025783,"geometry":{"type":"Point","coordinates":[-3.6914363177190905,40.420432245522846]},"properties":{"ESA_ESPECIE":"APL","NOMBRE_COMUN":"Arce real","NOMBRE_ESPECIE":"Acer platanoides","ALTURA":"4,5","MINTDISTRITO":"04","NOMBRE_DISTRITO":"SALAMANCA","MINTBARRIO":"041","NOMBRE_BARRIO":"RECOLETOS","OBJECTID":51025783}},{"type":"Feature","id":51227219,"geometry":{"type":"Point","coordinates":[-3.6937522089545776,40.4176373708219]},"properties":{"ESA_ESPECIE":"PDA","NOMBRE_COMUN":"Plátano de sombra/Platanus x hybrida","NOMBRE_ESPECIE":"Platanus x hispanica","ALTURA":"20","MINTDISTRITO":"01","NOMBRE_DISTRITO":"CENTRO","MINTBARRIO":"013","NOMBRE_BARRIO":"CORTES","OBJECTID":51227219}},{"type":"Feature","id":50995807,"geometry":{"type":"Point","coordinates":[-3.694788652202539,40.411872644379713]},"properties":{"ESA_ESPECIE":"LJA","NOMBRE_COMUN":"Aligustre del Japón","NOMBRE_ESPECIE":"Ligustrum japonicum","ALTURA":"6","MINTDISTRITO":"01","NOMBRE_DISTRITO":"CENTRO","MINTBARRIO":"013","NOMBRE_BARRIO":"CORTES","OBJECTID":50995807}},{"type":"Feature","id":50706078,"geometry":{"type":"Point","coordinates":[-3.6801441851798864,40.405114201292257]},"properties":{"ESA_ESPECIE":"SJA","NOMBRE_COMUN":"Acacia del Japón/Sophora japonica","NOMBRE_ESPECIE":"Styphnolobium japonicum","ALTURA":"8","MINTDISTRITO":"03","NOMBRE_DISTRITO":"RETIRO","MINTBARRIO":"031","NOMBRE_BARRIO":"PACIFICO","OBJECTID":50706078}},{"type":"Feature","id":51336382,"geometry":{"type":"Point","coordinates":[-3.6919917692276925,40.406396324908549]},"properties":{"ESA_ESPECIE":"SJA","NOMBRE_COMUN":"Acacia del Japón/Sophora japonica","NOMBRE_ESPECIE":"Styphnolobium japonicum","ALTURA":"3","MINTDISTRITO":"02","NOMBRE_DISTRITO":"ARGANZUELA","MINTBARRIO":"027","NOMBRE_BARRIO":"ATOCHA","OBJECTID":51336382}},{"type":"Feature","id":51256124,"geometry":{"type":"Point","coordinates":[-3.6925427582956161,40.405808554055994]},"properties":{"ESA_ESPECIE":"PDA","NOMBRE_COMUN":"Plátano de sombra/Platanus x hybrida","NOMBRE_ESPECIE":"Platanus x hispanica","ALTURA":"14,5","MINTDISTRITO":"02","NOMBRE_DISTRITO":"ARGANZUELA","MINTBARRIO":"026","NOMBRE_BARRIO":"PALOS DE LA FRONTERA","OBJECTID":51256124}},{"type":"Feature","id":51308991,"geometry":{"type":"Point","coordinates":[-3.6930477963097794,40.405279011285295]},"properties":{"ESA_ESPECIE":"APS","NOMBRE_COMUN":"Falso plátano","NOMBRE_ESPECIE":"Acer pseudoplatanus","ALTURA":"5,5","MINTDISTRITO":"02","NOMBRE_DISTRITO":"ARGANZUELA","MINTBARRIO":"026","NOMBRE_BARRIO":"PALOS DE LA FRONTERA","OBJECTID":51308991}},{"type":"Feature","id":51346787,"geometry":{"type":"Point","coordinates":[-3.6916783963280837,40.409650209267042]},"properties":{"ESA_ESPECIE":"PDA","NOMBRE_COMUN":"Plátano de sombra/Platanus x hybrida","NOMBRE_ESPECIE":"Platanus x hispanica","ALTURA":"19","MINTDISTRITO":"03","NOMBRE_DISTRITO":"RETIRO","MINTBARRIO":"035","NOMBRE_BARRIO":"LOS JERONIMOS","OBJECTID":51346787}},{"type":"Feature","id":51093302,"geometry":{"type":"Point","coordinates":[-3.6914199495832811,40.409126463956149]},"properties":{"ESA_ESPECIE":"PDA","NOMBRE_COMUN":"Plátano de sombra/Platanus x hybrida","NOMBRE_ESPECIE":"Platanus x hispanica","ALTURA":"5","MINTDISTRITO":"03","NOMBRE_DISTRITO":"RETIRO","MINTBARRIO":"035","NOMBRE_BARRIO":"LOS JERONIMOS","OBJECTID":51093302}},{"type":"Feature","id":50989501,"geometry":{"type":"Point","coordinates":[-3.6957702630618265,40.418365634081042]},"properties":{"ESA_ESPECIE":"LJA","NOMBRE_COMUN":"Aligustre del Japón","NOMBRE_ESPECIE":"Ligustrum japonicum","ALTURA":"5,5","MINTDISTRITO":"01","NOMBRE_DISTRITO":"CENTRO","MINTBARRIO":"013","NOMBRE_BARRIO":"CORTES","OBJECTID":50989501}},{"type":"Feature","id":51216336,"geometry":{"type":"Point","coordinates":[-3.6776219374255197,40.421087706633585]},"properties":{"ESA_ESPECIE":"LJA","NOMBRE_COMUN":"Aligustre del Japón","NOMBRE_ESPECIE":"Ligustrum japonicum","ALTURA":"3,5","MINTDISTRITO":"03","NOMBRE_DISTRITO":"RETIRO","MINTBARRIO":"034","NOMBRE_BARRIO":"IBIZA","OBJECTID":51216336}},{"type":"Feature","id":50693750,"geometry":{"type":"Point","coordinates":[-3.6783215098704867,40.408014386310491]},"properties":{"ESA_ESPECIE":"PDA","NOMBRE_COMUN":"Plátano de sombra/Platanus x hybrida","NOMBRE_ESPECIE":"Platanus x hispanica","ALTURA":"13","MINTDISTRITO":"03","NOMBRE_DISTRITO":"RETIRO","MINTBARRIO":"036","NOMBRE_BARRIO":"NIÑO JESUS","OBJECTID":50693750}},{"type":"Feature","id":50660780,"geometry":{"type":"Point","coordinates":[-3.6784130432491997,40.407290961957081]},"properties":{"ESA_ESPECIE":"PPI","NOMBRE_COMUN":"Pino piñonero","NOMBRE_ESPECIE":"Pinus pinea","ALTURA":"12","MINTDISTRITO":"03","NOMBRE_DISTRITO":"RETIRO","MINTBARRIO":"031","NOMBRE_BARRIO":"PACIFICO","OBJECTID":50660780}},{"type":"Feature","id":51384405,"geometry":{"type":"Point","coordinates":[-3.6868305361027831,40.406582316273223]},"properties":{"ESA_ESPECIE":"PDA","NOMBRE_COMUN":"Plátano de sombra/Platanus x hybrida","NOMBRE_ESPECIE":"Platanus x hispanica","ALTURA":"4","MINTDISTRITO":"03","NOMBRE_DISTRITO":"RETIRO","MINTBARRIO":"035","NOMBRE_BARRIO":"LOS JERONIMOS","OBJECTID":51384405}},{"type":"Feature","id":50707475,"geometry":{"type":"Point","coordinates":[-3.6835645672444204,40.40811314838345]},"properties":{"ESA_ESPECIE":"SJA","NOMBRE_COMUN":"Acacia del Japón/Sophora japonica","NOMBRE_ESPECIE":"Styphnolobium japonicum","ALTURA":"6","MINTDISTRITO":"03","NOMBRE_DISTRITO":"RETIRO","MINTBARRIO":"035","NOMBRE_BARRIO":"LOS JERONIMOS","OBJECTID":50707475}},{"type":"Feature","id":50567135,"geometry":{"type":"Point","coordinates":[-3.69016788049663,40.41736898397059]},"properties":{"ESA_ESPECIE":"RPS","NOMBRE_COMUN":"Falsa acacia","NOMBRE_ESPECIE":"Robinia pseudoacacia","ALTURA":"6","MINTDISTRITO":"03","NOMBRE_DISTRITO":"RETIRO","MINTBARRIO":"035","NOMBRE_BARRIO":"LOS JERONIMOS","OBJECTID":50567135}},{"type":"Feature","id":51073998,"geometry":{"type":"Point","coordinates":[-3.6930585978530202,40.411908748635447]},"properties":{"ESA_ESPECIE":"PDA","NOMBRE_COMUN":"Plátano de sombra/Platanus x hybrida","NOMBRE_ESPECIE":"Platanus x hispanica","ALTURA":"6","MINTDISTRITO":"01","NOMBRE_DISTRITO":"CENTRO","MINTBARRIO":"013","NOMBRE_BARRIO":"CORTES","OBJECTID":51073998}},{"type":"Feature","id":51412786,"geometry":{"type":"Point","coordinates":[-3.6922176236090767,40.412693231869497]},"properties":{"ESA_ESPECIE":"MGR","NOMBRE_COMUN":"Magnolio","NOMBRE_ESPECIE":"Magnolia grandiflora","ALTURA":"12","MINTDISTRITO":"03","NOMBRE_DISTRITO":"RETIRO","MINTBARRIO":"035","NOMBRE_BARRIO":"LOS JERONIMOS","OBJECTID":51412786}},{"type":"Feature","id":51172884,"geometry":{"type":"Point","coordinates":[-3.6777344203115949,40.417001651733159]},"properties":{"ESA_ESPECIE":"SJA","NOMBRE_COMUN":"Acacia del Japón/Sophora japonica","NOMBRE_ESPECIE":"Styphnolobium japonicum","ALTURA":"3","MINTDISTRITO":"03","NOMBRE_DISTRITO":"RETIRO","MINTBARRIO":"034","NOMBRE_BARRIO":"IBIZA","OBJECTID":51172884}},{"type":"Feature","id":51032538,"geometry":{"type":"Point","coordinates":[-3.6779178593970299,40.418394195075223]},"properties":{"ESA_ESPECIE":"SJA","NOMBRE_COMUN":"Acacia del Japón/Sophora japonica","NOMBRE_ESPECIE":"Styphnolobium japonicum","ALTURA":"3,5","MINTDISTRITO":"03","NOMBRE_DISTRITO":"RETIRO","MINTBARRIO":"034","NOMBRE_BARRIO":"IBIZA","OBJECTID":51032538}},{"type":"Feature","id":50674517,"geometry":{"type":"Point","coordinates":[-3.6907179731439408,40.420712675490634]},"properties":{"ESA_ESPECIE":"TIE","NOMBRE_COMUN":"Tilo","NOMBRE_ESPECIE":"Tilia x europaea","ALTURA":"5,5","MINTDISTRITO":"04","NOMBRE_DISTRITO":"SALAMANCA","MINTBARRIO":"041","NOMBRE_BARRIO":"RECOLETOS","OBJECTID":50674517}},{"type":"Feature","id":51412792,"geometry":{"type":"Point","coordinates":[-3.6932975957002463,40.414888698996791]},"properties":{"ESA_ESPECIE":"PDA","NOMBRE_COMUN":"Plátano de sombra/Platanus x hybrida","NOMBRE_ESPECIE":"Platanus x hispanica","ALTURA":"19","MINTDISTRITO":"03","NOMBRE_DISTRITO":"RETIRO","MINTBARRIO":"035","NOMBRE_BARRIO":"LOS JERONIMOS","OBJECTID":51412792}},{"type":"Feature","id":51272446,"geometry":{"type":"Point","coordinates":[-3.695255665001778,40.414552299863828]},"properties":{"ESA_ESPECIE":"COK","NOMBRE_COMUN":"escobillón rojo","NOMBRE_ESPECIE":"Callistemon viminalis 'Captain Cook'","ALTURA":"6","MINTDISTRITO":"01","NOMBRE_DISTRITO":"CENTRO","MINTBARRIO":"013","NOMBRE_BARRIO":"CORTES","OBJECTID":51272446}},{"type":"Feature","id":51286509,"geometry":{"type":"Point","coordinates":[-3.6943098068048865,40.412778624329256]},"properties":{"ESA_ESPECIE":"PCP","NOMBRE_COMUN":"Ciruelo púrpura","NOMBRE_ESPECIE":"Prunus cerasifera  subsp. pissardii","ALTURA":"6,5","MINTDISTRITO":"01","NOMBRE_DISTRITO":"CENTRO","MINTBARRIO":"013","NOMBRE_BARRIO":"CORTES","OBJECTID":51286509}},{"type":"Feature","id":51180378,"geometry":{"type":"Point","coordinates":[-3.690393047996142,40.416915718843541]},"properties":{"ESA_ESPECIE":"UPU","NOMBRE_COMUN":"Olmo de Siberia","NOMBRE_ESPECIE":"Ulmus pumila","ALTURA":"13","MINTDISTRITO":"03","NOMBRE_DISTRITO":"RETIRO","MINTBARRIO":"035","NOMBRE_BARRIO":"LOS JERONIMOS","OBJECTID":51180378}},{"type":"Feature","id":51000476,"geometry":{"type":"Point","coordinates":[-3.6957093365315954,40.407295895027055]},"properties":{"ESA_ESPECIE":"SJA","NOMBRE_COMUN":"Acacia del Japón/Sophora japonica","NOMBRE_ESPECIE":"Styphnolobium japonicum","ALTURA":"9","MINTDISTRITO":"01","NOMBRE_DISTRITO":"CENTRO","MINTBARRIO":"012","NOMBRE_BARRIO":"EMBAJADORES","OBJECTID":51000476}},{"type":"Feature","id":51336430,"geometry":{"type":"Point","coordinates":[-3.6894426352965564,40.404083538716847]},"properties":{"ESA_ESPECIE":"SJA","NOMBRE_COMUN":"Acacia del Japón/Sophora japonica","NOMBRE_ESPECIE":"Styphnolobium japonicum","ALTURA":"6","MINTDISTRITO":"02","NOMBRE_DISTRITO":"ARGANZUELA","MINTBARRIO":"027","NOMBRE_BARRIO":"ATOCHA","OBJECTID":51336430}},{"type":"Feature","id":51331444,"geometry":{"type":"Point","coordinates":[-3.6955287916698092,40.404188143130327]},"properties":{"ESA_ESPECIE":"UPU","NOMBRE_COMUN":"Olmo de Siberia","NOMBRE_ESPECIE":"Ulmus pumila","ALTURA":"14,5","MINTDISTRITO":"02","NOMBRE_DISTRITO":"ARGANZUELA","MINTBARRIO":"026","NOMBRE_BARRIO":"PALOS DE LA FRONTERA","OBJECTID":51331444}},{"type":"Feature","id":51381511,"geometry":{"type":"Point","coordinates":[-3.6951763844517234,40.409123119602874]},"properties":{"ESA_ESPECIE":"AJU","NOMBRE_COMUN":"Acacia de Constantinopla","NOMBRE_ESPECIE":"Albizia julibrissin","ALTURA":"7","MINTDISTRITO":"01","NOMBRE_DISTRITO":"CENTRO","MINTBARRIO":"012","NOMBRE_BARRIO":"EMBAJADORES","OBJECTID":51381511}},{"type":"Feature","id":51381726,"geometry":{"type":"Point","coordinates":[-3.693177317987816,40.406420214623338]},"properties":{"ESA_ESPECIE":"PDA","NOMBRE_COMUN":"Plátano de sombra/Platanus x hybrida","NOMBRE_ESPECIE":"Platanus x hispanica","ALTURA":"16","MINTDISTRITO":"02","NOMBRE_DISTRITO":"ARGANZUELA","MINTBARRIO":"026","NOMBRE_BARRIO":"PALOS DE LA FRONTERA","OBJECTID":51381726}},{"type":"Feature","id":51346764,"geometry":{"type":"Point","coordinates":[-3.6898721082267989,40.409655172030305]},"properties":{"ESA_ESPECIE":"CSE","NOMBRE_COMUN":"Ciprés común","NOMBRE_ESPECIE":"Cupressus sempervirens","ALTURA":"7","MINTDISTRITO":"03","NOMBRE_DISTRITO":"RETIRO","MINTBARRIO":"035","NOMBRE_BARRIO":"LOS JERONIMOS","OBJECTID":51346764}},{"type":"Feature","id":50704249,"geometry":{"type":"Point","coordinates":[-3.6860945197257111,40.406262386782828]},"properties":{"ESA_ESPECIE":"PDA","NOMBRE_COMUN":"Plátano de sombra/Platanus x hybrida","NOMBRE_ESPECIE":"Platanus x hispanica","ALTURA":"11","MINTDISTRITO":"03","NOMBRE_DISTRITO":"RETIRO","MINTBARRIO":"031","NOMBRE_BARRIO":"PACIFICO","OBJECTID":50704249}},{"type":"Feature","id":51216236,"geometry":{"type":"Point","coordinates":[-3.6848234074999646,40.40563535090957]},"properties":{"ESA_ESPECIE":"PDA","NOMBRE_COMUN":"Plátano de sombra/Platanus x hybrida","NOMBRE_ESPECIE":"Platanus x hispanica","ALTURA":"17","MINTDISTRITO":"03","NOMBRE_DISTRITO":"RETIRO","MINTBARRIO":"031","NOMBRE_BARRIO":"PACIFICO","OBJECTID":51216236}},{"type":"Feature","id":50698421,"geometry":{"type":"Point","coordinates":[-3.6793844761410597,40.408216164590854]},"properties":{"ESA_ESPECIE":"SJA","NOMBRE_COMUN":"Acacia del Japón/Sophora japonica","NOMBRE_ESPECIE":"Styphnolobium japonicum","ALTURA":"7","MINTDISTRITO":"03","NOMBRE_DISTRITO":"RETIRO","MINTBARRIO":"035","NOMBRE_BARRIO":"LOS JERONIMOS","OBJECTID":50698421}},{"type":"Feature","id":51215572,"geometry":{"type":"Point","coordinates":[-3.6813828456282716,40.407190182768417]},"properties":{"ESA_ESPECIE":"PDA","NOMBRE_COMUN":"Plátano de sombra/Platanus x hybrida","NOMBRE_ESPECIE":"Platanus x hispanica","ALTURA":"18","MINTDISTRITO":"03","NOMBRE_DISTRITO":"RETIRO","MINTBARRIO":"035","NOMBRE_BARRIO":"LOS JERONIMOS","OBJECTID":51215572}},{"type":"Feature","id":50563122,"geometry":{"type":"Point","coordinates":[-3.6915609001758667,40.415588112024913]},"properties":{"ESA_ESPECIE":"SJA","NOMBRE_COMUN":"Acacia del Japón/Sophora japonica","NOMBRE_ESPECIE":"Styphnolobium japonicum","ALTURA":"14","MINTDISTRITO":"03","NOMBRE_DISTRITO":"RETIRO","MINTBARRIO":"035","NOMBRE_BARRIO":"LOS JERONIMOS","OBJECTID":50563122}},{"type":"Feature","id":50687607,"geometry":{"type":"Point","coordinates":[-3.6907580690434592,40.412843844655335]},"properties":{"ESA_ESPECIE":"SJA","NOMBRE_COMUN":"Acacia del Japón/Sophora japonica","NOMBRE_ESPECIE":"Styphnolobium japonicum","ALTURA":"10","MINTDISTRITO":"03","NOMBRE_DISTRITO":"RETIRO","MINTBARRIO":"035","NOMBRE_BARRIO":"LOS JERONIMOS","OBJECTID":50687607}},{"type":"Feature","id":51412809,"geometry":{"type":"Point","coordinates":[-3.6929199212792372,40.413230018597979]},"properties":{"ESA_ESPECIE":"PDA","NOMBRE_COMUN":"Plátano de sombra/Platanus x hybrida","NOMBRE_ESPECIE":"Platanus x hispanica","ALTURA":"10","MINTDISTRITO":"03","NOMBRE_DISTRITO":"RETIRO","MINTBARRIO":"035","NOMBRE_BARRIO":"LOS JERONIMOS","OBJECTID":51412809}},{"type":"Feature","id":51177112,"geometry":{"type":"Point","coordinates":[-3.6775566640299706,40.416986738560567]},"properties":{"ESA_ESPECIE":"SJA","NOMBRE_COMUN":"Acacia del Japón/Sophora japonica","NOMBRE_ESPECIE":"Styphnolobium japonicum","ALTURA":"7","MINTDISTRITO":"03","NOMBRE_DISTRITO":"RETIRO","MINTBARRIO":"034","NOMBRE_BARRIO":"IBIZA","OBJECTID":51177112}},{"type":"Feature","id":51405979,"geometry":{"type":"Point","coordinates":[-3.6832289533804272,40.40635104031724]},"properties":{"ESA_ESPECIE":"SJA","NOMBRE_COMUN":"Acacia del Japón/Sophora japonica","NOMBRE_ESPECIE":"Styphnolobium japonicum","ALTURA":"15","MINTDISTRITO":"03","NOMBRE_DISTRITO":"RETIRO","MINTBARRIO":"031","NOMBRE_BARRIO":"PACIFICO","OBJECTID":51405979}},{"type":"Feature","id":50643854,"geometry":{"type":"Point","coordinates":[-3.6927816333432846,40.417040872956058]},"properties":{"ESA_ESPECIE":"PDA","NOMBRE_COMUN":"Plátano de sombra/Platanus x hybrida","NOMBRE_ESPECIE":"Platanus x hispanica","ALTURA":"14","MINTDISTRITO":"03","NOMBRE_DISTRITO":"RETIRO","MINTBARRIO":"035","NOMBRE_BARRIO":"LOS JERONIMOS","OBJECTID":50643854}},{"type":"Feature","id":50695101,"geometry":{"type":"Point","coordinates":[-3.6909417509419264,40.417278172240458]},"properties":{"ESA_ESPECIE":"SJA","NOMBRE_COMUN":"Acacia del Japón/Sophora japonica","NOMBRE_ESPECIE":"Styphnolobium japonicum","ALTURA":"10","MINTDISTRITO":"03","NOMBRE_DISTRITO":"RETIRO","MINTBARRIO":"035","NOMBRE_BARRIO":"LOS JERONIMOS","OBJECTID":50695101}},{"type":"Feature","id":51026069,"geometry":{"type":"Point","coordinates":[-3.6904004026660568,40.417441496902491]},"properties":{"ESA_ESPECIE":"SJA","NOMBRE_COMUN":"Acacia del Japón/Sophora japonica","NOMBRE_ESPECIE":"Styphnolobium japonicum","ALTURA":"3","MINTDISTRITO":"03","NOMBRE_DISTRITO":"RETIRO","MINTBARRIO":"035","NOMBRE_BARRIO":"LOS JERONIMOS","OBJECTID":51026069}},{"type":"Feature","id":51034436,"geometry":{"type":"Point","coordinates":[-3.691391504805992,40.419780907591459]},"properties":{"ESA_ESPECIE":"SJA","NOMBRE_COMUN":"Acacia del Japón/Sophora japonica","NOMBRE_ESPECIE":"Styphnolobium japonicum","ALTURA":"5","MINTDISTRITO":"04","NOMBRE_DISTRITO":"SALAMANCA","MINTBARRIO":"041","NOMBRE_BARRIO":"RECOLETOS","OBJECTID":51034436}},{"type":"Feature","id":51412815,"geometry":{"type":"Point","coordinates":[-3.693019329929637,40.413944849518742]},"properties":{"ESA_ESPECIE":"SJA","NOMBRE_COMUN":"Acacia del Japón/Sophora japonica","NOMBRE_ESPECIE":"Styphnolobium japonicum","ALTURA":"8","MINTDISTRITO":"03","NOMBRE_DISTRITO":"RETIRO","MINTBARRIO":"035","NOMBRE_BARRIO":"LOS JERONIMOS","OBJECTID":51412815}},{"type":"Feature","id":50704255,"geometry":{"type":"Point","coordinates":[-3.6904389650468836,40.413819178735729]},"properties":{"ESA_ESPECIE":"SJA","NOMBRE_COMUN":"Acacia del Japón/Sophora japonica","NOMBRE_ESPECIE":"Styphnolobium japonicum","ALTURA":"8","MINTDISTRITO":"03","NOMBRE_DISTRITO":"RETIRO","MINTBARRIO":"035","NOMBRE_BARRIO":"LOS JERONIMOS","OBJECTID":50704255}},{"type":"Feature","id":50566442,"geometry":{"type":"Point","coordinates":[-3.690745790107882,40.409530822689192]},"properties":{"ESA_ESPECIE":"AHI","NOMBRE_COMUN":"Castaño de indias","NOMBRE_ESPECIE":"Aesculus hippocastanum","ALTURA":"4.5","MINTDISTRITO":"03","NOMBRE_DISTRITO":"RETIRO","MINTBARRIO":"035","NOMBRE_BARRIO":"LOS JERONIMOS","OBJECTID":50566442}},{"type":"Feature","id":51100487,"geometry":{"type":"Point","coordinates":[-3.6958924532281645,40.420101373336685]},"properties":{"ESA_ESPECIE":"MGR","NOMBRE_COMUN":"Magnolio","NOMBRE_ESPECIE":"Magnolia grandiflora","ALTURA":"8","MINTDISTRITO":"01","NOMBRE_DISTRITO":"CENTRO","MINTBARRIO":"014","NOMBRE_BARRIO":"JUSTICIA","OBJECTID":51100487}},{"type":"Feature","id":51006126,"geometry":{"type":"Point","coordinates":[-3.6957031230668638,40.418395398577502]},"properties":{"ESA_ESPECIE":"LJV","NOMBRE_COMUN":"Aligustre variegado","NOMBRE_ESPECIE":"Ligustrum japonicum 'Variegatum'","ALTURA":"4","MINTDISTRITO":"01","NOMBRE_DISTRITO":"CENTRO","MINTBARRIO":"013","NOMBRE_BARRIO":"CORTES","OBJECTID":51006126}},{"type":"Feature","id":50674494,"geometry":{"type":"Point","coordinates":[-3.6910371047684127,40.420297253482097]},"properties":{"ESA_ESPECIE":"PCP","NOMBRE_COMUN":"Ciruelo púrpura","NOMBRE_ESPECIE":"Prunus cerasifera  subsp. pissardii","ALTURA":"5,5","MINTDISTRITO":"04","NOMBRE_DISTRITO":"SALAMANCA","MINTBARRIO":"041","NOMBRE_BARRIO":"RECOLETOS","OBJECTID":50674494}},{"type":"Feature","id":50985279,"geometry":{"type":"Point","coordinates":[-3.6943302606026305,40.413892494940427]},"properties":{"ESA_ESPECIE":"LJA","NOMBRE_COMUN":"Aligustre del Japón","NOMBRE_ESPECIE":"Ligustrum japonicum","ALTURA":"9","MINTDISTRITO":"01","NOMBRE_DISTRITO":"CENTRO","MINTBARRIO":"013","NOMBRE_BARRIO":"CORTES","OBJECTID":50985279}},{"type":"Feature","id":50701593,"geometry":{"type":"Point","coordinates":[-3.6800557146958615,40.405182019409978]},"properties":{"ESA_ESPECIE":"SJA","NOMBRE_COMUN":"Acacia del Japón/Sophora japonica","NOMBRE_ESPECIE":"Styphnolobium japonicum","ALTURA":"9","MINTDISTRITO":"03","NOMBRE_DISTRITO":"RETIRO","MINTBARRIO":"031","NOMBRE_BARRIO":"PACIFICO","OBJECTID":50701593}},{"type":"Feature","id":50985302,"geometry":{"type":"Point","coordinates":[-3.6957126162090632,40.409383814563128]},"properties":{"ESA_ESPECIE":"AJU","NOMBRE_COMUN":"Acacia de Constantinopla","NOMBRE_ESPECIE":"Albizia julibrissin","ALTURA":"8","MINTDISTRITO":"01","NOMBRE_DISTRITO":"CENTRO","MINTBARRIO":"012","NOMBRE_BARRIO":"EMBAJADORES","OBJECTID":50985302}},{"type":"Feature","id":51335497,"geometry":{"type":"Point","coordinates":[-3.69155339995618,40.403978536476451]},"properties":{"ESA_ESPECIE":"UPU","NOMBRE_COMUN":"Olmo de Siberia","NOMBRE_ESPECIE":"Ulmus pumila","ALTURA":"13","MINTDISTRITO":"02","NOMBRE_DISTRITO":"ARGANZUELA","MINTBARRIO":"026","NOMBRE_BARRIO":"PALOS DE LA FRONTERA","OBJECTID":51335497}},{"type":"Feature","id":51002119,"geometry":{"type":"Point","coordinates":[-3.6933512942888065,40.408858698734448]},"properties":{"ESA_ESPECIE":"LST","NOMBRE_COMUN":"Liquidambar","NOMBRE_ESPECIE":"Liquidambar styraciflua","ALTURA":"10","MINTDISTRITO":"01","NOMBRE_DISTRITO":"CENTRO","MINTBARRIO":"012","NOMBRE_BARRIO":"EMBAJADORES","OBJECTID":51002119}},{"type":"Feature","id":50711434,"geometry":{"type":"Point","coordinates":[-3.6930544455324608,40.405181592461751]},"properties":{"ESA_ESPECIE":"APS","NOMBRE_COMUN":"Falso plátano","NOMBRE_ESPECIE":"Acer pseudoplatanus","ALTURA":"4,5","MINTDISTRITO":"02","NOMBRE_DISTRITO":"ARGANZUELA","MINTBARRIO":"026","NOMBRE_BARRIO":"PALOS DE LA FRONTERA","OBJECTID":50711434}},{"type":"Feature","id":51336336,"geometry":{"type":"Point","coordinates":[-3.6904612747405543,40.404992430015874]},"properties":{"ESA_ESPECIE":"SJA","NOMBRE_COMUN":"Acacia del Japón/Sophora japonica","NOMBRE_ESPECIE":"Styphnolobium japonicum","ALTURA":"11","MINTDISTRITO":"02","NOMBRE_DISTRITO":"ARGANZUELA","MINTBARRIO":"027","NOMBRE_BARRIO":"ATOCHA","OBJECTID":51336336}},{"type":"Feature","id":51259757,"geometry":{"type":"Point","coordinates":[-3.6945242915474203,40.405287512228107]},"properties":{"ESA_ESPECIE":"CAU","NOMBRE_COMUN":"Almez","NOMBRE_ESPECIE":"Celtis australis","ALTURA":"5,5","MINTDISTRITO":"02","NOMBRE_DISTRITO":"ARGANZUELA","MINTBARRIO":"026","NOMBRE_BARRIO":"PALOS DE LA FRONTERA","OBJECTID":51259757}},{"type":"Feature","id":51183673,"geometry":{"type":"Point","coordinates":[-3.6882855150960254,40.419475799265733]},"properties":{"ESA_ESPECIE":"PDA","NOMBRE_COMUN":"Plátano de sombra/Platanus x hybrida","NOMBRE_ESPECIE":"Platanus x hispanica","ALTURA":"8","MINTDISTRITO":"03","NOMBRE_DISTRITO":"RETIRO","MINTBARRIO":"035","NOMBRE_BARRIO":"LOS JERONIMOS","OBJECTID":51183673}},{"type":"Feature","id":51412838,"geometry":{"type":"Point","coordinates":[-3.682493974866841,40.408142175663635]},"properties":{"ESA_ESPECIE":"UPU","NOMBRE_COMUN":"Olmo de Siberia","NOMBRE_ESPECIE":"Ulmus pumila","ALTURA":"10","MINTDISTRITO":"03","NOMBRE_DISTRITO":"RETIRO","MINTBARRIO":"035","NOMBRE_BARRIO":"LOS JERONIMOS","OBJECTID":51412838}},{"type":"Feature","id":51179173,"geometry":{"type":"Point","coordinates":[-3.6884544787482731,40.408054928177663]},"properties":{"ESA_ESPECIE":"CAR","NOMBRE_COMUN":"Ciprés de Arizona","NOMBRE_ESPECIE":"Cupressus arizonica","ALTURA":"4","MINTDISTRITO":"03","NOMBRE_DISTRITO":"RETIRO","MINTBARRIO":"035","NOMBRE_BARRIO":"LOS JERONIMOS","OBJECTID":51179173}},{"type":"Feature","id":50892570,"geometry":{"type":"Point","coordinates":[-3.6775858503708312,40.409073138633758]},"properties":{"ESA_ESPECIE":"PDA","NOMBRE_COMUN":"Plátano de sombra/Platanus x hybrida","NOMBRE_ESPECIE":"Platanus x hispanica","ALTURA":"4,5","MINTDISTRITO":"03","NOMBRE_DISTRITO":"RETIRO","MINTBARRIO":"036","NOMBRE_BARRIO":"NIÑO JESUS","OBJECTID":50892570}},{"type":"Feature","id":51182591,"geometry":{"type":"Point","coordinates":[-3.6913564478878977,40.418221723983528]},"properties":{"ESA_ESPECIE":"LJA","NOMBRE_COMUN":"Aligustre del Japón","NOMBRE_ESPECIE":"Ligustrum japonicum","ALTURA":"4","MINTDISTRITO":"03","NOMBRE_DISTRITO":"RETIRO","MINTBARRIO":"035","NOMBRE_BARRIO":"LOS JERONIMOS","OBJECTID":51182591}},{"type":"Feature","id":51412909,"geometry":{"type":"Point","coordinates":[-3.692808626735903,40.418838150631593]},"properties":{"ESA_ESPECIE":"SJA","NOMBRE_COMUN":"Acacia del Japón/Sophora japonica","NOMBRE_ESPECIE":"Styphnolobium japonicum","ALTURA":"12","MINTDISTRITO":"03","NOMBRE_DISTRITO":"RETIRO","MINTBARRIO":"035","NOMBRE_BARRIO":"LOS JERONIMOS","OBJECTID":51412909}},{"type":"Feature","id":51178340,"geometry":{"type":"Point","coordinates":[-3.6902910013415813,40.415423826279536]},"properties":{"ESA_ESPECIE":"LST","NOMBRE_COMUN":"Liquidambar","NOMBRE_ESPECIE":"Liquidambar styraciflua","ALTURA":"14","MINTDISTRITO":"03","NOMBRE_DISTRITO":"RETIRO","MINTBARRIO":"035","NOMBRE_BARRIO":"LOS JERONIMOS","OBJECTID":51178340}},{"type":"Feature","id":51181165,"geometry":{"type":"Point","coordinates":[-3.678477135713615,40.405405312633434]},"properties":{"ESA_ESPECIE":"LJA","NOMBRE_COMUN":"Aligustre del Japón","NOMBRE_ESPECIE":"Ligustrum japonicum","ALTURA":"6,5","MINTDISTRITO":"03","NOMBRE_DISTRITO":"RETIRO","MINTBARRIO":"031","NOMBRE_BARRIO":"PACIFICO","OBJECTID":51181165}},{"type":"Feature","id":50705529,"geometry":{"type":"Point","coordinates":[-3.6832158561620054,40.406305198505514]},"properties":{"ESA_ESPECIE":"MEA","NOMBRE_COMUN":"Cinamomo","NOMBRE_ESPECIE":"Melia azedarach","ALTURA":"6","MINTDISTRITO":"03","NOMBRE_DISTRITO":"RETIRO","MINTBARRIO":"031","NOMBRE_BARRIO":"PACIFICO","OBJECTID":50705529}},{"type":"Feature","id":51216382,"geometry":{"type":"Point","coordinates":[-3.6874052943945443,40.406102213062496]},"properties":{"ESA_ESPECIE":"PDA","NOMBRE_COMUN":"Plátano de sombra/Platanus x hybrida","NOMBRE_ESPECIE":"Platanus x hispanica","ALTURA":"16","MINTDISTRITO":"03","NOMBRE_DISTRITO":"RETIRO","MINTBARRIO":"031","NOMBRE_BARRIO":"PACIFICO","OBJECTID":51216382}},{"type":"Feature","id":51307611,"geometry":{"type":"Point","coordinates":[-3.6897190768421915,40.407523505518213]},"properties":{"ESA_ESPECIE":"PYSP","NOMBRE_COMUN":"Peral","NOMBRE_ESPECIE":"Pyrus sp","ALTURA":"4","MINTDISTRITO":"03","NOMBRE_DISTRITO":"RETIRO","MINTBARRIO":"035","NOMBRE_BARRIO":"LOS JERONIMOS","OBJECTID":51307611}},{"type":"Feature","id":50566419,"geometry":{"type":"Point","coordinates":[-3.6956397612197152,40.420391003122639]},"properties":{"ESA_ESPECIE":"LJA","NOMBRE_COMUN":"Aligustre del Japón","NOMBRE_ESPECIE":"Ligustrum japonicum","ALTURA":"3.50","MINTDISTRITO":"01","NOMBRE_DISTRITO":"CENTRO","MINTBARRIO":"014","NOMBRE_BARRIO":"JUSTICIA","OBJECTID":50566419}},{"type":"Feature","id":50700196,"geometry":{"type":"Point","coordinates":[-3.6779649241794954,40.416465892447647]},"properties":{"ESA_ESPECIE":"PDA","NOMBRE_COMUN":"Plátano de sombra/Platanus x hybrida","NOMBRE_ESPECIE":"Platanus x hispanica","ALTURA":"10","MINTDISTRITO":"03","NOMBRE_DISTRITO":"RETIRO","MINTBARRIO":"034","NOMBRE_BARRIO":"IBIZA","OBJECTID":50700196}},{"type":"Feature","id":50706193,"geometry":{"type":"Point","coordinates":[-3.6805588415429678,40.405385997395868]},"properties":{"ESA_ESPECIE":"SJA","NOMBRE_COMUN":"Acacia del Japón/Sophora japonica","NOMBRE_ESPECIE":"Styphnolobium japonicum","ALTURA":"3,5","MINTDISTRITO":"03","NOMBRE_DISTRITO":"RETIRO","MINTBARRIO":"031","NOMBRE_BARRIO":"PACIFICO","OBJECTID":50706193}},{"type":"Feature","id":50693529,"geometry":{"type":"Point","coordinates":[-3.6817947798177988,40.405543672108344]},"properties":{"ESA_ESPECIE":"RPS","NOMBRE_COMUN":"Falsa acacia","NOMBRE_ESPECIE":"Robinia pseudoacacia","ALTURA":"6","MINTDISTRITO":"03","NOMBRE_DISTRITO":"RETIRO","MINTBARRIO":"031","NOMBRE_BARRIO":"PACIFICO","OBJECTID":50693529}},{"type":"Feature","id":51216305,"geometry":{"type":"Point","coordinates":[-3.68127815437018,40.404537872938477]},"properties":{"ESA_ESPECIE":"PDA","NOMBRE_COMUN":"Plátano de sombra/Platanus x hybrida","NOMBRE_ESPECIE":"Platanus x hispanica","ALTURA":"10","MINTDISTRITO":"03","NOMBRE_DISTRITO":"RETIRO","MINTBARRIO":"031","NOMBRE_BARRIO":"PACIFICO","OBJECTID":51216305}},{"type":"Feature","id":51336359,"geometry":{"type":"Point","coordinates":[-3.6895609801216391,40.404178464232977]},"properties":{"ESA_ESPECIE":"SJA","NOMBRE_COMUN":"Acacia del Japón/Sophora japonica","NOMBRE_ESPECIE":"Styphnolobium japonicum","ALTURA":"5","MINTDISTRITO":"02","NOMBRE_DISTRITO":"ARGANZUELA","MINTBARRIO":"027","NOMBRE_BARRIO":"ATOCHA","OBJECTID":51336359}},{"type":"Feature","id":51384975,"geometry":{"type":"Point","coordinates":[-3.6934792686962288,40.40599337446718]},"properties":{"ESA_ESPECIE":"PDA","NOMBRE_COMUN":"Plátano de sombra/Platanus x hybrida","NOMBRE_ESPECIE":"Platanus x hispanica","ALTURA":"6,5","MINTDISTRITO":"02","NOMBRE_DISTRITO":"ARGANZUELA","MINTBARRIO":"026","NOMBRE_BARRIO":"PALOS DE LA FRONTERA","OBJECTID":51384975}},{"type":"Feature","id":51331490,"geometry":{"type":"Point","coordinates":[-3.6953019060584298,40.404271237950091]},"properties":{"ESA_ESPECIE":"AII","NOMBRE_COMUN":"Arce de Freeman","NOMBRE_ESPECIE":"Acer x freemanii","ALTURA":"5","MINTDISTRITO":"02","NOMBRE_DISTRITO":"ARGANZUELA","MINTBARRIO":"026","NOMBRE_BARRIO":"PALOS DE LA FRONTERA","OBJECTID":51331490}},{"type":"Feature","id":51176937,"geometry":{"type":"Point","coordinates":[-3.6901736945351651,40.407773641005569]},"properties":{"ESA_ESPECIE":"CAU","NOMBRE_COMUN":"Almez","NOMBRE_ESPECIE":"Celtis australis","ALTURA":"15","MINTDISTRITO":"03","NOMBRE_DISTRITO":"RETIRO","MINTBARRIO":"035","NOMBRE_BARRIO":"LOS JERONIMOS","OBJECTID":51176937}},{"type":"Feature","id":50702211,"geometry":{"type":"Point","coordinates":[-3.6888436606996118,40.409043534696544]},"properties":{"ESA_ESPECIE":"PDA","NOMBRE_COMUN":"Plátano de sombra/Platanus x hybrida","NOMBRE_ESPECIE":"Platanus x hispanica","ALTURA":"12","MINTDISTRITO":"03","NOMBRE_DISTRITO":"RETIRO","MINTBARRIO":"035","NOMBRE_BARRIO":"LOS JERONIMOS","OBJECTID":50702211}},{"type":"Feature","id":51075721,"geometry":{"type":"Point","coordinates":[-3.6952541628366484,40.413059671529226]},"properties":{"ESA_ESPECIE":"PCP","NOMBRE_COMUN":"Ciruelo púrpura","NOMBRE_ESPECIE":"Prunus cerasifera  subsp. pissardii","ALTURA":"3,5","MINTDISTRITO":"01","NOMBRE_DISTRITO":"CENTRO","MINTBARRIO":"013","NOMBRE_BARRIO":"CORTES","OBJECTID":51075721}},{"type":"Feature","id":50564945,"geometry":{"type":"Point","coordinates":[-3.6925894626155733,40.412035137005432]},"properties":{"ESA_ESPECIE":"PYSP","NOMBRE_COMUN":"Perales","NOMBRE_ESPECIE":"Pyrus sp","ALTURA":"4,5","MINTDISTRITO":"03","NOMBRE_DISTRITO":"RETIRO","MINTBARRIO":"035","NOMBRE_BARRIO":"LOS JERONIMOS","OBJECTID":50564945}},{"type":"Feature","id":50666259,"geometry":{"type":"Point","coordinates":[-3.6851002742390646,40.420902317853745]},"properties":{"ESA_ESPECIE":"SJA","NOMBRE_COMUN":"Acacia del Japón/Sophora japonica","NOMBRE_ESPECIE":"Styphnolobium japonicum","ALTURA":"11","MINTDISTRITO":"04","NOMBRE_DISTRITO":"SALAMANCA","MINTBARRIO":"041","NOMBRE_BARRIO":"RECOLETOS","OBJECTID":50666259}},{"type":"Feature","id":50696137,"geometry":{"type":"Point","coordinates":[-3.6795542498244225,40.407958768952142]},"properties":{"ESA_ESPECIE":"SJA","NOMBRE_COMUN":"Acacia del Japón/Sophora japonica","NOMBRE_ESPECIE":"Styphnolobium japonicum","ALTURA":"6,5","MINTDISTRITO":"03","NOMBRE_DISTRITO":"RETIRO","MINTBARRIO":"035","NOMBRE_BARRIO":"LOS JERONIMOS","OBJECTID":50696137}},{"type":"Feature","id":51412984,"geometry":{"type":"Point","coordinates":[-3.6929300217724133,40.41661364863505]},"properties":{"ESA_ESPECIE":"LJA","NOMBRE_COMUN":"Aligustre del Japón","NOMBRE_ESPECIE":"Ligustrum japonicum","ALTURA":"9","MINTDISTRITO":"03","NOMBRE_DISTRITO":"RETIRO","MINTBARRIO":"035","NOMBRE_BARRIO":"LOS JERONIMOS","OBJECTID":51412984}},{"type":"Feature","id":50696260,"geometry":{"type":"Point","coordinates":[-3.6925717316243674,40.417350221842518]},"properties":{"ESA_ESPECIE":"SJA","NOMBRE_COMUN":"Acacia del Japón/Sophora japonica","NOMBRE_ESPECIE":"Styphnolobium japonicum","ALTURA":"6,5","MINTDISTRITO":"03","NOMBRE_DISTRITO":"RETIRO","MINTBARRIO":"035","NOMBRE_BARRIO":"LOS JERONIMOS","OBJECTID":50696260}},{"type":"Feature","id":51215618,"geometry":{"type":"Point","coordinates":[-3.690275681904196,40.416650157252157]},"properties":{"ESA_ESPECIE":"PDA","NOMBRE_COMUN":"Plátano de sombra/Platanus x hybrida","NOMBRE_ESPECIE":"Platanus x hispanica","ALTURA":"5","MINTDISTRITO":"03","NOMBRE_DISTRITO":"RETIRO","MINTBARRIO":"035","NOMBRE_BARRIO":"LOS JERONIMOS","OBJECTID":51215618}},{"type":"Feature","id":51216405,"geometry":{"type":"Point","coordinates":[-3.6905886566846182,40.419108649383197]},"properties":{"ESA_ESPECIE":"SJA","NOMBRE_COMUN":"Acacia del Japón/Sophora japonica","NOMBRE_ESPECIE":"Styphnolobium japonicum","ALTURA":"7","MINTDISTRITO":"03","NOMBRE_DISTRITO":"RETIRO","MINTBARRIO":"035","NOMBRE_BARRIO":"LOS JERONIMOS","OBJECTID":51216405}},{"type":"Feature","id":51412861,"geometry":{"type":"Point","coordinates":[-3.6931210165544828,40.414115312811674]},"properties":{"ESA_ESPECIE":"PDA","NOMBRE_COMUN":"Plátano de sombra/Platanus x hybrida","NOMBRE_ESPECIE":"Platanus x hispanica","ALTURA":"10","MINTDISTRITO":"03","NOMBRE_DISTRITO":"RETIRO","MINTBARRIO":"035","NOMBRE_BARRIO":"LOS JERONIMOS","OBJECTID":51412861}},{"type":"Feature","id":50590298,"geometry":{"type":"Point","coordinates":[-3.690309723793344,40.414187970182653]},"properties":{"ESA_ESPECIE":"SJA","NOMBRE_COMUN":"Acacia del Japón/Sophora japonica","NOMBRE_ESPECIE":"Styphnolobium japonicum","ALTURA":"3","MINTDISTRITO":"03","NOMBRE_DISTRITO":"RETIRO","MINTBARRIO":"035","NOMBRE_BARRIO":"LOS JERONIMOS","OBJECTID":50590298}},{"type":"Feature","id":51329389,"geometry":{"type":"Point","coordinates":[-3.692254821747865,40.404118340037144]},"properties":{"ESA_ESPECIE":"UPU","NOMBRE_COMUN":"Olmo de Siberia","NOMBRE_ESPECIE":"Ulmus pumila","ALTURA":"14","MINTDISTRITO":"02","NOMBRE_DISTRITO":"ARGANZUELA","MINTBARRIO":"026","NOMBRE_BARRIO":"PALOS DE LA FRONTERA","OBJECTID":51329389}},{"type":"Feature","id":51080321,"geometry":{"type":"Point","coordinates":[-3.6923134792823507,40.404122259131356]},"properties":{"ESA_ESPECIE":"AII","NOMBRE_COMUN":"Arce de Freeman","NOMBRE_ESPECIE":"Acer x freemanii","ALTURA":"4,5","MINTDISTRITO":"02","NOMBRE_DISTRITO":"ARGANZUELA","MINTBARRIO":"026","NOMBRE_BARRIO":"PALOS DE LA FRONTERA","OBJECTID":51080321}},{"type":"Feature","id":51309231,"geometry":{"type":"Point","coordinates":[-3.6944281547772349,40.405376288385057]},"properties":{"ESA_ESPECIE":"UPU","NOMBRE_COMUN":"Olmo de Siberia","NOMBRE_ESPECIE":"Ulmus pumila","ALTURA":"16","MINTDISTRITO":"02","NOMBRE_DISTRITO":"ARGANZUELA","MINTBARRIO":"026","NOMBRE_BARRIO":"PALOS DE LA FRONTERA","OBJECTID":51309231}},{"type":"Feature","id":51249801,"geometry":{"type":"Point","coordinates":[-3.6927744554834461,40.40757319432916]},"properties":{"ESA_ESPECIE":"AII","NOMBRE_COMUN":"Arce de Freeman","NOMBRE_ESPECIE":"Acer x freemanii","ALTURA":"5","MINTDISTRITO":"02","NOMBRE_DISTRITO":"ARGANZUELA","MINTBARRIO":"027","NOMBRE_BARRIO":"ATOCHA","OBJECTID":51249801}},{"type":"Feature","id":51322559,"geometry":{"type":"Point","coordinates":[-3.6895635509418199,40.420191033223844]},"properties":{"ESA_ESPECIE":"PDA","NOMBRE_COMUN":"Plátano de sombra/Platanus x hybrida","NOMBRE_ESPECIE":"Platanus x hispanica","ALTURA":"5","MINTDISTRITO":"04","NOMBRE_DISTRITO":"SALAMANCA","MINTBARRIO":"041","NOMBRE_BARRIO":"RECOLETOS","OBJECTID":51322559}},{"type":"Feature","id":50691405,"geometry":{"type":"Point","coordinates":[-3.6901125792572969,40.420541605437101]},"properties":{"ESA_ESPECIE":"TIC","NOMBRE_COMUN":"Tilo de hoja pequeña","NOMBRE_ESPECIE":"Tilia cordata","ALTURA":"6,5","MINTDISTRITO":"04","NOMBRE_DISTRITO":"SALAMANCA","MINTBARRIO":"041","NOMBRE_BARRIO":"RECOLETOS","OBJECTID":50691405}},{"type":"Feature","id":51180209,"geometry":{"type":"Point","coordinates":[-3.6831722143964849,40.405735092447479]},"properties":{"ESA_ESPECIE":"UPU","NOMBRE_COMUN":"Olmo de Siberia","NOMBRE_ESPECIE":"Ulmus pumila","ALTURA":"13","MINTDISTRITO":"03","NOMBRE_DISTRITO":"RETIRO","MINTBARRIO":"031","NOMBRE_BARRIO":"PACIFICO","OBJECTID":51180209}},{"type":"Feature","id":50564719,"geometry":{"type":"Point","coordinates":[-3.6875481450366587,40.407652138706922]},"properties":{"ESA_ESPECIE":"PPI","NOMBRE_COMUN":"Pino piñonero","NOMBRE_ESPECIE":"Pinus pinea","ALTURA":"4","MINTDISTRITO":"03","NOMBRE_DISTRITO":"RETIRO","MINTBARRIO":"035","NOMBRE_BARRIO":"LOS JERONIMOS","OBJECTID":50564719}},{"type":"Feature","id":51012555,"geometry":{"type":"Point","coordinates":[-3.6959051806438765,40.417615269692476]},"properties":{"ESA_ESPECIE":"PAR","NOMBRE_COMUN":"Peral de flor 'Chanticleer'","NOMBRE_ESPECIE":"Pyrus calleryana 'Chanticleer'","ALTURA":"4,5","MINTDISTRITO":"01","NOMBRE_DISTRITO":"CENTRO","MINTBARRIO":"013","NOMBRE_BARRIO":"CORTES","OBJECTID":51012555}},{"type":"Feature","id":50696907,"geometry":{"type":"Point","coordinates":[-3.6915685987696092,40.415853067118462]},"properties":{"ESA_ESPECIE":"SJA","NOMBRE_COMUN":"Acacia del Japón/Sophora japonica","NOMBRE_ESPECIE":"Styphnolobium japonicum","ALTURA":"8","MINTDISTRITO":"03","NOMBRE_DISTRITO":"RETIRO","MINTBARRIO":"035","NOMBRE_BARRIO":"LOS JERONIMOS","OBJECTID":50696907}},{"type":"Feature","id":51228576,"geometry":{"type":"Point","coordinates":[-3.6927397777023452,40.411473738213175]},"properties":{"ESA_ESPECIE":"SJA","NOMBRE_COMUN":"Acacia del Japón/Sophora japonica","NOMBRE_ESPECIE":"Styphnolobium japonicum","ALTURA":"18","MINTDISTRITO":"01","NOMBRE_DISTRITO":"CENTRO","MINTBARRIO":"013","NOMBRE_BARRIO":"CORTES","OBJECTID":51228576}},{"type":"Feature","id":50693658,"geometry":{"type":"Point","coordinates":[-3.6900271273047149,40.412870011213883]},"properties":{"ESA_ESPECIE":"SJA","NOMBRE_COMUN":"Acacia del Japón/Sophora japonica","NOMBRE_ESPECIE":"Styphnolobium japonicum","ALTURA":"6","MINTDISTRITO":"03","NOMBRE_DISTRITO":"RETIRO","MINTBARRIO":"035","NOMBRE_BARRIO":"LOS JERONIMOS","OBJECTID":50693658}},{"type":"Feature","id":51314982,"geometry":{"type":"Point","coordinates":[-3.6862209833428023,40.420660499348642]},"properties":{"ESA_ESPECIE":"SJA","NOMBRE_COMUN":"Acacia del Japón/Sophora japonica","NOMBRE_ESPECIE":"Styphnolobium japonicum","ALTURA":"7","MINTDISTRITO":"04","NOMBRE_DISTRITO":"SALAMANCA","MINTBARRIO":"041","NOMBRE_BARRIO":"RECOLETOS","OBJECTID":51314982}},{"type":"Feature","id":51388404,"geometry":{"type":"Point","coordinates":[-3.6866758529928401,40.420562744200986]},"properties":{"ESA_ESPECIE":"SJA","NOMBRE_COMUN":"Acacia del Japón/Sophora japonica","NOMBRE_ESPECIE":"Styphnolobium japonicum","ALTURA":"8","MINTDISTRITO":"04","NOMBRE_DISTRITO":"SALAMANCA","MINTBARRIO":"041","NOMBRE_BARRIO":"RECOLETOS","OBJECTID":51388404}},{"type":"Feature","id":51216422,"geometry":{"type":"Point","coordinates":[-3.681734272817681,40.406382052190573]},"properties":{"ESA_ESPECIE":"SJA","NOMBRE_COMUN":"Acacia del Japón/Sophora japonica","NOMBRE_ESPECIE":"Styphnolobium japonicum","ALTURA":"6","MINTDISTRITO":"03","NOMBRE_DISTRITO":"RETIRO","MINTBARRIO":"031","NOMBRE_BARRIO":"PACIFICO","OBJECTID":51216422}},{"type":"Feature","id":51074084,"geometry":{"type":"Point","coordinates":[-3.6927813357561372,40.420356923248363]},"properties":{"ESA_ESPECIE":"SJA","NOMBRE_COMUN":"Acacia del Japón/Sophora japonica","NOMBRE_ESPECIE":"Styphnolobium japonicum","ALTURA":"6","MINTDISTRITO":"01","NOMBRE_DISTRITO":"CENTRO","MINTBARRIO":"014","NOMBRE_BARRIO":"JUSTICIA","OBJECTID":51074084}},{"type":"Feature","id":51319891,"geometry":{"type":"Point","coordinates":[-3.6947063760550543,40.417491848077773]},"properties":{"ESA_ESPECIE":"PAR","NOMBRE_COMUN":"Peral de flor 'Chanticleer'","NOMBRE_ESPECIE":"Pyrus calleryana 'Chanticleer'","ALTURA":"3","MINTDISTRITO":"01","NOMBRE_DISTRITO":"CENTRO","MINTBARRIO":"013","NOMBRE_BARRIO":"CORTES","OBJECTID":51319891}},{"type":"Feature","id":50974682,"geometry":{"type":"Point","coordinates":[-3.694090000202543,40.416961421830365]},"properties":{"ESA_ESPECIE":"AMO","NOMBRE_COMUN":"Arce de Montpellier","NOMBRE_ESPECIE":"Acer monspessulanum","ALTURA":"5","MINTDISTRITO":"01","NOMBRE_DISTRITO":"CENTRO","MINTBARRIO":"013","NOMBRE_BARRIO":"CORTES","OBJECTID":50974682}},{"type":"Feature","id":50693907,"geometry":{"type":"Point","coordinates":[-3.6817169053031162,40.405707285474534]},"properties":{"ESA_ESPECIE":"RPS","NOMBRE_COMUN":"Falsa acacia","NOMBRE_ESPECIE":"Robinia pseudoacacia","ALTURA":"8,5","MINTDISTRITO":"03","NOMBRE_DISTRITO":"RETIRO","MINTBARRIO":"031","NOMBRE_BARRIO":"PACIFICO","OBJECTID":50693907}},{"type":"Feature","id":51182877,"geometry":{"type":"Point","coordinates":[-3.6915902961648506,40.416993644816039]},"properties":{"ESA_ESPECIE":"SJA","NOMBRE_COMUN":"Acacia del Japón/Sophora japonica","NOMBRE_ESPECIE":"Styphnolobium japonicum","ALTURA":"9","MINTDISTRITO":"03","NOMBRE_DISTRITO":"RETIRO","MINTBARRIO":"035","NOMBRE_BARRIO":"LOS JERONIMOS","OBJECTID":51182877}},{"type":"Feature","id":51370167,"geometry":{"type":"Point","coordinates":[-3.6892192930162038,40.419639876743133]},"properties":{"ESA_ESPECIE":"PDA","NOMBRE_COMUN":"Plátano de sombra/Platanus x hybrida","NOMBRE_ESPECIE":"Platanus x hispanica","ALTURA":"6","MINTDISTRITO":"03","NOMBRE_DISTRITO":"RETIRO","MINTBARRIO":"035","NOMBRE_BARRIO":"LOS JERONIMOS","OBJECTID":51370167}},{"type":"Feature","id":51005677,"geometry":{"type":"Point","coordinates":[-3.6952329430804167,40.409148257141645]},"properties":{"ESA_ESPECIE":"AJU","NOMBRE_COMUN":"Acacia de Constantinopla","NOMBRE_ESPECIE":"Albizia julibrissin","ALTURA":"4","MINTDISTRITO":"01","NOMBRE_DISTRITO":"CENTRO","MINTBARRIO":"012","NOMBRE_BARRIO":"EMBAJADORES","OBJECTID":51005677}},{"type":"Feature","id":51083630,"geometry":{"type":"Point","coordinates":[-3.6919508461219515,40.406361308352437]},"properties":{"ESA_ESPECIE":"SJA","NOMBRE_COMUN":"Acacia del Japón/Sophora japonica","NOMBRE_ESPECIE":"Styphnolobium japonicum","ALTURA":"10","MINTDISTRITO":"02","NOMBRE_DISTRITO":"ARGANZUELA","MINTBARRIO":"027","NOMBRE_BARRIO":"ATOCHA","OBJECTID":51083630}},{"type":"Feature","id":50585506,"geometry":{"type":"Point","coordinates":[-3.6915452308021561,40.405226304800735]},"properties":{"ESA_ESPECIE":"SJA","NOMBRE_COMUN":"Acacia del Japón","NOMBRE_ESPECIE":"Sophora japonica","ALTURA":"6","MINTDISTRITO":"02","NOMBRE_DISTRITO":"ARGANZUELA","MINTBARRIO":"026","NOMBRE_BARRIO":"PALOS DE LA FRONTERA","OBJECTID":50585506}},{"type":"Feature","id":50711325,"geometry":{"type":"Point","coordinates":[-3.6921735464260106,40.404483441500446]},"properties":{"ESA_ESPECIE":"AII","NOMBRE_COMUN":"Arce de Freeman","NOMBRE_ESPECIE":"Acer freemanii","ALTURA":"4,5","MINTDISTRITO":"02","NOMBRE_DISTRITO":"ARGANZUELA","MINTBARRIO":"026","NOMBRE_BARRIO":"PALOS DE LA FRONTERA","OBJECTID":50711325}},{"type":"Feature","id":51350293,"geometry":{"type":"Point","coordinates":[-3.6945313332818208,40.406016149928313]},"properties":{"ESA_ESPECIE":"PDA","NOMBRE_COMUN":"Plátano de sombra/Platanus x hybrida","NOMBRE_ESPECIE":"Platanus x hispanica","ALTURA":"15","MINTDISTRITO":"02","NOMBRE_DISTRITO":"ARGANZUELA","MINTBARRIO":"026","NOMBRE_BARRIO":"PALOS DE LA FRONTERA","OBJECTID":51350293}},{"type":"Feature","id":51346795,"geometry":{"type":"Point","coordinates":[-3.6891624596723784,40.409668395126083]},"properties":{"ESA_ESPECIE":"MEA","NOMBRE_COMUN":"Cinamomo","NOMBRE_ESPECIE":"Melia azedarach","ALTURA":"3,5","MINTDISTRITO":"03","NOMBRE_DISTRITO":"RETIRO","MINTBARRIO":"035","NOMBRE_BARRIO":"LOS JERONIMOS","OBJECTID":51346795}},{"type":"Feature","id":50633919,"geometry":{"type":"Point","coordinates":[-3.6864589621931727,40.406200808874438]},"properties":{"ESA_ESPECIE":"CDE","NOMBRE_COMUN":"Cedro llorón","NOMBRE_ESPECIE":"Cedrus deodara","ALTURA":"20","MINTDISTRITO":"03","NOMBRE_DISTRITO":"RETIRO","MINTBARRIO":"031","NOMBRE_BARRIO":"PACIFICO","OBJECTID":50633919}},{"type":"Feature","id":51065439,"geometry":{"type":"Point","coordinates":[-3.6835088666908913,40.408123387642938]},"properties":{"ESA_ESPECIE":"RPS","NOMBRE_COMUN":"Falsa acacia","NOMBRE_ESPECIE":"Robinia pseudoacacia","ALTURA":"3","MINTDISTRITO":"03","NOMBRE_DISTRITO":"RETIRO","MINTBARRIO":"035","NOMBRE_BARRIO":"LOS JERONIMOS","OBJECTID":51065439}},{"type":"Feature","id":51354621,"geometry":{"type":"Point","coordinates":[-3.6831739038512996,40.408538658024902]},"properties":{"ESA_ESPECIE":"RTY","NOMBRE_COMUN":"Zumaque de Virginia","NOMBRE_ESPECIE":"Rhus typhina","ALTURA":"3","MINTDISTRITO":"03","NOMBRE_DISTRITO":"RETIRO","MINTBARRIO":"035","NOMBRE_BARRIO":"LOS JERONIMOS","OBJECTID":51354621}},{"type":"Feature","id":51179190,"geometry":{"type":"Point","coordinates":[-3.6883658572263531,40.408051951302539]},"properties":{"ESA_ESPECIE":"CAR","NOMBRE_COMUN":"Ciprés de Arizona","NOMBRE_ESPECIE":"Cupressus arizonica","ALTURA":"4","MINTDISTRITO":"03","NOMBRE_DISTRITO":"RETIRO","MINTBARRIO":"035","NOMBRE_BARRIO":"LOS JERONIMOS","OBJECTID":51179190}},{"type":"Feature","id":51021993,"geometry":{"type":"Point","coordinates":[-3.690946113873673,40.417991545420911]},"properties":{"ESA_ESPECIE":"LJA","NOMBRE_COMUN":"Aligustre del Japón","NOMBRE_ESPECIE":"Ligustrum japonicum","ALTURA":"4,5","MINTDISTRITO":"03","NOMBRE_DISTRITO":"RETIRO","MINTBARRIO":"035","NOMBRE_BARRIO":"LOS JERONIMOS","OBJECTID":51021993}},{"type":"Feature","id":51412938,"geometry":{"type":"Point","coordinates":[-3.6928580659992227,40.418425978936042]},"properties":{"ESA_ESPECIE":"PDA","NOMBRE_COMUN":"Plátano de sombra/Platanus x hybrida","NOMBRE_ESPECIE":"Platanus x hispanica","ALTURA":"20","MINTDISTRITO":"03","NOMBRE_DISTRITO":"RETIRO","MINTBARRIO":"035","NOMBRE_BARRIO":"LOS JERONIMOS","OBJECTID":51412938}},{"type":"Feature","id":51172157,"geometry":{"type":"Point","coordinates":[-3.6902404111111182,40.416454817453229]},"properties":{"ESA_ESPECIE":"PDA","NOMBRE_COMUN":"Plátano de sombra/Platanus x hybrida","NOMBRE_ESPECIE":"Platanus x hispanica","ALTURA":"15","MINTDISTRITO":"03","NOMBRE_DISTRITO":"RETIRO","MINTBARRIO":"035","NOMBRE_BARRIO":"LOS JERONIMOS","OBJECTID":51172157}},{"type":"Feature","id":50710329,"geometry":{"type":"Point","coordinates":[-3.6775943650762755,40.420018530670283]},"properties":{"ESA_ESPECIE":"LJA","NOMBRE_COMUN":"Aligustre del Japón","NOMBRE_ESPECIE":"Ligustrum japonicum","ALTURA":"7,5","MINTDISTRITO":"03","NOMBRE_DISTRITO":"RETIRO","MINTBARRIO":"034","NOMBRE_BARRIO":"IBIZA","OBJECTID":50710329}},{"type":"Feature","id":51324528,"geometry":{"type":"Point","coordinates":[-3.6873129982754085,40.420545408602408]},"properties":{"ESA_ESPECIE":"TIP","NOMBRE_COMUN":"Tilo de hojas grandes","NOMBRE_ESPECIE":"Tilia platyphyllos","ALTURA":"7","MINTDISTRITO":"04","NOMBRE_DISTRITO":"SALAMANCA","MINTBARRIO":"041","NOMBRE_BARRIO":"RECOLETOS","OBJECTID":51324528}},{"type":"Feature","id":51412901,"geometry":{"type":"Point","coordinates":[-3.6935248819832158,40.416079575202822]},"properties":{"ESA_ESPECIE":"PDA","NOMBRE_COMUN":"Plátano de sombra/Platanus x hybrida","NOMBRE_ESPECIE":"Platanus x hispanica","ALTURA":"12","MINTDISTRITO":"03","NOMBRE_DISTRITO":"RETIRO","MINTBARRIO":"035","NOMBRE_BARRIO":"LOS JERONIMOS","OBJECTID":51412901}},{"type":"Feature","id":51228470,"geometry":{"type":"Point","coordinates":[-3.6943995142210238,40.415816009043212]},"properties":{"ESA_ESPECIE":"SJA","NOMBRE_COMUN":"Acacia del Japón/Sophora japonica","NOMBRE_ESPECIE":"Styphnolobium japonicum","ALTURA":"9","MINTDISTRITO":"01","NOMBRE_DISTRITO":"CENTRO","MINTBARRIO":"013","NOMBRE_BARRIO":"CORTES","OBJECTID":51228470}},{"type":"Feature","id":50567862,"geometry":{"type":"Point","coordinates":[-3.6949477970255602,40.41287413324816]},"properties":{"ESA_ESPECIE":"PHS","NOMBRE_COMUN":"Fotinia","NOMBRE_ESPECIE":"Photinia serrulata","ALTURA":"4","MINTDISTRITO":"01","NOMBRE_DISTRITO":"CENTRO","MINTBARRIO":"013","NOMBRE_BARRIO":"CORTES","OBJECTID":50567862}},{"type":"Feature","id":50707329,"geometry":{"type":"Point","coordinates":[-3.6798914746022144,40.406064612582533]},"properties":{"ESA_ESPECIE":"PDA","NOMBRE_COMUN":"Plátano de sombra/Platanus x hybrida","NOMBRE_ESPECIE":"Platanus x hispanica","ALTURA":"13","MINTDISTRITO":"03","NOMBRE_DISTRITO":"RETIRO","MINTBARRIO":"031","NOMBRE_BARRIO":"PACIFICO","OBJECTID":50707329}},{"type":"Feature","id":50701378,"geometry":{"type":"Point","coordinates":[-3.6914690005638877,40.416981415306438]},"properties":{"ESA_ESPECIE":"SJA","NOMBRE_COMUN":"Acacia del Japón/Sophora japonica","NOMBRE_ESPECIE":"Styphnolobium japonicum","ALTURA":"5","MINTDISTRITO":"03","NOMBRE_DISTRITO":"RETIRO","MINTBARRIO":"035","NOMBRE_BARRIO":"LOS JERONIMOS","OBJECTID":50701378}},{"type":"Feature","id":51182817,"geometry":{"type":"Point","coordinates":[-3.6896316144649974,40.418145736620289]},"properties":{"ESA_ESPECIE":"SJA","NOMBRE_COMUN":"Acacia del Japón/Sophora japonica","NOMBRE_ESPECIE":"Styphnolobium japonicum","ALTURA":"6","MINTDISTRITO":"03","NOMBRE_DISTRITO":"RETIRO","MINTBARRIO":"035","NOMBRE_BARRIO":"LOS JERONIMOS","OBJECTID":51182817}},{"type":"Feature","id":50696220,"geometry":{"type":"Point","coordinates":[-3.6911390015446326,40.408763348900003]},"properties":{"ESA_ESPECIE":"UPU","NOMBRE_COMUN":"Olmo de Siberia","NOMBRE_ESPECIE":"Ulmus pumila","ALTURA":"14,5","MINTDISTRITO":"03","NOMBRE_DISTRITO":"RETIRO","MINTBARRIO":"035","NOMBRE_BARRIO":"LOS JERONIMOS","OBJECTID":50696220}},{"type":"Feature","id":50653438,"geometry":{"type":"Point","coordinates":[-3.6900207839327721,40.420792604668023]},"properties":{"ESA_ESPECIE":"PCP","NOMBRE_COMUN":"Ciruelo púrpura","NOMBRE_ESPECIE":"Prunus cerasifera  subsp. pissardii","ALTURA":"7","MINTDISTRITO":"04","NOMBRE_DISTRITO":"SALAMANCA","MINTBARRIO":"041","NOMBRE_BARRIO":"RECOLETOS","OBJECTID":50653438}},{"type":"Feature","id":50985697,"geometry":{"type":"Point","coordinates":[-3.6956915273266757,40.419090272694021]},"properties":{"ESA_ESPECIE":"SJA","NOMBRE_COMUN":"Acacia del Japón/Sophora japonica","NOMBRE_ESPECIE":"Styphnolobium japonicum","ALTURA":"7","MINTDISTRITO":"01","NOMBRE_DISTRITO":"CENTRO","MINTBARRIO":"014","NOMBRE_BARRIO":"JUSTICIA","OBJECTID":50985697}},{"type":"Feature","id":51185817,"geometry":{"type":"Point","coordinates":[-3.6893420611052208,40.420470346044127]},"properties":{"ESA_ESPECIE":"PDA","NOMBRE_COMUN":"Plátano de sombra/Platanus x hybrida","NOMBRE_ESPECIE":"Platanus x hispanica","ALTURA":"15","MINTDISTRITO":"04","NOMBRE_DISTRITO":"SALAMANCA","MINTBARRIO":"041","NOMBRE_BARRIO":"RECOLETOS","OBJECTID":51185817}},{"type":"Feature","id":51185688,"geometry":{"type":"Point","coordinates":[-3.6921654932748154,40.420155674190397]},"properties":{"ESA_ESPECIE":"LJA","NOMBRE_COMUN":"Aligustre del Japón","NOMBRE_ESPECIE":"Ligustrum japonicum","ALTURA":"7","MINTDISTRITO":"04","NOMBRE_DISTRITO":"SALAMANCA","MINTBARRIO":"041","NOMBRE_BARRIO":"RECOLETOS","OBJECTID":51185688}},{"type":"Feature","id":50577016,"geometry":{"type":"Point","coordinates":[-3.6948734645131678,40.418924096222185]},"properties":{"ESA_ESPECIE":"SJA","NOMBRE_COMUN":"Acacia del Japón/Sophora japonica","NOMBRE_ESPECIE":"Styphnolobium japonicum","ALTURA":"14","MINTDISTRITO":"01","NOMBRE_DISTRITO":"CENTRO","MINTBARRIO":"013","NOMBRE_BARRIO":"CORTES","OBJECTID":50577016}},{"type":"Feature","id":51385856,"geometry":{"type":"Point","coordinates":[-3.6933505805747253,40.405070483040546]},"properties":{"ESA_ESPECIE":"PDA","NOMBRE_COMUN":"Plátano de sombra/Platanus x hybrida","NOMBRE_ESPECIE":"Platanus x hispanica","ALTURA":"16","MINTDISTRITO":"02","NOMBRE_DISTRITO":"ARGANZUELA","MINTBARRIO":"026","NOMBRE_BARRIO":"PALOS DE LA FRONTERA","OBJECTID":51385856}},{"type":"Feature","id":50984715,"geometry":{"type":"Point","coordinates":[-3.6957793637524321,40.410770149760268]},"properties":{"ESA_ESPECIE":"PDA","NOMBRE_COMUN":"Plátano de sombra/Platanus x hybrida","NOMBRE_ESPECIE":"Platanus x hispanica","ALTURA":"18","MINTDISTRITO":"01","NOMBRE_DISTRITO":"CENTRO","MINTBARRIO":"013","NOMBRE_BARRIO":"CORTES","OBJECTID":50984715}},{"type":"Feature","id":51413247,"geometry":{"type":"Point","coordinates":[-3.6922265785483113,40.420457183398156]},"properties":{"ESA_ESPECIE":"PDA","NOMBRE_COMUN":"Plátano de sombra/Platanus x hybrida","NOMBRE_ESPECIE":"Platanus x hispanica","ALTURA":"21","MINTDISTRITO":"04","NOMBRE_DISTRITO":"SALAMANCA","MINTBARRIO":"041","NOMBRE_BARRIO":"RECOLETOS","OBJECTID":51413247}},{"type":"Feature","id":51228610,"geometry":{"type":"Point","coordinates":[-3.6939124562237518,40.417832545046416]},"properties":{"ESA_ESPECIE":"PDA","NOMBRE_COMUN":"Plátano de sombra/Platanus x hybrida","NOMBRE_ESPECIE":"Platanus x hispanica","ALTURA":"8","MINTDISTRITO":"01","NOMBRE_DISTRITO":"CENTRO","MINTBARRIO":"013","NOMBRE_BARRIO":"CORTES","OBJECTID":51228610}},{"type":"Feature","id":51228708,"geometry":{"type":"Point","coordinates":[-3.693910608971418,40.414100684640722]},"properties":{"ESA_ESPECIE":"PDA","NOMBRE_COMUN":"Plátano de sombra/Platanus x hybrida","NOMBRE_ESPECIE":"Platanus x hispanica","ALTURA":"18","MINTDISTRITO":"01","NOMBRE_DISTRITO":"CENTRO","MINTBARRIO":"013","NOMBRE_BARRIO":"CORTES","OBJECTID":51228708}},{"type":"Feature","id":50574491,"geometry":{"type":"Point","coordinates":[-3.6905513383739241,40.417409424195391]},"properties":{"ESA_ESPECIE":"SJA","NOMBRE_COMUN":"Acacia del Japón/Sophora japonica","NOMBRE_ESPECIE":"Styphnolobium japonicum","ALTURA":"9","MINTDISTRITO":"03","NOMBRE_DISTRITO":"RETIRO","MINTBARRIO":"035","NOMBRE_BARRIO":"LOS JERONIMOS","OBJECTID":50574491}},{"type":"Feature","id":50638095,"geometry":{"type":"Point","coordinates":[-3.6878903193275843,40.419805783158843]},"properties":{"ESA_ESPECIE":"PDA","NOMBRE_COMUN":"Plátano de sombra/Platanus x hybrida","NOMBRE_ESPECIE":"Platanus x hispanica","ALTURA":"13","MINTDISTRITO":"03","NOMBRE_DISTRITO":"RETIRO","MINTBARRIO":"035","NOMBRE_BARRIO":"LOS JERONIMOS","OBJECTID":50638095}},{"type":"Feature","id":50700202,"geometry":{"type":"Point","coordinates":[-3.6827801767026522,40.4081588644056]},"properties":{"ESA_ESPECIE":"SJA","NOMBRE_COMUN":"Acacia del Japón/Sophora japonica","NOMBRE_ESPECIE":"Styphnolobium japonicum","ALTURA":"4","MINTDISTRITO":"03","NOMBRE_DISTRITO":"RETIRO","MINTBARRIO":"035","NOMBRE_BARRIO":"LOS JERONIMOS","OBJECTID":50700202}},{"type":"Feature","id":51179179,"geometry":{"type":"Point","coordinates":[-3.6883940824296153,40.408142081072143]},"properties":{"ESA_ESPECIE":"CAR","NOMBRE_COMUN":"Ciprés de Arizona","NOMBRE_ESPECIE":"Cupressus arizonica","ALTURA":"4","MINTDISTRITO":"03","NOMBRE_DISTRITO":"RETIRO","MINTBARRIO":"035","NOMBRE_BARRIO":"LOS JERONIMOS","OBJECTID":51179179}},{"type":"Feature","id":50644000,"geometry":{"type":"Point","coordinates":[-3.6823095476580354,40.406288117738605]},"properties":{"ESA_ESPECIE":"SJA","NOMBRE_COMUN":"Acacia del Japón/Sophora japonica","NOMBRE_ESPECIE":"Styphnolobium japonicum","ALTURA":"4","MINTDISTRITO":"03","NOMBRE_DISTRITO":"RETIRO","MINTBARRIO":"031","NOMBRE_BARRIO":"PACIFICO","OBJECTID":50644000}},{"type":"Feature","id":50566425,"geometry":{"type":"Point","coordinates":[-3.6829553433748305,40.406705945448778]},"properties":{"ESA_ESPECIE":"PDA","NOMBRE_COMUN":"Plátano de sombra","NOMBRE_ESPECIE":"Platanus x hybrida","ALTURA":"15","MINTDISTRITO":"03","NOMBRE_DISTRITO":"RETIRO","MINTBARRIO":"031","NOMBRE_BARRIO":"PACIFICO","OBJECTID":50566425}},{"type":"Feature","id":51180163,"geometry":{"type":"Point","coordinates":[-3.6822270943305448,40.404902199064367]},"properties":{"ESA_ESPECIE":"PDA","NOMBRE_COMUN":"Plátano de sombra/Platanus x hybrida","NOMBRE_ESPECIE":"Platanus x hispanica","ALTURA":"17","MINTDISTRITO":"03","NOMBRE_DISTRITO":"RETIRO","MINTBARRIO":"031","NOMBRE_BARRIO":"PACIFICO","OBJECTID":51180163}},{"type":"Feature","id":51180175,"geometry":{"type":"Point","coordinates":[-3.6829723214661647,40.404898439182624]},"properties":{"ESA_ESPECIE":"PDA","NOMBRE_COMUN":"Plátano de sombra/Platanus x hybrida","NOMBRE_ESPECIE":"Platanus x hispanica","ALTURA":"17","MINTDISTRITO":"03","NOMBRE_DISTRITO":"RETIRO","MINTBARRIO":"031","NOMBRE_BARRIO":"PACIFICO","OBJECTID":51180175}},{"type":"Feature","id":51216376,"geometry":{"type":"Point","coordinates":[-3.6869043243729274,40.405964558856439]},"properties":{"ESA_ESPECIE":"PDA","NOMBRE_COMUN":"Plátano de sombra/Platanus x hybrida","NOMBRE_ESPECIE":"Platanus x hispanica","ALTURA":"16","MINTDISTRITO":"03","NOMBRE_DISTRITO":"RETIRO","MINTBARRIO":"031","NOMBRE_BARRIO":"PACIFICO","OBJECTID":51216376}},{"type":"Feature","id":51179330,"geometry":{"type":"Point","coordinates":[-3.687274709548761,40.406209386387687]},"properties":{"ESA_ESPECIE":"GBI","NOMBRE_COMUN":"Gingo","NOMBRE_ESPECIE":"Ginkgo biloba","ALTURA":"7","MINTDISTRITO":"03","NOMBRE_DISTRITO":"RETIRO","MINTBARRIO":"031","NOMBRE_BARRIO":"PACIFICO","OBJECTID":51179330}},{"type":"Feature","id":51182831,"geometry":{"type":"Point","coordinates":[-3.691424278169348,40.414914349601474]},"properties":{"ESA_ESPECIE":"SJA","NOMBRE_COMUN":"Acacia del Japón/Sophora japonica","NOMBRE_ESPECIE":"Styphnolobium japonicum","ALTURA":"5","MINTDISTRITO":"03","NOMBRE_DISTRITO":"RETIRO","MINTBARRIO":"035","NOMBRE_BARRIO":"LOS JERONIMOS","OBJECTID":51182831}},{"type":"Feature","id":50692284,"geometry":{"type":"Point","coordinates":[-3.6925495605578234,40.415084489293029]},"properties":{"ESA_ESPECIE":"SJA","NOMBRE_COMUN":"Acacia del Japón/Sophora japonica","NOMBRE_ESPECIE":"Styphnolobium japonicum","ALTURA":"3","MINTDISTRITO":"03","NOMBRE_DISTRITO":"RETIRO","MINTBARRIO":"035","NOMBRE_BARRIO":"LOS JERONIMOS","OBJECTID":50692284}},{"type":"Feature","id":51178346,"geometry":{"type":"Point","coordinates":[-3.6903545890622582,40.412338675457207]},"properties":{"ESA_ESPECIE":"LJA","NOMBRE_COMUN":"Aligustre del Japón","NOMBRE_ESPECIE":"Ligustrum japonicum","ALTURA":"4,5","MINTDISTRITO":"03","NOMBRE_DISTRITO":"RETIRO","MINTBARRIO":"035","NOMBRE_BARRIO":"LOS JERONIMOS","OBJECTID":51178346}},{"type":"Feature","id":50701284,"geometry":{"type":"Point","coordinates":[-3.6890844369090412,40.412710587597324]},"properties":{"ESA_ESPECIE":"SJA","NOMBRE_COMUN":"Acacia del Japón/Sophora japonica","NOMBRE_ESPECIE":"Styphnolobium japonicum","ALTURA":"6","MINTDISTRITO":"03","NOMBRE_DISTRITO":"RETIRO","MINTBARRIO":"035","NOMBRE_BARRIO":"LOS JERONIMOS","OBJECTID":50701284}},{"type":"Feature","id":51228622,"geometry":{"type":"Point","coordinates":[-3.693115478829152,40.412633699465061]},"properties":{"ESA_ESPECIE":"PDA","NOMBRE_COMUN":"Plátano de sombra/Platanus x hybrida","NOMBRE_ESPECIE":"Platanus x hispanica","ALTURA":"18","MINTDISTRITO":"01","NOMBRE_DISTRITO":"CENTRO","MINTBARRIO":"013","NOMBRE_BARRIO":"CORTES","OBJECTID":51228622}},{"type":"Feature","id":50985319,"geometry":{"type":"Point","coordinates":[-3.694810278703712,40.408980166315246]},"properties":{"ESA_ESPECIE":"CBI","NOMBRE_COMUN":"Catalpa","NOMBRE_ESPECIE":"Catalpa bignonioides","ALTURA":"10","MINTDISTRITO":"01","NOMBRE_DISTRITO":"CENTRO","MINTBARRIO":"012","NOMBRE_BARRIO":"EMBAJADORES","OBJECTID":50985319}},{"type":"Feature","id":50585460,"geometry":{"type":"Point","coordinates":[-3.6919265753428974,40.40578193663783]},"properties":{"ESA_ESPECIE":"SJA","NOMBRE_COMUN":"Acacia del Japón/Sophora japonica","NOMBRE_ESPECIE":"Styphnolobium japonicum","ALTURA":"7","MINTDISTRITO":"02","NOMBRE_DISTRITO":"ARGANZUELA","MINTBARRIO":"026","NOMBRE_BARRIO":"PALOS DE LA FRONTERA","OBJECTID":50585460}},{"type":"Feature","id":50702217,"geometry":{"type":"Point","coordinates":[-3.6888363168604639,40.40889312716218]},"properties":{"ESA_ESPECIE":"PDA","NOMBRE_COMUN":"Plátano de sombra/Platanus x hybrida","NOMBRE_ESPECIE":"Platanus x hispanica","ALTURA":"14","MINTDISTRITO":"03","NOMBRE_DISTRITO":"RETIRO","MINTBARRIO":"035","NOMBRE_BARRIO":"LOS JERONIMOS","OBJECTID":50702217}},{"type":"Feature","id":51227428,"geometry":{"type":"Point","coordinates":[-3.6926027999951954,40.420745318590029]},"properties":{"ESA_ESPECIE":"SJA","NOMBRE_COMUN":"Acacia del Japón/Sophora japonica","NOMBRE_ESPECIE":"Styphnolobium japonicum","ALTURA":"9","MINTDISTRITO":"01","NOMBRE_DISTRITO":"CENTRO","MINTBARRIO":"014","NOMBRE_BARRIO":"JUSTICIA","OBJECTID":51227428}},{"type":"Feature","id":50985651,"geometry":{"type":"Point","coordinates":[-3.6956481082296651,40.419380336789118]},"properties":{"ESA_ESPECIE":"LJV","NOMBRE_COMUN":"Aligustre variegado","NOMBRE_ESPECIE":"Ligustrum japonicum 'Variegatum'","ALTURA":"5","MINTDISTRITO":"01","NOMBRE_DISTRITO":"CENTRO","MINTBARRIO":"014","NOMBRE_BARRIO":"JUSTICIA","OBJECTID":50985651}},{"type":"Feature","id":51052587,"geometry":{"type":"Point","coordinates":[-3.6960788663131607,40.418671137995304]},"properties":{"ESA_ESPECIE":"SJA","NOMBRE_COMUN":"Acacia del Japón/Sophora japonica","NOMBRE_ESPECIE":"Styphnolobium japonicum","ALTURA":"6","MINTDISTRITO":"01","NOMBRE_DISTRITO":"CENTRO","MINTBARRIO":"013","NOMBRE_BARRIO":"CORTES","OBJECTID":51052587}},{"type":"Feature","id":51412855,"geometry":{"type":"Point","coordinates":[-3.6924756152422966,40.41122519326435]},"properties":{"ESA_ESPECIE":"SJA","NOMBRE_COMUN":"Acacia del Japón/Sophora japonica","NOMBRE_ESPECIE":"Styphnolobium japonicum","ALTURA":"9","MINTDISTRITO":"03","NOMBRE_DISTRITO":"RETIRO","MINTBARRIO":"035","NOMBRE_BARRIO":"LOS JERONIMOS","OBJECTID":51412855}},{"type":"Feature","id":51087211,"geometry":{"type":"Point","coordinates":[-3.6916340763035325,40.412494263684593]},"properties":{"ESA_ESPECIE":"TFO","NOMBRE_COMUN":"Palma de Fortune","NOMBRE_ESPECIE":"Trachycarpus fortunei","ALTURA":"10","MINTDISTRITO":"03","NOMBRE_DISTRITO":"RETIRO","MINTBARRIO":"035","NOMBRE_BARRIO":"LOS JERONIMOS","OBJECTID":51087211}},{"type":"Feature","id":50705660,"geometry":{"type":"Point","coordinates":[-3.6834297435544183,40.408049260323864]},"properties":{"ESA_ESPECIE":"SJA","NOMBRE_COMUN":"Acacia del Japón/Sophora japonica","NOMBRE_ESPECIE":"Styphnolobium japonicum","ALTURA":"6,5","MINTDISTRITO":"03","NOMBRE_DISTRITO":"RETIRO","MINTBARRIO":"035","NOMBRE_BARRIO":"LOS JERONIMOS","OBJECTID":50705660}},{"type":"Feature","id":51182771,"geometry":{"type":"Point","coordinates":[-3.6837046799260524,40.408124338033481]},"properties":{"ESA_ESPECIE":"CEO","NOMBRE_COMUN":"Almez americano","NOMBRE_ESPECIE":"Celtis occidentalis","ALTURA":"7,5","MINTDISTRITO":"03","NOMBRE_DISTRITO":"RETIRO","MINTBARRIO":"035","NOMBRE_BARRIO":"LOS JERONIMOS","OBJECTID":51182771}},{"type":"Feature","id":50701332,"geometry":{"type":"Point","coordinates":[-3.6845401360230969,40.407856474277487]},"properties":{"ESA_ESPECIE":"CAU","NOMBRE_COMUN":"Almez","NOMBRE_ESPECIE":"Celtis australis","ALTURA":"5","MINTDISTRITO":"03","NOMBRE_DISTRITO":"RETIRO","MINTBARRIO":"035","NOMBRE_BARRIO":"LOS JERONIMOS","OBJECTID":50701332}},{"type":"Feature","id":50995930,"geometry":{"type":"Point","coordinates":[-3.6941006541281451,40.412777643186175]},"properties":{"ESA_ESPECIE":"PHS","NOMBRE_COMUN":"Fotinia","NOMBRE_ESPECIE":"Photinia serrulata","ALTURA":"2,5","MINTDISTRITO":"01","NOMBRE_DISTRITO":"CENTRO","MINTBARRIO":"013","NOMBRE_BARRIO":"CORTES","OBJECTID":50995930}},{"type":"Feature","id":51182476,"geometry":{"type":"Point","coordinates":[-3.6806788120967111,40.406562812178024]},"properties":{"ESA_ESPECIE":"SJA","NOMBRE_COMUN":"Acacia del Japón/Sophora japonica","NOMBRE_ESPECIE":"Styphnolobium japonicum","ALTURA":"4","MINTDISTRITO":"03","NOMBRE_DISTRITO":"RETIRO","MINTBARRIO":"031","NOMBRE_BARRIO":"PACIFICO","OBJECTID":51182476}},{"type":"Feature","id":51216313,"geometry":{"type":"Point","coordinates":[-3.6815241949833619,40.404944173375974]},"properties":{"ESA_ESPECIE":"SJA","NOMBRE_COMUN":"Acacia del Japón/Sophora japonica","NOMBRE_ESPECIE":"Styphnolobium japonicum","ALTURA":"5,5","MINTDISTRITO":"03","NOMBRE_DISTRITO":"RETIRO","MINTBARRIO":"031","NOMBRE_BARRIO":"PACIFICO","OBJECTID":51216313}},{"type":"Feature","id":51031193,"geometry":{"type":"Point","coordinates":[-3.6919423321344307,40.418214876681667]},"properties":{"ESA_ESPECIE":"AJU","NOMBRE_COMUN":"Acacia de Constantinopla","NOMBRE_ESPECIE":"Albizia julibrissin","ALTURA":"3,5","MINTDISTRITO":"03","NOMBRE_DISTRITO":"RETIRO","MINTBARRIO":"035","NOMBRE_BARRIO":"LOS JERONIMOS","OBJECTID":51031193}},{"type":"Feature","id":51180115,"geometry":{"type":"Point","coordinates":[-3.6924454670773765,40.418979173612946]},"properties":{"ESA_ESPECIE":"PYC","NOMBRE_COMUN":"Peral","NOMBRE_ESPECIE":"Pyrus communis","ALTURA":"6","MINTDISTRITO":"03","NOMBRE_DISTRITO":"RETIRO","MINTBARRIO":"035","NOMBRE_BARRIO":"LOS JERONIMOS","OBJECTID":51180115}},{"type":"Feature","id":50703545,"geometry":{"type":"Point","coordinates":[-3.6917881536331736,40.415102921549973]},"properties":{"ESA_ESPECIE":"RPS","NOMBRE_COMUN":"Falsa acacia","NOMBRE_ESPECIE":"Robinia pseudoacacia","ALTURA":"9,5","MINTDISTRITO":"03","NOMBRE_DISTRITO":"RETIRO","MINTBARRIO":"035","NOMBRE_BARRIO":"LOS JERONIMOS","OBJECTID":50703545}},{"type":"Feature","id":50978040,"geometry":{"type":"Point","coordinates":[-3.6958124905259124,40.415244935092609]},"properties":{"ESA_ESPECIE":"AMO","NOMBRE_COMUN":"Arce de Montpellier","NOMBRE_ESPECIE":"Acer monspessulanum","ALTURA":"5,5","MINTDISTRITO":"01","NOMBRE_DISTRITO":"CENTRO","MINTBARRIO":"013","NOMBRE_BARRIO":"CORTES","OBJECTID":50978040}},{"type":"Feature","id":50623293,"geometry":{"type":"Point","coordinates":[-3.6891135498142824,40.420526122910978]},"properties":{"ESA_ESPECIE":"PDA","NOMBRE_COMUN":"Plátano de sombra/Platanus x hybrida","NOMBRE_ESPECIE":"Platanus x hispanica","ALTURA":"17","MINTDISTRITO":"04","NOMBRE_DISTRITO":"SALAMANCA","MINTBARRIO":"041","NOMBRE_BARRIO":"RECOLETOS","OBJECTID":50623293}},{"type":"Feature","id":51227342,"geometry":{"type":"Point","coordinates":[-3.6940885501046941,40.416649411257104]},"properties":{"ESA_ESPECIE":"PDA","NOMBRE_COMUN":"Plátano de sombra/Platanus x hybrida","NOMBRE_ESPECIE":"Platanus x hispanica","ALTURA":"15","MINTDISTRITO":"01","NOMBRE_DISTRITO":"CENTRO","MINTBARRIO":"013","NOMBRE_BARRIO":"CORTES","OBJECTID":51227342}},{"type":"Feature","id":51412892,"geometry":{"type":"Point","coordinates":[-3.6933817528246742,40.416801625835987]},"properties":{"ESA_ESPECIE":"PDA","NOMBRE_COMUN":"Plátano de sombra/Platanus x hybrida","NOMBRE_ESPECIE":"Platanus x hispanica","ALTURA":"14","MINTDISTRITO":"03","NOMBRE_DISTRITO":"RETIRO","MINTBARRIO":"035","NOMBRE_BARRIO":"LOS JERONIMOS","OBJECTID":51412892}},{"type":"Feature","id":51212784,"geometry":{"type":"Point","coordinates":[-3.6933422040083439,40.416346581865191]},"properties":{"ESA_ESPECIE":"ASA","NOMBRE_COMUN":"Arce del azúcar","NOMBRE_ESPECIE":"Acer saccharinum","ALTURA":"8","MINTDISTRITO":"03","NOMBRE_DISTRITO":"RETIRO","MINTBARRIO":"035","NOMBRE_BARRIO":"LOS JERONIMOS","OBJECTID":51212784}},{"type":"Feature","id":51228756,"geometry":{"type":"Point","coordinates":[-3.6935331440956332,40.414289878241775]},"properties":{"ESA_ESPECIE":"PDA","NOMBRE_COMUN":"Plátano de sombra/Platanus x hybrida","NOMBRE_ESPECIE":"Platanus x hispanica","ALTURA":"20","MINTDISTRITO":"01","NOMBRE_DISTRITO":"CENTRO","MINTBARRIO":"013","NOMBRE_BARRIO":"CORTES","OBJECTID":51228756}},{"type":"Feature","id":51033457,"geometry":{"type":"Point","coordinates":[-3.6920879332599661,40.405321418588059]},"properties":{"ESA_ESPECIE":"AUM","NOMBRE_COMUN":"Arce tridente","NOMBRE_ESPECIE":"Acer buergerianum","ALTURA":"4,5","MINTDISTRITO":"02","NOMBRE_DISTRITO":"ARGANZUELA","MINTBARRIO":"026","NOMBRE_BARRIO":"PALOS DE LA FRONTERA","OBJECTID":51033457}},{"type":"Feature","id":51381666,"geometry":{"type":"Point","coordinates":[-3.6932221496157509,40.405975763048886]},"properties":{"ESA_ESPECIE":"APS","NOMBRE_COMUN":"Falso plátano","NOMBRE_ESPECIE":"Acer pseudoplatanus","ALTURA":"7","MINTDISTRITO":"02","NOMBRE_DISTRITO":"ARGANZUELA","MINTBARRIO":"026","NOMBRE_BARRIO":"PALOS DE LA FRONTERA","OBJECTID":51381666}},{"type":"Feature","id":51331206,"geometry":{"type":"Point","coordinates":[-3.6941437995415507,40.404213475245356]},"properties":{"ESA_ESPECIE":"CAU","NOMBRE_COMUN":"Almez","NOMBRE_ESPECIE":"Celtis australis","ALTURA":"7","MINTDISTRITO":"02","NOMBRE_DISTRITO":"ARGANZUELA","MINTBARRIO":"026","NOMBRE_BARRIO":"PALOS DE LA FRONTERA","OBJECTID":51331206}},{"type":"Feature","id":50591265,"geometry":{"type":"Point","coordinates":[-3.6897654986202841,40.407424155945421]},"properties":{"ESA_ESPECIE":"PYSP","NOMBRE_COMUN":"Perales","NOMBRE_ESPECIE":"Pyrus sp","ALTURA":"6","MINTDISTRITO":"03","NOMBRE_DISTRITO":"RETIRO","MINTBARRIO":"035","NOMBRE_BARRIO":"LOS JERONIMOS","OBJECTID":50591265}},{"type":"Feature","id":50693667,"geometry":{"type":"Point","coordinates":[-3.68490461836921,40.407860622134436]},"properties":{"ESA_ESPECIE":"LJA","NOMBRE_COMUN":"Aligustre del Japón","NOMBRE_ESPECIE":"Ligustrum japonicum","ALTURA":"2,5","MINTDISTRITO":"03","NOMBRE_DISTRITO":"RETIRO","MINTBARRIO":"035","NOMBRE_BARRIO":"LOS JERONIMOS","OBJECTID":50693667}},{"type":"Feature","id":51073992,"geometry":{"type":"Point","coordinates":[-3.6930077686336245,40.411752917405323]},"properties":{"ESA_ESPECIE":"PDA","NOMBRE_COMUN":"Plátano de sombra/Platanus x hybrida","NOMBRE_ESPECIE":"Platanus x hispanica","ALTURA":"6","MINTDISTRITO":"01","NOMBRE_DISTRITO":"CENTRO","MINTBARRIO":"013","NOMBRE_BARRIO":"CORTES","OBJECTID":51073992}},{"type":"Feature","id":50665440,"geometry":{"type":"Point","coordinates":[-3.6861031964498951,40.420685558855233]},"properties":{"ESA_ESPECIE":"SJA","NOMBRE_COMUN":"Acacia del Japón/Sophora japonica","NOMBRE_ESPECIE":"Styphnolobium japonicum","ALTURA":"6,5","MINTDISTRITO":"04","NOMBRE_DISTRITO":"SALAMANCA","MINTBARRIO":"041","NOMBRE_BARRIO":"RECOLETOS","OBJECTID":50665440}},{"type":"Feature","id":50707481,"geometry":{"type":"Point","coordinates":[-3.6785953366401873,40.40542618668254]},"properties":{"ESA_ESPECIE":"LJA","NOMBRE_COMUN":"Aligustre del Japón","NOMBRE_ESPECIE":"Ligustrum japonicum","ALTURA":"5","MINTDISTRITO":"03","NOMBRE_DISTRITO":"RETIRO","MINTBARRIO":"031","NOMBRE_BARRIO":"PACIFICO","OBJECTID":50707481}},{"type":"Feature","id":51024712,"geometry":{"type":"Point","coordinates":[-3.6880183944725573,40.4198593996406]},"properties":{"ESA_ESPECIE":"PDA","NOMBRE_COMUN":"Plátano de sombra/Platanus x hybrida","NOMBRE_ESPECIE":"Platanus x hispanica","ALTURA":"3","MINTDISTRITO":"03","NOMBRE_DISTRITO":"RETIRO","MINTBARRIO":"035","NOMBRE_BARRIO":"LOS JERONIMOS","OBJECTID":51024712}},{"type":"Feature","id":50605678,"geometry":{"type":"Point","coordinates":[-3.6956871547484322,40.410117025626448]},"properties":{"ESA_ESPECIE":"PCP","NOMBRE_COMUN":"Ciruelo púrpura","NOMBRE_ESPECIE":"Prunus cerasifera  subsp. pissardii","ALTURA":"5","MINTDISTRITO":"01","NOMBRE_DISTRITO":"CENTRO","MINTBARRIO":"012","NOMBRE_BARRIO":"EMBAJADORES","OBJECTID":50605678}},{"type":"Feature","id":51412798,"geometry":{"type":"Point","coordinates":[-3.6932433992670468,40.415048186831008]},"properties":{"ESA_ESPECIE":"CDE","NOMBRE_COMUN":"Cedro llorón","NOMBRE_ESPECIE":"Cedrus deodara","ALTURA":"10","MINTDISTRITO":"03","NOMBRE_DISTRITO":"RETIRO","MINTBARRIO":"035","NOMBRE_BARRIO":"LOS JERONIMOS","OBJECTID":51412798}},{"type":"Feature","id":50696661,"geometry":{"type":"Point","coordinates":[-3.6798259002656453,40.405713013924064]},"properties":{"ESA_ESPECIE":"PDA","NOMBRE_COMUN":"Plátano de sombra/Platanus x hybrida","NOMBRE_ESPECIE":"Platanus x hispanica","ALTURA":"13","MINTDISTRITO":"03","NOMBRE_DISTRITO":"RETIRO","MINTBARRIO":"031","NOMBRE_BARRIO":"PACIFICO","OBJECTID":50696661}},{"type":"Feature","id":50709064,"geometry":{"type":"Point","coordinates":[-3.6925687387084367,40.41806644979853]},"properties":{"ESA_ESPECIE":"PCY","NOMBRE_COMUN":"Peral de flor","NOMBRE_ESPECIE":"Pyrus calleryana","ALTURA":"5","MINTDISTRITO":"03","NOMBRE_DISTRITO":"RETIRO","MINTBARRIO":"035","NOMBRE_BARRIO":"LOS JERONIMOS","OBJECTID":50709064}},{"type":"Feature","id":51228662,"geometry":{"type":"Point","coordinates":[-3.6932206986771323,40.413354216192843]},"properties":{"ESA_ESPECIE":"PDA","NOMBRE_COMUN":"Plátano de sombra/Platanus x hybrida","NOMBRE_ESPECIE":"Platanus x hispanica","ALTURA":"16","MINTDISTRITO":"01","NOMBRE_DISTRITO":"CENTRO","MINTBARRIO":"013","NOMBRE_BARRIO":"CORTES","OBJECTID":51228662}},{"type":"Feature","id":51182625,"geometry":{"type":"Point","coordinates":[-3.6907157885509032,40.416387924113302]},"properties":{"ESA_ESPECIE":"PDA","NOMBRE_COMUN":"Plátano de sombra/Platanus x hybrida","NOMBRE_ESPECIE":"Platanus x hispanica","ALTURA":"5","MINTDISTRITO":"03","NOMBRE_DISTRITO":"RETIRO","MINTBARRIO":"035","NOMBRE_BARRIO":"LOS JERONIMOS","OBJECTID":51182625}},{"type":"Feature","id":50568403,"geometry":{"type":"Point","coordinates":[-3.6916140418983447,40.403980615216824]},"properties":{"ESA_ESPECIE":"AII","NOMBRE_COMUN":"Arce de Freeman","NOMBRE_ESPECIE":"Acer freemanii","ALTURA":"4,5","MINTDISTRITO":"02","NOMBRE_DISTRITO":"ARGANZUELA","MINTBARRIO":"026","NOMBRE_BARRIO":"PALOS DE LA FRONTERA","OBJECTID":50568403}},{"type":"Feature","id":51014579,"geometry":{"type":"Point","coordinates":[-3.6934007796673525,40.408880293983898]},"properties":{"ESA_ESPECIE":"LST","NOMBRE_COMUN":"Liquidambar","NOMBRE_ESPECIE":"Liquidambar styraciflua","ALTURA":"10","MINTDISTRITO":"01","NOMBRE_DISTRITO":"CENTRO","MINTBARRIO":"012","NOMBRE_BARRIO":"EMBAJADORES","OBJECTID":51014579}},{"type":"Feature","id":51381720,"geometry":{"type":"Point","coordinates":[-3.6932682006725788,40.405543394275654]},"properties":{"ESA_ESPECIE":"PDA","NOMBRE_COMUN":"Plátano de sombra/Platanus x hybrida","NOMBRE_ESPECIE":"Platanus x hispanica","ALTURA":"11","MINTDISTRITO":"02","NOMBRE_DISTRITO":"ARGANZUELA","MINTBARRIO":"026","NOMBRE_BARRIO":"PALOS DE LA FRONTERA","OBJECTID":51381720}},{"type":"Feature","id":51331450,"geometry":{"type":"Point","coordinates":[-3.6945227595255581,40.404231533022809]},"properties":{"ESA_ESPECIE":"SJA","NOMBRE_COMUN":"Acacia del Japón/Sophora japonica","NOMBRE_ESPECIE":"Styphnolobium japonicum","ALTURA":"9","MINTDISTRITO":"02","NOMBRE_DISTRITO":"ARGANZUELA","MINTBARRIO":"026","NOMBRE_BARRIO":"PALOS DE LA FRONTERA","OBJECTID":51331450}},{"type":"Feature","id":50982611,"geometry":{"type":"Point","coordinates":[-3.6957090678016162,40.420909704935177]},"properties":{"ESA_ESPECIE":"LJV","NOMBRE_COMUN":"Aligustre variegado","NOMBRE_ESPECIE":"Ligustrum japonicum 'Variegatum'","ALTURA":"9","MINTDISTRITO":"01","NOMBRE_DISTRITO":"CENTRO","MINTBARRIO":"014","NOMBRE_BARRIO":"JUSTICIA","OBJECTID":50982611}},{"type":"Feature","id":51412846,"geometry":{"type":"Point","coordinates":[-3.6926580119904706,40.412320322345927]},"properties":{"ESA_ESPECIE":"AHI","NOMBRE_COMUN":"Castaño de indias","NOMBRE_ESPECIE":"Aesculus hippocastanum","ALTURA":"13","MINTDISTRITO":"03","NOMBRE_DISTRITO":"RETIRO","MINTBARRIO":"035","NOMBRE_BARRIO":"LOS JERONIMOS","OBJECTID":51412846}},{"type":"Feature","id":51181403,"geometry":{"type":"Point","coordinates":[-3.6841373740256183,40.40521364369706]},"properties":{"ESA_ESPECIE":"PDA","NOMBRE_COMUN":"Plátano de sombra/Platanus x hybrida","NOMBRE_ESPECIE":"Platanus x hispanica","ALTURA":"6","MINTDISTRITO":"03","NOMBRE_DISTRITO":"RETIRO","MINTBARRIO":"031","NOMBRE_BARRIO":"PACIFICO","OBJECTID":51181403}},{"type":"Feature","id":51216365,"geometry":{"type":"Point","coordinates":[-3.6852748755594655,40.405517549198429]},"properties":{"ESA_ESPECIE":"PDA","NOMBRE_COMUN":"Plátano de sombra/Platanus x hybrida","NOMBRE_ESPECIE":"Platanus x hispanica","ALTURA":"16","MINTDISTRITO":"03","NOMBRE_DISTRITO":"RETIRO","MINTBARRIO":"031","NOMBRE_BARRIO":"PACIFICO","OBJECTID":51216365}},{"type":"Feature","id":50564905,"geometry":{"type":"Point","coordinates":[-3.6839623698634827,40.408428275201238]},"properties":{"ESA_ESPECIE":"FCA","NOMBRE_COMUN":"Higuera","NOMBRE_ESPECIE":"Ficus carica","ALTURA":"1","MINTDISTRITO":"03","NOMBRE_DISTRITO":"RETIRO","MINTBARRIO":"035","NOMBRE_BARRIO":"LOS JERONIMOS","OBJECTID":50564905}},{"type":"Feature","id":50966178,"geometry":{"type":"Point","coordinates":[-3.6945498366294292,40.415893331657564]},"properties":{"ESA_ESPECIE":"PDA","NOMBRE_COMUN":"Plátano de sombra/Platanus x hybrida","NOMBRE_ESPECIE":"Platanus x hispanica","ALTURA":"20","MINTDISTRITO":"01","NOMBRE_DISTRITO":"CENTRO","MINTBARRIO":"013","NOMBRE_BARRIO":"CORTES","OBJECTID":50966178}},{"type":"Feature","id":50703253,"geometry":{"type":"Point","coordinates":[-3.6932503114884678,40.41572281496093]},"properties":{"ESA_ESPECIE":"PDA","NOMBRE_COMUN":"Plátano de sombra/Platanus x hybrida","NOMBRE_ESPECIE":"Platanus x hispanica","ALTURA":"16","MINTDISTRITO":"03","NOMBRE_DISTRITO":"RETIRO","MINTBARRIO":"035","NOMBRE_BARRIO":"LOS JERONIMOS","OBJECTID":50703253}},{"type":"Feature","id":51171911,"geometry":{"type":"Point","coordinates":[-3.6807702858203126,40.406087631009932]},"properties":{"ESA_ESPECIE":"SJA","NOMBRE_COMUN":"Acacia del Japón/Sophora japonica","NOMBRE_ESPECIE":"Styphnolobium japonicum","ALTURA":"5","MINTDISTRITO":"03","NOMBRE_DISTRITO":"RETIRO","MINTBARRIO":"031","NOMBRE_BARRIO":"PACIFICO","OBJECTID":51171911}},{"type":"Feature","id":50696767,"geometry":{"type":"Point","coordinates":[-3.6815852229487724,40.405246166949226]},"properties":{"ESA_ESPECIE":"SJA","NOMBRE_COMUN":"Acacia del Japón/Sophora japonica","NOMBRE_ESPECIE":"Styphnolobium japonicum","ALTURA":"7","MINTDISTRITO":"03","NOMBRE_DISTRITO":"RETIRO","MINTBARRIO":"031","NOMBRE_BARRIO":"PACIFICO","OBJECTID":50696767}},{"type":"Feature","id":51228562,"geometry":{"type":"Point","coordinates":[-3.6926201909585923,40.410944397929157]},"properties":{"ESA_ESPECIE":"SJA","NOMBRE_COMUN":"Acacia del Japón/Sophora japonica","NOMBRE_ESPECIE":"Styphnolobium japonicum","ALTURA":"12","MINTDISTRITO":"01","NOMBRE_DISTRITO":"CENTRO","MINTBARRIO":"013","NOMBRE_BARRIO":"CORTES","OBJECTID":51228562}},{"type":"Feature","id":50699417,"geometry":{"type":"Point","coordinates":[-3.6888996145486748,40.410404650155577]},"properties":{"ESA_ESPECIE":"PDA","NOMBRE_COMUN":"Plátano de sombra/Platanus x hybrida","NOMBRE_ESPECIE":"Platanus x hispanica","ALTURA":"6","MINTDISTRITO":"03","NOMBRE_DISTRITO":"RETIRO","MINTBARRIO":"035","NOMBRE_BARRIO":"LOS JERONIMOS","OBJECTID":50699417}},{"type":"Feature","id":51336422,"geometry":{"type":"Point","coordinates":[-3.6900865727804439,40.404658872097819]},"properties":{"ESA_ESPECIE":"SJA","NOMBRE_COMUN":"Acacia del Japón/Sophora japonica","NOMBRE_ESPECIE":"Styphnolobium japonicum","ALTURA":"4","MINTDISTRITO":"02","NOMBRE_DISTRITO":"ARGANZUELA","MINTBARRIO":"027","NOMBRE_BARRIO":"ATOCHA","OBJECTID":51336422}},{"type":"Feature","id":51349157,"geometry":{"type":"Point","coordinates":[-3.6943658418403285,40.4065534803511]},"properties":{"ESA_ESPECIE":"PDA","NOMBRE_COMUN":"Plátano de sombra/Platanus x hybrida","NOMBRE_ESPECIE":"Platanus x hispanica","ALTURA":"11","MINTDISTRITO":"02","NOMBRE_DISTRITO":"ARGANZUELA","MINTBARRIO":"026","NOMBRE_BARRIO":"PALOS DE LA FRONTERA","OBJECTID":51349157}},{"type":"Feature","id":51002282,"geometry":{"type":"Point","coordinates":[-3.6928749195917083,40.409581396153591]},"properties":{"ESA_ESPECIE":"PDA","NOMBRE_COMUN":"Plátano de sombra/Platanus x hybrida","NOMBRE_ESPECIE":"Platanus x hispanica","ALTURA":"19","MINTDISTRITO":"01","NOMBRE_DISTRITO":"CENTRO","MINTBARRIO":"013","NOMBRE_BARRIO":"CORTES","OBJECTID":51002282}},{"type":"Feature","id":50663073,"geometry":{"type":"Point","coordinates":[-3.6910573439161443,40.420907765273647]},"properties":{"ESA_ESPECIE":"TIE","NOMBRE_COMUN":"Tilo","NOMBRE_ESPECIE":"Tilia x europaea","ALTURA":"6,5","MINTDISTRITO":"04","NOMBRE_DISTRITO":"SALAMANCA","MINTBARRIO":"041","NOMBRE_BARRIO":"RECOLETOS","OBJECTID":50663073}},{"type":"Feature","id":51006118,"geometry":{"type":"Point","coordinates":[-3.6955921446568873,40.418783229913203]},"properties":{"ESA_ESPECIE":"SJA","NOMBRE_COMUN":"Acacia del Japón/Sophora japonica","NOMBRE_ESPECIE":"Styphnolobium japonicum","ALTURA":"3","MINTDISTRITO":"01","NOMBRE_DISTRITO":"CENTRO","MINTBARRIO":"013","NOMBRE_BARRIO":"CORTES","OBJECTID":51006118}},{"type":"Feature","id":51185828,"geometry":{"type":"Point","coordinates":[-3.6889541447776919,40.420638100351653]},"properties":{"ESA_ESPECIE":"PDA","NOMBRE_COMUN":"Plátano de sombra/Platanus x hybrida","NOMBRE_ESPECIE":"Platanus x hispanica","ALTURA":"9,5","MINTDISTRITO":"04","NOMBRE_DISTRITO":"SALAMANCA","MINTBARRIO":"041","NOMBRE_BARRIO":"RECOLETOS","OBJECTID":51185828}},{"type":"Feature","id":51179923,"geometry":{"type":"Point","coordinates":[-3.6793402389416237,40.407597835180894]},"properties":{"ESA_ESPECIE":"SJA","NOMBRE_COMUN":"Acacia del Japón/Sophora japonica","NOMBRE_ESPECIE":"Styphnolobium japonicum","ALTURA":"17","MINTDISTRITO":"03","NOMBRE_DISTRITO":"RETIRO","MINTBARRIO":"035","NOMBRE_BARRIO":"LOS JERONIMOS","OBJECTID":51179923}},{"type":"Feature","id":50591317,"geometry":{"type":"Point","coordinates":[-3.6824769793520065,40.408634441036313]},"properties":{"ESA_ESPECIE":"PPI","NOMBRE_COMUN":"Pino piñonero","NOMBRE_ESPECIE":"Pinus pinea","ALTURA":"7,5","MINTDISTRITO":"03","NOMBRE_DISTRITO":"RETIRO","MINTBARRIO":"035","NOMBRE_BARRIO":"LOS JERONIMOS","OBJECTID":50591317}},{"type":"Feature","id":51179336,"geometry":{"type":"Point","coordinates":[-3.6884028032141853,40.408071479196551]},"properties":{"ESA_ESPECIE":"CAR","NOMBRE_COMUN":"Ciprés de Arizona","NOMBRE_ESPECIE":"Cupressus arizonica","ALTURA":"5","MINTDISTRITO":"03","NOMBRE_DISTRITO":"RETIRO","MINTBARRIO":"035","NOMBRE_BARRIO":"LOS JERONIMOS","OBJECTID":51179336}},{"type":"Feature","id":51176926,"geometry":{"type":"Point","coordinates":[-3.6776625368799194,40.418376691806124]},"properties":{"ESA_ESPECIE":"SJA","NOMBRE_COMUN":"Acacia del Japón/Sophora japonica","NOMBRE_ESPECIE":"Styphnolobium japonicum","ALTURA":"6,5","MINTDISTRITO":"03","NOMBRE_DISTRITO":"RETIRO","MINTBARRIO":"034","NOMBRE_BARRIO":"IBIZA","OBJECTID":51176926}},{"type":"Feature","id":51215632,"geometry":{"type":"Point","coordinates":[-3.6781797256557693,40.420518902317319]},"properties":{"ESA_ESPECIE":"LJA","NOMBRE_COMUN":"Aligustre del Japón","NOMBRE_ESPECIE":"Ligustrum japonicum","ALTURA":"5","MINTDISTRITO":"03","NOMBRE_DISTRITO":"RETIRO","MINTBARRIO":"034","NOMBRE_BARRIO":"IBIZA","OBJECTID":51215632}},{"type":"Feature","id":50707435,"geometry":{"type":"Point","coordinates":[-3.6792151885879369,40.40474236248501]},"properties":{"ESA_ESPECIE":"SJA","NOMBRE_COMUN":"Acacia del Japón/Sophora japonica","NOMBRE_ESPECIE":"Styphnolobium japonicum","ALTURA":"6","MINTDISTRITO":"03","NOMBRE_DISTRITO":"RETIRO","MINTBARRIO":"031","NOMBRE_BARRIO":"PACIFICO","OBJECTID":50707435}},{"type":"Feature","id":50644092,"geometry":{"type":"Point","coordinates":[-3.6827964836738918,40.406103620481481]},"properties":{"ESA_ESPECIE":"SJA","NOMBRE_COMUN":"Acacia del Japón/Sophora japonica","NOMBRE_ESPECIE":"Styphnolobium japonicum","ALTURA":"10","MINTDISTRITO":"03","NOMBRE_DISTRITO":"RETIRO","MINTBARRIO":"031","NOMBRE_BARRIO":"PACIFICO","OBJECTID":50644092}},{"type":"Feature","id":51216219,"geometry":{"type":"Point","coordinates":[-3.6829540136926142,40.406179258150594]},"properties":{"ESA_ESPECIE":"SJA","NOMBRE_COMUN":"Acacia del Japón/Sophora japonica","NOMBRE_ESPECIE":"Styphnolobium japonicum","ALTURA":"5","MINTDISTRITO":"03","NOMBRE_DISTRITO":"RETIRO","MINTBARRIO":"031","NOMBRE_BARRIO":"PACIFICO","OBJECTID":51216219}},{"type":"Feature","id":51172844,"geometry":{"type":"Point","coordinates":[-3.6921951711165155,40.410253570267777]},"properties":{"ESA_ESPECIE":"RBX","NOMBRE_COMUN":"Robinia","NOMBRE_ESPECIE":"Robinia sp","ALTURA":"6","MINTDISTRITO":"03","NOMBRE_DISTRITO":"RETIRO","MINTBARRIO":"035","NOMBRE_BARRIO":"LOS JERONIMOS","OBJECTID":51172844}},{"type":"Feature","id":50699271,"geometry":{"type":"Point","coordinates":[-3.6893072452485285,40.412889710788484]},"properties":{"ESA_ESPECIE":"SJA","NOMBRE_COMUN":"Acacia del Japón/Sophora japonica","NOMBRE_ESPECIE":"Styphnolobium japonicum","ALTURA":"7","MINTDISTRITO":"03","NOMBRE_DISTRITO":"RETIRO","MINTBARRIO":"035","NOMBRE_BARRIO":"LOS JERONIMOS","OBJECTID":50699271}},{"type":"Feature","id":51066218,"geometry":{"type":"Point","coordinates":[-3.6902700722584605,40.413073607071027]},"properties":{"ESA_ESPECIE":"SJA","NOMBRE_COMUN":"Acacia del Japón/Sophora japonica","NOMBRE_ESPECIE":"Styphnolobium japonicum","ALTURA":"4","MINTDISTRITO":"03","NOMBRE_DISTRITO":"RETIRO","MINTBARRIO":"035","NOMBRE_BARRIO":"LOS JERONIMOS","OBJECTID":51066218}},{"type":"Feature","id":51274401,"geometry":{"type":"Point","coordinates":[-3.6903287458895244,40.412580110226344]},"properties":{"ESA_ESPECIE":"LJA","NOMBRE_COMUN":"Aligustre del Japón","NOMBRE_ESPECIE":"Ligustrum japonicum","ALTURA":"6","MINTDISTRITO":"03","NOMBRE_DISTRITO":"RETIRO","MINTBARRIO":"035","NOMBRE_BARRIO":"LOS JERONIMOS","OBJECTID":51274401}},{"type":"Feature","id":51180169,"geometry":{"type":"Point","coordinates":[-3.6776895513740713,40.406622083415705]},"properties":{"ESA_ESPECIE":"LJA","NOMBRE_COMUN":"Aligustre del Japón","NOMBRE_ESPECIE":"Ligustrum japonicum","ALTURA":"6","MINTDISTRITO":"03","NOMBRE_DISTRITO":"RETIRO","MINTBARRIO":"031","NOMBRE_BARRIO":"PACIFICO","OBJECTID":51180169}},{"type":"Feature","id":50695041,"geometry":{"type":"Point","coordinates":[-3.6777195127217048,40.41872049445066]},"properties":{"ESA_ESPECIE":"LJA","NOMBRE_COMUN":"Aligustre del Japón","NOMBRE_ESPECIE":"Ligustrum japonicum","ALTURA":"7,5","MINTDISTRITO":"03","NOMBRE_DISTRITO":"RETIRO","MINTBARRIO":"034","NOMBRE_BARRIO":"IBIZA","OBJECTID":50695041}},{"type":"Feature","id":51228616,"geometry":{"type":"Point","coordinates":[-3.6932253486450621,40.412596797346758]},"properties":{"ESA_ESPECIE":"SJA","NOMBRE_COMUN":"Acacia del Japón/Sophora japonica","NOMBRE_ESPECIE":"Styphnolobium japonicum","ALTURA":"9","MINTDISTRITO":"01","NOMBRE_DISTRITO":"CENTRO","MINTBARRIO":"013","NOMBRE_BARRIO":"CORTES","OBJECTID":51228616}},{"type":"Feature","id":50567169,"geometry":{"type":"Point","coordinates":[-3.6800533251531475,40.405815776290154]},"properties":{"ESA_ESPECIE":"PDA","NOMBRE_COMUN":"Plátano de sombra/Platanus x hybrida","NOMBRE_ESPECIE":"Platanus x hispanica","ALTURA":"4.5","MINTDISTRITO":"03","NOMBRE_DISTRITO":"RETIRO","MINTBARRIO":"031","NOMBRE_BARRIO":"PACIFICO","OBJECTID":50567169}},{"type":"Feature","id":50563677,"geometry":{"type":"Point","coordinates":[-3.692318548540702,40.418054263495783]},"properties":{"ESA_ESPECIE":"SJA","NOMBRE_COMUN":"Acacia del Japón/Sophora japonica","NOMBRE_ESPECIE":"Styphnolobium japonicum","ALTURA":"11","MINTDISTRITO":"03","NOMBRE_DISTRITO":"RETIRO","MINTBARRIO":"035","NOMBRE_BARRIO":"LOS JERONIMOS","OBJECTID":50563677}},{"type":"Feature","id":51025837,"geometry":{"type":"Point","coordinates":[-3.6905909970557871,40.416629661578845]},"properties":{"ESA_ESPECIE":"PDA","NOMBRE_COMUN":"Plátano de sombra/Platanus x hybrida","NOMBRE_ESPECIE":"Platanus x hispanica","ALTURA":"4,5","MINTDISTRITO":"03","NOMBRE_DISTRITO":"RETIRO","MINTBARRIO":"035","NOMBRE_BARRIO":"LOS JERONIMOS","OBJECTID":51025837}},{"type":"Feature","id":51183664,"geometry":{"type":"Point","coordinates":[-3.6894330004923228,40.419680359473311]},"properties":{"ESA_ESPECIE":"PDA","NOMBRE_COMUN":"Plátano de sombra/Platanus x hybrida","NOMBRE_ESPECIE":"Platanus x hispanica","ALTURA":"6","MINTDISTRITO":"03","NOMBRE_DISTRITO":"RETIRO","MINTBARRIO":"035","NOMBRE_BARRIO":"LOS JERONIMOS","OBJECTID":51183664}},{"type":"Feature","id":51412995,"geometry":{"type":"Point","coordinates":[-3.6931787320678366,40.414401013132078]},"properties":{"ESA_ESPECIE":"PDA","NOMBRE_COMUN":"Plátano de sombra/Platanus x hybrida","NOMBRE_ESPECIE":"Platanus x hispanica","ALTURA":"8,6","MINTDISTRITO":"03","NOMBRE_DISTRITO":"RETIRO","MINTBARRIO":"035","NOMBRE_BARRIO":"LOS JERONIMOS","OBJECTID":51412995}},{"type":"Feature","id":50623285,"geometry":{"type":"Point","coordinates":[-3.6890021338902024,40.420622084584807]},"properties":{"ESA_ESPECIE":"PDA","NOMBRE_COMUN":"Plátano de sombra/Platanus x hybrida","NOMBRE_ESPECIE":"Platanus x hispanica","ALTURA":"13","MINTDISTRITO":"04","NOMBRE_DISTRITO":"SALAMANCA","MINTBARRIO":"041","NOMBRE_BARRIO":"RECOLETOS","OBJECTID":50623285}},{"type":"Feature","id":51187989,"geometry":{"type":"Point","coordinates":[-3.6923844323080739,40.420109390096755]},"properties":{"ESA_ESPECIE":"PDA","NOMBRE_COMUN":"Plátano de sombra/Platanus x hybrida","NOMBRE_ESPECIE":"Platanus x hispanica","ALTURA":"23","MINTDISTRITO":"04","NOMBRE_DISTRITO":"SALAMANCA","MINTBARRIO":"041","NOMBRE_BARRIO":"RECOLETOS","OBJECTID":51187989}},{"type":"Feature","id":51227288,"geometry":{"type":"Point","coordinates":[-3.6942134461386731,40.417118600220448]},"properties":{"ESA_ESPECIE":"PDA","NOMBRE_COMUN":"Plátano de sombra/Platanus x hybrida","NOMBRE_ESPECIE":"Platanus x hispanica","ALTURA":"20","MINTDISTRITO":"01","NOMBRE_DISTRITO":"CENTRO","MINTBARRIO":"013","NOMBRE_BARRIO":"CORTES","OBJECTID":51227288}},{"type":"Feature","id":50985557,"geometry":{"type":"Point","coordinates":[-3.694851262225324,40.416786010649922]},"properties":{"ESA_ESPECIE":"PCP","NOMBRE_COMUN":"Ciruelo púrpura","NOMBRE_ESPECIE":"Prunus cerasifera  subsp. pissardii","ALTURA":"4","MINTDISTRITO":"01","NOMBRE_DISTRITO":"CENTRO","MINTBARRIO":"013","NOMBRE_BARRIO":"CORTES","OBJECTID":50985557}},{"type":"Feature","id":50564513,"geometry":{"type":"Point","coordinates":[-3.6937847426165265,40.415314717411754]},"properties":{"ESA_ESPECIE":"CSE","NOMBRE_COMUN":"Ciprés común","NOMBRE_ESPECIE":"Cupressus sempervirens","ALTURA":null,"MINTDISTRITO":"01","NOMBRE_DISTRITO":"CENTRO","MINTBARRIO":"013","NOMBRE_BARRIO":"CORTES","OBJECTID":50564513}},{"type":"Feature","id":51228862,"geometry":{"type":"Point","coordinates":[-3.6938720872082844,40.414545539442166]},"properties":{"ESA_ESPECIE":"PDA","NOMBRE_COMUN":"Plátano de sombra/Platanus x hybrida","NOMBRE_ESPECIE":"Platanus x hispanica","ALTURA":"20","MINTDISTRITO":"01","NOMBRE_DISTRITO":"CENTRO","MINTBARRIO":"013","NOMBRE_BARRIO":"CORTES","OBJECTID":51228862}},{"type":"Feature","id":51186515,"geometry":{"type":"Point","coordinates":[-3.6955760659579973,40.408923498550919]},"properties":{"ESA_ESPECIE":"LJV","NOMBRE_COMUN":"Aligustre variegado","NOMBRE_ESPECIE":"Ligustrum japonicum 'Variegatum'","ALTURA":"6","MINTDISTRITO":"01","NOMBRE_DISTRITO":"CENTRO","MINTBARRIO":"012","NOMBRE_BARRIO":"EMBAJADORES","OBJECTID":51186515}},{"type":"Feature","id":51329437,"geometry":{"type":"Point","coordinates":[-3.69254236498299,40.404132816431982]},"properties":{"ESA_ESPECIE":"CAU","NOMBRE_COMUN":"Almez","NOMBRE_ESPECIE":"Celtis australis","ALTURA":"5","MINTDISTRITO":"02","NOMBRE_DISTRITO":"ARGANZUELA","MINTBARRIO":"026","NOMBRE_BARRIO":"PALOS DE LA FRONTERA","OBJECTID":51329437}},{"type":"Feature","id":50629336,"geometry":{"type":"Point","coordinates":[-3.6958521315658324,40.404317576839247]},"properties":{"ESA_ESPECIE":"UPU","NOMBRE_COMUN":"Olmo de Siberia","NOMBRE_ESPECIE":"Ulmus pumila","ALTURA":"16","MINTDISTRITO":"02","NOMBRE_DISTRITO":"ARGANZUELA","MINTBARRIO":"026","NOMBRE_BARRIO":"PALOS DE LA FRONTERA","OBJECTID":50629336}},{"type":"Feature","id":51309223,"geometry":{"type":"Point","coordinates":[-3.6919187513970027,40.405944335781548]},"properties":{"ESA_ESPECIE":"SJA","NOMBRE_COMUN":"Acacia del Japón/Sophora japonica","NOMBRE_ESPECIE":"Styphnolobium japonicum","ALTURA":"6,5","MINTDISTRITO":"02","NOMBRE_DISTRITO":"ARGANZUELA","MINTBARRIO":"026","NOMBRE_BARRIO":"PALOS DE LA FRONTERA","OBJECTID":51309223}},{"type":"Feature","id":51350339,"geometry":{"type":"Point","coordinates":[-3.6953634749899895,40.405103143013065]},"properties":{"ESA_ESPECIE":"PDA","NOMBRE_COMUN":"Plátano de sombra/Platanus x hybrida","NOMBRE_ESPECIE":"Platanus x hispanica","ALTURA":"4,5","MINTDISTRITO":"02","NOMBRE_DISTRITO":"ARGANZUELA","MINTBARRIO":"026","NOMBRE_BARRIO":"PALOS DE LA FRONTERA","OBJECTID":51350339}},{"type":"Feature","id":51381225,"geometry":{"type":"Point","coordinates":[-3.6959163779075381,40.420368653659999]},"properties":{"ESA_ESPECIE":"MFL","NOMBRE_COMUN":"Manzano japonés","NOMBRE_ESPECIE":"Malus floribunda","ALTURA":"3","MINTDISTRITO":"01","NOMBRE_DISTRITO":"CENTRO","MINTBARRIO":"014","NOMBRE_BARRIO":"JUSTICIA","OBJECTID":51381225}},{"type":"Feature","id":51016740,"geometry":{"type":"Point","coordinates":[-3.6960952726576077,40.417611963180491]},"properties":{"ESA_ESPECIE":"CBI","NOMBRE_COMUN":"Catalpa","NOMBRE_ESPECIE":"Catalpa bignonioides","ALTURA":"4,5","MINTDISTRITO":"01","NOMBRE_DISTRITO":"CENTRO","MINTBARRIO":"013","NOMBRE_BARRIO":"CORTES","OBJECTID":51016740}},{"type":"Feature","id":51181351,"geometry":{"type":"Point","coordinates":[-3.6776327036003473,40.420981201678146]},"properties":{"ESA_ESPECIE":"LJA","NOMBRE_COMUN":"Aligustre del Japón","NOMBRE_ESPECIE":"Ligustrum japonicum","ALTURA":"3,5","MINTDISTRITO":"03","NOMBRE_DISTRITO":"RETIRO","MINTBARRIO":"034","NOMBRE_BARRIO":"IBIZA","OBJECTID":51181351}},{"type":"Feature","id":51172203,"geometry":{"type":"Point","coordinates":[-3.6827079703634391,40.406219549275541]},"properties":{"ESA_ESPECIE":"SJA","NOMBRE_COMUN":"Acacia del Japón/Sophora japonica","NOMBRE_ESPECIE":"Styphnolobium japonicum","ALTURA":"3","MINTDISTRITO":"03","NOMBRE_DISTRITO":"RETIRO","MINTBARRIO":"031","NOMBRE_BARRIO":"PACIFICO","OBJECTID":51172203}},{"type":"Feature","id":51085004,"geometry":{"type":"Point","coordinates":[-3.6866187123510454,40.406261392230128]},"properties":{"ESA_ESPECIE":"SJA","NOMBRE_COMUN":"Acacia del Japón/Sophora japonica","NOMBRE_ESPECIE":"Styphnolobium japonicum","ALTURA":"18","MINTDISTRITO":"03","NOMBRE_DISTRITO":"RETIRO","MINTBARRIO":"031","NOMBRE_BARRIO":"PACIFICO","OBJECTID":51085004}},{"type":"Feature","id":51216319,"geometry":{"type":"Point","coordinates":[-3.6798261613574641,40.407246436447004]},"properties":{"ESA_ESPECIE":"PDA","NOMBRE_COMUN":"Plátano de sombra/Platanus x hybrida","NOMBRE_ESPECIE":"Platanus x hispanica","ALTURA":"5,5","MINTDISTRITO":"03","NOMBRE_DISTRITO":"RETIRO","MINTBARRIO":"031","NOMBRE_BARRIO":"PACIFICO","OBJECTID":51216319}},{"type":"Feature","id":51171859,"geometry":{"type":"Point","coordinates":[-3.6825549543629066,40.406789068804031]},"properties":{"ESA_ESPECIE":"PDA","NOMBRE_COMUN":"Plátano de sombra/Platanus x hybrida","NOMBRE_ESPECIE":"Platanus x hispanica","ALTURA":"16","MINTDISTRITO":"03","NOMBRE_DISTRITO":"RETIRO","MINTBARRIO":"031","NOMBRE_BARRIO":"PACIFICO","OBJECTID":51171859}},{"type":"Feature","id":50693715,"geometry":{"type":"Point","coordinates":[-3.6847780398317922,40.407537045628104]},"properties":{"ESA_ESPECIE":"LJA","NOMBRE_COMUN":"Aligustre del Japón","NOMBRE_ESPECIE":"Ligustrum japonicum","ALTURA":"4","MINTDISTRITO":"03","NOMBRE_DISTRITO":"RETIRO","MINTBARRIO":"035","NOMBRE_BARRIO":"LOS JERONIMOS","OBJECTID":50693715}},{"type":"Feature","id":51215532,"geometry":{"type":"Point","coordinates":[-3.6909034297951284,40.416666173499721]},"properties":{"ESA_ESPECIE":"PDA","NOMBRE_COMUN":"Plátano de sombra/Platanus x hybrida","NOMBRE_ESPECIE":"Platanus x hispanica","ALTURA":"6","MINTDISTRITO":"03","NOMBRE_DISTRITO":"RETIRO","MINTBARRIO":"035","NOMBRE_BARRIO":"LOS JERONIMOS","OBJECTID":51215532}},{"type":"Feature","id":51407685,"geometry":{"type":"Point","coordinates":[-3.69012645012105,40.419635798645622]},"properties":{"ESA_ESPECIE":"PDA","NOMBRE_COMUN":"Plátano de sombra/Platanus x hybrida","NOMBRE_ESPECIE":"Platanus x hispanica","ALTURA":"5,5","MINTDISTRITO":"03","NOMBRE_DISTRITO":"RETIRO","MINTBARRIO":"035","NOMBRE_BARRIO":"LOS JERONIMOS","OBJECTID":51407685}},{"type":"Feature","id":50657468,"geometry":{"type":"Point","coordinates":[-3.6905769405349571,40.419884506019379]},"properties":{"ESA_ESPECIE":"SJA","NOMBRE_COMUN":"Acacia del Japón/Sophora japonica","NOMBRE_ESPECIE":"Styphnolobium japonicum","ALTURA":"7","MINTDISTRITO":"04","NOMBRE_DISTRITO":"SALAMANCA","MINTBARRIO":"041","NOMBRE_BARRIO":"RECOLETOS","OBJECTID":50657468}},{"type":"Feature","id":51412849,"geometry":{"type":"Point","coordinates":[-3.6921532308918099,40.410076955554977]},"properties":{"ESA_ESPECIE":"SJA","NOMBRE_COMUN":"Acacia del Japón/Sophora japonica","NOMBRE_ESPECIE":"Styphnolobium japonicum","ALTURA":"10","MINTDISTRITO":"03","NOMBRE_DISTRITO":"RETIRO","MINTBARRIO":"035","NOMBRE_BARRIO":"LOS JERONIMOS","OBJECTID":51412849}},{"type":"Feature","id":51013248,"geometry":{"type":"Point","coordinates":[-3.6904694632137596,40.412637909884353]},"properties":{"ESA_ESPECIE":"SJA","NOMBRE_COMUN":"Acacia del Japón/Sophora japonica","NOMBRE_ESPECIE":"Styphnolobium japonicum","ALTURA":"3,5","MINTDISTRITO":"03","NOMBRE_DISTRITO":"RETIRO","MINTBARRIO":"035","NOMBRE_BARRIO":"LOS JERONIMOS","OBJECTID":51013248}},{"type":"Feature","id":50984870,"geometry":{"type":"Point","coordinates":[-3.6955870110528846,40.41787391506589]},"properties":{"ESA_ESPECIE":"LJA","NOMBRE_COMUN":"Aligustre del Japón","NOMBRE_ESPECIE":"Ligustrum japonicum","ALTURA":"6","MINTDISTRITO":"01","NOMBRE_DISTRITO":"CENTRO","MINTBARRIO":"013","NOMBRE_BARRIO":"CORTES","OBJECTID":50984870}},{"type":"Feature","id":51180269,"geometry":{"type":"Point","coordinates":[-3.6802421853834946,40.404130537214741]},"properties":{"ESA_ESPECIE":"PDA","NOMBRE_COMUN":"Plátano de sombra/Platanus x hybrida","NOMBRE_ESPECIE":"Platanus x hispanica","ALTURA":"8","MINTDISTRITO":"03","NOMBRE_DISTRITO":"RETIRO","MINTBARRIO":"031","NOMBRE_BARRIO":"PACIFICO","OBJECTID":51180269}},{"type":"Feature","id":51228516,"geometry":{"type":"Point","coordinates":[-3.6932493074667931,40.419922143645181]},"properties":{"ESA_ESPECIE":"SJA","NOMBRE_COMUN":"Acacia del Japón/Sophora japonica","NOMBRE_ESPECIE":"Styphnolobium japonicum","ALTURA":"11","MINTDISTRITO":"01","NOMBRE_DISTRITO":"CENTRO","MINTBARRIO":"014","NOMBRE_BARRIO":"JUSTICIA","OBJECTID":51228516}},{"type":"Feature","id":51010789,"geometry":{"type":"Point","coordinates":[-3.694902933871306,40.419225943618969]},"properties":{"ESA_ESPECIE":"SJA","NOMBRE_COMUN":"Acacia del Japón/Sophora japonica","NOMBRE_ESPECIE":"Styphnolobium japonicum","ALTURA":"13","MINTDISTRITO":"01","NOMBRE_DISTRITO":"CENTRO","MINTBARRIO":"014","NOMBRE_BARRIO":"JUSTICIA","OBJECTID":51010789}},{"type":"Feature","id":50709158,"geometry":{"type":"Point","coordinates":[-3.6803679496894834,40.406709831916139]},"properties":{"ESA_ESPECIE":"SJA","NOMBRE_COMUN":"Acacia del Japón/Sophora japonica","NOMBRE_ESPECIE":"Styphnolobium japonicum","ALTURA":"7","MINTDISTRITO":"03","NOMBRE_DISTRITO":"RETIRO","MINTBARRIO":"031","NOMBRE_BARRIO":"PACIFICO","OBJECTID":50709158}},{"type":"Feature","id":50693813,"geometry":{"type":"Point","coordinates":[-3.6918079490759856,40.418246239543379]},"properties":{"ESA_ESPECIE":"PCY","NOMBRE_COMUN":"Peral de flor","NOMBRE_ESPECIE":"Pyrus calleryana","ALTURA":"5,5","MINTDISTRITO":"03","NOMBRE_DISTRITO":"RETIRO","MINTBARRIO":"035","NOMBRE_BARRIO":"LOS JERONIMOS","OBJECTID":50693813}},{"type":"Feature","id":51009478,"geometry":{"type":"Point","coordinates":[-3.6939323373359088,40.409768803367768]},"properties":{"ESA_ESPECIE":"PDA","NOMBRE_COMUN":"Plátano de sombra/Platanus x hybrida","NOMBRE_ESPECIE":"Platanus x hispanica","ALTURA":"4,5","MINTDISTRITO":"01","NOMBRE_DISTRITO":"CENTRO","MINTBARRIO":"012","NOMBRE_BARRIO":"EMBAJADORES","OBJECTID":51009478}},{"type":"Feature","id":51384983,"geometry":{"type":"Point","coordinates":[-3.6934076918467844,40.406692141164982]},"properties":{"ESA_ESPECIE":"PDA","NOMBRE_COMUN":"Plátano de sombra/Platanus x hybrida","NOMBRE_ESPECIE":"Platanus x hispanica","ALTURA":"13","MINTDISTRITO":"02","NOMBRE_DISTRITO":"ARGANZUELA","MINTBARRIO":"026","NOMBRE_BARRIO":"PALOS DE LA FRONTERA","OBJECTID":51384983}},{"type":"Feature","id":50585452,"geometry":{"type":"Point","coordinates":[-3.6920069174269763,40.404876657529968]},"properties":{"ESA_ESPECIE":"UMI","NOMBRE_COMUN":"Olmo común","NOMBRE_ESPECIE":"Ulmus minor","ALTURA":"14.5","MINTDISTRITO":"02","NOMBRE_DISTRITO":"ARGANZUELA","MINTBARRIO":"026","NOMBRE_BARRIO":"PALOS DE LA FRONTERA","OBJECTID":50585452}},{"type":"Feature","id":51381663,"geometry":{"type":"Point","coordinates":[-3.6932418187159124,40.405782770101695]},"properties":{"ESA_ESPECIE":"PDA","NOMBRE_COMUN":"Plátano de sombra/Platanus x hybrida","NOMBRE_ESPECIE":"Platanus x hispanica","ALTURA":"12,5","MINTDISTRITO":"02","NOMBRE_DISTRITO":"ARGANZUELA","MINTBARRIO":"026","NOMBRE_BARRIO":"PALOS DE LA FRONTERA","OBJECTID":51381663}},{"type":"Feature","id":51351355,"geometry":{"type":"Point","coordinates":[-3.689602416826991,40.407479939850468]},"properties":{"ESA_ESPECIE":"PCY","NOMBRE_COMUN":"Peral de flor","NOMBRE_ESPECIE":"Pyrus calleryana","ALTURA":"4,5","MINTDISTRITO":"03","NOMBRE_DISTRITO":"RETIRO","MINTBARRIO":"035","NOMBRE_BARRIO":"LOS JERONIMOS","OBJECTID":51351355}},{"type":"Feature","id":51346778,"geometry":{"type":"Point","coordinates":[-3.6899953018530209,40.40968146408278]},"properties":{"ESA_ESPECIE":"AHI","NOMBRE_COMUN":"Castaño de indias","NOMBRE_ESPECIE":"Aesculus hippocastanum","ALTURA":"6,5","MINTDISTRITO":"03","NOMBRE_DISTRITO":"RETIRO","MINTBARRIO":"035","NOMBRE_BARRIO":"LOS JERONIMOS","OBJECTID":51346778}},{"type":"Feature","id":51179207,"geometry":{"type":"Point","coordinates":[-3.688211451596481,40.408000599895551]},"properties":{"ESA_ESPECIE":"PHA","NOMBRE_COMUN":"Pino carrasco","NOMBRE_ESPECIE":"Pinus halepensis","ALTURA":"6,5","MINTDISTRITO":"03","NOMBRE_DISTRITO":"RETIRO","MINTBARRIO":"035","NOMBRE_BARRIO":"LOS JERONIMOS","OBJECTID":51179207}},{"type":"Feature","id":51066418,"geometry":{"type":"Point","coordinates":[-3.6786150453568869,40.419599488435814]},"properties":{"ESA_ESPECIE":"LJA","NOMBRE_COMUN":"Aligustre del Japón","NOMBRE_ESPECIE":"Ligustrum japonicum","ALTURA":"5,5","MINTDISTRITO":"03","NOMBRE_DISTRITO":"RETIRO","MINTBARRIO":"034","NOMBRE_BARRIO":"IBIZA","OBJECTID":51066418}},{"type":"Feature","id":51216250,"geometry":{"type":"Point","coordinates":[-3.6835334289098154,40.405274053811034]},"properties":{"ESA_ESPECIE":"PDA","NOMBRE_COMUN":"Plátano de sombra/Platanus x hybrida","NOMBRE_ESPECIE":"Platanus x hispanica","ALTURA":"17","MINTDISTRITO":"03","NOMBRE_DISTRITO":"RETIRO","MINTBARRIO":"031","NOMBRE_BARRIO":"PACIFICO","OBJECTID":51216250}},{"type":"Feature","id":51035707,"geometry":{"type":"Point","coordinates":[-3.6839238244397778,40.408609224979834]},"properties":{"ESA_ESPECIE":"PPI","NOMBRE_COMUN":"Pino piñonero","NOMBRE_ESPECIE":"Pinus pinea","ALTURA":"11","MINTDISTRITO":"03","NOMBRE_DISTRITO":"RETIRO","MINTBARRIO":"035","NOMBRE_BARRIO":"LOS JERONIMOS","OBJECTID":51035707}},{"type":"Feature","id":51273949,"geometry":{"type":"Point","coordinates":[-3.6839595104139016,40.408524175556124]},"properties":{"ESA_ESPECIE":"PPI","NOMBRE_COMUN":"Pino piñonero","NOMBRE_ESPECIE":"Pinus pinea","ALTURA":"7","MINTDISTRITO":"03","NOMBRE_DISTRITO":"RETIRO","MINTBARRIO":"035","NOMBRE_BARRIO":"LOS JERONIMOS","OBJECTID":51273949}},{"type":"Feature","id":51277530,"geometry":{"type":"Point","coordinates":[-3.6879297882457038,40.408019960868032]},"properties":{"ESA_ESPECIE":"PPI","NOMBRE_COMUN":"Pino piñonero","NOMBRE_ESPECIE":"Pinus pinea","ALTURA":"1","MINTDISTRITO":"03","NOMBRE_DISTRITO":"RETIRO","MINTBARRIO":"035","NOMBRE_BARRIO":"LOS JERONIMOS","OBJECTID":51277530}},{"type":"Feature","id":51066252,"geometry":{"type":"Point","coordinates":[-3.6914414731912855,40.41565454731731]},"properties":{"ESA_ESPECIE":"SJA","NOMBRE_COMUN":"Acacia del Japón/Sophora japonica","NOMBRE_ESPECIE":"Styphnolobium japonicum","ALTURA":"3,5","MINTDISTRITO":"03","NOMBRE_DISTRITO":"RETIRO","MINTBARRIO":"035","NOMBRE_BARRIO":"LOS JERONIMOS","OBJECTID":51066252}},{"type":"Feature","id":51412872,"geometry":{"type":"Point","coordinates":[-3.692618489164214,40.41186014244542]},"properties":{"ESA_ESPECIE":"PDA","NOMBRE_COMUN":"Plátano de sombra/Platanus x hybrida","NOMBRE_ESPECIE":"Platanus x hispanica","ALTURA":"23","MINTDISTRITO":"03","NOMBRE_DISTRITO":"RETIRO","MINTBARRIO":"035","NOMBRE_BARRIO":"LOS JERONIMOS","OBJECTID":51412872}},{"type":"Feature","id":51014316,"geometry":{"type":"Point","coordinates":[-3.6782054021204877,40.418408724984033]},"properties":{"ESA_ESPECIE":"SJA","NOMBRE_COMUN":"Acacia del Japón/Sophora japonica","NOMBRE_ESPECIE":"Styphnolobium japonicum","ALTURA":"4,5","MINTDISTRITO":"03","NOMBRE_DISTRITO":"RETIRO","MINTBARRIO":"034","NOMBRE_BARRIO":"IBIZA","OBJECTID":51014316}},{"type":"Feature","id":50664945,"geometry":{"type":"Point","coordinates":[-3.6852309779479282,40.420875777401996]},"properties":{"ESA_ESPECIE":"SJA","NOMBRE_COMUN":"Acacia del Japón/Sophora japonica","NOMBRE_ESPECIE":"Styphnolobium japonicum","ALTURA":"7,5","MINTDISTRITO":"04","NOMBRE_DISTRITO":"SALAMANCA","MINTBARRIO":"041","NOMBRE_BARRIO":"RECOLETOS","OBJECTID":50664945}},{"type":"Feature","id":51370588,"geometry":{"type":"Point","coordinates":[-3.6775717027980335,40.420278691560988]},"properties":{"ESA_ESPECIE":"LJA","NOMBRE_COMUN":"Aligustre del Japón","NOMBRE_ESPECIE":"Ligustrum japonicum","ALTURA":"3","MINTDISTRITO":"03","NOMBRE_DISTRITO":"RETIRO","MINTBARRIO":"034","NOMBRE_BARRIO":"IBIZA","OBJECTID":51370588}},{"type":"Feature","id":51228748,"geometry":{"type":"Point","coordinates":[-3.6938434296376328,40.414328241987789]},"properties":{"ESA_ESPECIE":"SJA","NOMBRE_COMUN":"Acacia del Japón/Sophora japonica","NOMBRE_ESPECIE":"Styphnolobium japonicum","ALTURA":"20","MINTDISTRITO":"01","NOMBRE_DISTRITO":"CENTRO","MINTBARRIO":"013","NOMBRE_BARRIO":"CORTES","OBJECTID":51228748}},{"type":"Feature","id":51171974,"geometry":{"type":"Point","coordinates":[-3.6814900350362514,40.404384911599635]},"properties":{"ESA_ESPECIE":"PDA","NOMBRE_COMUN":"Plátano de sombra/Platanus x hybrida","NOMBRE_ESPECIE":"Platanus x hispanica","ALTURA":"16","MINTDISTRITO":"03","NOMBRE_DISTRITO":"RETIRO","MINTBARRIO":"031","NOMBRE_BARRIO":"PACIFICO","OBJECTID":51171974}},{"type":"Feature","id":51031130,"geometry":{"type":"Point","coordinates":[-3.6916084597022749,40.41786384596822]},"properties":{"ESA_ESPECIE":"SJA","NOMBRE_COMUN":"Acacia del Japón/Sophora japonica","NOMBRE_ESPECIE":"Styphnolobium japonicum","ALTURA":"6","MINTDISTRITO":"03","NOMBRE_DISTRITO":"RETIRO","MINTBARRIO":"035","NOMBRE_BARRIO":"LOS JERONIMOS","OBJECTID":51031130}},{"type":"Feature","id":50696984,"geometry":{"type":"Point","coordinates":[-3.6912005653374047,40.418004375888707]},"properties":{"ESA_ESPECIE":"LJA","NOMBRE_COMUN":"Aligustre del Japón","NOMBRE_ESPECIE":"Ligustrum japonicum","ALTURA":"4,5","MINTDISTRITO":"03","NOMBRE_DISTRITO":"RETIRO","MINTBARRIO":"035","NOMBRE_BARRIO":"LOS JERONIMOS","OBJECTID":50696984}},{"type":"Feature","id":50693664,"geometry":{"type":"Point","coordinates":[-3.690668306403956,40.417376473127163]},"properties":{"ESA_ESPECIE":"SJA","NOMBRE_COMUN":"Acacia del Japón/Sophora japonica","NOMBRE_ESPECIE":"Styphnolobium japonicum","ALTURA":"9","MINTDISTRITO":"03","NOMBRE_DISTRITO":"RETIRO","MINTBARRIO":"035","NOMBRE_BARRIO":"LOS JERONIMOS","OBJECTID":50693664}},{"type":"Feature","id":51288344,"geometry":{"type":"Point","coordinates":[-3.689040898667288,40.419470921421521]},"properties":{"ESA_ESPECIE":"PDA","NOMBRE_COMUN":"Plátano de sombra/Platanus x hybrida","NOMBRE_ESPECIE":"Platanus x hispanica","ALTURA":"11","MINTDISTRITO":"03","NOMBRE_DISTRITO":"RETIRO","MINTBARRIO":"035","NOMBRE_BARRIO":"LOS JERONIMOS","OBJECTID":51288344}},{"type":"Feature","id":51014482,"geometry":{"type":"Point","coordinates":[-3.6928778693897386,40.409073790170019]},"properties":{"ESA_ESPECIE":"LJV","NOMBRE_COMUN":"Aligustre variegado","NOMBRE_ESPECIE":"Ligustrum japonicum 'Variegatum'","ALTURA":"7","MINTDISTRITO":"01","NOMBRE_DISTRITO":"CENTRO","MINTBARRIO":"012","NOMBRE_BARRIO":"EMBAJADORES","OBJECTID":51014482}},{"type":"Feature","id":50653206,"geometry":{"type":"Point","coordinates":[-3.690757644636252,40.420825051476761]},"properties":{"ESA_ESPECIE":"ASA","NOMBRE_COMUN":"Arce del azúcar","NOMBRE_ESPECIE":"Acer saccharinum","ALTURA":"7","MINTDISTRITO":"04","NOMBRE_DISTRITO":"SALAMANCA","MINTBARRIO":"041","NOMBRE_BARRIO":"RECOLETOS","OBJECTID":50653206}},{"type":"Feature","id":51228487,"geometry":{"type":"Point","coordinates":[-3.6930068008944259,40.420211418345268]},"properties":{"ESA_ESPECIE":"MGR","NOMBRE_COMUN":"Magnolio","NOMBRE_ESPECIE":"Magnolia grandiflora","ALTURA":"10","MINTDISTRITO":"01","NOMBRE_DISTRITO":"CENTRO","MINTBARRIO":"014","NOMBRE_BARRIO":"JUSTICIA","OBJECTID":51228487}},{"type":"Feature","id":51227325,"geometry":{"type":"Point","coordinates":[-3.6941337606761775,40.416770581766578]},"properties":{"ESA_ESPECIE":"PDA","NOMBRE_COMUN":"Plátano de sombra/Platanus x hybrida","NOMBRE_ESPECIE":"Platanus x hispanica","ALTURA":"10","MINTDISTRITO":"01","NOMBRE_DISTRITO":"CENTRO","MINTBARRIO":"013","NOMBRE_BARRIO":"CORTES","OBJECTID":51227325}},{"type":"Feature","id":50985502,"geometry":{"type":"Point","coordinates":[-3.6955169325451016,40.417398524020271]},"properties":{"ESA_ESPECIE":"LJA","NOMBRE_COMUN":"Aligustre del Japón","NOMBRE_ESPECIE":"Ligustrum japonicum","ALTURA":"8,5","MINTDISTRITO":"01","NOMBRE_DISTRITO":"CENTRO","MINTBARRIO":"013","NOMBRE_BARRIO":"CORTES","OBJECTID":50985502}},{"type":"Feature","id":50984861,"geometry":{"type":"Point","coordinates":[-3.6936987137439843,40.409663709234522]},"properties":{"ESA_ESPECIE":"PDA","NOMBRE_COMUN":"Plátano de sombra/Platanus x hybrida","NOMBRE_ESPECIE":"Platanus x hispanica","ALTURA":"10","MINTDISTRITO":"01","NOMBRE_DISTRITO":"CENTRO","MINTBARRIO":"012","NOMBRE_BARRIO":"EMBAJADORES","OBJECTID":50984861}},{"type":"Feature","id":50991525,"geometry":{"type":"Point","coordinates":[-3.6953334159389262,40.408360441514965]},"properties":{"ESA_ESPECIE":"RPS","NOMBRE_COMUN":"Falsa acacia","NOMBRE_ESPECIE":"Robinia pseudoacacia","ALTURA":"8","MINTDISTRITO":"01","NOMBRE_DISTRITO":"CENTRO","MINTBARRIO":"012","NOMBRE_BARRIO":"EMBAJADORES","OBJECTID":50991525}},{"type":"Feature","id":51336319,"geometry":{"type":"Point","coordinates":[-3.6910864436842594,40.405386796602535]},"properties":{"ESA_ESPECIE":"UPU","NOMBRE_COMUN":"Olmo de Siberia","NOMBRE_ESPECIE":"Ulmus pumila","ALTURA":"13","MINTDISTRITO":"02","NOMBRE_DISTRITO":"ARGANZUELA","MINTBARRIO":"026","NOMBRE_BARRIO":"PALOS DE LA FRONTERA","OBJECTID":51336319}},{"type":"Feature","id":50696392,"geometry":{"type":"Point","coordinates":[-3.6888100896332729,40.408191027204396]},"properties":{"ESA_ESPECIE":"PDA","NOMBRE_COMUN":"Plátano de sombra/Platanus x hybrida","NOMBRE_ESPECIE":"Platanus x hispanica","ALTURA":"14","MINTDISTRITO":"03","NOMBRE_DISTRITO":"RETIRO","MINTBARRIO":"035","NOMBRE_BARRIO":"LOS JERONIMOS","OBJECTID":50696392}},{"type":"Feature","id":51346801,"geometry":{"type":"Point","coordinates":[-3.6905929626011371,40.409534516708852]},"properties":{"ESA_ESPECIE":"AHI","NOMBRE_COMUN":"Castaño de indias","NOMBRE_ESPECIE":"Aesculus hippocastanum","ALTURA":"7","MINTDISTRITO":"03","NOMBRE_DISTRITO":"RETIRO","MINTBARRIO":"035","NOMBRE_BARRIO":"LOS JERONIMOS","OBJECTID":51346801}},{"type":"Feature","id":50694849,"geometry":{"type":"Point","coordinates":[-3.6887401004726175,40.420797178024095]},"properties":{"ESA_ESPECIE":"PDA","NOMBRE_COMUN":"Plátano de sombra/Platanus x hybrida","NOMBRE_ESPECIE":"Platanus x hispanica","ALTURA":"12","MINTDISTRITO":"04","NOMBRE_DISTRITO":"SALAMANCA","MINTBARRIO":"041","NOMBRE_BARRIO":"RECOLETOS","OBJECTID":50694849}},{"type":"Feature","id":50564868,"geometry":{"type":"Point","coordinates":[-3.6832775324863469,40.408621244351004]},"properties":{"ESA_ESPECIE":"PPI","NOMBRE_COMUN":"Pino piñonero","NOMBRE_ESPECIE":"Pinus pinea","ALTURA":"2,5","MINTDISTRITO":"03","NOMBRE_DISTRITO":"RETIRO","MINTBARRIO":"035","NOMBRE_BARRIO":"LOS JERONIMOS","OBJECTID":50564868}},{"type":"Feature","id":50591334,"geometry":{"type":"Point","coordinates":[-3.6826003297106982,40.408817858089137]},"properties":{"ESA_ESPECIE":"PPI","NOMBRE_COMUN":"Pino piñonero","NOMBRE_ESPECIE":"Pinus pinea","ALTURA":"9","MINTDISTRITO":"03","NOMBRE_DISTRITO":"RETIRO","MINTBARRIO":"035","NOMBRE_BARRIO":"LOS JERONIMOS","OBJECTID":50591334}},{"type":"Feature","id":50564702,"geometry":{"type":"Point","coordinates":[-3.6884349177109939,40.407966143238326]},"properties":{"ESA_ESPECIE":"PHA","NOMBRE_COMUN":"Pino carrasco","NOMBRE_ESPECIE":"Pinus halepensis","ALTURA":"4","MINTDISTRITO":"03","NOMBRE_DISTRITO":"RETIRO","MINTBARRIO":"035","NOMBRE_BARRIO":"LOS JERONIMOS","OBJECTID":50564702}},{"type":"Feature","id":51093288,"geometry":{"type":"Point","coordinates":[-3.6927881711461956,40.412963167217846]},"properties":{"ESA_ESPECIE":"SJA","NOMBRE_COMUN":"Acacia del Japón/Sophora japonica","NOMBRE_ESPECIE":"Styphnolobium japonicum","ALTURA":"13","MINTDISTRITO":"03","NOMBRE_DISTRITO":"RETIRO","MINTBARRIO":"035","NOMBRE_BARRIO":"LOS JERONIMOS","OBJECTID":51093288}},{"type":"Feature","id":51183690,"geometry":{"type":"Point","coordinates":[-3.6878560745123292,40.41998611370235]},"properties":{"ESA_ESPECIE":"PDA","NOMBRE_COMUN":"Plátano de sombra/Platanus x hybrida","NOMBRE_ESPECIE":"Platanus x hispanica","ALTURA":"16","MINTDISTRITO":"03","NOMBRE_DISTRITO":"RETIRO","MINTBARRIO":"035","NOMBRE_BARRIO":"LOS JERONIMOS","OBJECTID":51183690}},{"type":"Feature","id":51216273,"geometry":{"type":"Point","coordinates":[-3.6792318269678295,40.404845346505724]},"properties":{"ESA_ESPECIE":"SJA","NOMBRE_COMUN":"Acacia del Japón/Sophora japonica","NOMBRE_ESPECIE":"Styphnolobium japonicum","ALTURA":"5,5","MINTDISTRITO":"03","NOMBRE_DISTRITO":"RETIRO","MINTBARRIO":"031","NOMBRE_BARRIO":"PACIFICO","OBJECTID":51216273}},{"type":"Feature","id":51182479,"geometry":{"type":"Point","coordinates":[-3.6832869393968979,40.40656810440607]},"properties":{"ESA_ESPECIE":"MEA","NOMBRE_COMUN":"Cinamomo","NOMBRE_ESPECIE":"Melia azedarach","ALTURA":"4,5","MINTDISTRITO":"03","NOMBRE_DISTRITO":"RETIRO","MINTBARRIO":"031","NOMBRE_BARRIO":"PACIFICO","OBJECTID":51182479}},{"type":"Feature","id":50590670,"geometry":{"type":"Point","coordinates":[-3.6829529172899917,40.408625324412064]},"properties":{"ESA_ESPECIE":"PCP","NOMBRE_COMUN":"Ciruelo púrpura","NOMBRE_ESPECIE":"Prunus cerasifera  subsp. pissardii","ALTURA":"4","MINTDISTRITO":"03","NOMBRE_DISTRITO":"RETIRO","MINTBARRIO":"035","NOMBRE_BARRIO":"LOS JERONIMOS","OBJECTID":50590670}},{"type":"Feature","id":50986072,"geometry":{"type":"Point","coordinates":[-3.6957599470094551,40.418318506797497]},"properties":{"ESA_ESPECIE":"LJA","NOMBRE_COMUN":"Aligustre del Japón","NOMBRE_ESPECIE":"Ligustrum japonicum","ALTURA":"6","MINTDISTRITO":"01","NOMBRE_DISTRITO":"CENTRO","MINTBARRIO":"013","NOMBRE_BARRIO":"CORTES","OBJECTID":50986072}},{"type":"Feature","id":51185848,"geometry":{"type":"Point","coordinates":[-3.689581009004594,40.420141460449173]},"properties":{"ESA_ESPECIE":"PDA","NOMBRE_COMUN":"Plátano de sombra/Platanus x hybrida","NOMBRE_ESPECIE":"Platanus x hispanica","ALTURA":"12","MINTDISTRITO":"04","NOMBRE_DISTRITO":"SALAMANCA","MINTBARRIO":"041","NOMBRE_BARRIO":"RECOLETOS","OBJECTID":51185848}},{"type":"Feature","id":50985525,"geometry":{"type":"Point","coordinates":[-3.6945655398642097,40.416742988560159]},"properties":{"ESA_ESPECIE":"PCP","NOMBRE_COMUN":"Ciruelo púrpura","NOMBRE_ESPECIE":"Prunus cerasifera  subsp. pissardii","ALTURA":"3,5","MINTDISTRITO":"01","NOMBRE_DISTRITO":"CENTRO","MINTBARRIO":"013","NOMBRE_BARRIO":"CORTES","OBJECTID":50985525}},{"type":"Feature","id":51228464,"geometry":{"type":"Point","coordinates":[-3.6943007705846389,40.415793674033829]},"properties":{"ESA_ESPECIE":"SJA","NOMBRE_COMUN":"Acacia del Japón/Sophora japonica","NOMBRE_ESPECIE":"Styphnolobium japonicum","ALTURA":"7","MINTDISTRITO":"01","NOMBRE_DISTRITO":"CENTRO","MINTBARRIO":"013","NOMBRE_BARRIO":"CORTES","OBJECTID":51228464}},{"type":"Feature","id":51182528,"geometry":{"type":"Point","coordinates":[-3.6924626557434741,40.41827470763868]},"properties":{"ESA_ESPECIE":"PCY","NOMBRE_COMUN":"Peral de flor","NOMBRE_ESPECIE":"Pyrus calleryana","ALTURA":"5,5","MINTDISTRITO":"03","NOMBRE_DISTRITO":"RETIRO","MINTBARRIO":"035","NOMBRE_BARRIO":"LOS JERONIMOS","OBJECTID":51182528}},{"type":"Feature","id":51172827,"geometry":{"type":"Point","coordinates":[-3.6926679227962911,40.412104090746517]},"properties":{"ESA_ESPECIE":"PDA","NOMBRE_COMUN":"Plátano de sombra/Platanus x hybrida","NOMBRE_ESPECIE":"Platanus x hispanica","ALTURA":"7","MINTDISTRITO":"03","NOMBRE_DISTRITO":"RETIRO","MINTBARRIO":"035","NOMBRE_BARRIO":"LOS JERONIMOS","OBJECTID":51172827}},{"type":"Feature","id":51335752,"geometry":{"type":"Point","coordinates":[-3.691531647427984,40.405803894045107]},"properties":{"ESA_ESPECIE":"SJA","NOMBRE_COMUN":"Acacia del Japón/Sophora japonica","NOMBRE_ESPECIE":"Styphnolobium japonicum","ALTURA":"3,5","MINTDISTRITO":"02","NOMBRE_DISTRITO":"ARGANZUELA","MINTBARRIO":"026","NOMBRE_BARRIO":"PALOS DE LA FRONTERA","OBJECTID":51335752}},{"type":"Feature","id":51413250,"geometry":{"type":"Point","coordinates":[-3.6919698136335288,40.421022479159689]},"properties":{"ESA_ESPECIE":"PDA","NOMBRE_COMUN":"Plátano de sombra/Platanus x hybrida","NOMBRE_ESPECIE":"Platanus x hispanica","ALTURA":"16","MINTDISTRITO":"04","NOMBRE_DISTRITO":"SALAMANCA","MINTBARRIO":"041","NOMBRE_BARRIO":"RECOLETOS","OBJECTID":51413250}},{"type":"Feature","id":50998117,"geometry":{"type":"Point","coordinates":[-3.6957086249781073,40.415810130073737]},"properties":{"ESA_ESPECIE":"SJA","NOMBRE_COMUN":"Acacia del Japón/Sophora japonica","NOMBRE_ESPECIE":"Styphnolobium japonicum","ALTURA":"7","MINTDISTRITO":"01","NOMBRE_DISTRITO":"CENTRO","MINTBARRIO":"013","NOMBRE_BARRIO":"CORTES","OBJECTID":50998117}},{"type":"Feature","id":50995867,"geometry":{"type":"Point","coordinates":[-3.6957349449243182,40.413967774561698]},"properties":{"ESA_ESPECIE":"LJA","NOMBRE_COMUN":"Aligustre del Japón","NOMBRE_ESPECIE":"Ligustrum japonicum","ALTURA":"7","MINTDISTRITO":"01","NOMBRE_DISTRITO":"CENTRO","MINTBARRIO":"013","NOMBRE_BARRIO":"CORTES","OBJECTID":50995867}},{"type":"Feature","id":50892893,"geometry":{"type":"Point","coordinates":[-3.6779436892864283,40.416395944566865]},"properties":{"ESA_ESPECIE":"PDA","NOMBRE_COMUN":"Plátano de sombra/Platanus x hybrida","NOMBRE_ESPECIE":"Platanus x hispanica","ALTURA":"4,5","MINTDISTRITO":"03","NOMBRE_DISTRITO":"RETIRO","MINTBARRIO":"034","NOMBRE_BARRIO":"IBIZA","OBJECTID":50892893}},{"type":"Feature","id":50699117,"geometry":{"type":"Point","coordinates":[-3.6827643527772431,40.407528323461754]},"properties":{"ESA_ESPECIE":"SJA","NOMBRE_COMUN":"Acacia del Japón/Sophora japonica","NOMBRE_ESPECIE":"Styphnolobium japonicum","ALTURA":"12","MINTDISTRITO":"03","NOMBRE_DISTRITO":"RETIRO","MINTBARRIO":"035","NOMBRE_BARRIO":"LOS JERONIMOS","OBJECTID":50699117}},{"type":"Feature","id":50591311,"geometry":{"type":"Point","coordinates":[-3.6831426287807632,40.408624113581695]},"properties":{"ESA_ESPECIE":"PCP","NOMBRE_COMUN":"Ciruelo púrpura","NOMBRE_ESPECIE":"Prunus cerasifera  subsp. pissardii","ALTURA":"4,5","MINTDISTRITO":"03","NOMBRE_DISTRITO":"RETIRO","MINTBARRIO":"035","NOMBRE_BARRIO":"LOS JERONIMOS","OBJECTID":50591311}},{"type":"Feature","id":51179256,"geometry":{"type":"Point","coordinates":[-3.6875742272816541,40.40783175942564]},"properties":{"ESA_ESPECIE":"CAR","NOMBRE_COMUN":"Ciprés de Arizona","NOMBRE_ESPECIE":"Cupressus arizonica","ALTURA":"3","MINTDISTRITO":"03","NOMBRE_DISTRITO":"RETIRO","MINTBARRIO":"035","NOMBRE_BARRIO":"LOS JERONIMOS","OBJECTID":51179256}},{"type":"Feature","id":50696698,"geometry":{"type":"Point","coordinates":[-3.688432027694001,40.407163182805149]},"properties":{"ESA_ESPECIE":"PDA","NOMBRE_COMUN":"Plátano de sombra/Platanus x hybrida","NOMBRE_ESPECIE":"Platanus x hispanica","ALTURA":"13","MINTDISTRITO":"03","NOMBRE_DISTRITO":"RETIRO","MINTBARRIO":"035","NOMBRE_BARRIO":"LOS JERONIMOS","OBJECTID":50696698}},{"type":"Feature","id":50698195,"geometry":{"type":"Point","coordinates":[-3.6930337029417672,40.415073480121769]},"properties":{"ESA_ESPECIE":"SJA","NOMBRE_COMUN":"Acacia del Japón/Sophora japonica","NOMBRE_ESPECIE":"Styphnolobium japonicum","ALTURA":"9","MINTDISTRITO":"03","NOMBRE_DISTRITO":"RETIRO","MINTBARRIO":"035","NOMBRE_BARRIO":"LOS JERONIMOS","OBJECTID":50698195}},{"type":"Feature","id":51228536,"geometry":{"type":"Point","coordinates":[-3.6925559773754069,40.410574987892723]},"properties":{"ESA_ESPECIE":"PDA","NOMBRE_COMUN":"Plátano de sombra/Platanus x hybrida","NOMBRE_ESPECIE":"Platanus x hispanica","ALTURA":"18","MINTDISTRITO":"01","NOMBRE_DISTRITO":"CENTRO","MINTBARRIO":"013","NOMBRE_BARRIO":"CORTES","OBJECTID":51228536}},{"type":"Feature","id":50704195,"geometry":{"type":"Point","coordinates":[-3.6864849033160336,40.406298448248123]},"properties":{"ESA_ESPECIE":"PDA","NOMBRE_COMUN":"Plátano de sombra/Platanus x hybrida","NOMBRE_ESPECIE":"Platanus x hispanica","ALTURA":"12","MINTDISTRITO":"03","NOMBRE_DISTRITO":"RETIRO","MINTBARRIO":"031","NOMBRE_BARRIO":"PACIFICO","OBJECTID":50704195}},{"type":"Feature","id":51171925,"geometry":{"type":"Point","coordinates":[-3.6855296527178925,40.405829734563554]},"properties":{"ESA_ESPECIE":"PDA","NOMBRE_COMUN":"Plátano de sombra/Platanus x hybrida","NOMBRE_ESPECIE":"Platanus x hispanica","ALTURA":"17","MINTDISTRITO":"03","NOMBRE_DISTRITO":"RETIRO","MINTBARRIO":"031","NOMBRE_BARRIO":"PACIFICO","OBJECTID":51171925}},{"type":"Feature","id":50703433,"geometry":{"type":"Point","coordinates":[-3.6821141341112473,40.407547296474682]},"properties":{"ESA_ESPECIE":"SJA","NOMBRE_COMUN":"Acacia del Japón/Sophora japonica","NOMBRE_ESPECIE":"Styphnolobium japonicum","ALTURA":"7","MINTDISTRITO":"03","NOMBRE_DISTRITO":"RETIRO","MINTBARRIO":"035","NOMBRE_BARRIO":"LOS JERONIMOS","OBJECTID":50703433}},{"type":"Feature","id":51177335,"geometry":{"type":"Point","coordinates":[-3.6931488651837117,40.416798112358663]},"properties":{"ESA_ESPECIE":"AHI","NOMBRE_COMUN":"Castaño de indias","NOMBRE_ESPECIE":"Aesculus hippocastanum","ALTURA":"19","MINTDISTRITO":"03","NOMBRE_DISTRITO":"RETIRO","MINTBARRIO":"035","NOMBRE_BARRIO":"LOS JERONIMOS","OBJECTID":51177335}},{"type":"Feature","id":50700187,"geometry":{"type":"Point","coordinates":[-3.6917453711049366,40.417268051542315]},"properties":{"ESA_ESPECIE":"SJA","NOMBRE_COMUN":"Acacia del Japón/Sophora japonica","NOMBRE_ESPECIE":"Styphnolobium japonicum","ALTURA":"8","MINTDISTRITO":"03","NOMBRE_DISTRITO":"RETIRO","MINTBARRIO":"035","NOMBRE_BARRIO":"LOS JERONIMOS","OBJECTID":50700187}},{"type":"Feature","id":50695038,"geometry":{"type":"Point","coordinates":[-3.6921003548031517,40.417262773922076]},"properties":{"ESA_ESPECIE":"SJA","NOMBRE_COMUN":"Acacia del Japón/Sophora japonica","NOMBRE_ESPECIE":"Styphnolobium japonicum","ALTURA":"8","MINTDISTRITO":"03","NOMBRE_DISTRITO":"RETIRO","MINTBARRIO":"035","NOMBRE_BARRIO":"LOS JERONIMOS","OBJECTID":50695038}},{"type":"Feature","id":51412992,"geometry":{"type":"Point","coordinates":[-3.6923089744081694,40.419288965135543]},"properties":{"ESA_ESPECIE":"AJU","NOMBRE_COMUN":"Acacia de Constantinopla","NOMBRE_ESPECIE":"Albizia julibrissin","ALTURA":"4","MINTDISTRITO":"03","NOMBRE_DISTRITO":"RETIRO","MINTBARRIO":"035","NOMBRE_BARRIO":"LOS JERONIMOS","OBJECTID":51412992}},{"type":"Feature","id":50692785,"geometry":{"type":"Point","coordinates":[-3.6890401284696153,40.413829866064098]},"properties":{"ESA_ESPECIE":"PDA","NOMBRE_COMUN":"Plátano de sombra/Platanus x hybrida","NOMBRE_ESPECIE":"Platanus x hispanica","ALTURA":"14","MINTDISTRITO":"03","NOMBRE_DISTRITO":"RETIRO","MINTBARRIO":"035","NOMBRE_BARRIO":"LOS JERONIMOS","OBJECTID":50692785}},{"type":"Feature","id":51172850,"geometry":{"type":"Point","coordinates":[-3.6923167649828401,40.415020378711915]},"properties":{"ESA_ESPECIE":"AII","NOMBRE_COMUN":"Arce de Freeman","NOMBRE_ESPECIE":"Acer x freemanii","ALTURA":"5","MINTDISTRITO":"03","NOMBRE_DISTRITO":"RETIRO","MINTBARRIO":"035","NOMBRE_BARRIO":"LOS JERONIMOS","OBJECTID":51172850}},{"type":"Feature","id":50657571,"geometry":{"type":"Point","coordinates":[-3.6912259289478802,40.420405404373781]},"properties":{"ESA_ESPECIE":"PCP","NOMBRE_COMUN":"Ciruelo púrpura","NOMBRE_ESPECIE":"Prunus cerasifera  subsp. pissardii","ALTURA":"6","MINTDISTRITO":"04","NOMBRE_DISTRITO":"SALAMANCA","MINTBARRIO":"041","NOMBRE_BARRIO":"RECOLETOS","OBJECTID":50657571}},{"type":"Feature","id":50674480,"geometry":{"type":"Point","coordinates":[-3.6916571876856259,40.420379852136961]},"properties":{"ESA_ESPECIE":"PCP","NOMBRE_COMUN":"Ciruelo púrpura","NOMBRE_ESPECIE":"Prunus cerasifera  subsp. pissardii","ALTURA":"5","MINTDISTRITO":"04","NOMBRE_DISTRITO":"SALAMANCA","MINTBARRIO":"041","NOMBRE_BARRIO":"RECOLETOS","OBJECTID":50674480}},{"type":"Feature","id":51006109,"geometry":{"type":"Point","coordinates":[-3.694777704031186,40.418918812244307]},"properties":{"ESA_ESPECIE":"SJA","NOMBRE_COMUN":"Acacia del Japón/Sophora japonica","NOMBRE_ESPECIE":"Styphnolobium japonicum","ALTURA":"5","MINTDISTRITO":"01","NOMBRE_DISTRITO":"CENTRO","MINTBARRIO":"013","NOMBRE_BARRIO":"CORTES","OBJECTID":51006109}},{"type":"Feature","id":51274398,"geometry":{"type":"Point","coordinates":[-3.6932876264247771,40.416531045044351]},"properties":{"ESA_ESPECIE":"ASA","NOMBRE_COMUN":"Arce del azúcar","NOMBRE_ESPECIE":"Acer saccharinum","ALTURA":"15","MINTDISTRITO":"03","NOMBRE_DISTRITO":"RETIRO","MINTBARRIO":"035","NOMBRE_BARRIO":"LOS JERONIMOS","OBJECTID":51274398}},{"type":"Feature","id":51074032,"geometry":{"type":"Point","coordinates":[-3.6938905322066065,40.415809830610186]},"properties":{"ESA_ESPECIE":"LST","NOMBRE_COMUN":"Liquidambar","NOMBRE_ESPECIE":"Liquidambar styraciflua","ALTURA":"5","MINTDISTRITO":"01","NOMBRE_DISTRITO":"CENTRO","MINTBARRIO":"013","NOMBRE_BARRIO":"CORTES","OBJECTID":51074032}},{"type":"Feature","id":50706187,"geometry":{"type":"Point","coordinates":[-3.6806667180825401,40.40542896627241]},"properties":{"ESA_ESPECIE":"SJA","NOMBRE_COMUN":"Acacia del Japón/Sophora japonica","NOMBRE_ESPECIE":"Styphnolobium japonicum","ALTURA":"4","MINTDISTRITO":"03","NOMBRE_DISTRITO":"RETIRO","MINTBARRIO":"031","NOMBRE_BARRIO":"PACIFICO","OBJECTID":50706187}},{"type":"Feature","id":51301434,"geometry":{"type":"Point","coordinates":[-3.695501583141465,40.407193810993491]},"properties":{"ESA_ESPECIE":"SJA","NOMBRE_COMUN":"Acacia del Japón/Sophora japonica","NOMBRE_ESPECIE":"Styphnolobium japonicum","ALTURA":"8","MINTDISTRITO":"01","NOMBRE_DISTRITO":"CENTRO","MINTBARRIO":"012","NOMBRE_BARRIO":"EMBAJADORES","OBJECTID":51301434}},{"type":"Feature","id":50585595,"geometry":{"type":"Point","coordinates":[-3.6919689761265646,40.404000338602266]},"properties":{"ESA_ESPECIE":"AII","NOMBRE_COMUN":"Arce de Freeman","NOMBRE_ESPECIE":"Acer x freemanii","ALTURA":"4","MINTDISTRITO":"02","NOMBRE_DISTRITO":"ARGANZUELA","MINTBARRIO":"026","NOMBRE_BARRIO":"PALOS DE LA FRONTERA","OBJECTID":50585595}},{"type":"Feature","id":51259765,"geometry":{"type":"Point","coordinates":[-3.6915893364965537,40.405086688792814]},"properties":{"ESA_ESPECIE":"UPU","NOMBRE_COMUN":"Olmo de Siberia","NOMBRE_ESPECIE":"Ulmus pumila","ALTURA":"11,5","MINTDISTRITO":"02","NOMBRE_DISTRITO":"ARGANZUELA","MINTBARRIO":"026","NOMBRE_BARRIO":"PALOS DE LA FRONTERA","OBJECTID":51259765}},{"type":"Feature","id":51259814,"geometry":{"type":"Point","coordinates":[-3.6939283930885454,40.405245837586044]},"properties":{"ESA_ESPECIE":"UPU","NOMBRE_COMUN":"Olmo de Siberia","NOMBRE_ESPECIE":"Ulmus pumila","ALTURA":"10,5","MINTDISTRITO":"02","NOMBRE_DISTRITO":"ARGANZUELA","MINTBARRIO":"026","NOMBRE_BARRIO":"PALOS DE LA FRONTERA","OBJECTID":51259814}},{"type":"Feature","id":50710787,"geometry":{"type":"Point","coordinates":[-3.6904675745026321,40.409652140075423]},"properties":{"ESA_ESPECIE":"CSE","NOMBRE_COMUN":"Ciprés común","NOMBRE_ESPECIE":"Cupressus sempervirens","ALTURA":"8","MINTDISTRITO":"03","NOMBRE_DISTRITO":"RETIRO","MINTBARRIO":"035","NOMBRE_BARRIO":"LOS JERONIMOS","OBJECTID":50710787}},{"type":"Feature","id":50985860,"geometry":{"type":"Point","coordinates":[-3.6956969471603247,40.420528389218553]},"properties":{"ESA_ESPECIE":"LJV","NOMBRE_COMUN":"Aligustre variegado","NOMBRE_ESPECIE":"Ligustrum japonicum 'Variegatum'","ALTURA":"8","MINTDISTRITO":"01","NOMBRE_DISTRITO":"CENTRO","MINTBARRIO":"014","NOMBRE_BARRIO":"JUSTICIA","OBJECTID":50985860}},{"type":"Feature","id":50566574,"geometry":{"type":"Point","coordinates":[-3.6787735784906159,40.41870263515586]},"properties":{"ESA_ESPECIE":"PDA","NOMBRE_COMUN":"Plátano de sombra/Platanus x hybrida","NOMBRE_ESPECIE":"Platanus x hispanica","ALTURA":"5.5","MINTDISTRITO":"03","NOMBRE_DISTRITO":"RETIRO","MINTBARRIO":"034","NOMBRE_BARRIO":"IBIZA","OBJECTID":50566574}},{"type":"Feature","id":50707492,"geometry":{"type":"Point","coordinates":[-3.6784667662796529,40.405599104469722]},"properties":{"ESA_ESPECIE":"LJA","NOMBRE_COMUN":"Aligustre del Japón","NOMBRE_ESPECIE":"Ligustrum japonicum","ALTURA":"6,5","MINTDISTRITO":"03","NOMBRE_DISTRITO":"RETIRO","MINTBARRIO":"031","NOMBRE_BARRIO":"PACIFICO","OBJECTID":50707492}},{"type":"Feature","id":51171951,"geometry":{"type":"Point","coordinates":[-3.6827678026243911,40.406208970686514]},"properties":{"ESA_ESPECIE":"SJA","NOMBRE_COMUN":"Acacia del Japón/Sophora japonica","NOMBRE_ESPECIE":"Styphnolobium japonicum","ALTURA":"7","MINTDISTRITO":"03","NOMBRE_DISTRITO":"RETIRO","MINTBARRIO":"031","NOMBRE_BARRIO":"PACIFICO","OBJECTID":51171951}},{"type":"Feature","id":50699426,"geometry":{"type":"Point","coordinates":[-3.6823130704134357,40.408227604223214]},"properties":{"ESA_ESPECIE":"RPS","NOMBRE_COMUN":"Falsa acacia","NOMBRE_ESPECIE":"Robinia pseudoacacia","ALTURA":"14","MINTDISTRITO":"03","NOMBRE_DISTRITO":"RETIRO","MINTBARRIO":"035","NOMBRE_BARRIO":"LOS JERONIMOS","OBJECTID":50699426}},{"type":"Feature","id":50564939,"geometry":{"type":"Point","coordinates":[-3.6830508487758307,40.40880537758882]},"properties":{"ESA_ESPECIE":"CLE","NOMBRE_COMUN":"Ciprés de Leyland/x Cupressocyparis leylandii","NOMBRE_ESPECIE":"Cupressus x leylandii","ALTURA":"8","MINTDISTRITO":"03","NOMBRE_DISTRITO":"RETIRO","MINTBARRIO":"035","NOMBRE_BARRIO":"LOS JERONIMOS","OBJECTID":50564939}},{"type":"Feature","id":51412941,"geometry":{"type":"Point","coordinates":[-3.6928760604952502,40.418299140884272]},"properties":{"ESA_ESPECIE":"PDA","NOMBRE_COMUN":"Plátano de sombra/Platanus x hybrida","NOMBRE_ESPECIE":"Platanus x hispanica","ALTURA":"20","MINTDISTRITO":"03","NOMBRE_DISTRITO":"RETIRO","MINTBARRIO":"035","NOMBRE_BARRIO":"LOS JERONIMOS","OBJECTID":51412941}},{"type":"Feature","id":50698762,"geometry":{"type":"Point","coordinates":[-3.6927544714884366,40.415081009432392]},"properties":{"ESA_ESPECIE":"SJA","NOMBRE_COMUN":"Acacia del Japón/Sophora japonica","NOMBRE_ESPECIE":"Styphnolobium japonicum","ALTURA":"10","MINTDISTRITO":"03","NOMBRE_DISTRITO":"RETIRO","MINTBARRIO":"035","NOMBRE_BARRIO":"LOS JERONIMOS","OBJECTID":50698762}},{"type":"Feature","id":51177312,"geometry":{"type":"Point","coordinates":[-3.6916082926879361,40.412665094422309]},"properties":{"ESA_ESPECIE":"MGR","NOMBRE_COMUN":"Magnolio","NOMBRE_ESPECIE":"Magnolia grandiflora","ALTURA":"10","MINTDISTRITO":"03","NOMBRE_DISTRITO":"RETIRO","MINTBARRIO":"035","NOMBRE_BARRIO":"LOS JERONIMOS","OBJECTID":51177312}},{"type":"Feature","id":51181320,"geometry":{"type":"Point","coordinates":[-3.6780221491400176,40.407306354035548]},"properties":{"ESA_ESPECIE":"PDA","NOMBRE_COMUN":"Plátano de sombra/Platanus x hybrida","NOMBRE_ESPECIE":"Platanus x hispanica","ALTURA":"11,5","MINTDISTRITO":"03","NOMBRE_DISTRITO":"RETIRO","MINTBARRIO":"031","NOMBRE_BARRIO":"PACIFICO","OBJECTID":51181320}},{"type":"Feature","id":51180226,"geometry":{"type":"Point","coordinates":[-3.6777307898155627,40.418600346751127]},"properties":{"ESA_ESPECIE":"LJA","NOMBRE_COMUN":"Aligustre del Japón","NOMBRE_ESPECIE":"Ligustrum japonicum","ALTURA":"9","MINTDISTRITO":"03","NOMBRE_DISTRITO":"RETIRO","MINTBARRIO":"034","NOMBRE_BARRIO":"IBIZA","OBJECTID":51180226}},{"type":"Feature","id":50998143,"geometry":{"type":"Point","coordinates":[-3.6956496668483836,40.415796340627587]},"properties":{"ESA_ESPECIE":"SJA","NOMBRE_COMUN":"Acacia del Japón/Sophora japonica","NOMBRE_ESPECIE":"Styphnolobium japonicum","ALTURA":"11","MINTDISTRITO":"01","NOMBRE_DISTRITO":"CENTRO","MINTBARRIO":"013","NOMBRE_BARRIO":"CORTES","OBJECTID":50998143}},{"type":"Feature","id":50985737,"geometry":{"type":"Point","coordinates":[-3.6950365159674621,40.41759104445493]},"properties":{"ESA_ESPECIE":"PCY","NOMBRE_COMUN":"Peral de flor","NOMBRE_ESPECIE":"Pyrus calleryana","ALTURA":"4,5","MINTDISTRITO":"01","NOMBRE_DISTRITO":"CENTRO","MINTBARRIO":"013","NOMBRE_BARRIO":"CORTES","OBJECTID":50985737}},{"type":"Feature","id":51206169,"geometry":{"type":"Point","coordinates":[-3.694696020058208,40.414823277659146]},"properties":{"ESA_ESPECIE":"TFO","NOMBRE_COMUN":"Palma de Fortune","NOMBRE_ESPECIE":"Trachycarpus fortunei","ALTURA":"0","MINTDISTRITO":"01","NOMBRE_DISTRITO":"CENTRO","MINTBARRIO":"013","NOMBRE_BARRIO":"CORTES","OBJECTID":51206169}},{"type":"Feature","id":51025820,"geometry":{"type":"Point","coordinates":[-3.6800938460470132,40.405098416208922]},"properties":{"ESA_ESPECIE":"SJA","NOMBRE_COMUN":"Acacia del Japón/Sophora japonica","NOMBRE_ESPECIE":"Styphnolobium japonicum","ALTURA":"4,5","MINTDISTRITO":"03","NOMBRE_DISTRITO":"RETIRO","MINTBARRIO":"031","NOMBRE_BARRIO":"PACIFICO","OBJECTID":51025820}},{"type":"Feature","id":51017828,"geometry":{"type":"Point","coordinates":[-3.6793341395994981,40.404256525308526]},"properties":{"ESA_ESPECIE":"SJA","NOMBRE_COMUN":"Acacia del Japón/Sophora japonica","NOMBRE_ESPECIE":"Styphnolobium japonicum","ALTURA":"4,5","MINTDISTRITO":"03","NOMBRE_DISTRITO":"RETIRO","MINTBARRIO":"031","NOMBRE_BARRIO":"PACIFICO","OBJECTID":51017828}},{"type":"Feature","id":51034476,"geometry":{"type":"Point","coordinates":[-3.6921590222026652,40.416737456610868]},"properties":{"ESA_ESPECIE":"PDA","NOMBRE_COMUN":"Plátano de sombra/Platanus x hybrida","NOMBRE_ESPECIE":"Platanus x hispanica","ALTURA":"4","MINTDISTRITO":"03","NOMBRE_DISTRITO":"RETIRO","MINTBARRIO":"035","NOMBRE_BARRIO":"LOS JERONIMOS","OBJECTID":51034476}},{"type":"Feature","id":51080318,"geometry":{"type":"Point","coordinates":[-3.6916142318255929,40.403980749216757]},"properties":{"ESA_ESPECIE":"AII","NOMBRE_COMUN":"Arce de Freeman","NOMBRE_ESPECIE":"Acer x freemanii","ALTURA":"4,5","MINTDISTRITO":"02","NOMBRE_DISTRITO":"ARGANZUELA","MINTBARRIO":"026","NOMBRE_BARRIO":"PALOS DE LA FRONTERA","OBJECTID":51080318}},{"type":"Feature","id":50681999,"geometry":{"type":"Point","coordinates":[-3.6904994251622316,40.404450667285531]},"properties":{"ESA_ESPECIE":"UPU","NOMBRE_COMUN":"Olmo de Siberia","NOMBRE_ESPECIE":"Ulmus pumila","ALTURA":"8,5","MINTDISTRITO":"02","NOMBRE_DISTRITO":"ARGANZUELA","MINTBARRIO":"026","NOMBRE_BARRIO":"PALOS DE LA FRONTERA","OBJECTID":50681999}},{"type":"Feature","id":51033451,"geometry":{"type":"Point","coordinates":[-3.6921827952225845,40.404373925992587]},"properties":{"ESA_ESPECIE":"AUM","NOMBRE_COMUN":"Arce tridente","NOMBRE_ESPECIE":"Acer buergerianum","ALTURA":"4,5","MINTDISTRITO":"02","NOMBRE_DISTRITO":"ARGANZUELA","MINTBARRIO":"026","NOMBRE_BARRIO":"PALOS DE LA FRONTERA","OBJECTID":51033451}},{"type":"Feature","id":51249804,"geometry":{"type":"Point","coordinates":[-3.6929115578590839,40.407241406925309]},"properties":{"ESA_ESPECIE":"TAM","NOMBRE_COMUN":"Tilo americano","NOMBRE_ESPECIE":"Tilia americana","ALTURA":"5","MINTDISTRITO":"02","NOMBRE_DISTRITO":"ARGANZUELA","MINTBARRIO":"027","NOMBRE_BARRIO":"ATOCHA","OBJECTID":51249804}},{"type":"Feature","id":51412964,"geometry":{"type":"Point","coordinates":[-3.6915428635857235,40.409135837023946]},"properties":{"ESA_ESPECIE":"PDA","NOMBRE_COMUN":"Plátano de sombra/Platanus x hybrida","NOMBRE_ESPECIE":"Platanus x hispanica","ALTURA":"14","MINTDISTRITO":"03","NOMBRE_DISTRITO":"RETIRO","MINTBARRIO":"035","NOMBRE_BARRIO":"LOS JERONIMOS","OBJECTID":51412964}},{"type":"Feature","id":51227417,"geometry":{"type":"Point","coordinates":[-3.6927890774879168,40.420946122120988]},"properties":{"ESA_ESPECIE":"SJA","NOMBRE_COMUN":"Acacia del Japón/Sophora japonica","NOMBRE_ESPECIE":"Styphnolobium japonicum","ALTURA":"7","MINTDISTRITO":"01","NOMBRE_DISTRITO":"CENTRO","MINTBARRIO":"014","NOMBRE_BARRIO":"JUSTICIA","OBJECTID":51227417}},{"type":"Feature","id":50591354,"geometry":{"type":"Point","coordinates":[-3.6825065694051955,40.408823096299123]},"properties":{"ESA_ESPECIE":"CLE","NOMBRE_COMUN":"Ciprés de Leyland/x Cupressocyparis leylandii","NOMBRE_ESPECIE":"Cupressus x leylandii","ALTURA":"5,5","MINTDISTRITO":"03","NOMBRE_DISTRITO":"RETIRO","MINTBARRIO":"035","NOMBRE_BARRIO":"LOS JERONIMOS","OBJECTID":50591354}},{"type":"Feature","id":50887034,"geometry":{"type":"Point","coordinates":[-3.6791575341751925,40.404493510310033]},"properties":{"ESA_ESPECIE":"SJA","NOMBRE_COMUN":"Acacia del Japón/Sophora japonica","NOMBRE_ESPECIE":"Styphnolobium japonicum","ALTURA":"8,5","MINTDISTRITO":"03","NOMBRE_DISTRITO":"RETIRO","MINTBARRIO":"031","NOMBRE_BARRIO":"PACIFICO","OBJECTID":50887034}},{"type":"Feature","id":51182714,"geometry":{"type":"Point","coordinates":[-3.6829474047861788,40.406078071330008]},"properties":{"ESA_ESPECIE":"SJA","NOMBRE_COMUN":"Acacia del Japón/Sophora japonica","NOMBRE_ESPECIE":"Styphnolobium japonicum","ALTURA":"9","MINTDISTRITO":"03","NOMBRE_DISTRITO":"RETIRO","MINTBARRIO":"031","NOMBRE_BARRIO":"PACIFICO","OBJECTID":51182714}},{"type":"Feature","id":50633899,"geometry":{"type":"Point","coordinates":[-3.6855494109639881,40.40598021294317]},"properties":{"ESA_ESPECIE":"TIC","NOMBRE_COMUN":"Tilo de hoja pequeña","NOMBRE_ESPECIE":"Tilia cordata","ALTURA":"12","MINTDISTRITO":"03","NOMBRE_DISTRITO":"RETIRO","MINTBARRIO":"031","NOMBRE_BARRIO":"PACIFICO","OBJECTID":50633899}},{"type":"Feature","id":51093308,"geometry":{"type":"Point","coordinates":[-3.6881036174937822,40.419521521815305]},"properties":{"ESA_ESPECIE":"PDA","NOMBRE_COMUN":"Plátano de sombra/Platanus x hybrida","NOMBRE_ESPECIE":"Platanus x hispanica","ALTURA":"11","MINTDISTRITO":"03","NOMBRE_DISTRITO":"RETIRO","MINTBARRIO":"035","NOMBRE_BARRIO":"LOS JERONIMOS","OBJECTID":51093308}},{"type":"Feature","id":50698813,"geometry":{"type":"Point","coordinates":[-3.6838097211262437,40.40792845443768]},"properties":{"ESA_ESPECIE":"RPS","NOMBRE_COMUN":"Falsa acacia","NOMBRE_ESPECIE":"Robinia pseudoacacia","ALTURA":"11","MINTDISTRITO":"03","NOMBRE_DISTRITO":"RETIRO","MINTBARRIO":"035","NOMBRE_BARRIO":"LOS JERONIMOS","OBJECTID":50698813}},{"type":"Feature","id":51286515,"geometry":{"type":"Point","coordinates":[-3.6951968343535646,40.412971502324929]},"properties":{"ESA_ESPECIE":"LJA","NOMBRE_COMUN":"Aligustre del Japón","NOMBRE_ESPECIE":"Ligustrum japonicum","ALTURA":"5,5","MINTDISTRITO":"01","NOMBRE_DISTRITO":"CENTRO","MINTBARRIO":"013","NOMBRE_BARRIO":"CORTES","OBJECTID":51286515}},{"type":"Feature","id":51181291,"geometry":{"type":"Point","coordinates":[-3.6803297024252086,40.404916270740316]},"properties":{"ESA_ESPECIE":"PDA","NOMBRE_COMUN":"Plátano de sombra/Platanus x hybrida","NOMBRE_ESPECIE":"Platanus x hispanica","ALTURA":"9","MINTDISTRITO":"03","NOMBRE_DISTRITO":"RETIRO","MINTBARRIO":"031","NOMBRE_BARRIO":"PACIFICO","OBJECTID":51181291}},{"type":"Feature","id":51215589,"geometry":{"type":"Point","coordinates":[-3.6922517442306795,40.416756424079516]},"properties":{"ESA_ESPECIE":"PDA","NOMBRE_COMUN":"Plátano de sombra/Platanus x hybrida","NOMBRE_ESPECIE":"Platanus x hispanica","ALTURA":"5","MINTDISTRITO":"03","NOMBRE_DISTRITO":"RETIRO","MINTBARRIO":"035","NOMBRE_BARRIO":"LOS JERONIMOS","OBJECTID":51215589}},{"type":"Feature","id":50696412,"geometry":{"type":"Point","coordinates":[-3.6918281255862047,40.418066415410458]},"properties":{"ESA_ESPECIE":"AJU","NOMBRE_COMUN":"Acacia de Constantinopla","NOMBRE_ESPECIE":"Albizia julibrissin","ALTURA":"3","MINTDISTRITO":"03","NOMBRE_DISTRITO":"RETIRO","MINTBARRIO":"035","NOMBRE_BARRIO":"LOS JERONIMOS","OBJECTID":50696412}},{"type":"Feature","id":50696157,"geometry":{"type":"Point","coordinates":[-3.6929735274306332,40.41528213000533]},"properties":{"ESA_ESPECIE":"RPS","NOMBRE_COMUN":"Falsa acacia","NOMBRE_ESPECIE":"Robinia pseudoacacia","ALTURA":"10","MINTDISTRITO":"03","NOMBRE_DISTRITO":"RETIRO","MINTBARRIO":"035","NOMBRE_BARRIO":"LOS JERONIMOS","OBJECTID":50696157}},{"type":"Feature","id":50684086,"geometry":{"type":"Point","coordinates":[-3.6854792035669646,40.420822413849812]},"properties":{"ESA_ESPECIE":"SJA","NOMBRE_COMUN":"Acacia del Japón/Sophora japonica","NOMBRE_ESPECIE":"Styphnolobium japonicum","ALTURA":"8","MINTDISTRITO":"04","NOMBRE_DISTRITO":"SALAMANCA","MINTBARRIO":"041","NOMBRE_BARRIO":"RECOLETOS","OBJECTID":50684086}},{"type":"Feature","id":51128596,"geometry":{"type":"Point","coordinates":[-3.6895991682966858,40.420063595097851]},"properties":{"ESA_ESPECIE":"PDA","NOMBRE_COMUN":"Plátano de sombra/Platanus x hybrida","NOMBRE_ESPECIE":"Platanus x hispanica","ALTURA":"20","MINTDISTRITO":"04","NOMBRE_DISTRITO":"SALAMANCA","MINTBARRIO":"041","NOMBRE_BARRIO":"RECOLETOS","OBJECTID":51128596}},{"type":"Feature","id":50657454,"geometry":{"type":"Point","coordinates":[-3.690776654594849,40.420107908340306]},"properties":{"ESA_ESPECIE":"PCP","NOMBRE_COMUN":"Ciruelo púrpura","NOMBRE_ESPECIE":"Prunus cerasifera  subsp. pissardii","ALTURA":"6","MINTDISTRITO":"04","NOMBRE_DISTRITO":"SALAMANCA","MINTBARRIO":"041","NOMBRE_BARRIO":"RECOLETOS","OBJECTID":50657454}},{"type":"Feature","id":51184878,"geometry":{"type":"Point","coordinates":[-3.6920764597049356,40.420299243726618]},"properties":{"ESA_ESPECIE":"AAL","NOMBRE_COMUN":"Ailanto","NOMBRE_ESPECIE":"Ailanthus altissima","ALTURA":"9,5","MINTDISTRITO":"04","NOMBRE_DISTRITO":"SALAMANCA","MINTBARRIO":"041","NOMBRE_BARRIO":"RECOLETOS","OBJECTID":51184878}},{"type":"Feature","id":51228579,"geometry":{"type":"Point","coordinates":[-3.6936478969374464,40.418179467260359]},"properties":{"ESA_ESPECIE":"PDA","NOMBRE_COMUN":"Plátano de sombra/Platanus x hybrida","NOMBRE_ESPECIE":"Platanus x hispanica","ALTURA":"20","MINTDISTRITO":"01","NOMBRE_DISTRITO":"CENTRO","MINTBARRIO":"013","NOMBRE_BARRIO":"CORTES","OBJECTID":51228579}},{"type":"Feature","id":51228656,"geometry":{"type":"Point","coordinates":[-3.6933948102181664,40.413180009161685]},"properties":{"ESA_ESPECIE":"PDA","NOMBRE_COMUN":"Plátano de sombra/Platanus x hybrida","NOMBRE_ESPECIE":"Platanus x hispanica","ALTURA":"12","MINTDISTRITO":"01","NOMBRE_DISTRITO":"CENTRO","MINTBARRIO":"013","NOMBRE_BARRIO":"CORTES","OBJECTID":51228656}},{"type":"Feature","id":51272861,"geometry":{"type":"Point","coordinates":[-3.6953359927138072,40.412994161110241]},"properties":{"ESA_ESPECIE":"PAR","NOMBRE_COMUN":"Peral de flor 'Chanticleer'","NOMBRE_ESPECIE":"Pyrus calleryana 'Chanticleer'","ALTURA":"3,15","MINTDISTRITO":"01","NOMBRE_DISTRITO":"CENTRO","MINTBARRIO":"013","NOMBRE_BARRIO":"CORTES","OBJECTID":51272861}},{"type":"Feature","id":51329397,"geometry":{"type":"Point","coordinates":[-3.6926667253093495,40.404134702146358]},"properties":{"ESA_ESPECIE":"UPU","NOMBRE_COMUN":"Olmo de Siberia","NOMBRE_ESPECIE":"Ulmus pumila","ALTURA":"14","MINTDISTRITO":"02","NOMBRE_DISTRITO":"ARGANZUELA","MINTBARRIO":"026","NOMBRE_BARRIO":"PALOS DE LA FRONTERA","OBJECTID":51329397}},{"type":"Feature","id":50985451,"geometry":{"type":"Point","coordinates":[-3.693954633633119,40.409134645465414]},"properties":{"ESA_ESPECIE":"LST","NOMBRE_COMUN":"Liquidambar","NOMBRE_ESPECIE":"Liquidambar styraciflua","ALTURA":"10","MINTDISTRITO":"01","NOMBRE_DISTRITO":"CENTRO","MINTBARRIO":"012","NOMBRE_BARRIO":"EMBAJADORES","OBJECTID":50985451}},{"type":"Feature","id":51284500,"geometry":{"type":"Point","coordinates":[-3.6920028589771232,40.404940664194818]},"properties":{"ESA_ESPECIE":"UPU","NOMBRE_COMUN":"Olmo de Siberia","NOMBRE_ESPECIE":"Ulmus pumila","ALTURA":"12","MINTDISTRITO":"02","NOMBRE_DISTRITO":"ARGANZUELA","MINTBARRIO":"026","NOMBRE_BARRIO":"PALOS DE LA FRONTERA","OBJECTID":51284500}},{"type":"Feature","id":51385003,"geometry":{"type":"Point","coordinates":[-3.6934520434644322,40.406271097946494]},"properties":{"ESA_ESPECIE":"PDA","NOMBRE_COMUN":"Plátano de sombra/Platanus x hybrida","NOMBRE_ESPECIE":"Platanus x hispanica","ALTURA":"14","MINTDISTRITO":"02","NOMBRE_DISTRITO":"ARGANZUELA","MINTBARRIO":"026","NOMBRE_BARRIO":"PALOS DE LA FRONTERA","OBJECTID":51385003}},{"type":"Feature","id":51381849,"geometry":{"type":"Point","coordinates":[-3.6932792015512752,40.405449742167676]},"properties":{"ESA_ESPECIE":"APS","NOMBRE_COMUN":"Falso plátano","NOMBRE_ESPECIE":"Acer pseudoplatanus","ALTURA":"4","MINTDISTRITO":"02","NOMBRE_DISTRITO":"ARGANZUELA","MINTBARRIO":"026","NOMBRE_BARRIO":"PALOS DE LA FRONTERA","OBJECTID":51381849}},{"type":"Feature","id":51303263,"geometry":{"type":"Point","coordinates":[-3.6932257898939129,40.405201421271727]},"properties":{"ESA_ESPECIE":"SJA","NOMBRE_COMUN":"Acacia del Japón/Sophora japonica","NOMBRE_ESPECIE":"Styphnolobium japonicum","ALTURA":"8,5","MINTDISTRITO":"02","NOMBRE_DISTRITO":"ARGANZUELA","MINTBARRIO":"026","NOMBRE_BARRIO":"PALOS DE LA FRONTERA","OBJECTID":51303263}},{"type":"Feature","id":51177235,"geometry":{"type":"Point","coordinates":[-3.6836131656766651,40.407513974620258]},"properties":{"ESA_ESPECIE":"CLE","NOMBRE_COMUN":"Ciprés de Leyland/x Cupressocyparis leylandii","NOMBRE_ESPECIE":"x Cupressocyparis x leylandii","ALTURA":"14","MINTDISTRITO":"03","NOMBRE_DISTRITO":"RETIRO","MINTBARRIO":"035","NOMBRE_BARRIO":"LOS JERONIMOS","OBJECTID":51177235}},{"type":"Feature","id":51048373,"geometry":{"type":"Point","coordinates":[-3.6827152891600288,40.408514907312785]},"properties":{"ESA_ESPECIE":"LJA","NOMBRE_COMUN":"Aligustre del Japón","NOMBRE_ESPECIE":"Ligustrum japonicum","ALTURA":"4","MINTDISTRITO":"03","NOMBRE_DISTRITO":"RETIRO","MINTBARRIO":"035","NOMBRE_BARRIO":"LOS JERONIMOS","OBJECTID":51048373}},{"type":"Feature","id":51179227,"geometry":{"type":"Point","coordinates":[-3.6880762162058454,40.408042504105886]},"properties":{"ESA_ESPECIE":"PHA","NOMBRE_COMUN":"Pino carrasco","NOMBRE_ESPECIE":"Pinus halepensis","ALTURA":"2","MINTDISTRITO":"03","NOMBRE_DISTRITO":"RETIRO","MINTBARRIO":"035","NOMBRE_BARRIO":"LOS JERONIMOS","OBJECTID":51179227}},{"type":"Feature","id":51179276,"geometry":{"type":"Point","coordinates":[-3.6877462502970224,40.407859862618466]},"properties":{"ESA_ESPECIE":"CAR","NOMBRE_COMUN":"Ciprés de Arizona","NOMBRE_ESPECIE":"Cupressus arizonica","ALTURA":"5","MINTDISTRITO":"03","NOMBRE_DISTRITO":"RETIRO","MINTBARRIO":"035","NOMBRE_BARRIO":"LOS JERONIMOS","OBJECTID":51179276}},{"type":"Feature","id":50711405,"geometry":{"type":"Point","coordinates":[-3.6778874005251101,40.4061838577693]},"properties":{"ESA_ESPECIE":"LJA","NOMBRE_COMUN":"Aligustre del Japón","NOMBRE_ESPECIE":"Ligustrum japonicum","ALTURA":"3,5","MINTDISTRITO":"03","NOMBRE_DISTRITO":"RETIRO","MINTBARRIO":"031","NOMBRE_BARRIO":"PACIFICO","OBJECTID":50711405}},{"type":"Feature","id":50602523,"geometry":{"type":"Point","coordinates":[-3.6776229915453391,40.416991521933099]},"properties":{"ESA_ESPECIE":"UPU","NOMBRE_COMUN":"Olmo de Siberia","NOMBRE_ESPECIE":"Ulmus pumila","ALTURA":"20","MINTDISTRITO":"03","NOMBRE_DISTRITO":"RETIRO","MINTBARRIO":"034","NOMBRE_BARRIO":"IBIZA","OBJECTID":50602523}},{"type":"Feature","id":51179940,"geometry":{"type":"Point","coordinates":[-3.6784084243113147,40.407821577908386]},"properties":{"ESA_ESPECIE":"PDA","NOMBRE_COMUN":"Plátano de sombra/Platanus x hybrida","NOMBRE_ESPECIE":"Platanus x hispanica","ALTURA":"14","MINTDISTRITO":"03","NOMBRE_DISTRITO":"RETIRO","MINTBARRIO":"036","NOMBRE_BARRIO":"NIÑO JESUS","OBJECTID":51179940}},{"type":"Feature","id":50696435,"geometry":{"type":"Point","coordinates":[-3.6792683085513778,40.40700776765749]},"properties":{"ESA_ESPECIE":"PDA","NOMBRE_COMUN":"Plátano de sombra/Platanus x hybrida","NOMBRE_ESPECIE":"Platanus x hispanica","ALTURA":"15","MINTDISTRITO":"03","NOMBRE_DISTRITO":"RETIRO","MINTBARRIO":"031","NOMBRE_BARRIO":"PACIFICO","OBJECTID":50696435}},{"type":"Feature","id":51215566,"geometry":{"type":"Point","coordinates":[-3.683001028768087,40.406170349752195]},"properties":{"ESA_ESPECIE":"SJA","NOMBRE_COMUN":"Acacia del Japón/Sophora japonica","NOMBRE_ESPECIE":"Styphnolobium japonicum","ALTURA":"9","MINTDISTRITO":"03","NOMBRE_DISTRITO":"RETIRO","MINTBARRIO":"031","NOMBRE_BARRIO":"PACIFICO","OBJECTID":51215566}},{"type":"Feature","id":50698593,"geometry":{"type":"Point","coordinates":[-3.6832795241651923,40.40603878458284]},"properties":{"ESA_ESPECIE":"SJA","NOMBRE_COMUN":"Acacia del Japón/Sophora japonica","NOMBRE_ESPECIE":"Styphnolobium japonicum","ALTURA":"11","MINTDISTRITO":"03","NOMBRE_DISTRITO":"RETIRO","MINTBARRIO":"031","NOMBRE_BARRIO":"PACIFICO","OBJECTID":50698593}},{"type":"Feature","id":50701249,"geometry":{"type":"Point","coordinates":[-3.6904348602711861,40.413694337798134]},"properties":{"ESA_ESPECIE":"SJA","NOMBRE_COMUN":"Acacia del Japón/Sophora japonica","NOMBRE_ESPECIE":"Styphnolobium japonicum","ALTURA":"8","MINTDISTRITO":"03","NOMBRE_DISTRITO":"RETIRO","MINTBARRIO":"035","NOMBRE_BARRIO":"LOS JERONIMOS","OBJECTID":50701249}},{"type":"Feature","id":50692642,"geometry":{"type":"Point","coordinates":[-3.6890356771406321,40.413704306412292]},"properties":{"ESA_ESPECIE":"PDA","NOMBRE_COMUN":"Plátano de sombra/Platanus x hybrida","NOMBRE_ESPECIE":"Platanus x hispanica","ALTURA":"14","MINTDISTRITO":"03","NOMBRE_DISTRITO":"RETIRO","MINTBARRIO":"035","NOMBRE_BARRIO":"LOS JERONIMOS","OBJECTID":50692642}},{"type":"Feature","id":51181440,"geometry":{"type":"Point","coordinates":[-3.6905824609634239,40.415339409719493]},"properties":{"ESA_ESPECIE":"UPU","NOMBRE_COMUN":"Olmo de Siberia","NOMBRE_ESPECIE":"Ulmus pumila","ALTURA":"10,5","MINTDISTRITO":"03","NOMBRE_DISTRITO":"RETIRO","MINTBARRIO":"035","NOMBRE_BARRIO":"LOS JERONIMOS","OBJECTID":51181440}},{"type":"Feature","id":51216230,"geometry":{"type":"Point","coordinates":[-3.69195810794124,40.416549379182356]},"properties":{"ESA_ESPECIE":"PDA","NOMBRE_COMUN":"Plátano de sombra/Platanus x hybrida","NOMBRE_ESPECIE":"Platanus x hispanica","ALTURA":"5,5","MINTDISTRITO":"03","NOMBRE_DISTRITO":"RETIRO","MINTBARRIO":"035","NOMBRE_BARRIO":"LOS JERONIMOS","OBJECTID":51216230}},{"type":"Feature","id":51180942,"geometry":{"type":"Point","coordinates":[-3.6918369404931481,40.416313688895187]},"properties":{"ESA_ESPECIE":"PDA","NOMBRE_COMUN":"Plátano de sombra/Platanus x hybrida","NOMBRE_ESPECIE":"Platanus x hispanica","ALTURA":"7","MINTDISTRITO":"03","NOMBRE_DISTRITO":"RETIRO","MINTBARRIO":"035","NOMBRE_BARRIO":"LOS JERONIMOS","OBJECTID":51180942}},{"type":"Feature","id":51228556,"geometry":{"type":"Point","coordinates":[-3.6927090673574638,40.410854603766779]},"properties":{"ESA_ESPECIE":"PDA","NOMBRE_COMUN":"Plátano de sombra/Platanus x hybrida","NOMBRE_ESPECIE":"Platanus x hispanica","ALTURA":"18","MINTDISTRITO":"01","NOMBRE_DISTRITO":"CENTRO","MINTBARRIO":"013","NOMBRE_BARRIO":"CORTES","OBJECTID":51228556}},{"type":"Feature","id":51320575,"geometry":{"type":"Point","coordinates":[-3.6948987714713986,40.411199087393143]},"properties":{"ESA_ESPECIE":"LJA","NOMBRE_COMUN":"Aligustre del Japón","NOMBRE_ESPECIE":"Ligustrum japonicum","ALTURA":"4","MINTDISTRITO":"01","NOMBRE_DISTRITO":"CENTRO","MINTBARRIO":"013","NOMBRE_BARRIO":"CORTES","OBJECTID":51320575}},{"type":"Feature","id":50701304,"geometry":{"type":"Point","coordinates":[-3.6912374779702746,40.418218120004752]},"properties":{"ESA_ESPECIE":"LJA","NOMBRE_COMUN":"Aligustre del Japón","NOMBRE_ESPECIE":"Ligustrum japonicum","ALTURA":"3,5","MINTDISTRITO":"03","NOMBRE_DISTRITO":"RETIRO","MINTBARRIO":"035","NOMBRE_BARRIO":"LOS JERONIMOS","OBJECTID":50701304}},{"type":"Feature","id":51172237,"geometry":{"type":"Point","coordinates":[-3.6915879169405712,40.416620846699125]},"properties":{"ESA_ESPECIE":"PDA","NOMBRE_COMUN":"Plátano de sombra/Platanus x hybrida","NOMBRE_ESPECIE":"Platanus x hispanica","ALTURA":"14","MINTDISTRITO":"03","NOMBRE_DISTRITO":"RETIRO","MINTBARRIO":"035","NOMBRE_BARRIO":"LOS JERONIMOS","OBJECTID":51172237}},{"type":"Feature","id":50692593,"geometry":{"type":"Point","coordinates":[-3.689084385460986,40.417425203751904]},"properties":{"ESA_ESPECIE":"PDA","NOMBRE_COMUN":"Plátano de sombra/Platanus x hybrida","NOMBRE_ESPECIE":"Platanus x hispanica","ALTURA":"12","MINTDISTRITO":"03","NOMBRE_DISTRITO":"RETIRO","MINTBARRIO":"035","NOMBRE_BARRIO":"LOS JERONIMOS","OBJECTID":50692593}},{"type":"Feature","id":51014296,"geometry":{"type":"Point","coordinates":[-3.6924260844439933,40.418925875084717]},"properties":{"ESA_ESPECIE":"PYC","NOMBRE_COMUN":"Peral","NOMBRE_ESPECIE":"Pyrus communis","ALTURA":"4,5","MINTDISTRITO":"03","NOMBRE_DISTRITO":"RETIRO","MINTBARRIO":"035","NOMBRE_BARRIO":"LOS JERONIMOS","OBJECTID":51014296}},{"type":"Feature","id":50701255,"geometry":{"type":"Point","coordinates":[-3.6904285806808717,40.413495095078837]},"properties":{"ESA_ESPECIE":"SJA","NOMBRE_COMUN":"Acacia del Japón/Sophora japonica","NOMBRE_ESPECIE":"Styphnolobium japonicum","ALTURA":"11","MINTDISTRITO":"03","NOMBRE_DISTRITO":"RETIRO","MINTBARRIO":"035","NOMBRE_BARRIO":"LOS JERONIMOS","OBJECTID":50701255}},{"type":"Feature","id":51250829,"geometry":{"type":"Point","coordinates":[-3.6955571317324982,40.417741256481889]},"properties":{"ESA_ESPECIE":"LJA","NOMBRE_COMUN":"Aligustre del Japón","NOMBRE_ESPECIE":"Ligustrum japonicum","ALTURA":"7,5","MINTDISTRITO":"01","NOMBRE_DISTRITO":"CENTRO","MINTBARRIO":"013","NOMBRE_BARRIO":"CORTES","OBJECTID":51250829}},{"type":"Feature","id":51228679,"geometry":{"type":"Point","coordinates":[-3.6941574146935161,40.414663484904658]},"properties":{"ESA_ESPECIE":"PDA","NOMBRE_COMUN":"Plátano de sombra/Platanus x hybrida","NOMBRE_ESPECIE":"Platanus x hispanica","ALTURA":"5","MINTDISTRITO":"01","NOMBRE_DISTRITO":"CENTRO","MINTBARRIO":"013","NOMBRE_BARRIO":"CORTES","OBJECTID":51228679}},{"type":"Feature","id":51228722,"geometry":{"type":"Point","coordinates":[-3.6935516025045501,40.414143010100439]},"properties":{"ESA_ESPECIE":"PDA","NOMBRE_COMUN":"Plátano de sombra/Platanus x hybrida","NOMBRE_ESPECIE":"Platanus x hispanica","ALTURA":"20","MINTDISTRITO":"01","NOMBRE_DISTRITO":"CENTRO","MINTBARRIO":"013","NOMBRE_BARRIO":"CORTES","OBJECTID":51228722}},{"type":"Feature","id":51228728,"geometry":{"type":"Point","coordinates":[-3.6935070297430022,40.41414223241798]},"properties":{"ESA_ESPECIE":"PDA","NOMBRE_COMUN":"Plátano de sombra/Platanus x hybrida","NOMBRE_ESPECIE":"Platanus x hispanica","ALTURA":"20","MINTDISTRITO":"01","NOMBRE_DISTRITO":"CENTRO","MINTBARRIO":"013","NOMBRE_BARRIO":"CORTES","OBJECTID":51228728}},{"type":"Feature","id":51071519,"geometry":{"type":"Point","coordinates":[-3.6949701052651918,40.41292606336598]},"properties":{"ESA_ESPECIE":"PCP","NOMBRE_COMUN":"Ciruelo púrpura","NOMBRE_ESPECIE":"Prunus cerasifera  subsp. pissardii","ALTURA":"8","MINTDISTRITO":"01","NOMBRE_DISTRITO":"CENTRO","MINTBARRIO":"013","NOMBRE_BARRIO":"CORTES","OBJECTID":51071519}},{"type":"Feature","id":51286492,"geometry":{"type":"Point","coordinates":[-3.6946829621330655,40.412844157966084]},"properties":{"ESA_ESPECIE":"PCP","NOMBRE_COMUN":"Ciruelo púrpura","NOMBRE_ESPECIE":"Prunus cerasifera  subsp. pissardii","ALTURA":"8","MINTDISTRITO":"01","NOMBRE_DISTRITO":"CENTRO","MINTBARRIO":"013","NOMBRE_BARRIO":"CORTES","OBJECTID":51286492}},{"type":"Feature","id":51331438,"geometry":{"type":"Point","coordinates":[-3.6951217077795011,40.404262348388869]},"properties":{"ESA_ESPECIE":"CAU","NOMBRE_COMUN":"Almez","NOMBRE_ESPECIE":"Celtis australis","ALTURA":"6","MINTDISTRITO":"02","NOMBRE_DISTRITO":"ARGANZUELA","MINTBARRIO":"026","NOMBRE_BARRIO":"PALOS DE LA FRONTERA","OBJECTID":51331438}},{"type":"Feature","id":51346758,"geometry":{"type":"Point","coordinates":[-3.6908966292448024,40.409645937385037]},"properties":{"ESA_ESPECIE":"RPS","NOMBRE_COMUN":"Falsa acacia","NOMBRE_ESPECIE":"Robinia pseudoacacia","ALTURA":"10","MINTDISTRITO":"03","NOMBRE_DISTRITO":"RETIRO","MINTBARRIO":"035","NOMBRE_BARRIO":"LOS JERONIMOS","OBJECTID":51346758}},{"type":"Feature","id":51002296,"geometry":{"type":"Point","coordinates":[-3.6956366266815088,40.417767823353003]},"properties":{"ESA_ESPECIE":"LJA","NOMBRE_COMUN":"Aligustre del Japón","NOMBRE_ESPECIE":"Ligustrum japonicum","ALTURA":"6","MINTDISTRITO":"01","NOMBRE_DISTRITO":"CENTRO","MINTBARRIO":"013","NOMBRE_BARRIO":"CORTES","OBJECTID":51002296}},{"type":"Feature","id":51005093,"geometry":{"type":"Point","coordinates":[-3.695572157932062,40.413305796061756]},"properties":{"ESA_ESPECIE":"LJA","NOMBRE_COMUN":"Aligustre del Japón","NOMBRE_ESPECIE":"Ligustrum japonicum","ALTURA":"3,8","MINTDISTRITO":"01","NOMBRE_DISTRITO":"CENTRO","MINTBARRIO":"013","NOMBRE_BARRIO":"CORTES","OBJECTID":51005093}},{"type":"Feature","id":51228507,"geometry":{"type":"Point","coordinates":[-3.6929011587998546,40.420084852884514]},"properties":{"ESA_ESPECIE":"SJA","NOMBRE_COMUN":"Acacia del Japón/Sophora japonica","NOMBRE_ESPECIE":"Styphnolobium japonicum","ALTURA":"7","MINTDISTRITO":"01","NOMBRE_DISTRITO":"CENTRO","MINTBARRIO":"014","NOMBRE_BARRIO":"JUSTICIA","OBJECTID":51228507}},{"type":"Feature","id":51228673,"geometry":{"type":"Point","coordinates":[-3.6940155330203233,40.417828926334046]},"properties":{"ESA_ESPECIE":"PDA","NOMBRE_COMUN":"Plátano de sombra/Platanus x hybrida","NOMBRE_ESPECIE":"Platanus x hispanica","ALTURA":"20","MINTDISTRITO":"01","NOMBRE_DISTRITO":"CENTRO","MINTBARRIO":"013","NOMBRE_BARRIO":"CORTES","OBJECTID":51228673}},{"type":"Feature","id":51361883,"geometry":{"type":"Point","coordinates":[-3.6916045517367877,40.404076996914362]},"properties":{"ESA_ESPECIE":"UPU","NOMBRE_COMUN":"Olmo de Siberia","NOMBRE_ESPECIE":"Ulmus pumila","ALTURA":"4,5","MINTDISTRITO":"02","NOMBRE_DISTRITO":"ARGANZUELA","MINTBARRIO":"026","NOMBRE_BARRIO":"PALOS DE LA FRONTERA","OBJECTID":51361883}},{"type":"Feature","id":51077370,"geometry":{"type":"Point","coordinates":[-3.695734158844044,40.404049068894096]},"properties":{"ESA_ESPECIE":"UPU","NOMBRE_COMUN":"Olmo de Siberia","NOMBRE_ESPECIE":"Ulmus pumila","ALTURA":"12","MINTDISTRITO":"02","NOMBRE_DISTRITO":"ARGANZUELA","MINTBARRIO":"026","NOMBRE_BARRIO":"PALOS DE LA FRONTERA","OBJECTID":51077370}},{"type":"Feature","id":51385859,"geometry":{"type":"Point","coordinates":[-3.6934639497169459,40.404032229199728]},"properties":{"ESA_ESPECIE":"PDA","NOMBRE_COMUN":"Plátano de sombra/Platanus x hybrida","NOMBRE_ESPECIE":"Platanus x hispanica","ALTURA":"15","MINTDISTRITO":"02","NOMBRE_DISTRITO":"ARGANZUELA","MINTBARRIO":"026","NOMBRE_BARRIO":"PALOS DE LA FRONTERA","OBJECTID":51385859}},{"type":"Feature","id":50984884,"geometry":{"type":"Point","coordinates":[-3.6954140177837149,40.409242168697808]},"properties":{"ESA_ESPECIE":"AJU","NOMBRE_COMUN":"Acacia de Constantinopla","NOMBRE_ESPECIE":"Albizia julibrissin","ALTURA":"3,5","MINTDISTRITO":"01","NOMBRE_DISTRITO":"CENTRO","MINTBARRIO":"012","NOMBRE_BARRIO":"EMBAJADORES","OBJECTID":50984884}},{"type":"Feature","id":50892324,"geometry":{"type":"Point","coordinates":[-3.6920069174269763,40.404876657529968]},"properties":{"ESA_ESPECIE":"AII","NOMBRE_COMUN":"Arce de Freeman","NOMBRE_ESPECIE":"Acer freemanii","ALTURA":"4,5","MINTDISTRITO":"02","NOMBRE_DISTRITO":"ARGANZUELA","MINTBARRIO":"026","NOMBRE_BARRIO":"PALOS DE LA FRONTERA","OBJECTID":50892324}},{"type":"Feature","id":50709098,"geometry":{"type":"Point","coordinates":[-3.6891983688966485,40.407615196606848]},"properties":{"ESA_ESPECIE":"PDA","NOMBRE_COMUN":"Plátano de sombra/Platanus x hybrida","NOMBRE_ESPECIE":"Platanus x hispanica","ALTURA":"15","MINTDISTRITO":"03","NOMBRE_DISTRITO":"RETIRO","MINTBARRIO":"035","NOMBRE_BARRIO":"LOS JERONIMOS","OBJECTID":50709098}},{"type":"Feature","id":50564919,"geometry":{"type":"Point","coordinates":[-3.6825660549085555,40.408321841319598]},"properties":{"ESA_ESPECIE":"UPU","NOMBRE_COMUN":"Olmo de Siberia","NOMBRE_ESPECIE":"Ulmus pumila","ALTURA":"5","MINTDISTRITO":"03","NOMBRE_DISTRITO":"RETIRO","MINTBARRIO":"035","NOMBRE_BARRIO":"LOS JERONIMOS","OBJECTID":50564919}},{"type":"Feature","id":50709270,"geometry":{"type":"Point","coordinates":[-3.6824838405608462,40.407002408810492]},"properties":{"ESA_ESPECIE":"PDA","NOMBRE_COMUN":"Plátano de sombra/Platanus x hybrida","NOMBRE_ESPECIE":"Platanus x hispanica","ALTURA":"17","MINTDISTRITO":"03","NOMBRE_DISTRITO":"RETIRO","MINTBARRIO":"035","NOMBRE_BARRIO":"LOS JERONIMOS","OBJECTID":50709270}},{"type":"Feature","id":51179250,"geometry":{"type":"Point","coordinates":[-3.687946919367513,40.407963921680931]},"properties":{"ESA_ESPECIE":"CAR","NOMBRE_COMUN":"Ciprés de Arizona","NOMBRE_ESPECIE":"Cupressus arizonica","ALTURA":"4","MINTDISTRITO":"03","NOMBRE_DISTRITO":"RETIRO","MINTBARRIO":"035","NOMBRE_BARRIO":"LOS JERONIMOS","OBJECTID":51179250}},{"type":"Feature","id":51383280,"geometry":{"type":"Point","coordinates":[-3.6885100955203876,40.407669937129498]},"properties":{"ESA_ESPECIE":"PDA","NOMBRE_COMUN":"Plátano de sombra/Platanus x hybrida","NOMBRE_ESPECIE":"Platanus x hispanica","ALTURA":"4","MINTDISTRITO":"03","NOMBRE_DISTRITO":"RETIRO","MINTBARRIO":"035","NOMBRE_BARRIO":"LOS JERONIMOS","OBJECTID":51383280}},{"type":"Feature","id":51050984,"geometry":{"type":"Point","coordinates":[-3.6925315154458183,40.410488151983522]},"properties":{"ESA_ESPECIE":"PDA","NOMBRE_COMUN":"Plátano de sombra/Platanus x hybrida","NOMBRE_ESPECIE":"Platanus x hispanica","ALTURA":"6","MINTDISTRITO":"01","NOMBRE_DISTRITO":"CENTRO","MINTBARRIO":"013","NOMBRE_BARRIO":"CORTES","OBJECTID":51050984}},{"type":"Feature","id":51172684,"geometry":{"type":"Point","coordinates":[-3.6776714430766542,40.420549423373352]},"properties":{"ESA_ESPECIE":"LJA","NOMBRE_COMUN":"Aligustre del Japón","NOMBRE_ESPECIE":"Ligustrum japonicum","ALTURA":"5,5","MINTDISTRITO":"03","NOMBRE_DISTRITO":"RETIRO","MINTBARRIO":"034","NOMBRE_BARRIO":"IBIZA","OBJECTID":51172684}},{"type":"Feature","id":50660823,"geometry":{"type":"Point","coordinates":[-3.68596475937672,40.406000605529826]},"properties":{"ESA_ESPECIE":"CDE","NOMBRE_COMUN":"Cedro llorón","NOMBRE_ESPECIE":"Cedrus deodara","ALTURA":"14","MINTDISTRITO":"03","NOMBRE_DISTRITO":"RETIRO","MINTBARRIO":"031","NOMBRE_BARRIO":"PACIFICO","OBJECTID":50660823}},{"type":"Feature","id":50564676,"geometry":{"type":"Point","coordinates":[-3.6856967312437501,40.406129520470834]},"properties":{"ESA_ESPECIE":"PPI","NOMBRE_COMUN":"Pino piñonero","NOMBRE_ESPECIE":"Pinus pinea","ALTURA":"10","MINTDISTRITO":"03","NOMBRE_DISTRITO":"RETIRO","MINTBARRIO":"031","NOMBRE_BARRIO":"PACIFICO","OBJECTID":50564676}},{"type":"Feature","id":50638101,"geometry":{"type":"Point","coordinates":[-3.6879523552114453,40.419833387115141]},"properties":{"ESA_ESPECIE":"PDA","NOMBRE_COMUN":"Plátano de sombra/Platanus x hybrida","NOMBRE_ESPECIE":"Platanus x hispanica","ALTURA":"16","MINTDISTRITO":"03","NOMBRE_DISTRITO":"RETIRO","MINTBARRIO":"035","NOMBRE_BARRIO":"LOS JERONIMOS","OBJECTID":50638101}},{"type":"Feature","id":51175930,"geometry":{"type":"Point","coordinates":[-3.679527553389669,40.407549572013025]},"properties":{"ESA_ESPECIE":"LJA","NOMBRE_COMUN":"Aligustre del Japón","NOMBRE_ESPECIE":"Ligustrum japonicum","ALTURA":"6,5","MINTDISTRITO":"03","NOMBRE_DISTRITO":"RETIRO","MINTBARRIO":"035","NOMBRE_BARRIO":"LOS JERONIMOS","OBJECTID":51175930}},{"type":"Feature","id":50701275,"geometry":{"type":"Point","coordinates":[-3.69087075771967,40.4182000416045]},"properties":{"ESA_ESPECIE":"LJA","NOMBRE_COMUN":"Aligustre del Japón","NOMBRE_ESPECIE":"Ligustrum japonicum","ALTURA":"3,5","MINTDISTRITO":"03","NOMBRE_DISTRITO":"RETIRO","MINTBARRIO":"035","NOMBRE_BARRIO":"LOS JERONIMOS","OBJECTID":50701275}},{"type":"Feature","id":51031751,"geometry":{"type":"Point","coordinates":[-3.690442202636147,40.419362705215157]},"properties":{"ESA_ESPECIE":"SJA","NOMBRE_COMUN":"Acacia del Japón/Sophora japonica","NOMBRE_ESPECIE":"Styphnolobium japonicum","ALTURA":"4,5","MINTDISTRITO":"03","NOMBRE_DISTRITO":"RETIRO","MINTBARRIO":"035","NOMBRE_BARRIO":"LOS JERONIMOS","OBJECTID":51031751}},{"type":"Feature","id":51182837,"geometry":{"type":"Point","coordinates":[-3.6914590643113687,40.416338976566834]},"properties":{"ESA_ESPECIE":"PDA","NOMBRE_COMUN":"Plátano de sombra/Platanus x hybrida","NOMBRE_ESPECIE":"Platanus x hispanica","ALTURA":"13","MINTDISTRITO":"03","NOMBRE_DISTRITO":"RETIRO","MINTBARRIO":"035","NOMBRE_BARRIO":"LOS JERONIMOS","OBJECTID":51182837}},{"type":"Feature","id":51030918,"geometry":{"type":"Point","coordinates":[-3.6931275561701917,40.415100656369518]},"properties":{"ESA_ESPECIE":"SJA","NOMBRE_COMUN":"Acacia del Japón/Sophora japonica","NOMBRE_ESPECIE":"Styphnolobium japonicum","ALTURA":"4,5","MINTDISTRITO":"03","NOMBRE_DISTRITO":"RETIRO","MINTBARRIO":"035","NOMBRE_BARRIO":"LOS JERONIMOS","OBJECTID":51030918}},{"type":"Feature","id":50705360,"geometry":{"type":"Point","coordinates":[-3.6923394163985224,40.415886021598162]},"properties":{"ESA_ESPECIE":"PDA","NOMBRE_COMUN":"Plátano de sombra/Platanus x hybrida","NOMBRE_ESPECIE":"Platanus x hispanica","ALTURA":"4,5","MINTDISTRITO":"03","NOMBRE_DISTRITO":"RETIRO","MINTBARRIO":"035","NOMBRE_BARRIO":"LOS JERONIMOS","OBJECTID":50705360}},{"type":"Feature","id":51180083,"geometry":{"type":"Point","coordinates":[-3.6930739785706357,40.41637730731324]},"properties":{"ESA_ESPECIE":"AHI","NOMBRE_COMUN":"Castaño de indias","NOMBRE_ESPECIE":"Aesculus hippocastanum","ALTURA":"5","MINTDISTRITO":"03","NOMBRE_DISTRITO":"RETIRO","MINTBARRIO":"035","NOMBRE_BARRIO":"LOS JERONIMOS","OBJECTID":51180083}},{"type":"Feature","id":51346735,"geometry":{"type":"Point","coordinates":[-3.6913124727886437,40.409660532926353]},"properties":{"ESA_ESPECIE":"AHI","NOMBRE_COMUN":"Castaño de indias","NOMBRE_ESPECIE":"Aesculus hippocastanum","ALTURA":"8","MINTDISTRITO":"03","NOMBRE_DISTRITO":"RETIRO","MINTBARRIO":"035","NOMBRE_BARRIO":"LOS JERONIMOS","OBJECTID":51346735}},{"type":"Feature","id":51413256,"geometry":{"type":"Point","coordinates":[-3.6921747285494231,40.420650755763361]},"properties":{"ESA_ESPECIE":"PDA","NOMBRE_COMUN":"Plátano de sombra/Platanus x hybrida","NOMBRE_ESPECIE":"Platanus x hispanica","ALTURA":"23","MINTDISTRITO":"04","NOMBRE_DISTRITO":"SALAMANCA","MINTBARRIO":"041","NOMBRE_BARRIO":"RECOLETOS","OBJECTID":51413256}},{"type":"Feature","id":51227374,"geometry":{"type":"Point","coordinates":[-3.6944089785295828,40.416414423150613]},"properties":{"ESA_ESPECIE":"SJA","NOMBRE_COMUN":"Acacia del Japón/Sophora japonica","NOMBRE_ESPECIE":"Styphnolobium japonicum","ALTURA":"7","MINTDISTRITO":"01","NOMBRE_DISTRITO":"CENTRO","MINTBARRIO":"013","NOMBRE_BARRIO":"CORTES","OBJECTID":51227374}},{"type":"Feature","id":51228871,"geometry":{"type":"Point","coordinates":[-3.6937802102539083,40.414511054606628]},"properties":{"ESA_ESPECIE":"PDA","NOMBRE_COMUN":"Plátano de sombra/Platanus x hybrida","NOMBRE_ESPECIE":"Platanus x hispanica","ALTURA":"20","MINTDISTRITO":"01","NOMBRE_DISTRITO":"CENTRO","MINTBARRIO":"013","NOMBRE_BARRIO":"CORTES","OBJECTID":51228871}},{"type":"Feature","id":51228699,"geometry":{"type":"Point","coordinates":[-3.6936317842999826,40.414049862005541]},"properties":{"ESA_ESPECIE":"PDA","NOMBRE_COMUN":"Plátano de sombra/Platanus x hybrida","NOMBRE_ESPECIE":"Platanus x hispanica","ALTURA":"20","MINTDISTRITO":"01","NOMBRE_DISTRITO":"CENTRO","MINTBARRIO":"013","NOMBRE_BARRIO":"CORTES","OBJECTID":51228699}},{"type":"Feature","id":51362032,"geometry":{"type":"Point","coordinates":[-3.6917764782228648,40.404086085595239]},"properties":{"ESA_ESPECIE":"APL","NOMBRE_COMUN":"Arce real","NOMBRE_ESPECIE":"Acer platanoides","ALTURA":"4,5","MINTDISTRITO":"02","NOMBRE_DISTRITO":"ARGANZUELA","MINTBARRIO":"026","NOMBRE_BARRIO":"PALOS DE LA FRONTERA","OBJECTID":51362032}},{"type":"Feature","id":51349171,"geometry":{"type":"Point","coordinates":[-3.6959567605289276,40.404798490576376]},"properties":{"ESA_ESPECIE":"PDA","NOMBRE_COMUN":"Plátano de sombra/Platanus x hybrida","NOMBRE_ESPECIE":"Platanus x hispanica","ALTURA":"17","MINTDISTRITO":"02","NOMBRE_DISTRITO":"ARGANZUELA","MINTBARRIO":"026","NOMBRE_BARRIO":"PALOS DE LA FRONTERA","OBJECTID":51349171}},{"type":"Feature","id":50569986,"geometry":{"type":"Point","coordinates":[-3.693493525000842,40.409815218405519]},"properties":{"ESA_ESPECIE":"PDA","NOMBRE_COMUN":"Plátano de sombra/Platanus x hybrida","NOMBRE_ESPECIE":"Platanus x hispanica","ALTURA":"6","MINTDISTRITO":"01","NOMBRE_DISTRITO":"CENTRO","MINTBARRIO":"013","NOMBRE_BARRIO":"CORTES","OBJECTID":50569986}},{"type":"Feature","id":51261357,"geometry":{"type":"Point","coordinates":[-3.6951290390821336,40.408969385419304]},"properties":{"ESA_ESPECIE":"AJU","NOMBRE_COMUN":"Acacia de Constantinopla","NOMBRE_ESPECIE":"Albizia julibrissin","ALTURA":"4,4","MINTDISTRITO":"01","NOMBRE_DISTRITO":"CENTRO","MINTBARRIO":"012","NOMBRE_BARRIO":"EMBAJADORES","OBJECTID":51261357}},{"type":"Feature","id":51098984,"geometry":{"type":"Point","coordinates":[-3.6931456432684229,40.406650342790719]},"properties":{"ESA_ESPECIE":"PDA","NOMBRE_COMUN":"Plátano de sombra/Platanus x hybrida","NOMBRE_ESPECIE":"Platanus x hispanica","ALTURA":"11","MINTDISTRITO":"02","NOMBRE_DISTRITO":"ARGANZUELA","MINTBARRIO":"026","NOMBRE_BARRIO":"PALOS DE LA FRONTERA","OBJECTID":51098984}},{"type":"Feature","id":51345925,"geometry":{"type":"Point","coordinates":[-3.6921229533247568,40.405012603478305]},"properties":{"ESA_ESPECIE":"UPU","NOMBRE_COMUN":"Olmo de Siberia","NOMBRE_ESPECIE":"Ulmus pumila","ALTURA":"15","MINTDISTRITO":"02","NOMBRE_DISTRITO":"ARGANZUELA","MINTBARRIO":"026","NOMBRE_BARRIO":"PALOS DE LA FRONTERA","OBJECTID":51345925}},{"type":"Feature","id":50693924,"geometry":{"type":"Point","coordinates":[-3.679580248080609,40.407908345573738]},"properties":{"ESA_ESPECIE":"SJA","NOMBRE_COMUN":"Acacia del Japón/Sophora japonica","NOMBRE_ESPECIE":"Styphnolobium japonicum","ALTURA":"7","MINTDISTRITO":"03","NOMBRE_DISTRITO":"RETIRO","MINTBARRIO":"035","NOMBRE_BARRIO":"LOS JERONIMOS","OBJECTID":50693924}},{"type":"Feature","id":50709121,"geometry":{"type":"Point","coordinates":[-3.6803437463484747,40.406746461048499]},"properties":{"ESA_ESPECIE":"SJA","NOMBRE_COMUN":"Acacia del Japón/Sophora japonica","NOMBRE_ESPECIE":"Styphnolobium japonicum","ALTURA":"4","MINTDISTRITO":"03","NOMBRE_DISTRITO":"RETIRO","MINTBARRIO":"031","NOMBRE_BARRIO":"PACIFICO","OBJECTID":50709121}},{"type":"Feature","id":50568855,"geometry":{"type":"Point","coordinates":[-3.6799594078588909,40.407217808606582]},"properties":{"ESA_ESPECIE":"PDA","NOMBRE_COMUN":"Plátano de sombra/Platanus x hybrida","NOMBRE_ESPECIE":"Platanus x hispanica","ALTURA":"10.5","MINTDISTRITO":"03","NOMBRE_DISTRITO":"RETIRO","MINTBARRIO":"031","NOMBRE_BARRIO":"PACIFICO","OBJECTID":50568855}},{"type":"Feature","id":50696014,"geometry":{"type":"Point","coordinates":[-3.6890832675317315,40.41492754197116]},"properties":{"ESA_ESPECIE":"PDA","NOMBRE_COMUN":"Plátano de sombra/Platanus x hybrida","NOMBRE_ESPECIE":"Platanus x hispanica","ALTURA":"14","MINTDISTRITO":"03","NOMBRE_DISTRITO":"RETIRO","MINTBARRIO":"035","NOMBRE_BARRIO":"LOS JERONIMOS","OBJECTID":50696014}},{"type":"Feature","id":50633873,"geometry":{"type":"Point","coordinates":[-3.6924870604653655,40.416209318929859]},"properties":{"ESA_ESPECIE":"CLI","NOMBRE_COMUN":"Cedro del Líbano","NOMBRE_ESPECIE":"Cedrus libani","ALTURA":"15","MINTDISTRITO":"03","NOMBRE_DISTRITO":"RETIRO","MINTBARRIO":"035","NOMBRE_BARRIO":"LOS JERONIMOS","OBJECTID":50633873}},{"type":"Feature","id":51288579,"geometry":{"type":"Point","coordinates":[-3.6785862422578024,40.419505008459161]},"properties":{"ESA_ESPECIE":"LJA","NOMBRE_COMUN":"Aligustre del Japón","NOMBRE_ESPECIE":"Ligustrum japonicum","ALTURA":"2,2","MINTDISTRITO":"03","NOMBRE_DISTRITO":"RETIRO","MINTBARRIO":"034","NOMBRE_BARRIO":"IBIZA","OBJECTID":51288579}},{"type":"Feature","id":50644103,"geometry":{"type":"Point","coordinates":[-3.6786388727799162,40.404497096212985]},"properties":{"ESA_ESPECIE":"SJA","NOMBRE_COMUN":"Acacia del Japón/Sophora japonica","NOMBRE_ESPECIE":"Styphnolobium japonicum","ALTURA":"5","MINTDISTRITO":"03","NOMBRE_DISTRITO":"RETIRO","MINTBARRIO":"031","NOMBRE_BARRIO":"PACIFICO","OBJECTID":50644103}},{"type":"Feature","id":50699432,"geometry":{"type":"Point","coordinates":[-3.6819877469011599,40.406629477852611]},"properties":{"ESA_ESPECIE":"SJA","NOMBRE_COMUN":"Acacia del Japón/Sophora japonica","NOMBRE_ESPECIE":"Styphnolobium japonicum","ALTURA":"6","MINTDISTRITO":"03","NOMBRE_DISTRITO":"RETIRO","MINTBARRIO":"031","NOMBRE_BARRIO":"PACIFICO","OBJECTID":50699432}},{"type":"Feature","id":51346515,"geometry":{"type":"Point","coordinates":[-3.6846655344975829,40.406427299777228]},"properties":{"ESA_ESPECIE":"PDA","NOMBRE_COMUN":"Plátano de sombra/Platanus x hybrida","NOMBRE_ESPECIE":"Platanus x hispanica","ALTURA":"5","MINTDISTRITO":"03","NOMBRE_DISTRITO":"RETIRO","MINTBARRIO":"031","NOMBRE_BARRIO":"PACIFICO","OBJECTID":51346515}},{"type":"Feature","id":51369729,"geometry":{"type":"Point","coordinates":[-3.6776897745900037,40.415689790185802]},"properties":{"ESA_ESPECIE":"PDA","NOMBRE_COMUN":"Plátano de sombra/Platanus x hybrida","NOMBRE_ESPECIE":"Platanus x hispanica","ALTURA":"4,5","MINTDISTRITO":"03","NOMBRE_DISTRITO":"RETIRO","MINTBARRIO":"034","NOMBRE_BARRIO":"IBIZA","OBJECTID":51369729}},{"type":"Feature","id":51227397,"geometry":{"type":"Point","coordinates":[-3.6944939568684014,40.416110136702194]},"properties":{"ESA_ESPECIE":"PDA","NOMBRE_COMUN":"Plátano de sombra/Platanus x hybrida","NOMBRE_ESPECIE":"Platanus x hispanica","ALTURA":"20","MINTDISTRITO":"01","NOMBRE_DISTRITO":"CENTRO","MINTBARRIO":"013","NOMBRE_BARRIO":"CORTES","OBJECTID":51227397}},{"type":"Feature","id":50643980,"geometry":{"type":"Point","coordinates":[-3.6814453775581133,40.406333574709997]},"properties":{"ESA_ESPECIE":"SJA","NOMBRE_COMUN":"Acacia del Japón/Sophora japonica","NOMBRE_ESPECIE":"Styphnolobium japonicum","ALTURA":"4,5","MINTDISTRITO":"03","NOMBRE_DISTRITO":"RETIRO","MINTBARRIO":"031","NOMBRE_BARRIO":"PACIFICO","OBJECTID":50643980}},{"type":"Feature","id":50693850,"geometry":{"type":"Point","coordinates":[-3.6818954941761355,40.405426861227106]},"properties":{"ESA_ESPECIE":"SJA","NOMBRE_COMUN":"Acacia del Japón/Sophora japonica","NOMBRE_ESPECIE":"Styphnolobium japonicum","ALTURA":"6","MINTDISTRITO":"03","NOMBRE_DISTRITO":"RETIRO","MINTBARRIO":"031","NOMBRE_BARRIO":"PACIFICO","OBJECTID":50693850}},{"type":"Feature","id":51407697,"geometry":{"type":"Point","coordinates":[-3.6912058809345978,40.419500430884682]},"properties":{"ESA_ESPECIE":"PDA","NOMBRE_COMUN":"Plátano de sombra/Platanus x hybrida","NOMBRE_ESPECIE":"Platanus x hispanica","ALTURA":"15","MINTDISTRITO":"03","NOMBRE_DISTRITO":"RETIRO","MINTBARRIO":"035","NOMBRE_BARRIO":"LOS JERONIMOS","OBJECTID":51407697}},{"type":"Feature","id":51180109,"geometry":{"type":"Point","coordinates":[-3.6921447893901642,40.419301786050113]},"properties":{"ESA_ESPECIE":"PYC","NOMBRE_COMUN":"Peral","NOMBRE_ESPECIE":"Pyrus communis","ALTURA":"6","MINTDISTRITO":"03","NOMBRE_DISTRITO":"RETIRO","MINTBARRIO":"035","NOMBRE_BARRIO":"LOS JERONIMOS","OBJECTID":51180109}},{"type":"Feature","id":50585503,"geometry":{"type":"Point","coordinates":[-3.694271645027118,40.405270254651207]},"properties":{"ESA_ESPECIE":"UPU","NOMBRE_COMUN":"Olmo de Siberia","NOMBRE_ESPECIE":"Ulmus pumila","ALTURA":"14","MINTDISTRITO":"02","NOMBRE_DISTRITO":"ARGANZUELA","MINTBARRIO":"026","NOMBRE_BARRIO":"PALOS DE LA FRONTERA","OBJECTID":50585503}},{"type":"Feature","id":51287989,"geometry":{"type":"Point","coordinates":[-3.6932128943046454,40.405290742369701]},"properties":{"ESA_ESPECIE":"UPU","NOMBRE_COMUN":"Olmo de Siberia","NOMBRE_ESPECIE":"Ulmus pumila","ALTURA":"14,5","MINTDISTRITO":"02","NOMBRE_DISTRITO":"ARGANZUELA","MINTBARRIO":"026","NOMBRE_BARRIO":"PALOS DE LA FRONTERA","OBJECTID":51287989}},{"type":"Feature","id":50699211,"geometry":{"type":"Point","coordinates":[-3.6904113861681171,40.407542193584902]},"properties":{"ESA_ESPECIE":"PDA","NOMBRE_COMUN":"Plátano de sombra/Platanus x hybrida","NOMBRE_ESPECIE":"Platanus x hispanica","ALTURA":"9","MINTDISTRITO":"03","NOMBRE_DISTRITO":"RETIRO","MINTBARRIO":"035","NOMBRE_BARRIO":"LOS JERONIMOS","OBJECTID":50699211}},{"type":"Feature","id":51029564,"geometry":{"type":"Point","coordinates":[-3.6905172329173621,40.409651492160698]},"properties":{"ESA_ESPECIE":"MEA","NOMBRE_COMUN":"Cinamomo","NOMBRE_ESPECIE":"Melia azedarach","ALTURA":"5","MINTDISTRITO":"03","NOMBRE_DISTRITO":"RETIRO","MINTBARRIO":"035","NOMBRE_BARRIO":"LOS JERONIMOS","OBJECTID":51029564}},{"type":"Feature","id":51055704,"geometry":{"type":"Point","coordinates":[-3.692949118913385,40.409609780462326]},"properties":{"ESA_ESPECIE":"PDA","NOMBRE_COMUN":"Plátano de sombra/Platanus x hybrida","NOMBRE_ESPECIE":"Platanus x hispanica","ALTURA":"4,5","MINTDISTRITO":"01","NOMBRE_DISTRITO":"CENTRO","MINTBARRIO":"013","NOMBRE_BARRIO":"CORTES","OBJECTID":51055704}},{"type":"Feature","id":51350353,"geometry":{"type":"Point","coordinates":[-3.693855880506077,40.406753849211064]},"properties":{"ESA_ESPECIE":"PDA","NOMBRE_COMUN":"Plátano de sombra/Platanus x hybrida","NOMBRE_ESPECIE":"Platanus x hispanica","ALTURA":"7,5","MINTDISTRITO":"02","NOMBRE_DISTRITO":"ARGANZUELA","MINTBARRIO":"026","NOMBRE_BARRIO":"PALOS DE LA FRONTERA","OBJECTID":51350353}},{"type":"Feature","id":51356353,"geometry":{"type":"Point","coordinates":[-3.692011972533515,40.404807554777861]},"properties":{"ESA_ESPECIE":"ASA","NOMBRE_COMUN":"Arce del azúcar","NOMBRE_ESPECIE":"Acer saccharinum","ALTURA":"6","MINTDISTRITO":"02","NOMBRE_DISTRITO":"ARGANZUELA","MINTBARRIO":"026","NOMBRE_BARRIO":"PALOS DE LA FRONTERA","OBJECTID":51356353}},{"type":"Feature","id":50585446,"geometry":{"type":"Point","coordinates":[-3.6944652793295889,40.404228671048365]},"properties":{"ESA_ESPECIE":"SJA","NOMBRE_COMUN":"Acacia del Japón/Sophora japonica","NOMBRE_ESPECIE":"Styphnolobium japonicum","ALTURA":"10","MINTDISTRITO":"02","NOMBRE_DISTRITO":"ARGANZUELA","MINTBARRIO":"026","NOMBRE_BARRIO":"PALOS DE LA FRONTERA","OBJECTID":50585446}},{"type":"Feature","id":51346784,"geometry":{"type":"Point","coordinates":[-3.6906642724303884,40.409535135811474]},"properties":{"ESA_ESPECIE":"AHI","NOMBRE_COMUN":"Castaño de indias","NOMBRE_ESPECIE":"Aesculus hippocastanum","ALTURA":"6","MINTDISTRITO":"03","NOMBRE_DISTRITO":"RETIRO","MINTBARRIO":"035","NOMBRE_BARRIO":"LOS JERONIMOS","OBJECTID":51346784}},{"type":"Feature","id":50569545,"geometry":{"type":"Point","coordinates":[-3.6919344994410741,40.420299581711745]},"properties":{"ESA_ESPECIE":"PCP","NOMBRE_COMUN":"Ciruelo púrpura","NOMBRE_ESPECIE":"Prunus cerasifera 'Pissardii'","ALTURA":"6","MINTDISTRITO":"04","NOMBRE_DISTRITO":"SALAMANCA","MINTBARRIO":"041","NOMBRE_BARRIO":"RECOLETOS","OBJECTID":50569545}},{"type":"Feature","id":51035701,"geometry":{"type":"Point","coordinates":[-3.6831861008981157,40.408616649472897]},"properties":{"ESA_ESPECIE":"PPI","NOMBRE_COMUN":"Pino piñonero","NOMBRE_ESPECIE":"Pinus pinea","ALTURA":"11","MINTDISTRITO":"03","NOMBRE_DISTRITO":"RETIRO","MINTBARRIO":"035","NOMBRE_BARRIO":"LOS JERONIMOS","OBJECTID":51035701}},{"type":"Feature","id":51052764,"geometry":{"type":"Point","coordinates":[-3.682814244247949,40.40854560243011]},"properties":{"ESA_ESPECIE":"PPI","NOMBRE_COMUN":"Pino piñonero","NOMBRE_ESPECIE":"Pinus pinea","ALTURA":"9","MINTDISTRITO":"03","NOMBRE_DISTRITO":"RETIRO","MINTBARRIO":"035","NOMBRE_BARRIO":"LOS JERONIMOS","OBJECTID":51052764}},{"type":"Feature","id":51179213,"geometry":{"type":"Point","coordinates":[-3.6881522531793793,40.408019096492289]},"properties":{"ESA_ESPECIE":"PHA","NOMBRE_COMUN":"Pino carrasco","NOMBRE_ESPECIE":"Pinus halepensis","ALTURA":"2","MINTDISTRITO":"03","NOMBRE_DISTRITO":"RETIRO","MINTBARRIO":"035","NOMBRE_BARRIO":"LOS JERONIMOS","OBJECTID":51179213}},{"type":"Feature","id":50604169,"geometry":{"type":"Point","coordinates":[-3.6960387424303764,40.409587906875899]},"properties":{"ESA_ESPECIE":"PDA","NOMBRE_COMUN":"Plátano de sombra/Platanus x hybrida","NOMBRE_ESPECIE":"Platanus x hispanica","ALTURA":"4,2","MINTDISTRITO":"01","NOMBRE_DISTRITO":"CENTRO","MINTBARRIO":"012","NOMBRE_BARRIO":"EMBAJADORES","OBJECTID":50604169}},{"type":"Feature","id":51412878,"geometry":{"type":"Point","coordinates":[-3.6922766115164234,40.410342164219244]},"properties":{"ESA_ESPECIE":"PDA","NOMBRE_COMUN":"Plátano de sombra/Platanus x hybrida","NOMBRE_ESPECIE":"Platanus x hispanica","ALTURA":"11","MINTDISTRITO":"03","NOMBRE_DISTRITO":"RETIRO","MINTBARRIO":"035","NOMBRE_BARRIO":"LOS JERONIMOS","OBJECTID":51412878}},{"type":"Feature","id":50699397,"geometry":{"type":"Point","coordinates":[-3.6888927093136474,40.410194419907683]},"properties":{"ESA_ESPECIE":"PDA","NOMBRE_COMUN":"Plátano de sombra/Platanus x hybrida","NOMBRE_ESPECIE":"Platanus x hispanica","ALTURA":"12","MINTDISTRITO":"03","NOMBRE_DISTRITO":"RETIRO","MINTBARRIO":"035","NOMBRE_BARRIO":"LOS JERONIMOS","OBJECTID":50699397}},{"type":"Feature","id":50688583,"geometry":{"type":"Point","coordinates":[-3.6907368757293844,40.412818331507808]},"properties":{"ESA_ESPECIE":"SJA","NOMBRE_COMUN":"Acacia del Japón/Sophora japonica","NOMBRE_ESPECIE":"Styphnolobium japonicum","ALTURA":"8","MINTDISTRITO":"03","NOMBRE_DISTRITO":"RETIRO","MINTBARRIO":"035","NOMBRE_BARRIO":"LOS JERONIMOS","OBJECTID":50688583}},{"type":"Feature","id":50701567,"geometry":{"type":"Point","coordinates":[-3.678116427198272,40.405878008324805]},"properties":{"ESA_ESPECIE":"LJA","NOMBRE_COMUN":"Aligustre del Japón","NOMBRE_ESPECIE":"Ligustrum japonicum","ALTURA":"5,5","MINTDISTRITO":"03","NOMBRE_DISTRITO":"RETIRO","MINTBARRIO":"031","NOMBRE_BARRIO":"PACIFICO","OBJECTID":50701567}},{"type":"Feature","id":51181371,"geometry":{"type":"Point","coordinates":[-3.6789236028453205,40.42094408764757]},"properties":{"ESA_ESPECIE":"LJA","NOMBRE_COMUN":"Aligustre del Japón","NOMBRE_ESPECIE":"Ligustrum japonicum","ALTURA":"9","MINTDISTRITO":"03","NOMBRE_DISTRITO":"RETIRO","MINTBARRIO":"034","NOMBRE_BARRIO":"IBIZA","OBJECTID":51181371}},{"type":"Feature","id":50703488,"geometry":{"type":"Point","coordinates":[-3.6904607357555381,40.414466168831922]},"properties":{"ESA_ESPECIE":"UPU","NOMBRE_COMUN":"Olmo de Siberia","NOMBRE_ESPECIE":"Ulmus pumila","ALTURA":"12","MINTDISTRITO":"03","NOMBRE_DISTRITO":"RETIRO","MINTBARRIO":"035","NOMBRE_BARRIO":"LOS JERONIMOS","OBJECTID":50703488}},{"type":"Feature","id":51031124,"geometry":{"type":"Point","coordinates":[-3.6907567039407785,40.415307134463824]},"properties":{"ESA_ESPECIE":"SJA","NOMBRE_COMUN":"Acacia del Japón/Sophora japonica","NOMBRE_ESPECIE":"Styphnolobium japonicum","ALTURA":"4","MINTDISTRITO":"03","NOMBRE_DISTRITO":"RETIRO","MINTBARRIO":"035","NOMBRE_BARRIO":"LOS JERONIMOS","OBJECTID":51031124}},{"type":"Feature","id":51172217,"geometry":{"type":"Point","coordinates":[-3.690883711764767,40.416375938759003]},"properties":{"ESA_ESPECIE":"PDA","NOMBRE_COMUN":"Plátano de sombra/Platanus x hybrida","NOMBRE_ESPECIE":"Platanus x hispanica","ALTURA":"16","MINTDISTRITO":"03","NOMBRE_DISTRITO":"RETIRO","MINTBARRIO":"035","NOMBRE_BARRIO":"LOS JERONIMOS","OBJECTID":51172217}},{"type":"Feature","id":50701318,"geometry":{"type":"Point","coordinates":[-3.6915728426067598,40.416163943959852]},"properties":{"ESA_ESPECIE":"SJA","NOMBRE_COMUN":"Acacia del Japón/Sophora japonica","NOMBRE_ESPECIE":"Styphnolobium japonicum","ALTURA":"6,5","MINTDISTRITO":"03","NOMBRE_DISTRITO":"RETIRO","MINTBARRIO":"035","NOMBRE_BARRIO":"LOS JERONIMOS","OBJECTID":50701318}},{"type":"Feature","id":50567138,"geometry":{"type":"Point","coordinates":[-3.6919293303119849,40.415307329897765]},"properties":{"ESA_ESPECIE":"SJA","NOMBRE_COMUN":"Acacia del Japón/Sophora japonica","NOMBRE_ESPECIE":"Styphnolobium japonicum","ALTURA":"9.5","MINTDISTRITO":"03","NOMBRE_DISTRITO":"RETIRO","MINTBARRIO":"035","NOMBRE_BARRIO":"LOS JERONIMOS","OBJECTID":50567138}},{"type":"Feature","id":51182545,"geometry":{"type":"Point","coordinates":[-3.6923057567744464,40.415269977254169]},"properties":{"ESA_ESPECIE":"SJA","NOMBRE_COMUN":"Acacia del Japón/Sophora japonica","NOMBRE_ESPECIE":"Styphnolobium japonicum","ALTURA":"5","MINTDISTRITO":"03","NOMBRE_DISTRITO":"RETIRO","MINTBARRIO":"035","NOMBRE_BARRIO":"LOS JERONIMOS","OBJECTID":51182545}},{"type":"Feature","id":51228742,"geometry":{"type":"Point","coordinates":[-3.6939056580296339,40.414248633938961]},"properties":{"ESA_ESPECIE":"PDA","NOMBRE_COMUN":"Plátano de sombra/Platanus x hybrida","NOMBRE_ESPECIE":"Platanus x hispanica","ALTURA":"20","MINTDISTRITO":"01","NOMBRE_DISTRITO":"CENTRO","MINTBARRIO":"013","NOMBRE_BARRIO":"CORTES","OBJECTID":51228742}},{"type":"Feature","id":50561636,"geometry":{"type":"Point","coordinates":[-3.6935950067503085,40.413306477423831]},"properties":{"ESA_ESPECIE":"PAR","NOMBRE_COMUN":"Peral de flor 'Chanticleer'","NOMBRE_ESPECIE":"Pyrus calleryana 'Chanticleer'","ALTURA":"6.00","MINTDISTRITO":"01","NOMBRE_DISTRITO":"CENTRO","MINTBARRIO":"013","NOMBRE_BARRIO":"CORTES","OBJECTID":50561636}},{"type":"Feature","id":51209509,"geometry":{"type":"Point","coordinates":[-3.6799097726117895,40.405585177593679]},"properties":{"ESA_ESPECIE":"PDA","NOMBRE_COMUN":"Plátano de sombra/Platanus x hybrida","NOMBRE_ESPECIE":"Platanus x hispanica","ALTURA":"12","MINTDISTRITO":"03","NOMBRE_DISTRITO":"RETIRO","MINTBARRIO":"031","NOMBRE_BARRIO":"PACIFICO","OBJECTID":51209509}},{"type":"Feature","id":50703239,"geometry":{"type":"Point","coordinates":[-3.6800046952131944,40.405161868891824]},"properties":{"ESA_ESPECIE":"SJA","NOMBRE_COMUN":"Acacia del Japón/Sophora japonica","NOMBRE_ESPECIE":"Styphnolobium japonicum","ALTURA":"10","MINTDISTRITO":"03","NOMBRE_DISTRITO":"RETIRO","MINTBARRIO":"031","NOMBRE_BARRIO":"PACIFICO","OBJECTID":50703239}},{"type":"Feature","id":50562810,"geometry":{"type":"Point","coordinates":[-3.6919423321344307,40.418214876681667]},"properties":{"ESA_ESPECIE":"AJU","NOMBRE_COMUN":"Acacia de Constantinopla","NOMBRE_ESPECIE":"Albizia julibrissin","ALTURA":"4","MINTDISTRITO":"03","NOMBRE_DISTRITO":"RETIRO","MINTBARRIO":"035","NOMBRE_BARRIO":"LOS JERONIMOS","OBJECTID":50562810}},{"type":"Feature","id":51177304,"geometry":{"type":"Point","coordinates":[-3.6929536758003909,40.413371186328099]},"properties":{"ESA_ESPECIE":"PDA","NOMBRE_COMUN":"Plátano de sombra/Platanus x hybrida","NOMBRE_ESPECIE":"Platanus x hispanica","ALTURA":"12","MINTDISTRITO":"03","NOMBRE_DISTRITO":"RETIRO","MINTBARRIO":"035","NOMBRE_BARRIO":"LOS JERONIMOS","OBJECTID":51177304}},{"type":"Feature","id":51256239,"geometry":{"type":"Point","coordinates":[-3.695959355972251,40.404432616880904]},"properties":{"ESA_ESPECIE":"PDA","NOMBRE_COMUN":"Plátano de sombra/Platanus x hybrida","NOMBRE_ESPECIE":"Platanus x hispanica","ALTURA":"14","MINTDISTRITO":"02","NOMBRE_DISTRITO":"ARGANZUELA","MINTBARRIO":"026","NOMBRE_BARRIO":"PALOS DE LA FRONTERA","OBJECTID":51256239}},{"type":"Feature","id":51249778,"geometry":{"type":"Point","coordinates":[-3.6934378468684237,40.406947889721586]},"properties":{"ESA_ESPECIE":"PDA","NOMBRE_COMUN":"Plátano de sombra/Platanus x hybrida","NOMBRE_ESPECIE":"Platanus x hispanica","ALTURA":"18","MINTDISTRITO":"02","NOMBRE_DISTRITO":"ARGANZUELA","MINTBARRIO":"026","NOMBRE_BARRIO":"PALOS DE LA FRONTERA","OBJECTID":51249778}},{"type":"Feature","id":51073763,"geometry":{"type":"Point","coordinates":[-3.6928901847666102,40.40790961987171]},"properties":{"ESA_ESPECIE":"CSE","NOMBRE_COMUN":"Ciprés común","NOMBRE_ESPECIE":"Cupressus sempervirens","ALTURA":"9","MINTDISTRITO":"01","NOMBRE_DISTRITO":"CENTRO","MINTBARRIO":"012","NOMBRE_BARRIO":"EMBAJADORES","OBJECTID":51073763}},{"type":"Feature","id":50696349,"geometry":{"type":"Point","coordinates":[-3.6888154391625703,40.408294959889759]},"properties":{"ESA_ESPECIE":"PDA","NOMBRE_COMUN":"Plátano de sombra/Platanus x hybrida","NOMBRE_ESPECIE":"Platanus x hispanica","ALTURA":"13","MINTDISTRITO":"03","NOMBRE_DISTRITO":"RETIRO","MINTBARRIO":"035","NOMBRE_BARRIO":"LOS JERONIMOS","OBJECTID":50696349}},{"type":"Feature","id":51413221,"geometry":{"type":"Point","coordinates":[-3.69203760241207,40.420956685802167]},"properties":{"ESA_ESPECIE":"CDE","NOMBRE_COMUN":"Cedro llorón","NOMBRE_ESPECIE":"Cedrus deodara","ALTURA":"13","MINTDISTRITO":"04","NOMBRE_DISTRITO":"SALAMANCA","MINTBARRIO":"041","NOMBRE_BARRIO":"RECOLETOS","OBJECTID":51413221}},{"type":"Feature","id":50564198,"geometry":{"type":"Point","coordinates":[-3.6956249620479427,40.420134334537991]},"properties":{"ESA_ESPECIE":"LJA","NOMBRE_COMUN":"Aligustre del Japón","NOMBRE_ESPECIE":"Ligustrum japonicum","ALTURA":"3.00","MINTDISTRITO":"01","NOMBRE_DISTRITO":"CENTRO","MINTBARRIO":"014","NOMBRE_BARRIO":"JUSTICIA","OBJECTID":50564198}},{"type":"Feature","id":51179319,"geometry":{"type":"Point","coordinates":[-3.6839515190704035,40.405277058947149]},"properties":{"ESA_ESPECIE":"LJA","NOMBRE_COMUN":"Aligustre del Japón","NOMBRE_ESPECIE":"Ligustrum japonicum","ALTURA":"3,75","MINTDISTRITO":"03","NOMBRE_DISTRITO":"RETIRO","MINTBARRIO":"031","NOMBRE_BARRIO":"PACIFICO","OBJECTID":51179319}},{"type":"Feature","id":51183684,"geometry":{"type":"Point","coordinates":[-3.688037511108194,40.419807069465698]},"properties":{"ESA_ESPECIE":"PDA","NOMBRE_COMUN":"Plátano de sombra/Platanus x hybrida","NOMBRE_ESPECIE":"Platanus x hispanica","ALTURA":"8","MINTDISTRITO":"03","NOMBRE_DISTRITO":"RETIRO","MINTBARRIO":"035","NOMBRE_BARRIO":"LOS JERONIMOS","OBJECTID":51183684}},{"type":"Feature","id":50591340,"geometry":{"type":"Point","coordinates":[-3.6838279112757824,40.40878015362776]},"properties":{"ESA_ESPECIE":"CLE","NOMBRE_COMUN":"Ciprés de Leyland/x Cupressocyparis leylandii","NOMBRE_ESPECIE":"Cupressus x leylandii","ALTURA":"5,5","MINTDISTRITO":"03","NOMBRE_DISTRITO":"RETIRO","MINTBARRIO":"035","NOMBRE_BARRIO":"LOS JERONIMOS","OBJECTID":50591340}},{"type":"Feature","id":50985531,"geometry":{"type":"Point","coordinates":[-3.6958068179162682,40.407798770694107]},"properties":{"ESA_ESPECIE":"RPS","NOMBRE_COMUN":"Falsa acacia","NOMBRE_ESPECIE":"Robinia pseudoacacia","ALTURA":"8","MINTDISTRITO":"01","NOMBRE_DISTRITO":"CENTRO","MINTBARRIO":"012","NOMBRE_BARRIO":"EMBAJADORES","OBJECTID":50985531}},{"type":"Feature","id":51228636,"geometry":{"type":"Point","coordinates":[-3.6931195944752804,40.41290041480196]},"properties":{"ESA_ESPECIE":"PDA","NOMBRE_COMUN":"Plátano de sombra/Platanus x hybrida","NOMBRE_ESPECIE":"Platanus x hispanica","ALTURA":"20","MINTDISTRITO":"01","NOMBRE_DISTRITO":"CENTRO","MINTBARRIO":"013","NOMBRE_BARRIO":"CORTES","OBJECTID":51228636}},{"type":"Feature","id":51182651,"geometry":{"type":"Point","coordinates":[-3.6777891701051013,40.406312947976879]},"properties":{"ESA_ESPECIE":"LJA","NOMBRE_COMUN":"Aligustre del Japón","NOMBRE_ESPECIE":"Ligustrum japonicum","ALTURA":"6,5","MINTDISTRITO":"03","NOMBRE_DISTRITO":"RETIRO","MINTBARRIO":"031","NOMBRE_BARRIO":"PACIFICO","OBJECTID":51182651}},{"type":"Feature","id":51029856,"geometry":{"type":"Point","coordinates":[-3.6831786516158607,40.406184093261864]},"properties":{"ESA_ESPECIE":"MEA","NOMBRE_COMUN":"Cinamomo","NOMBRE_ESPECIE":"Melia azedarach","ALTURA":"4,5","MINTDISTRITO":"03","NOMBRE_DISTRITO":"RETIRO","MINTBARRIO":"031","NOMBRE_BARRIO":"PACIFICO","OBJECTID":51029856}},{"type":"Feature","id":51032641,"geometry":{"type":"Point","coordinates":[-3.6870956864058129,40.406498416088112]},"properties":{"ESA_ESPECIE":"APS","NOMBRE_COMUN":"Falso plátano","NOMBRE_ESPECIE":"Acer pseudoplatanus","ALTURA":"3","MINTDISTRITO":"03","NOMBRE_DISTRITO":"RETIRO","MINTBARRIO":"031","NOMBRE_BARRIO":"PACIFICO","OBJECTID":51032641}},{"type":"Feature","id":50703382,"geometry":{"type":"Point","coordinates":[-3.6914384130776332,40.417362500688007]},"properties":{"ESA_ESPECIE":"SJA","NOMBRE_COMUN":"Acacia del Japón/Sophora japonica","NOMBRE_ESPECIE":"Styphnolobium japonicum","ALTURA":"7","MINTDISTRITO":"03","NOMBRE_DISTRITO":"RETIRO","MINTBARRIO":"035","NOMBRE_BARRIO":"LOS JERONIMOS","OBJECTID":50703382}},{"type":"Feature","id":51215615,"geometry":{"type":"Point","coordinates":[-3.6897121825844081,40.416693934771196]},"properties":{"ESA_ESPECIE":"PDA","NOMBRE_COMUN":"Plátano de sombra/Platanus x hybrida","NOMBRE_ESPECIE":"Platanus x hispanica","ALTURA":"5,5","MINTDISTRITO":"03","NOMBRE_DISTRITO":"RETIRO","MINTBARRIO":"035","NOMBRE_BARRIO":"LOS JERONIMOS","OBJECTID":51215615}},{"type":"Feature","id":50574477,"geometry":{"type":"Point","coordinates":[-3.690570198404898,40.418370936990804]},"properties":{"ESA_ESPECIE":"SJA","NOMBRE_COMUN":"Acacia del Japón/Sophora japonica","NOMBRE_ESPECIE":"Styphnolobium japonicum","ALTURA":"4","MINTDISTRITO":"03","NOMBRE_DISTRITO":"RETIRO","MINTBARRIO":"035","NOMBRE_BARRIO":"LOS JERONIMOS","OBJECTID":50574477}},{"type":"Feature","id":50699552,"geometry":{"type":"Point","coordinates":[-3.6920607454178631,40.415305525327909]},"properties":{"ESA_ESPECIE":"SJA","NOMBRE_COMUN":"Acacia del Japón/Sophora japonica","NOMBRE_ESPECIE":"Styphnolobium japonicum","ALTURA":"8,5","MINTDISTRITO":"03","NOMBRE_DISTRITO":"RETIRO","MINTBARRIO":"035","NOMBRE_BARRIO":"LOS JERONIMOS","OBJECTID":50699552}},{"type":"Feature","id":51172821,"geometry":{"type":"Point","coordinates":[-3.692840647082237,40.416195939274111]},"properties":{"ESA_ESPECIE":"CUX","NOMBRE_COMUN":"Ciprés","NOMBRE_ESPECIE":"Cupressus sp","ALTURA":"4","MINTDISTRITO":"03","NOMBRE_DISTRITO":"RETIRO","MINTBARRIO":"035","NOMBRE_BARRIO":"LOS JERONIMOS","OBJECTID":51172821}},{"type":"Feature","id":51228599,"geometry":{"type":"Point","coordinates":[-3.692948476790173,40.411859012037333]},"properties":{"ESA_ESPECIE":"GTR","NOMBRE_COMUN":"Acacia de tres espinas","NOMBRE_ESPECIE":"Gleditsia triacanthos","ALTURA":"16","MINTDISTRITO":"01","NOMBRE_DISTRITO":"CENTRO","MINTBARRIO":"013","NOMBRE_BARRIO":"CORTES","OBJECTID":51228599}},{"type":"Feature","id":51052658,"geometry":{"type":"Point","coordinates":[-3.6958326032465472,40.415842627367468]},"properties":{"ESA_ESPECIE":"SJA","NOMBRE_COMUN":"Acacia del Japón/Sophora japonica","NOMBRE_ESPECIE":"Styphnolobium japonicum","ALTURA":"5,4","MINTDISTRITO":"01","NOMBRE_DISTRITO":"CENTRO","MINTBARRIO":"013","NOMBRE_BARRIO":"CORTES","OBJECTID":51052658}},{"type":"Feature","id":51185854,"geometry":{"type":"Point","coordinates":[-3.6894624258887285,40.420069843089095]},"properties":{"ESA_ESPECIE":"PDA","NOMBRE_COMUN":"Plátano de sombra/Platanus x hybrida","NOMBRE_ESPECIE":"Platanus x hispanica","ALTURA":"8","MINTDISTRITO":"04","NOMBRE_DISTRITO":"SALAMANCA","MINTBARRIO":"041","NOMBRE_BARRIO":"RECOLETOS","OBJECTID":51185854}},{"type":"Feature","id":51005013,"geometry":{"type":"Point","coordinates":[-3.6953881087625233,40.410173806856989]},"properties":{"ESA_ESPECIE":"PCP","NOMBRE_COMUN":"Ciruelo púrpura","NOMBRE_ESPECIE":"Prunus cerasifera  subsp. pissardii","ALTURA":"5","MINTDISTRITO":"01","NOMBRE_DISTRITO":"CENTRO","MINTBARRIO":"012","NOMBRE_BARRIO":"EMBAJADORES","OBJECTID":51005013}},{"type":"Feature","id":50565323,"geometry":{"type":"Point","coordinates":[-3.6806790988749771,40.404297057159695]},"properties":{"ESA_ESPECIE":"PDA","NOMBRE_COMUN":"Plátano de sombra/Platanus x hybrida","NOMBRE_ESPECIE":"Platanus x hispanica","ALTURA":"17","MINTDISTRITO":"03","NOMBRE_DISTRITO":"RETIRO","MINTBARRIO":"031","NOMBRE_BARRIO":"PACIFICO","OBJECTID":50565323}},{"type":"Feature","id":50696386,"geometry":{"type":"Point","coordinates":[-3.6919872030066219,40.418071922888586]},"properties":{"ESA_ESPECIE":"AJU","NOMBRE_COMUN":"Acacia de Constantinopla","NOMBRE_ESPECIE":"Albizia julibrissin","ALTURA":"3","MINTDISTRITO":"03","NOMBRE_DISTRITO":"RETIRO","MINTBARRIO":"035","NOMBRE_BARRIO":"LOS JERONIMOS","OBJECTID":50696386}},{"type":"Feature","id":50688726,"geometry":{"type":"Point","coordinates":[-3.6914842801812764,40.417717453019726]},"properties":{"ESA_ESPECIE":"SJA","NOMBRE_COMUN":"Acacia del Japón/Sophora japonica","NOMBRE_ESPECIE":"Styphnolobium japonicum","ALTURA":"10","MINTDISTRITO":"03","NOMBRE_DISTRITO":"RETIRO","MINTBARRIO":"035","NOMBRE_BARRIO":"LOS JERONIMOS","OBJECTID":50688726}},{"type":"Feature","id":50985296,"geometry":{"type":"Point","coordinates":[-3.6947230842825149,40.408943050423211]},"properties":{"ESA_ESPECIE":"CBI","NOMBRE_COMUN":"Catalpa","NOMBRE_ESPECIE":"Catalpa bignonioides","ALTURA":"7","MINTDISTRITO":"01","NOMBRE_DISTRITO":"CENTRO","MINTBARRIO":"012","NOMBRE_BARRIO":"EMBAJADORES","OBJECTID":50985296}},{"type":"Feature","id":51306944,"geometry":{"type":"Point","coordinates":[-3.6933579473266738,40.407904959893308]},"properties":{"ESA_ESPECIE":"PDA","NOMBRE_COMUN":"Plátano de sombra/Platanus x hybrida","NOMBRE_ESPECIE":"Platanus x hispanica","ALTURA":"18","MINTDISTRITO":"01","NOMBRE_DISTRITO":"CENTRO","MINTBARRIO":"012","NOMBRE_BARRIO":"EMBAJADORES","OBJECTID":51306944}},{"type":"Feature","id":51386271,"geometry":{"type":"Point","coordinates":[-3.6907744062566943,40.404461628476653]},"properties":{"ESA_ESPECIE":"SJA","NOMBRE_COMUN":"Acacia del Japón/Sophora japonica","NOMBRE_ESPECIE":"Styphnolobium japonicum","ALTURA":"4","MINTDISTRITO":"02","NOMBRE_DISTRITO":"ARGANZUELA","MINTBARRIO":"026","NOMBRE_BARRIO":"PALOS DE LA FRONTERA","OBJECTID":51386271}},{"type":"Feature","id":50978063,"geometry":{"type":"Point","coordinates":[-3.6958223691961631,40.415305713736018]},"properties":{"ESA_ESPECIE":"AMO","NOMBRE_COMUN":"Arce de Montpellier","NOMBRE_ESPECIE":"Acer monspessulanum","ALTURA":"5","MINTDISTRITO":"01","NOMBRE_DISTRITO":"CENTRO","MINTBARRIO":"013","NOMBRE_BARRIO":"CORTES","OBJECTID":50978063}},{"type":"Feature","id":51306538,"geometry":{"type":"Point","coordinates":[-3.6947063760550543,40.417491848077773]},"properties":{"ESA_ESPECIE":"PCY","NOMBRE_COMUN":"Peral de flor","NOMBRE_ESPECIE":"Pyrus calleryana","ALTURA":"4","MINTDISTRITO":"01","NOMBRE_DISTRITO":"CENTRO","MINTBARRIO":"013","NOMBRE_BARRIO":"CORTES","OBJECTID":51306538}},{"type":"Feature","id":51227368,"geometry":{"type":"Point","coordinates":[-3.6941248111563163,40.416450273831913]},"properties":{"ESA_ESPECIE":"PDA","NOMBRE_COMUN":"Plátano de sombra/Platanus x hybrida","NOMBRE_ESPECIE":"Platanus x hispanica","ALTURA":"5,5","MINTDISTRITO":"01","NOMBRE_DISTRITO":"CENTRO","MINTBARRIO":"013","NOMBRE_BARRIO":"CORTES","OBJECTID":51227368}},{"type":"Feature","id":50564682,"geometry":{"type":"Point","coordinates":[-3.6784518728541862,40.407452627011864]},"properties":{"ESA_ESPECIE":"CAR","NOMBRE_COMUN":"Ciprés de Arizona","NOMBRE_ESPECIE":"Cupressus arizonica","ALTURA":"16","MINTDISTRITO":"03","NOMBRE_DISTRITO":"RETIRO","MINTBARRIO":"031","NOMBRE_BARRIO":"PACIFICO","OBJECTID":50564682}},{"type":"Feature","id":50604716,"geometry":{"type":"Point","coordinates":[-3.6846655344975829,40.406427299777228]},"properties":{"ESA_ESPECIE":"PDA","NOMBRE_COMUN":"Plátano de sombra/Platanus x hybrida","NOMBRE_ESPECIE":"Platanus x hispanica","ALTURA":"4,5","MINTDISTRITO":"03","NOMBRE_DISTRITO":"RETIRO","MINTBARRIO":"031","NOMBRE_BARRIO":"PACIFICO","OBJECTID":50604716}},{"type":"Feature","id":50633930,"geometry":{"type":"Point","coordinates":[-3.6856490648783744,40.405931360477325]},"properties":{"ESA_ESPECIE":"CDE","NOMBRE_COMUN":"Cedro llorón","NOMBRE_ESPECIE":"Cedrus deodara","ALTURA":"20","MINTDISTRITO":"03","NOMBRE_DISTRITO":"RETIRO","MINTBARRIO":"031","NOMBRE_BARRIO":"PACIFICO","OBJECTID":50633930}},{"type":"Feature","id":51186495,"geometry":{"type":"Point","coordinates":[-3.6959399805961723,40.408393675211961]},"properties":{"ESA_ESPECIE":"LJV","NOMBRE_COMUN":"Aligustre variegado","NOMBRE_ESPECIE":"Ligustrum japonicum 'Variegatum'","ALTURA":"8,5","MINTDISTRITO":"01","NOMBRE_DISTRITO":"CENTRO","MINTBARRIO":"012","NOMBRE_BARRIO":"EMBAJADORES","OBJECTID":51186495}},{"type":"Feature","id":51172764,"geometry":{"type":"Point","coordinates":[-3.6900194745055575,40.418163242335893]},"properties":{"ESA_ESPECIE":"SJA","NOMBRE_COMUN":"Acacia del Japón/Sophora japonica","NOMBRE_ESPECIE":"Styphnolobium japonicum","ALTURA":"8","MINTDISTRITO":"03","NOMBRE_DISTRITO":"RETIRO","MINTBARRIO":"035","NOMBRE_BARRIO":"LOS JERONIMOS","OBJECTID":51172764}},{"type":"Feature","id":51180338,"geometry":{"type":"Point","coordinates":[-3.690425797821169,40.418460205153004]},"properties":{"ESA_ESPECIE":"SJA","NOMBRE_COMUN":"Acacia del Japón/Sophora japonica","NOMBRE_ESPECIE":"Styphnolobium japonicum","ALTURA":"6","MINTDISTRITO":"03","NOMBRE_DISTRITO":"RETIRO","MINTBARRIO":"035","NOMBRE_BARRIO":"LOS JERONIMOS","OBJECTID":51180338}},{"type":"Feature","id":51216385,"geometry":{"type":"Point","coordinates":[-3.6912811537422154,40.416594717187607]},"properties":{"ESA_ESPECIE":"PDA","NOMBRE_COMUN":"Plátano de sombra/Platanus x hybrida","NOMBRE_ESPECIE":"Platanus x hispanica","ALTURA":"5,5","MINTDISTRITO":"03","NOMBRE_DISTRITO":"RETIRO","MINTBARRIO":"035","NOMBRE_BARRIO":"LOS JERONIMOS","OBJECTID":51216385}},{"type":"Feature","id":50634926,"geometry":{"type":"Point","coordinates":[-3.6903403216216795,40.412415346608952]},"properties":{"ESA_ESPECIE":"LJA","NOMBRE_COMUN":"Aligustre del Japón","NOMBRE_ESPECIE":"Ligustrum japonicum","ALTURA":"4,5","MINTDISTRITO":"03","NOMBRE_DISTRITO":"RETIRO","MINTBARRIO":"035","NOMBRE_BARRIO":"LOS JERONIMOS","OBJECTID":50634926}},{"type":"Feature","id":50705695,"geometry":{"type":"Point","coordinates":[-3.6915995029824593,40.412835751425753]},"properties":{"ESA_ESPECIE":"RPS","NOMBRE_COMUN":"Falsa acacia","NOMBRE_ESPECIE":"Robinia pseudoacacia","ALTURA":"8","MINTDISTRITO":"03","NOMBRE_DISTRITO":"RETIRO","MINTBARRIO":"035","NOMBRE_BARRIO":"LOS JERONIMOS","OBJECTID":50705695}},{"type":"Feature","id":51412829,"geometry":{"type":"Point","coordinates":[-3.6926439723961417,40.412439650275324]},"properties":{"ESA_ESPECIE":"PDA","NOMBRE_COMUN":"Plátano de sombra/Platanus x hybrida","NOMBRE_ESPECIE":"Platanus x hispanica","ALTURA":"20","MINTDISTRITO":"03","NOMBRE_DISTRITO":"RETIRO","MINTBARRIO":"035","NOMBRE_BARRIO":"LOS JERONIMOS","OBJECTID":51412829}},{"type":"Feature","id":50998031,"geometry":{"type":"Point","coordinates":[-3.6951007649033141,40.415643740426439]},"properties":{"ESA_ESPECIE":"SJA","NOMBRE_COMUN":"Acacia del Japón/Sophora japonica","NOMBRE_ESPECIE":"Styphnolobium japonicum","ALTURA":"12","MINTDISTRITO":"01","NOMBRE_DISTRITO":"CENTRO","MINTBARRIO":"013","NOMBRE_BARRIO":"CORTES","OBJECTID":50998031}},{"type":"Feature","id":51228779,"geometry":{"type":"Point","coordinates":[-3.6934606760799937,40.414715386883358]},"properties":{"ESA_ESPECIE":"PDA","NOMBRE_COMUN":"Plátano de sombra/Platanus x hybrida","NOMBRE_ESPECIE":"Platanus x hispanica","ALTURA":"20","MINTDISTRITO":"01","NOMBRE_DISTRITO":"CENTRO","MINTBARRIO":"013","NOMBRE_BARRIO":"CORTES","OBJECTID":51228779}},{"type":"Feature","id":51228791,"geometry":{"type":"Point","coordinates":[-3.6936174688762535,40.414642644234846]},"properties":{"ESA_ESPECIE":"PDA","NOMBRE_COMUN":"Plátano de sombra/Platanus x hybrida","NOMBRE_ESPECIE":"Platanus x hispanica","ALTURA":"17","MINTDISTRITO":"01","NOMBRE_DISTRITO":"CENTRO","MINTBARRIO":"013","NOMBRE_BARRIO":"CORTES","OBJECTID":51228791}},{"type":"Feature","id":51228693,"geometry":{"type":"Point","coordinates":[-3.6937400089651926,40.413909959795625]},"properties":{"ESA_ESPECIE":"SJA","NOMBRE_COMUN":"Acacia del Japón/Sophora japonica","NOMBRE_ESPECIE":"Styphnolobium japonicum","ALTURA":"5","MINTDISTRITO":"01","NOMBRE_DISTRITO":"CENTRO","MINTBARRIO":"013","NOMBRE_BARRIO":"CORTES","OBJECTID":51228693}},{"type":"Feature","id":51412915,"geometry":{"type":"Point","coordinates":[-3.6930520731035656,40.417167090496982]},"properties":{"ESA_ESPECIE":"PDA","NOMBRE_COMUN":"Plátano de sombra/Platanus x hybrida","NOMBRE_ESPECIE":"Platanus x hispanica","ALTURA":"20","MINTDISTRITO":"03","NOMBRE_DISTRITO":"RETIRO","MINTBARRIO":"035","NOMBRE_BARRIO":"LOS JERONIMOS","OBJECTID":51412915}},{"type":"Feature","id":51171839,"geometry":{"type":"Point","coordinates":[-3.6905377401827848,40.416823007508746]},"properties":{"ESA_ESPECIE":"SJA","NOMBRE_COMUN":"Acacia del Japón/Sophora japonica","NOMBRE_ESPECIE":"Styphnolobium japonicum","ALTURA":"11","MINTDISTRITO":"03","NOMBRE_DISTRITO":"RETIRO","MINTBARRIO":"035","NOMBRE_BARRIO":"LOS JERONIMOS","OBJECTID":51171839}},{"type":"Feature","id":51015541,"geometry":{"type":"Point","coordinates":[-3.6934935355333782,40.409815211135076]},"properties":{"ESA_ESPECIE":"PDA","NOMBRE_COMUN":"Plátano de sombra/Platanus x hybrida","NOMBRE_ESPECIE":"Platanus x hispanica","ALTURA":"5","MINTDISTRITO":"01","NOMBRE_DISTRITO":"CENTRO","MINTBARRIO":"013","NOMBRE_BARRIO":"CORTES","OBJECTID":51015541}},{"type":"Feature","id":50981360,"geometry":{"type":"Point","coordinates":[-3.6952244900920324,40.408502043240119]},"properties":{"ESA_ESPECIE":"RPS","NOMBRE_COMUN":"Falsa acacia","NOMBRE_ESPECIE":"Robinia pseudoacacia","ALTURA":"8","MINTDISTRITO":"01","NOMBRE_DISTRITO":"CENTRO","MINTBARRIO":"012","NOMBRE_BARRIO":"EMBAJADORES","OBJECTID":50981360}},{"type":"Feature","id":51345931,"geometry":{"type":"Point","coordinates":[-3.6921882960226284,40.404310388161505]},"properties":{"ESA_ESPECIE":"UPU","NOMBRE_COMUN":"Olmo de Siberia","NOMBRE_ESPECIE":"Ulmus pumila","ALTURA":"16,5","MINTDISTRITO":"02","NOMBRE_DISTRITO":"ARGANZUELA","MINTBARRIO":"026","NOMBRE_BARRIO":"PALOS DE LA FRONTERA","OBJECTID":51345931}},{"type":"Feature","id":51383174,"geometry":{"type":"Point","coordinates":[-3.6931206604040105,40.406952656467155]},"properties":{"ESA_ESPECIE":"PDA","NOMBRE_COMUN":"Plátano de sombra/Platanus x hybrida","NOMBRE_ESPECIE":"Platanus x hispanica","ALTURA":"17,5","MINTDISTRITO":"02","NOMBRE_DISTRITO":"ARGANZUELA","MINTBARRIO":"026","NOMBRE_BARRIO":"PALOS DE LA FRONTERA","OBJECTID":51383174}},{"type":"Feature","id":51227354,"geometry":{"type":"Point","coordinates":[-3.6922793790543675,40.409527647855008]},"properties":{"ESA_ESPECIE":"PDA","NOMBRE_COMUN":"Plátano de sombra/Platanus x hybrida","NOMBRE_ESPECIE":"Platanus x hispanica","ALTURA":"12","MINTDISTRITO":"01","NOMBRE_DISTRITO":"CENTRO","MINTBARRIO":"013","NOMBRE_BARRIO":"CORTES","OBJECTID":51227354}},{"type":"Feature","id":50566156,"geometry":{"type":"Point","coordinates":[-3.6957472836231191,40.414057091702482]},"properties":{"ESA_ESPECIE":"LJA","NOMBRE_COMUN":"Aligustre del Japón","NOMBRE_ESPECIE":"Ligustrum japonicum","ALTURA":"7.50","MINTDISTRITO":"01","NOMBRE_DISTRITO":"CENTRO","MINTBARRIO":"013","NOMBRE_BARRIO":"CORTES","OBJECTID":50566156}},{"type":"Feature","id":51021984,"geometry":{"type":"Point","coordinates":[-3.6778555330068099,40.406416397435592]},"properties":{"ESA_ESPECIE":"LJA","NOMBRE_COMUN":"Aligustre del Japón","NOMBRE_ESPECIE":"Ligustrum japonicum","ALTURA":"4,5","MINTDISTRITO":"03","NOMBRE_DISTRITO":"RETIRO","MINTBARRIO":"031","NOMBRE_BARRIO":"PACIFICO","OBJECTID":51021984}},{"type":"Feature","id":50693930,"geometry":{"type":"Point","coordinates":[-3.678401551702744,40.407897699778054]},"properties":{"ESA_ESPECIE":"PDA","NOMBRE_COMUN":"Plátano de sombra/Platanus x hybrida","NOMBRE_ESPECIE":"Platanus x hispanica","ALTURA":"13","MINTDISTRITO":"03","NOMBRE_DISTRITO":"RETIRO","MINTBARRIO":"036","NOMBRE_BARRIO":"NIÑO JESUS","OBJECTID":50693930}},{"type":"Feature","id":50699254,"geometry":{"type":"Point","coordinates":[-3.6775302033795603,40.415251317873143]},"properties":{"ESA_ESPECIE":"PDA","NOMBRE_COMUN":"Plátano de sombra/Platanus x hybrida","NOMBRE_ESPECIE":"Platanus x hispanica","ALTURA":"9,5","MINTDISTRITO":"03","NOMBRE_DISTRITO":"RETIRO","MINTBARRIO":"036","NOMBRE_BARRIO":"NIÑO JESUS","OBJECTID":50699254}},{"type":"Feature","id":50704258,"geometry":{"type":"Point","coordinates":[-3.6778982116504926,40.41627460705412]},"properties":{"ESA_ESPECIE":"PDA","NOMBRE_COMUN":"Plátano de sombra/Platanus x hybrida","NOMBRE_ESPECIE":"Platanus x hispanica","ALTURA":"10","MINTDISTRITO":"03","NOMBRE_DISTRITO":"RETIRO","MINTBARRIO":"034","NOMBRE_BARRIO":"IBIZA","OBJECTID":50704258}},{"type":"Feature","id":51216436,"geometry":{"type":"Point","coordinates":[-3.6895740830459025,40.416706281094186]},"properties":{"ESA_ESPECIE":"PDA","NOMBRE_COMUN":"Plátano de sombra/Platanus x hybrida","NOMBRE_ESPECIE":"Platanus x hispanica","ALTURA":"7","MINTDISTRITO":"03","NOMBRE_DISTRITO":"RETIRO","MINTBARRIO":"035","NOMBRE_BARRIO":"LOS JERONIMOS","OBJECTID":51216436}},{"type":"Feature","id":50568812,"geometry":{"type":"Point","coordinates":[-3.6905441590670023,40.415130060985199]},"properties":{"ESA_ESPECIE":"SJA","NOMBRE_COMUN":"Acacia del Japón/Sophora japonica","NOMBRE_ESPECIE":"Styphnolobium japonicum","ALTURA":"4.5","MINTDISTRITO":"03","NOMBRE_DISTRITO":"RETIRO","MINTBARRIO":"035","NOMBRE_BARRIO":"LOS JERONIMOS","OBJECTID":50568812}},{"type":"Feature","id":50692307,"geometry":{"type":"Point","coordinates":[-3.6918821655736851,40.415279116532211]},"properties":{"ESA_ESPECIE":"SJA","NOMBRE_COMUN":"Acacia del Japón/Sophora japonica","NOMBRE_ESPECIE":"Styphnolobium japonicum","ALTURA":"4,5","MINTDISTRITO":"03","NOMBRE_DISTRITO":"RETIRO","MINTBARRIO":"035","NOMBRE_BARRIO":"LOS JERONIMOS","OBJECTID":50692307}},{"type":"Feature","id":51180103,"geometry":{"type":"Point","coordinates":[-3.6926061446579914,40.414947338927909]},"properties":{"ESA_ESPECIE":"ATA","NOMBRE_COMUN":"Arce de Tartaria","NOMBRE_ESPECIE":"Acer tataricum","ALTURA":"7","MINTDISTRITO":"03","NOMBRE_DISTRITO":"RETIRO","MINTBARRIO":"035","NOMBRE_BARRIO":"LOS JERONIMOS","OBJECTID":51180103}},{"type":"Feature","id":51336299,"geometry":{"type":"Point","coordinates":[-3.691787563885899,40.406047166419114]},"properties":{"ESA_ESPECIE":"SJA","NOMBRE_COMUN":"Acacia del Japón/Sophora japonica","NOMBRE_ESPECIE":"Styphnolobium japonicum","ALTURA":"5,5","MINTDISTRITO":"02","NOMBRE_DISTRITO":"ARGANZUELA","MINTBARRIO":"026","NOMBRE_BARRIO":"PALOS DE LA FRONTERA","OBJECTID":51336299}},{"type":"Feature","id":50562724,"geometry":{"type":"Point","coordinates":[-3.6929217869961297,40.407451766641636]},"properties":{"ESA_ESPECIE":"AII","NOMBRE_COMUN":"Arce de Freeman","NOMBRE_ESPECIE":"Acer x freemanii","ALTURA":"5.5","MINTDISTRITO":"02","NOMBRE_DISTRITO":"ARGANZUELA","MINTBARRIO":"027","NOMBRE_BARRIO":"ATOCHA","OBJECTID":50562724}},{"type":"Feature","id":51386320,"geometry":{"type":"Point","coordinates":[-3.6931349925504029,40.40754670907554]},"properties":{"ESA_ESPECIE":"LST","NOMBRE_COMUN":"Liquidambar","NOMBRE_ESPECIE":"Liquidambar styraciflua","ALTURA":"6","MINTDISTRITO":"01","NOMBRE_DISTRITO":"CENTRO","MINTBARRIO":"012","NOMBRE_BARRIO":"EMBAJADORES","OBJECTID":51386320}},{"type":"Feature","id":50712479,"geometry":{"type":"Point","coordinates":[-3.6900970111778904,40.408158281084582]},"properties":{"ESA_ESPECIE":"PDA","NOMBRE_COMUN":"Plátano de sombra/Platanus x hybrida","NOMBRE_ESPECIE":"Platanus x hispanica","ALTURA":"17","MINTDISTRITO":"03","NOMBRE_DISTRITO":"RETIRO","MINTBARRIO":"035","NOMBRE_BARRIO":"LOS JERONIMOS","OBJECTID":50712479}},{"type":"Feature","id":50564882,"geometry":{"type":"Point","coordinates":[-3.6901170938732406,40.407687554934533]},"properties":{"ESA_ESPECIE":"PYSP","NOMBRE_COMUN":"Perales","NOMBRE_ESPECIE":"Pyrus sp","ALTURA":"5,5","MINTDISTRITO":"03","NOMBRE_DISTRITO":"RETIRO","MINTBARRIO":"035","NOMBRE_BARRIO":"LOS JERONIMOS","OBJECTID":50564882}},{"type":"Feature","id":50710801,"geometry":{"type":"Point","coordinates":[-3.6901597176759551,40.40965656372871]},"properties":{"ESA_ESPECIE":"AHI","NOMBRE_COMUN":"Castaño de indias","NOMBRE_ESPECIE":"Aesculus hippocastanum","ALTURA":"5","MINTDISTRITO":"03","NOMBRE_DISTRITO":"RETIRO","MINTBARRIO":"035","NOMBRE_BARRIO":"LOS JERONIMOS","OBJECTID":50710801}},{"type":"Feature","id":50564888,"geometry":{"type":"Point","coordinates":[-3.6820747162659941,40.406227340722047]},"properties":{"ESA_ESPECIE":"SJA","NOMBRE_COMUN":"Acacia del Japón/Sophora japonica","NOMBRE_ESPECIE":"Styphnolobium japonicum","ALTURA":"5","MINTDISTRITO":"03","NOMBRE_DISTRITO":"RETIRO","MINTBARRIO":"031","NOMBRE_BARRIO":"PACIFICO","OBJECTID":50564888}},{"type":"Feature","id":50702145,"geometry":{"type":"Point","coordinates":[-3.6854083389296708,40.406510692186927]},"properties":{"ESA_ESPECIE":"PDA","NOMBRE_COMUN":"Plátano de sombra/Platanus x hybrida","NOMBRE_ESPECIE":"Platanus x hispanica","ALTURA":"13","MINTDISTRITO":"03","NOMBRE_DISTRITO":"RETIRO","MINTBARRIO":"035","NOMBRE_BARRIO":"LOS JERONIMOS","OBJECTID":50702145}},{"type":"Feature","id":51172131,"geometry":{"type":"Point","coordinates":[-3.6817867420956754,40.406910133471719]},"properties":{"ESA_ESPECIE":"PDA","NOMBRE_COMUN":"Plátano de sombra/Platanus x hybrida","NOMBRE_ESPECIE":"Platanus x hispanica","ALTURA":"17","MINTDISTRITO":"03","NOMBRE_DISTRITO":"RETIRO","MINTBARRIO":"031","NOMBRE_BARRIO":"PACIFICO","OBJECTID":51172131}},{"type":"Feature","id":50591348,"geometry":{"type":"Point","coordinates":[-3.6839668864227164,40.408372662574266]},"properties":{"ESA_ESPECIE":"FCA","NOMBRE_COMUN":"Higuera","NOMBRE_ESPECIE":"Ficus carica","ALTURA":"2","MINTDISTRITO":"03","NOMBRE_DISTRITO":"RETIRO","MINTBARRIO":"035","NOMBRE_BARRIO":"LOS JERONIMOS","OBJECTID":50591348}},{"type":"Feature","id":50699489,"geometry":{"type":"Point","coordinates":[-3.6889498933377651,40.418969975365627]},"properties":{"ESA_ESPECIE":"PDA","NOMBRE_COMUN":"Plátano de sombra/Platanus x hybrida","NOMBRE_ESPECIE":"Platanus x hispanica","ALTURA":"14","MINTDISTRITO":"03","NOMBRE_DISTRITO":"RETIRO","MINTBARRIO":"035","NOMBRE_BARRIO":"LOS JERONIMOS","OBJECTID":50699489}},{"type":"Feature","id":51182702,"geometry":{"type":"Point","coordinates":[-3.6911857197899924,40.412836676259282]},"properties":{"ESA_ESPECIE":"SJA","NOMBRE_COMUN":"Acacia del Japón/Sophora japonica","NOMBRE_ESPECIE":"Styphnolobium japonicum","ALTURA":"5,5","MINTDISTRITO":"03","NOMBRE_DISTRITO":"RETIRO","MINTBARRIO":"035","NOMBRE_BARRIO":"LOS JERONIMOS","OBJECTID":51182702}},{"type":"Feature","id":50689416,"geometry":{"type":"Point","coordinates":[-3.6871740476345076,40.420660280023036]},"properties":{"ESA_ESPECIE":"TIP","NOMBRE_COMUN":"Tilo de hojas grandes","NOMBRE_ESPECIE":"Tilia platyphyllos","ALTURA":"7,5","MINTDISTRITO":"04","NOMBRE_DISTRITO":"SALAMANCA","MINTBARRIO":"041","NOMBRE_BARRIO":"RECOLETOS","OBJECTID":50689416}},{"type":"Feature","id":50887028,"geometry":{"type":"Point","coordinates":[-3.6784054328391775,40.40550243669334]},"properties":{"ESA_ESPECIE":"LJA","NOMBRE_COMUN":"Aligustre del Japón","NOMBRE_ESPECIE":"Ligustrum japonicum","ALTURA":"7","MINTDISTRITO":"03","NOMBRE_DISTRITO":"RETIRO","MINTBARRIO":"031","NOMBRE_BARRIO":"PACIFICO","OBJECTID":50887028}},{"type":"Feature","id":51316817,"geometry":{"type":"Point","coordinates":[-3.6908751359540379,40.420155950693562]},"properties":{"ESA_ESPECIE":"ANP","NOMBRE_COMUN":"Arce real 'Crimson King'","NOMBRE_ESPECIE":"Acer platanoides 'Crimson King'","ALTURA":"3,7","MINTDISTRITO":"04","NOMBRE_DISTRITO":"SALAMANCA","MINTBARRIO":"041","NOMBRE_BARRIO":"RECOLETOS","OBJECTID":51316817}},{"type":"Feature","id":51407711,"geometry":{"type":"Point","coordinates":[-3.6902507627213339,40.419932390955161]},"properties":{"ESA_ESPECIE":"SJA","NOMBRE_COMUN":"Acacia del Japón/Sophora japonica","NOMBRE_ESPECIE":"Styphnolobium japonicum","ALTURA":"12","MINTDISTRITO":"04","NOMBRE_DISTRITO":"SALAMANCA","MINTBARRIO":"041","NOMBRE_BARRIO":"RECOLETOS","OBJECTID":51407711}},{"type":"Feature","id":51141094,"geometry":{"type":"Point","coordinates":[-3.6930149909232073,40.420450117830178]},"properties":{"ESA_ESPECIE":"SJA","NOMBRE_COMUN":"Acacia del Japón/Sophora japonica","NOMBRE_ESPECIE":"Styphnolobium japonicum","ALTURA":"18","MINTDISTRITO":"01","NOMBRE_DISTRITO":"CENTRO","MINTBARRIO":"014","NOMBRE_BARRIO":"JUSTICIA","OBJECTID":51141094}},{"type":"Feature","id":51227411,"geometry":{"type":"Point","coordinates":[-3.6939990032159926,40.415963270294277]},"properties":{"ESA_ESPECIE":"ABX","NOMBRE_COMUN":"Abeto","NOMBRE_ESPECIE":"Abies sp","ALTURA":"7","MINTDISTRITO":"01","NOMBRE_DISTRITO":"CENTRO","MINTBARRIO":"013","NOMBRE_BARRIO":"CORTES","OBJECTID":51227411}},{"type":"Feature","id":50706236,"geometry":{"type":"Point","coordinates":[-3.6807646610120268,40.405360911738327]},"properties":{"ESA_ESPECIE":"SJA","NOMBRE_COMUN":"Acacia del Japón/Sophora japonica","NOMBRE_ESPECIE":"Styphnolobium japonicum","ALTURA":"7","MINTDISTRITO":"03","NOMBRE_DISTRITO":"RETIRO","MINTBARRIO":"031","NOMBRE_BARRIO":"PACIFICO","OBJECTID":50706236}},{"type":"Feature","id":51182708,"geometry":{"type":"Point","coordinates":[-3.6905728015207466,40.418751175162456]},"properties":{"ESA_ESPECIE":"SJA","NOMBRE_COMUN":"Acacia del Japón/Sophora japonica","NOMBRE_ESPECIE":"Styphnolobium japonicum","ALTURA":"8","MINTDISTRITO":"03","NOMBRE_DISTRITO":"RETIRO","MINTBARRIO":"035","NOMBRE_BARRIO":"LOS JERONIMOS","OBJECTID":51182708}},{"type":"Feature","id":50691580,"geometry":{"type":"Point","coordinates":[-3.6899921473024144,40.420841784757179]},"properties":{"ESA_ESPECIE":"PCY","NOMBRE_COMUN":"Peral de flor","NOMBRE_ESPECIE":"Pyrus calleryana","ALTURA":"7","MINTDISTRITO":"04","NOMBRE_DISTRITO":"SALAMANCA","MINTBARRIO":"041","NOMBRE_BARRIO":"RECOLETOS","OBJECTID":50691580}},{"type":"Feature","id":50667770,"geometry":{"type":"Point","coordinates":[-3.6909849278126008,40.420915405334775]},"properties":{"ESA_ESPECIE":"MEA","NOMBRE_COMUN":"Cinamomo","NOMBRE_ESPECIE":"Melia azedarach","ALTURA":"11,5","MINTDISTRITO":"04","NOMBRE_DISTRITO":"SALAMANCA","MINTBARRIO":"041","NOMBRE_BARRIO":"RECOLETOS","OBJECTID":50667770}},{"type":"Feature","id":51100470,"geometry":{"type":"Point","coordinates":[-3.6961027260960719,40.420104305707689]},"properties":{"ESA_ESPECIE":"MGR","NOMBRE_COMUN":"Magnolio","NOMBRE_ESPECIE":"Magnolia grandiflora","ALTURA":"7","MINTDISTRITO":"01","NOMBRE_DISTRITO":"CENTRO","MINTBARRIO":"014","NOMBRE_BARRIO":"JUSTICIA","OBJECTID":51100470}},{"type":"Feature","id":51010815,"geometry":{"type":"Point","coordinates":[-3.6956637782461934,40.419586756744657]},"properties":{"ESA_ESPECIE":"LJV","NOMBRE_COMUN":"Aligustre variegado","NOMBRE_ESPECIE":"Ligustrum japonicum 'Variegatum'","ALTURA":"6","MINTDISTRITO":"01","NOMBRE_DISTRITO":"CENTRO","MINTBARRIO":"014","NOMBRE_BARRIO":"JUSTICIA","OBJECTID":51010815}},{"type":"Feature","id":50995910,"geometry":{"type":"Point","coordinates":[-3.6957313027153358,40.413838444547793]},"properties":{"ESA_ESPECIE":"LJA","NOMBRE_COMUN":"Aligustre del Japón","NOMBRE_ESPECIE":"Ligustrum japonicum","ALTURA":"6","MINTDISTRITO":"01","NOMBRE_DISTRITO":"CENTRO","MINTBARRIO":"013","NOMBRE_BARRIO":"CORTES","OBJECTID":50995910}},{"type":"Feature","id":51329409,"geometry":{"type":"Point","coordinates":[-3.6911288669768081,40.404053453672937]},"properties":{"ESA_ESPECIE":"UPU","NOMBRE_COMUN":"Olmo de Siberia","NOMBRE_ESPECIE":"Ulmus pumila","ALTURA":"12","MINTDISTRITO":"02","NOMBRE_DISTRITO":"ARGANZUELA","MINTBARRIO":"026","NOMBRE_BARRIO":"PALOS DE LA FRONTERA","OBJECTID":51329409}},{"type":"Feature","id":51336393,"geometry":{"type":"Point","coordinates":[-3.6906826310486029,40.405190766838913]},"properties":{"ESA_ESPECIE":"SJA","NOMBRE_COMUN":"Acacia del Japón/Sophora japonica","NOMBRE_ESPECIE":"Styphnolobium japonicum","ALTURA":"7,5","MINTDISTRITO":"02","NOMBRE_DISTRITO":"ARGANZUELA","MINTBARRIO":"027","NOMBRE_BARRIO":"ATOCHA","OBJECTID":51336393}},{"type":"Feature","id":51336399,"geometry":{"type":"Point","coordinates":[-3.6911587191359749,40.405628564256574]},"properties":{"ESA_ESPECIE":"SJA","NOMBRE_COMUN":"Acacia del Japón/Sophora japonica","NOMBRE_ESPECIE":"Styphnolobium japonicum","ALTURA":"6","MINTDISTRITO":"02","NOMBRE_DISTRITO":"ARGANZUELA","MINTBARRIO":"027","NOMBRE_BARRIO":"ATOCHA","OBJECTID":51336399}},{"type":"Feature","id":51346721,"geometry":{"type":"Point","coordinates":[-3.6895609716772655,40.409551892353058]},"properties":{"ESA_ESPECIE":"MEA","NOMBRE_COMUN":"Cinamomo","NOMBRE_ESPECIE":"Melia azedarach","ALTURA":"6","MINTDISTRITO":"03","NOMBRE_DISTRITO":"RETIRO","MINTBARRIO":"035","NOMBRE_BARRIO":"LOS JERONIMOS","OBJECTID":51346721}},{"type":"Feature","id":51003925,"geometry":{"type":"Point","coordinates":[-3.6927164326761557,40.409506246294484]},"properties":{"ESA_ESPECIE":"PDA","NOMBRE_COMUN":"Plátano de sombra/Platanus x hybrida","NOMBRE_ESPECIE":"Platanus x hispanica","ALTURA":"18","MINTDISTRITO":"01","NOMBRE_DISTRITO":"CENTRO","MINTBARRIO":"013","NOMBRE_BARRIO":"CORTES","OBJECTID":51003925}},{"type":"Feature","id":51311415,"geometry":{"type":"Point","coordinates":[-3.6915771457195459,40.420450808681728]},"properties":{"ESA_ESPECIE":"CBU","NOMBRE_COMUN":"Catalpa de Bunge","NOMBRE_ESPECIE":"Catalpa bungei","ALTURA":"6","MINTDISTRITO":"04","NOMBRE_DISTRITO":"SALAMANCA","MINTBARRIO":"041","NOMBRE_BARRIO":"RECOLETOS","OBJECTID":51311415}},{"type":"Feature","id":51066195,"geometry":{"type":"Point","coordinates":[-3.6777019032990905,40.418912048936953]},"properties":{"ESA_ESPECIE":"LJA","NOMBRE_COMUN":"Aligustre del Japón","NOMBRE_ESPECIE":"Ligustrum japonicum","ALTURA":"3","MINTDISTRITO":"03","NOMBRE_DISTRITO":"RETIRO","MINTBARRIO":"034","NOMBRE_BARRIO":"IBIZA","OBJECTID":51066195}},{"type":"Feature","id":50564733,"geometry":{"type":"Point","coordinates":[-3.6790815722151282,40.407884969041724]},"properties":{"ESA_ESPECIE":"RPS","NOMBRE_COMUN":"Falsa acacia","NOMBRE_ESPECIE":"Robinia pseudoacacia","ALTURA":"14","MINTDISTRITO":"03","NOMBRE_DISTRITO":"RETIRO","MINTBARRIO":"035","NOMBRE_BARRIO":"LOS JERONIMOS","OBJECTID":50564733}},{"type":"Feature","id":51182602,"geometry":{"type":"Point","coordinates":[-3.6824845085738698,40.406256490352192]},"properties":{"ESA_ESPECIE":"SJA","NOMBRE_COMUN":"Acacia del Japón/Sophora japonica","NOMBRE_ESPECIE":"Styphnolobium japonicum","ALTURA":"6,5","MINTDISTRITO":"03","NOMBRE_DISTRITO":"RETIRO","MINTBARRIO":"031","NOMBRE_BARRIO":"PACIFICO","OBJECTID":51182602}},{"type":"Feature","id":50695267,"geometry":{"type":"Point","coordinates":[-3.6832213264652753,40.405909127674725]},"properties":{"ESA_ESPECIE":"SJA","NOMBRE_COMUN":"Acacia del Japón/Sophora japonica","NOMBRE_ESPECIE":"Styphnolobium japonicum","ALTURA":"6,5","MINTDISTRITO":"03","NOMBRE_DISTRITO":"RETIRO","MINTBARRIO":"031","NOMBRE_BARRIO":"PACIFICO","OBJECTID":50695267}},{"type":"Feature","id":50706081,"geometry":{"type":"Point","coordinates":[-3.6872590355018087,40.406680968890811]},"properties":{"ESA_ESPECIE":"PDA","NOMBRE_COMUN":"Plátano de sombra/Platanus x hybrida","NOMBRE_ESPECIE":"Platanus x hispanica","ALTURA":"13","MINTDISTRITO":"03","NOMBRE_DISTRITO":"RETIRO","MINTBARRIO":"035","NOMBRE_BARRIO":"LOS JERONIMOS","OBJECTID":50706081}},{"type":"Feature","id":51038598,"geometry":{"type":"Point","coordinates":[-3.6843022933883969,40.40789824277482]},"properties":{"ESA_ESPECIE":"SJA","NOMBRE_COMUN":"Acacia del Japón/Sophora japonica","NOMBRE_ESPECIE":"Styphnolobium japonicum","ALTURA":"5,5","MINTDISTRITO":"03","NOMBRE_DISTRITO":"RETIRO","MINTBARRIO":"035","NOMBRE_BARRIO":"LOS JERONIMOS","OBJECTID":51038598}},{"type":"Feature","id":51228685,"geometry":{"type":"Point","coordinates":[-3.6934495305560953,40.413889197769819]},"properties":{"ESA_ESPECIE":"PDA","NOMBRE_COMUN":"Plátano de sombra/Platanus x hybrida","NOMBRE_ESPECIE":"Platanus x hispanica","ALTURA":"20","MINTDISTRITO":"01","NOMBRE_DISTRITO":"CENTRO","MINTBARRIO":"013","NOMBRE_BARRIO":"CORTES","OBJECTID":51228685}},{"type":"Feature","id":51013128,"geometry":{"type":"Point","coordinates":[-3.6795785002775232,40.404888426877328]},"properties":{"ESA_ESPECIE":"SJA","NOMBRE_COMUN":"Acacia del Japón/Sophora japonica","NOMBRE_ESPECIE":"Styphnolobium japonicum","ALTURA":"5","MINTDISTRITO":"03","NOMBRE_DISTRITO":"RETIRO","MINTBARRIO":"031","NOMBRE_BARRIO":"PACIFICO","OBJECTID":51013128}},{"type":"Feature","id":51182559,"geometry":{"type":"Point","coordinates":[-3.6925083313571965,40.417258484123366]},"properties":{"ESA_ESPECIE":"SJA","NOMBRE_COMUN":"Acacia del Japón/Sophora japonica","NOMBRE_ESPECIE":"Styphnolobium japonicum","ALTURA":"4,5","MINTDISTRITO":"03","NOMBRE_DISTRITO":"RETIRO","MINTBARRIO":"035","NOMBRE_BARRIO":"LOS JERONIMOS","OBJECTID":51182559}},{"type":"Feature","id":50635161,"geometry":{"type":"Point","coordinates":[-3.6900372068837952,40.415513566888919]},"properties":{"ESA_ESPECIE":"THX","NOMBRE_COMUN":"Tuya","NOMBRE_ESPECIE":"Thuja sp","ALTURA":"7","MINTDISTRITO":"03","NOMBRE_DISTRITO":"RETIRO","MINTBARRIO":"035","NOMBRE_BARRIO":"LOS JERONIMOS","OBJECTID":50635161}},{"type":"Feature","id":50693644,"geometry":{"type":"Point","coordinates":[-3.6922635049695978,40.416018999232477]},"properties":{"ESA_ESPECIE":"PDA","NOMBRE_COMUN":"Plátano de sombra/Platanus x hybrida","NOMBRE_ESPECIE":"Platanus x hispanica","ALTURA":"10","MINTDISTRITO":"03","NOMBRE_DISTRITO":"RETIRO","MINTBARRIO":"035","NOMBRE_BARRIO":"LOS JERONIMOS","OBJECTID":50693644}},{"type":"Feature","id":51180936,"geometry":{"type":"Point","coordinates":[-3.6776925496143371,40.419007743808734]},"properties":{"ESA_ESPECIE":"LJA","NOMBRE_COMUN":"Aligustre del Japón","NOMBRE_ESPECIE":"Ligustrum japonicum","ALTURA":"6,5","MINTDISTRITO":"03","NOMBRE_DISTRITO":"RETIRO","MINTBARRIO":"034","NOMBRE_BARRIO":"IBIZA","OBJECTID":51180936}},{"type":"Feature","id":51335758,"geometry":{"type":"Point","coordinates":[-3.6900442960120201,40.404436861756984]},"properties":{"ESA_ESPECIE":"SJA","NOMBRE_COMUN":"Acacia del Japón/Sophora japonica","NOMBRE_ESPECIE":"Styphnolobium japonicum","ALTURA":"6,5","MINTDISTRITO":"02","NOMBRE_DISTRITO":"ARGANZUELA","MINTBARRIO":"026","NOMBRE_BARRIO":"PALOS DE LA FRONTERA","OBJECTID":51335758}},{"type":"Feature","id":51350316,"geometry":{"type":"Point","coordinates":[-3.6949686237241401,40.405538816864393]},"properties":{"ESA_ESPECIE":"PDA","NOMBRE_COMUN":"Plátano de sombra/Platanus x hybrida","NOMBRE_ESPECIE":"Platanus x hispanica","ALTURA":"14","MINTDISTRITO":"02","NOMBRE_DISTRITO":"ARGANZUELA","MINTBARRIO":"026","NOMBRE_BARRIO":"PALOS DE LA FRONTERA","OBJECTID":51350316}},{"type":"Feature","id":50623359,"geometry":{"type":"Point","coordinates":[-3.6895635439065075,40.420191036869412]},"properties":{"ESA_ESPECIE":"PDA","NOMBRE_COMUN":"Plátano de sombra/Platanus x hybrida","NOMBRE_ESPECIE":"Platanus x hispanica","ALTURA":"4","MINTDISTRITO":"04","NOMBRE_DISTRITO":"SALAMANCA","MINTBARRIO":"041","NOMBRE_BARRIO":"RECOLETOS","OBJECTID":50623359}},{"type":"Feature","id":50696200,"geometry":{"type":"Point","coordinates":[-3.6801803185441138,40.405622370402952]},"properties":{"ESA_ESPECIE":"PDA","NOMBRE_COMUN":"Plátano de sombra/Platanus x hybrida","NOMBRE_ESPECIE":"Platanus x hispanica","ALTURA":"14","MINTDISTRITO":"03","NOMBRE_DISTRITO":"RETIRO","MINTBARRIO":"031","NOMBRE_BARRIO":"PACIFICO","OBJECTID":50696200}},{"type":"Feature","id":50692364,"geometry":{"type":"Point","coordinates":[-3.6815943673631013,40.405713413332322]},"properties":{"ESA_ESPECIE":"SJA","NOMBRE_COMUN":"Acacia del Japón/Sophora japonica","NOMBRE_ESPECIE":"Styphnolobium japonicum","ALTURA":"4,5","MINTDISTRITO":"03","NOMBRE_DISTRITO":"RETIRO","MINTBARRIO":"031","NOMBRE_BARRIO":"PACIFICO","OBJECTID":50692364}},{"type":"Feature","id":51025763,"geometry":{"type":"Point","coordinates":[-3.6884299096740363,40.419476804428662]},"properties":{"ESA_ESPECIE":"PDA","NOMBRE_COMUN":"Plátano de sombra/Platanus x hybrida","NOMBRE_ESPECIE":"Platanus x hispanica","ALTURA":"5","MINTDISTRITO":"03","NOMBRE_DISTRITO":"RETIRO","MINTBARRIO":"035","NOMBRE_BARRIO":"LOS JERONIMOS","OBJECTID":51025763}},{"type":"Feature","id":51179262,"geometry":{"type":"Point","coordinates":[-3.6875688910511588,40.407723150888238]},"properties":{"ESA_ESPECIE":"PPI","NOMBRE_COMUN":"Pino piñonero","NOMBRE_ESPECIE":"Pinus pinea","ALTURA":"3","MINTDISTRITO":"03","NOMBRE_DISTRITO":"RETIRO","MINTBARRIO":"035","NOMBRE_BARRIO":"LOS JERONIMOS","OBJECTID":51179262}},{"type":"Feature","id":50706181,"geometry":{"type":"Point","coordinates":[-3.6843978164284303,40.407555242928765]},"properties":{"ESA_ESPECIE":"CAU","NOMBRE_COMUN":"Almez","NOMBRE_ESPECIE":"Celtis australis","ALTURA":"5","MINTDISTRITO":"03","NOMBRE_DISTRITO":"RETIRO","MINTBARRIO":"035","NOMBRE_BARRIO":"LOS JERONIMOS","OBJECTID":50706181}},{"type":"Feature","id":50892481,"geometry":{"type":"Point","coordinates":[-3.6793600976736593,40.420329719405721]},"properties":{"ESA_ESPECIE":"PDA","NOMBRE_COMUN":"Plátano de sombra/Platanus x hybrida","NOMBRE_ESPECIE":"Platanus x hispanica","ALTURA":"4,5","MINTDISTRITO":"03","NOMBRE_DISTRITO":"RETIRO","MINTBARRIO":"034","NOMBRE_BARRIO":"IBIZA","OBJECTID":50892481}},{"type":"Feature","id":50701361,"geometry":{"type":"Point","coordinates":[-3.6785341497328017,40.418024001624225]},"properties":{"ESA_ESPECIE":"PDA","NOMBRE_COMUN":"Plátano de sombra/Platanus x hybrida","NOMBRE_ESPECIE":"Platanus x hispanica","ALTURA":"11","MINTDISTRITO":"03","NOMBRE_DISTRITO":"RETIRO","MINTBARRIO":"034","NOMBRE_BARRIO":"IBIZA","OBJECTID":50701361}},{"type":"Feature","id":50705348,"geometry":{"type":"Point","coordinates":[-3.6818260196109951,40.406518629170762]},"properties":{"ESA_ESPECIE":"SJA","NOMBRE_COMUN":"Acacia del Japón/Sophora japonica","NOMBRE_ESPECIE":"Styphnolobium japonicum","ALTURA":"6","MINTDISTRITO":"03","NOMBRE_DISTRITO":"RETIRO","MINTBARRIO":"031","NOMBRE_BARRIO":"PACIFICO","OBJECTID":50705348}},{"type":"Feature","id":51180246,"geometry":{"type":"Point","coordinates":[-3.6821283094403028,40.406217447921343]},"properties":{"ESA_ESPECIE":"SJA","NOMBRE_COMUN":"Acacia del Japón/Sophora japonica","NOMBRE_ESPECIE":"Styphnolobium japonicum","ALTURA":"8","MINTDISTRITO":"03","NOMBRE_DISTRITO":"RETIRO","MINTBARRIO":"031","NOMBRE_BARRIO":"PACIFICO","OBJECTID":51180246}},{"type":"Feature","id":50564931,"geometry":{"type":"Point","coordinates":[-3.6883302160013121,40.419517722489374]},"properties":{"ESA_ESPECIE":"PDA","NOMBRE_COMUN":"Plátano de sombra/Platanus x hybrida","NOMBRE_ESPECIE":"Platanus x hispanica","ALTURA":"3","MINTDISTRITO":"03","NOMBRE_DISTRITO":"RETIRO","MINTBARRIO":"035","NOMBRE_BARRIO":"LOS JERONIMOS","OBJECTID":50564931}},{"type":"Feature","id":50701610,"geometry":{"type":"Point","coordinates":[-3.6796462924350464,40.405017849081929]},"properties":{"ESA_ESPECIE":"SJA","NOMBRE_COMUN":"Acacia del Japón/Sophora japonica","NOMBRE_ESPECIE":"Styphnolobium japonicum","ALTURA":"6","MINTDISTRITO":"03","NOMBRE_DISTRITO":"RETIRO","MINTBARRIO":"031","NOMBRE_BARRIO":"PACIFICO","OBJECTID":50701610}},{"type":"Feature","id":51198738,"geometry":{"type":"Point","coordinates":[-3.6932382149533241,40.417472660440914]},"properties":{"ESA_ESPECIE":"SJA","NOMBRE_COMUN":"Acacia del Japón/Sophora japonica","NOMBRE_ESPECIE":"Styphnolobium japonicum","ALTURA":null,"MINTDISTRITO":"03","NOMBRE_DISTRITO":"RETIRO","MINTBARRIO":"035","NOMBRE_BARRIO":"LOS JERONIMOS","OBJECTID":51198738}},{"type":"Feature","id":51412921,"geometry":{"type":"Point","coordinates":[-3.6932072027937988,40.417601252298908]},"properties":{"ESA_ESPECIE":"SJA","NOMBRE_COMUN":"Acacia del Japón/Sophora japonica","NOMBRE_ESPECIE":"Styphnolobium japonicum","ALTURA":"13,5","MINTDISTRITO":"03","NOMBRE_DISTRITO":"RETIRO","MINTBARRIO":"035","NOMBRE_BARRIO":"LOS JERONIMOS","OBJECTID":51412921}},{"type":"Feature","id":51031173,"geometry":{"type":"Point","coordinates":[-3.6908708936331855,40.419544217067084]},"properties":{"ESA_ESPECIE":"PDA","NOMBRE_COMUN":"Plátano de sombra/Platanus x hybrida","NOMBRE_ESPECIE":"Platanus x hispanica","ALTURA":"5","MINTDISTRITO":"03","NOMBRE_DISTRITO":"RETIRO","MINTBARRIO":"035","NOMBRE_BARRIO":"LOS JERONIMOS","OBJECTID":51031173}},{"type":"Feature","id":51181426,"geometry":{"type":"Point","coordinates":[-3.6918774934025236,40.416356851811919]},"properties":{"ESA_ESPECIE":"PDA","NOMBRE_COMUN":"Plátano de sombra/Platanus x hybrida","NOMBRE_ESPECIE":"Platanus x hispanica","ALTURA":"10","MINTDISTRITO":"03","NOMBRE_DISTRITO":"RETIRO","MINTBARRIO":"035","NOMBRE_BARRIO":"LOS JERONIMOS","OBJECTID":51181426}},{"type":"Feature","id":51177341,"geometry":{"type":"Point","coordinates":[-3.6924336801004229,40.416394657431134]},"properties":{"ESA_ESPECIE":"AHI","NOMBRE_COMUN":"Castaño de indias","NOMBRE_ESPECIE":"Aesculus hippocastanum","ALTURA":"13","MINTDISTRITO":"03","NOMBRE_DISTRITO":"RETIRO","MINTBARRIO":"035","NOMBRE_BARRIO":"LOS JERONIMOS","OBJECTID":51177341}},{"type":"Feature","id":51386463,"geometry":{"type":"Point","coordinates":[-3.6918026522515279,40.405101340701883]},"properties":{"ESA_ESPECIE":"UPU","NOMBRE_COMUN":"Olmo de Siberia","NOMBRE_ESPECIE":"Ulmus pumila","ALTURA":"11","MINTDISTRITO":"02","NOMBRE_DISTRITO":"ARGANZUELA","MINTBARRIO":"026","NOMBRE_BARRIO":"PALOS DE LA FRONTERA","OBJECTID":51386463}},{"type":"Feature","id":50585589,"geometry":{"type":"Point","coordinates":[-3.6919484663841051,40.405566191723153]},"properties":{"ESA_ESPECIE":"AII","NOMBRE_COMUN":"Arce de Freeman","NOMBRE_ESPECIE":"Acer x freemanii","ALTURA":"4.5","MINTDISTRITO":"02","NOMBRE_DISTRITO":"ARGANZUELA","MINTBARRIO":"026","NOMBRE_BARRIO":"PALOS DE LA FRONTERA","OBJECTID":50585589}},{"type":"Feature","id":51176949,"geometry":{"type":"Point","coordinates":[-3.6898651714801152,40.407496138283548]},"properties":{"ESA_ESPECIE":"PYSP","NOMBRE_COMUN":"Perales","NOMBRE_ESPECIE":"Pyrus sp","ALTURA":"7","MINTDISTRITO":"03","NOMBRE_DISTRITO":"RETIRO","MINTBARRIO":"035","NOMBRE_BARRIO":"LOS JERONIMOS","OBJECTID":51176949}},{"type":"Feature","id":51308461,"geometry":{"type":"Point","coordinates":[-3.6897190768421915,40.407523505518213]},"properties":{"ESA_ESPECIE":"PYSP","NOMBRE_COMUN":"Peral","NOMBRE_ESPECIE":"Pyrus sp","ALTURA":"4","MINTDISTRITO":"03","NOMBRE_DISTRITO":"RETIRO","MINTBARRIO":"035","NOMBRE_BARRIO":"LOS JERONIMOS","OBJECTID":51308461}},{"type":"Feature","id":51260263,"geometry":{"type":"Point","coordinates":[-3.6778982116504926,40.41627460705412]},"properties":{"ESA_ESPECIE":"PDA","NOMBRE_COMUN":"Plátano de sombra/Platanus x hybrida","NOMBRE_ESPECIE":"Platanus x hispanica","ALTURA":"6","MINTDISTRITO":"03","NOMBRE_DISTRITO":"RETIRO","MINTBARRIO":"034","NOMBRE_BARRIO":"IBIZA","OBJECTID":51260263}},{"type":"Feature","id":51227311,"geometry":{"type":"Point","coordinates":[-3.6941108517600769,40.416881170200234]},"properties":{"ESA_ESPECIE":"PDA","NOMBRE_COMUN":"Plátano de sombra/Platanus x hybrida","NOMBRE_ESPECIE":"Platanus x hispanica","ALTURA":"8","MINTDISTRITO":"01","NOMBRE_DISTRITO":"CENTRO","MINTBARRIO":"013","NOMBRE_BARRIO":"CORTES","OBJECTID":51227311}},{"type":"Feature","id":51181277,"geometry":{"type":"Point","coordinates":[-3.6775025512382102,40.40919670857636]},"properties":{"ESA_ESPECIE":"PDA","NOMBRE_COMUN":"Plátano de sombra/Platanus x hybrida","NOMBRE_ESPECIE":"Platanus x hispanica","ALTURA":"11","MINTDISTRITO":"03","NOMBRE_DISTRITO":"RETIRO","MINTBARRIO":"036","NOMBRE_BARRIO":"NIÑO JESUS","OBJECTID":51181277}},{"type":"Feature","id":50567687,"geometry":{"type":"Point","coordinates":[-3.6958709593464429,40.414942753981478]},"properties":{"ESA_ESPECIE":"AMO","NOMBRE_COMUN":"Arce de Montpellier","NOMBRE_ESPECIE":"Acer monspessulanum","ALTURA":"4","MINTDISTRITO":"01","NOMBRE_DISTRITO":"CENTRO","MINTBARRIO":"013","NOMBRE_BARRIO":"CORTES","OBJECTID":50567687}},{"type":"Feature","id":51065405,"geometry":{"type":"Point","coordinates":[-3.6836295908926955,40.408013303896546]},"properties":{"ESA_ESPECIE":"RPS","NOMBRE_COMUN":"Falsa acacia","NOMBRE_ESPECIE":"Robinia pseudoacacia","ALTURA":"4","MINTDISTRITO":"03","NOMBRE_DISTRITO":"RETIRO","MINTBARRIO":"035","NOMBRE_BARRIO":"LOS JERONIMOS","OBJECTID":51065405}},{"type":"Feature","id":51028027,"geometry":{"type":"Point","coordinates":[-3.684738806612875,40.407496367828237]},"properties":{"ESA_ESPECIE":"CAU","NOMBRE_COMUN":"Almez","NOMBRE_ESPECIE":"Celtis australis","ALTURA":"4,5","MINTDISTRITO":"03","NOMBRE_DISTRITO":"RETIRO","MINTBARRIO":"035","NOMBRE_BARRIO":"LOS JERONIMOS","OBJECTID":51028027}},{"type":"Feature","id":51014453,"geometry":{"type":"Point","coordinates":[-3.6960433612789561,40.409424211549066]},"properties":{"ESA_ESPECIE":"AJU","NOMBRE_COMUN":"Acacia de Constantinopla","NOMBRE_ESPECIE":"Albizia julibrissin","ALTURA":"6","MINTDISTRITO":"01","NOMBRE_DISTRITO":"CENTRO","MINTBARRIO":"012","NOMBRE_BARRIO":"EMBAJADORES","OBJECTID":51014453}},{"type":"Feature","id":50572605,"geometry":{"type":"Point","coordinates":[-3.696038742439657,40.409587907776753]},"properties":{"ESA_ESPECIE":"PDA","NOMBRE_COMUN":"Plátano de sombra/Platanus x hybrida","NOMBRE_ESPECIE":"Platanus x hispanica","ALTURA":"5","MINTDISTRITO":"01","NOMBRE_DISTRITO":"CENTRO","MINTBARRIO":"012","NOMBRE_BARRIO":"EMBAJADORES","OBJECTID":50572605}},{"type":"Feature","id":51175867,"geometry":{"type":"Point","coordinates":[-3.6832640442348619,40.404011466643858]},"properties":{"ESA_ESPECIE":"PDA","NOMBRE_COMUN":"Plátano de sombra/Platanus x hybrida","NOMBRE_ESPECIE":"Platanus x hispanica","ALTURA":"19","MINTDISTRITO":"03","NOMBRE_DISTRITO":"RETIRO","MINTBARRIO":"031","NOMBRE_BARRIO":"PACIFICO","OBJECTID":51175867}},{"type":"Feature","id":51181228,"geometry":{"type":"Point","coordinates":[-3.6774451477374979,40.407251888975281]},"properties":{"ESA_ESPECIE":"PDA","NOMBRE_COMUN":"Plátano de sombra/Platanus x hybrida","NOMBRE_ESPECIE":"Platanus x hispanica","ALTURA":"18","MINTDISTRITO":"03","NOMBRE_DISTRITO":"RETIRO","MINTBARRIO":"031","NOMBRE_BARRIO":"PACIFICO","OBJECTID":51181228}},{"type":"Feature","id":51180146,"geometry":{"type":"Point","coordinates":[-3.6854822899870419,40.406141197470625]},"properties":{"ESA_ESPECIE":"PAR","NOMBRE_COMUN":"Peral de flor 'Chanticleer'","NOMBRE_ESPECIE":"Pyrus calleryana 'Chanticleer'","ALTURA":"5","MINTDISTRITO":"03","NOMBRE_DISTRITO":"RETIRO","MINTBARRIO":"031","NOMBRE_BARRIO":"PACIFICO","OBJECTID":51180146}},{"type":"Feature","id":51177982,"geometry":{"type":"Point","coordinates":[-3.6855908839747857,40.406196373774812]},"properties":{"ESA_ESPECIE":"PCP","NOMBRE_COMUN":"Ciruelo púrpura","NOMBRE_ESPECIE":"Prunus cerasifera  subsp. pissardii","ALTURA":"7","MINTDISTRITO":"03","NOMBRE_DISTRITO":"RETIRO","MINTBARRIO":"031","NOMBRE_BARRIO":"PACIFICO","OBJECTID":51177982}},{"type":"Feature","id":50707461,"geometry":{"type":"Point","coordinates":[-3.6797968082489061,40.407583016498045]},"properties":{"ESA_ESPECIE":"SJA","NOMBRE_COMUN":"Acacia del Japón/Sophora japonica","NOMBRE_ESPECIE":"Styphnolobium japonicum","ALTURA":"4,5","MINTDISTRITO":"03","NOMBRE_DISTRITO":"RETIRO","MINTBARRIO":"035","NOMBRE_BARRIO":"LOS JERONIMOS","OBJECTID":50707461}},{"type":"Feature","id":50644115,"geometry":{"type":"Point","coordinates":[-3.6805780191562505,40.407117967504412]},"properties":{"ESA_ESPECIE":"PDA","NOMBRE_COMUN":"Plátano de sombra/Platanus x hybrida","NOMBRE_ESPECIE":"Platanus x hispanica","ALTURA":"13","MINTDISTRITO":"03","NOMBRE_DISTRITO":"RETIRO","MINTBARRIO":"031","NOMBRE_BARRIO":"PACIFICO","OBJECTID":50644115}},{"type":"Feature","id":51172080,"geometry":{"type":"Point","coordinates":[-3.6838711569155733,40.406766264283604]},"properties":{"ESA_ESPECIE":"PDA","NOMBRE_COMUN":"Plátano de sombra/Platanus x hybrida","NOMBRE_ESPECIE":"Platanus x hispanica","ALTURA":"14","MINTDISTRITO":"03","NOMBRE_DISTRITO":"RETIRO","MINTBARRIO":"035","NOMBRE_BARRIO":"LOS JERONIMOS","OBJECTID":51172080}},{"type":"Feature","id":51021535,"geometry":{"type":"Point","coordinates":[-3.6830588669756641,40.408112173017464]},"properties":{"ESA_ESPECIE":"SJA","NOMBRE_COMUN":"Acacia del Japón/Sophora japonica","NOMBRE_ESPECIE":"Styphnolobium japonicum","ALTURA":"4,5","MINTDISTRITO":"03","NOMBRE_DISTRITO":"RETIRO","MINTBARRIO":"035","NOMBRE_BARRIO":"LOS JERONIMOS","OBJECTID":51021535}},{"type":"Feature","id":51182851,"geometry":{"type":"Point","coordinates":[-3.6927928830947492,40.415740520863302]},"properties":{"ESA_ESPECIE":"PDA","NOMBRE_COMUN":"Plátano de sombra/Platanus x hybrida","NOMBRE_ESPECIE":"Platanus x hispanica","ALTURA":"11","MINTDISTRITO":"03","NOMBRE_DISTRITO":"RETIRO","MINTBARRIO":"035","NOMBRE_BARRIO":"LOS JERONIMOS","OBJECTID":51182851}},{"type":"Feature","id":50703625,"geometry":{"type":"Point","coordinates":[-3.6930730903919593,40.41570376926402]},"properties":{"ESA_ESPECIE":"PDA","NOMBRE_COMUN":"Plátano de sombra/Platanus x hybrida","NOMBRE_ESPECIE":"Platanus x hispanica","ALTURA":"13,5","MINTDISTRITO":"03","NOMBRE_DISTRITO":"RETIRO","MINTBARRIO":"035","NOMBRE_BARRIO":"LOS JERONIMOS","OBJECTID":50703625}},{"type":"Feature","id":51176900,"geometry":{"type":"Point","coordinates":[-3.6781150585070321,40.418404597229582]},"properties":{"ESA_ESPECIE":"RPS","NOMBRE_COMUN":"Falsa acacia","NOMBRE_ESPECIE":"Robinia pseudoacacia","ALTURA":"6,5","MINTDISTRITO":"03","NOMBRE_DISTRITO":"RETIRO","MINTBARRIO":"034","NOMBRE_BARRIO":"IBIZA","OBJECTID":51176900}},{"type":"Feature","id":50664132,"geometry":{"type":"Point","coordinates":[-3.6884669687413774,40.420813399458524]},"properties":{"ESA_ESPECIE":"PDA","NOMBRE_COMUN":"Plátano de sombra/Platanus x hybrida","NOMBRE_ESPECIE":"Platanus x hispanica","ALTURA":"7","MINTDISTRITO":"04","NOMBRE_DISTRITO":"SALAMANCA","MINTBARRIO":"041","NOMBRE_BARRIO":"RECOLETOS","OBJECTID":50664132}},{"type":"Feature","id":51172031,"geometry":{"type":"Point","coordinates":[-3.6847523711329848,40.406412533199891]},"properties":{"ESA_ESPECIE":"PDA","NOMBRE_COMUN":"Plátano de sombra/Platanus x hybrida","NOMBRE_ESPECIE":"Platanus x hispanica","ALTURA":"13","MINTDISTRITO":"03","NOMBRE_DISTRITO":"RETIRO","MINTBARRIO":"031","NOMBRE_BARRIO":"PACIFICO","OBJECTID":51172031}},{"type":"Feature","id":51380561,"geometry":{"type":"Point","coordinates":[-3.694009710928392,40.41568388051941]},"properties":{"ESA_ESPECIE":"LJA","NOMBRE_COMUN":"Aligustre del Japón","NOMBRE_ESPECIE":"Ligustrum japonicum","ALTURA":"8","MINTDISTRITO":"01","NOMBRE_DISTRITO":"CENTRO","MINTBARRIO":"013","NOMBRE_BARRIO":"CORTES","OBJECTID":51380561}},{"type":"Feature","id":51412972,"geometry":{"type":"Point","coordinates":[-3.6932864822390608,40.415703012403469]},"properties":{"ESA_ESPECIE":"PDA","NOMBRE_COMUN":"Plátano de sombra/Platanus x hybrida","NOMBRE_ESPECIE":"Platanus x hispanica","ALTURA":"15","MINTDISTRITO":"03","NOMBRE_DISTRITO":"RETIRO","MINTBARRIO":"035","NOMBRE_BARRIO":"LOS JERONIMOS","OBJECTID":51412972}},{"type":"Feature","id":51228885,"geometry":{"type":"Point","coordinates":[-3.6938070716415261,40.414376775703822]},"properties":{"ESA_ESPECIE":"PDA","NOMBRE_COMUN":"Plátano de sombra/Platanus x hybrida","NOMBRE_ESPECIE":"Platanus x hispanica","ALTURA":"20","MINTDISTRITO":"01","NOMBRE_DISTRITO":"CENTRO","MINTBARRIO":"013","NOMBRE_BARRIO":"CORTES","OBJECTID":51228885}},{"type":"Feature","id":50644066,"geometry":{"type":"Point","coordinates":[-3.6905494023972101,40.417452949448496]},"properties":{"ESA_ESPECIE":"SJA","NOMBRE_COMUN":"Acacia del Japón/Sophora japonica","NOMBRE_ESPECIE":"Styphnolobium japonicum","ALTURA":"6","MINTDISTRITO":"03","NOMBRE_DISTRITO":"RETIRO","MINTBARRIO":"035","NOMBRE_BARRIO":"LOS JERONIMOS","OBJECTID":50644066}},{"type":"Feature","id":50705248,"geometry":{"type":"Point","coordinates":[-3.6890702669371183,40.414572843060611]},"properties":{"ESA_ESPECIE":"PDA","NOMBRE_COMUN":"Plátano de sombra/Platanus x hybrida","NOMBRE_ESPECIE":"Platanus x hispanica","ALTURA":"14","MINTDISTRITO":"03","NOMBRE_DISTRITO":"RETIRO","MINTBARRIO":"035","NOMBRE_BARRIO":"LOS JERONIMOS","OBJECTID":50705248}},{"type":"Feature","id":50699297,"geometry":{"type":"Point","coordinates":[-3.691168931009857,40.415146895407133]},"properties":{"ESA_ESPECIE":"SJA","NOMBRE_COMUN":"Acacia del Japón/Sophora japonica","NOMBRE_ESPECIE":"Styphnolobium japonicum","ALTURA":"4,5","MINTDISTRITO":"03","NOMBRE_DISTRITO":"RETIRO","MINTBARRIO":"035","NOMBRE_BARRIO":"LOS JERONIMOS","OBJECTID":50699297}},{"type":"Feature","id":51055687,"geometry":{"type":"Point","coordinates":[-3.6953468637649678,40.409201004794291]},"properties":{"ESA_ESPECIE":"AJU","NOMBRE_COMUN":"Acacia de Constantinopla","NOMBRE_ESPECIE":"Albizia julibrissin","ALTURA":"3,6","MINTDISTRITO":"01","NOMBRE_DISTRITO":"CENTRO","MINTBARRIO":"012","NOMBRE_BARRIO":"EMBAJADORES","OBJECTID":51055687}},{"type":"Feature","id":50983261,"geometry":{"type":"Point","coordinates":[-3.6951763844517234,40.409123119602874]},"properties":{"ESA_ESPECIE":"AJU","NOMBRE_COMUN":"Acacia de Constantinopla","NOMBRE_ESPECIE":"Albizia julibrissin","ALTURA":"4","MINTDISTRITO":"01","NOMBRE_DISTRITO":"CENTRO","MINTBARRIO":"012","NOMBRE_BARRIO":"EMBAJADORES","OBJECTID":50983261}},{"type":"Feature","id":51386323,"geometry":{"type":"Point","coordinates":[-3.6931827778494237,40.407523314362734]},"properties":{"ESA_ESPECIE":"LST","NOMBRE_COMUN":"Liquidambar","NOMBRE_ESPECIE":"Liquidambar styraciflua","ALTURA":"6","MINTDISTRITO":"01","NOMBRE_DISTRITO":"CENTRO","MINTBARRIO":"012","NOMBRE_BARRIO":"EMBAJADORES","OBJECTID":51386323}},{"type":"Feature","id":51336379,"geometry":{"type":"Point","coordinates":[-3.691552670971141,40.4059880306691]},"properties":{"ESA_ESPECIE":"SJA","NOMBRE_COMUN":"Acacia del Japón/Sophora japonica","NOMBRE_ESPECIE":"Styphnolobium japonicum","ALTURA":"5,5","MINTDISTRITO":"02","NOMBRE_DISTRITO":"ARGANZUELA","MINTBARRIO":"027","NOMBRE_BARRIO":"ATOCHA","OBJECTID":51336379}},{"type":"Feature","id":50686585,"geometry":{"type":"Point","coordinates":[-3.6953019061511245,40.404271246958608]},"properties":{"ESA_ESPECIE":"UPU","NOMBRE_COMUN":"Olmo de Siberia","NOMBRE_ESPECIE":"UPU","ALTURA":"13","MINTDISTRITO":"02","NOMBRE_DISTRITO":"ARGANZUELA","MINTBARRIO":"026","NOMBRE_BARRIO":"PALOS DE LA FRONTERA","OBJECTID":50686585}},{"type":"Feature","id":50703565,"geometry":{"type":"Point","coordinates":[-3.6903788547231935,40.408321491361669]},"properties":{"ESA_ESPECIE":"PDA","NOMBRE_COMUN":"Plátano de sombra/Platanus x hybrida","NOMBRE_ESPECIE":"Platanus x hispanica","ALTURA":"19","MINTDISTRITO":"03","NOMBRE_DISTRITO":"RETIRO","MINTBARRIO":"035","NOMBRE_BARRIO":"LOS JERONIMOS","OBJECTID":50703565}},{"type":"Feature","id":50705225,"geometry":{"type":"Point","coordinates":[-3.6885141432604778,40.407608011766079]},"properties":{"ESA_ESPECIE":"PDA","NOMBRE_COMUN":"Plátano de sombra/Platanus x hybrida","NOMBRE_ESPECIE":"Platanus x hispanica","ALTURA":"14","MINTDISTRITO":"03","NOMBRE_DISTRITO":"RETIRO","MINTBARRIO":"035","NOMBRE_BARRIO":"LOS JERONIMOS","OBJECTID":50705225}},{"type":"Feature","id":51274435,"geometry":{"type":"Point","coordinates":[-3.6774685031401773,40.404498797379304]},"properties":{"ESA_ESPECIE":"SJA","NOMBRE_COMUN":"Acacia del Japón/Sophora japonica","NOMBRE_ESPECIE":"Styphnolobium japonicum","ALTURA":"8","MINTDISTRITO":"03","NOMBRE_DISTRITO":"RETIRO","MINTBARRIO":"031","NOMBRE_BARRIO":"PACIFICO","OBJECTID":51274435}},{"type":"Feature","id":51073995,"geometry":{"type":"Point","coordinates":[-3.6930379295745301,40.411846007351372]},"properties":{"ESA_ESPECIE":"PDA","NOMBRE_COMUN":"Plátano de sombra/Platanus x hybrida","NOMBRE_ESPECIE":"Platanus x hispanica","ALTURA":"6","MINTDISTRITO":"01","NOMBRE_DISTRITO":"CENTRO","MINTBARRIO":"013","NOMBRE_BARRIO":"CORTES","OBJECTID":51073995}},{"type":"Feature","id":50570381,"geometry":{"type":"Point","coordinates":[-3.6880702594791894,40.420424681348784]},"properties":{"ESA_ESPECIE":"PDA","NOMBRE_COMUN":"Plátano de sombra","NOMBRE_ESPECIE":"Platanus x hybrida","ALTURA":"8.5","MINTDISTRITO":"04","NOMBRE_DISTRITO":"SALAMANCA","MINTBARRIO":"041","NOMBRE_BARRIO":"RECOLETOS","OBJECTID":50570381}},{"type":"Feature","id":50564879,"geometry":{"type":"Point","coordinates":[-3.6831067640548856,40.408514414930316]},"properties":{"ESA_ESPECIE":"LJA","NOMBRE_COMUN":"Aligustre del Japón","NOMBRE_ESPECIE":"Ligustrum japonicum","ALTURA":"3","MINTDISTRITO":"03","NOMBRE_DISTRITO":"RETIRO","MINTBARRIO":"035","NOMBRE_BARRIO":"LOS JERONIMOS","OBJECTID":50564879}},{"type":"Feature","id":51093299,"geometry":{"type":"Point","coordinates":[-3.6882654514988742,40.408002819017469]},"properties":{"ESA_ESPECIE":"PHA","NOMBRE_COMUN":"Pino carrasco","NOMBRE_ESPECIE":"Pinus halepensis","ALTURA":"4","MINTDISTRITO":"03","NOMBRE_DISTRITO":"RETIRO","MINTBARRIO":"035","NOMBRE_BARRIO":"LOS JERONIMOS","OBJECTID":51093299}},{"type":"Feature","id":50693486,"geometry":{"type":"Point","coordinates":[-3.6824074848098989,40.405339695931765]},"properties":{"ESA_ESPECIE":"SJA","NOMBRE_COMUN":"Acacia del Japón/Sophora japonica","NOMBRE_ESPECIE":"Styphnolobium japonicum","ALTURA":"8","MINTDISTRITO":"03","NOMBRE_DISTRITO":"RETIRO","MINTBARRIO":"031","NOMBRE_BARRIO":"PACIFICO","OBJECTID":50693486}},{"type":"Feature","id":51215669,"geometry":{"type":"Point","coordinates":[-3.6926914298791238,40.416985953742511]},"properties":{"ESA_ESPECIE":"PDA","NOMBRE_COMUN":"Plátano de sombra/Platanus x hybrida","NOMBRE_ESPECIE":"Platanus x hispanica","ALTURA":"5,5","MINTDISTRITO":"03","NOMBRE_DISTRITO":"RETIRO","MINTBARRIO":"035","NOMBRE_BARRIO":"LOS JERONIMOS","OBJECTID":51215669}},{"type":"Feature","id":51180381,"geometry":{"type":"Point","coordinates":[-3.6905793715471908,40.416671965429778]},"properties":{"ESA_ESPECIE":"PDA","NOMBRE_COMUN":"Plátano de sombra/Platanus x hybrida","NOMBRE_ESPECIE":"Platanus x hispanica","ALTURA":"12","MINTDISTRITO":"03","NOMBRE_DISTRITO":"RETIRO","MINTBARRIO":"035","NOMBRE_BARRIO":"LOS JERONIMOS","OBJECTID":51180381}},{"type":"Feature","id":51182705,"geometry":{"type":"Point","coordinates":[-3.6905728017442043,40.418510264324141]},"properties":{"ESA_ESPECIE":"SJA","NOMBRE_COMUN":"Acacia del Japón/Sophora japonica","NOMBRE_ESPECIE":"Styphnolobium japonicum","ALTURA":"12","MINTDISTRITO":"03","NOMBRE_DISTRITO":"RETIRO","MINTBARRIO":"035","NOMBRE_BARRIO":"LOS JERONIMOS","OBJECTID":51182705}},{"type":"Feature","id":50703233,"geometry":{"type":"Point","coordinates":[-3.692407437959659,40.415088043234945]},"properties":{"ESA_ESPECIE":"SJA","NOMBRE_COMUN":"Acacia del Japón/Sophora japonica","NOMBRE_ESPECIE":"Styphnolobium japonicum","ALTURA":"7,5","MINTDISTRITO":"03","NOMBRE_DISTRITO":"RETIRO","MINTBARRIO":"035","NOMBRE_BARRIO":"LOS JERONIMOS","OBJECTID":50703233}},{"type":"Feature","id":50696735,"geometry":{"type":"Point","coordinates":[-3.6931150701112005,40.415278308571828]},"properties":{"ESA_ESPECIE":"SJA","NOMBRE_COMUN":"Acacia del Japón/Sophora japonica","NOMBRE_ESPECIE":"Styphnolobium japonicum","ALTURA":"9","MINTDISTRITO":"03","NOMBRE_DISTRITO":"RETIRO","MINTBARRIO":"035","NOMBRE_BARRIO":"LOS JERONIMOS","OBJECTID":50696735}},{"type":"Feature","id":51261297,"geometry":{"type":"Point","coordinates":[-3.6956733317212618,40.414118326153663]},"properties":{"ESA_ESPECIE":"AJU","NOMBRE_COMUN":"Acacia de Constantinopla","NOMBRE_ESPECIE":"Albizia julibrissin","ALTURA":"4,4","MINTDISTRITO":"01","NOMBRE_DISTRITO":"CENTRO","MINTBARRIO":"013","NOMBRE_BARRIO":"CORTES","OBJECTID":51261297}},{"type":"Feature","id":51227408,"geometry":{"type":"Point","coordinates":[-3.6945120797446824,40.416043135669725]},"properties":{"ESA_ESPECIE":"SJA","NOMBRE_COMUN":"Acacia del Japón/Sophora japonica","NOMBRE_ESPECIE":"Styphnolobium japonicum","ALTURA":"6","MINTDISTRITO":"01","NOMBRE_DISTRITO":"CENTRO","MINTBARRIO":"013","NOMBRE_BARRIO":"CORTES","OBJECTID":51227408}},{"type":"Feature","id":51412789,"geometry":{"type":"Point","coordinates":[-3.6932703705877739,40.414777501397062]},"properties":{"ESA_ESPECIE":"PDA","NOMBRE_COMUN":"Plátano de sombra/Platanus x hybrida","NOMBRE_ESPECIE":"Platanus x hispanica","ALTURA":"15","MINTDISTRITO":"03","NOMBRE_DISTRITO":"RETIRO","MINTBARRIO":"035","NOMBRE_BARRIO":"LOS JERONIMOS","OBJECTID":51412789}},{"type":"Feature","id":51228736,"geometry":{"type":"Point","coordinates":[-3.6933571681764028,40.414271212887172]},"properties":{"ESA_ESPECIE":"PDA","NOMBRE_COMUN":"Plátano de sombra/Platanus x hybrida","NOMBRE_ESPECIE":"Platanus x hispanica","ALTURA":"18","MINTDISTRITO":"01","NOMBRE_DISTRITO":"CENTRO","MINTBARRIO":"013","NOMBRE_BARRIO":"CORTES","OBJECTID":51228736}},{"type":"Feature","id":51228665,"geometry":{"type":"Point","coordinates":[-3.6936621387719879,40.413469506069099]},"properties":{"ESA_ESPECIE":"SJA","NOMBRE_COMUN":"Acacia del Japón/Sophora japonica","NOMBRE_ESPECIE":"Styphnolobium japonicum","ALTURA":"8","MINTDISTRITO":"01","NOMBRE_DISTRITO":"CENTRO","MINTBARRIO":"013","NOMBRE_BARRIO":"CORTES","OBJECTID":51228665}},{"type":"Feature","id":50696664,"geometry":{"type":"Point","coordinates":[-3.6815779735425376,40.405198101264894]},"properties":{"ESA_ESPECIE":"SJA","NOMBRE_COMUN":"Acacia del Japón/Sophora japonica","NOMBRE_ESPECIE":"Styphnolobium japonicum","ALTURA":"7","MINTDISTRITO":"03","NOMBRE_DISTRITO":"RETIRO","MINTBARRIO":"031","NOMBRE_BARRIO":"PACIFICO","OBJECTID":50696664}},{"type":"Feature","id":51186524,"geometry":{"type":"Point","coordinates":[-3.6956562081510027,40.408826223079586]},"properties":{"ESA_ESPECIE":"LJA","NOMBRE_COMUN":"Aligustre del Japón","NOMBRE_ESPECIE":"Ligustrum japonicum","ALTURA":"6","MINTDISTRITO":"01","NOMBRE_DISTRITO":"CENTRO","MINTBARRIO":"012","NOMBRE_BARRIO":"EMBAJADORES","OBJECTID":51186524}},{"type":"Feature","id":50585463,"geometry":{"type":"Point","coordinates":[-3.6949412975722735,40.404154927681361]},"properties":{"ESA_ESPECIE":"UPU","NOMBRE_COMUN":"Olmo de Siberia","NOMBRE_ESPECIE":"Ulmus pumila","ALTURA":"11","MINTDISTRITO":"02","NOMBRE_DISTRITO":"ARGANZUELA","MINTBARRIO":"026","NOMBRE_BARRIO":"PALOS DE LA FRONTERA","OBJECTID":50585463}},{"type":"Feature","id":51384972,"geometry":{"type":"Point","coordinates":[-3.6934633493876339,40.406137137460036]},"properties":{"ESA_ESPECIE":"PDA","NOMBRE_COMUN":"Plátano de sombra/Platanus x hybrida","NOMBRE_ESPECIE":"Platanus x hispanica","ALTURA":"15","MINTDISTRITO":"02","NOMBRE_DISTRITO":"ARGANZUELA","MINTBARRIO":"026","NOMBRE_BARRIO":"PALOS DE LA FRONTERA","OBJECTID":51384972}},{"type":"Feature","id":50663084,"geometry":{"type":"Point","coordinates":[-3.6908859512867842,40.420842122712514]},"properties":{"ESA_ESPECIE":"MEA","NOMBRE_COMUN":"Cinamomo","NOMBRE_ESPECIE":"Melia azedarach","ALTURA":"6","MINTDISTRITO":"04","NOMBRE_DISTRITO":"SALAMANCA","MINTBARRIO":"041","NOMBRE_BARRIO":"RECOLETOS","OBJECTID":50663084}},{"type":"Feature","id":51215646,"geometry":{"type":"Point","coordinates":[-3.686148835007709,40.405992909665109]},"properties":{"ESA_ESPECIE":"PDA","NOMBRE_COMUN":"Plátano de sombra/Platanus x hybrida","NOMBRE_ESPECIE":"Platanus x hispanica","ALTURA":"17","MINTDISTRITO":"03","NOMBRE_DISTRITO":"RETIRO","MINTBARRIO":"031","NOMBRE_BARRIO":"PACIFICO","OBJECTID":51215646}},{"type":"Feature","id":50572350,"geometry":{"type":"Point","coordinates":[-3.6856188345859535,40.406257680487109]},"properties":{"ESA_ESPECIE":"PDA","NOMBRE_COMUN":"Plátano de sombra","NOMBRE_ESPECIE":"Platanus x hybrida","ALTURA":"4","MINTDISTRITO":"03","NOMBRE_DISTRITO":"RETIRO","MINTBARRIO":"031","NOMBRE_BARRIO":"PACIFICO","OBJECTID":50572350}},{"type":"Feature","id":50696712,"geometry":{"type":"Point","coordinates":[-3.6802808936759863,40.406839894507947]},"properties":{"ESA_ESPECIE":"SJA","NOMBRE_COMUN":"Acacia del Japón/Sophora japonica","NOMBRE_ESPECIE":"Styphnolobium japonicum","ALTURA":"8","MINTDISTRITO":"03","NOMBRE_DISTRITO":"RETIRO","MINTBARRIO":"031","NOMBRE_BARRIO":"PACIFICO","OBJECTID":50696712}},{"type":"Feature","id":50644112,"geometry":{"type":"Point","coordinates":[-3.6807834884084376,40.407083334261976]},"properties":{"ESA_ESPECIE":"PDA","NOMBRE_COMUN":"Plátano de sombra/Platanus x hybrida","NOMBRE_ESPECIE":"Platanus x hispanica","ALTURA":"16","MINTDISTRITO":"03","NOMBRE_DISTRITO":"RETIRO","MINTBARRIO":"031","NOMBRE_BARRIO":"PACIFICO","OBJECTID":50644112}},{"type":"Feature","id":51052793,"geometry":{"type":"Point","coordinates":[-3.6828027127193987,40.408794635941405]},"properties":{"ESA_ESPECIE":"PPI","NOMBRE_COMUN":"Pino piñonero","NOMBRE_ESPECIE":"Pinus pinea","ALTURA":"12","MINTDISTRITO":"03","NOMBRE_DISTRITO":"RETIRO","MINTBARRIO":"035","NOMBRE_BARRIO":"LOS JERONIMOS","OBJECTID":51052793}},{"type":"Feature","id":51172200,"geometry":{"type":"Point","coordinates":[-3.6905417386598747,40.417043471026346]},"properties":{"ESA_ESPECIE":"SJA","NOMBRE_COMUN":"Acacia del Japón/Sophora japonica","NOMBRE_ESPECIE":"Styphnolobium japonicum","ALTURA":"9","MINTDISTRITO":"03","NOMBRE_DISTRITO":"RETIRO","MINTBARRIO":"035","NOMBRE_BARRIO":"LOS JERONIMOS","OBJECTID":51172200}},{"type":"Feature","id":51183653,"geometry":{"type":"Point","coordinates":[-3.6892574568913146,40.419677604324832]},"properties":{"ESA_ESPECIE":"PDA","NOMBRE_COMUN":"Plátano de sombra/Platanus x hybrida","NOMBRE_ESPECIE":"Platanus x hispanica","ALTURA":"4","MINTDISTRITO":"03","NOMBRE_DISTRITO":"RETIRO","MINTBARRIO":"035","NOMBRE_BARRIO":"LOS JERONIMOS","OBJECTID":51183653}},{"type":"Feature","id":51356963,"geometry":{"type":"Point","coordinates":[-3.6912890664607914,40.416349776957844]},"properties":{"ESA_ESPECIE":"PDA","NOMBRE_COMUN":"Plátano de sombra/Platanus x hybrida","NOMBRE_ESPECIE":"Platanus x hispanica","ALTURA":"6","MINTDISTRITO":"03","NOMBRE_DISTRITO":"RETIRO","MINTBARRIO":"035","NOMBRE_BARRIO":"LOS JERONIMOS","OBJECTID":51356963}},{"type":"Feature","id":51171985,"geometry":{"type":"Point","coordinates":[-3.6778925230683388,40.40678957933207]},"properties":{"ESA_ESPECIE":"SJA","NOMBRE_COMUN":"Acacia del Japón/Sophora japonica","NOMBRE_ESPECIE":"Styphnolobium japonicum","ALTURA":"7","MINTDISTRITO":"03","NOMBRE_DISTRITO":"RETIRO","MINTBARRIO":"031","NOMBRE_BARRIO":"PACIFICO","OBJECTID":51171985}},{"type":"Feature","id":51023032,"geometry":{"type":"Point","coordinates":[-3.6883244203328234,40.420518481405175]},"properties":{"ESA_ESPECIE":"PDA","NOMBRE_COMUN":"Plátano de sombra/Platanus x hybrida","NOMBRE_ESPECIE":"Platanus x hispanica","ALTURA":"8","MINTDISTRITO":"04","NOMBRE_DISTRITO":"SALAMANCA","MINTBARRIO":"041","NOMBRE_BARRIO":"RECOLETOS","OBJECTID":51023032}},{"type":"Feature","id":51180143,"geometry":{"type":"Point","coordinates":[-3.6790336876708989,40.407650401992377]},"properties":{"ESA_ESPECIE":"PDA","NOMBRE_COMUN":"Plátano de sombra/Platanus x hybrida","NOMBRE_ESPECIE":"Platanus x hispanica","ALTURA":"24","MINTDISTRITO":"03","NOMBRE_DISTRITO":"RETIRO","MINTBARRIO":"035","NOMBRE_BARRIO":"LOS JERONIMOS","OBJECTID":51180143}},{"type":"Feature","id":51071433,"geometry":{"type":"Point","coordinates":[-3.6895635509418199,40.420191033223844]},"properties":{"ESA_ESPECIE":"PDA","NOMBRE_COMUN":"Plátano de sombra/Platanus x hybrida","NOMBRE_ESPECIE":"Platanus x hispanica","ALTURA":"4,5","MINTDISTRITO":"04","NOMBRE_DISTRITO":"SALAMANCA","MINTBARRIO":"041","NOMBRE_BARRIO":"RECOLETOS","OBJECTID":51071433}},{"type":"Feature","id":51228642,"geometry":{"type":"Point","coordinates":[-3.6933780727917584,40.412996207773709]},"properties":{"ESA_ESPECIE":"PDA","NOMBRE_COMUN":"Plátano de sombra/Platanus x hybrida","NOMBRE_ESPECIE":"Platanus x hispanica","ALTURA":"16","MINTDISTRITO":"01","NOMBRE_DISTRITO":"CENTRO","MINTBARRIO":"013","NOMBRE_BARRIO":"CORTES","OBJECTID":51228642}},{"type":"Feature","id":51286529,"geometry":{"type":"Point","coordinates":[-3.6952392270754193,40.413108671478632]},"properties":{"ESA_ESPECIE":"PGR","NOMBRE_COMUN":"Granado","NOMBRE_ESPECIE":"Punica granatum","ALTURA":"3,5","MINTDISTRITO":"01","NOMBRE_DISTRITO":"CENTRO","MINTBARRIO":"013","NOMBRE_BARRIO":"CORTES","OBJECTID":51286529}},{"type":"Feature","id":50706173,"geometry":{"type":"Point","coordinates":[-3.6806098903827058,40.405407859217881]},"properties":{"ESA_ESPECIE":"SJA","NOMBRE_COMUN":"Acacia del Japón/Sophora japonica","NOMBRE_ESPECIE":"Styphnolobium japonicum","ALTURA":"4,5","MINTDISTRITO":"03","NOMBRE_DISTRITO":"RETIRO","MINTBARRIO":"031","NOMBRE_BARRIO":"PACIFICO","OBJECTID":50706173}},{"type":"Feature","id":50701335,"geometry":{"type":"Point","coordinates":[-3.6914672825739747,40.416893046839839]},"properties":{"ESA_ESPECIE":"SJA","NOMBRE_COMUN":"Acacia del Japón/Sophora japonica","NOMBRE_ESPECIE":"Styphnolobium japonicum","ALTURA":"6","MINTDISTRITO":"03","NOMBRE_DISTRITO":"RETIRO","MINTBARRIO":"035","NOMBRE_BARRIO":"LOS JERONIMOS","OBJECTID":50701335}},{"type":"Feature","id":50693724,"geometry":{"type":"Point","coordinates":[-3.6907316971301167,40.417281949899085]},"properties":{"ESA_ESPECIE":"SJA","NOMBRE_COMUN":"Acacia del Japón/Sophora japonica","NOMBRE_ESPECIE":"Styphnolobium japonicum","ALTURA":"12","MINTDISTRITO":"03","NOMBRE_DISTRITO":"RETIRO","MINTBARRIO":"035","NOMBRE_BARRIO":"LOS JERONIMOS","OBJECTID":50693724}},{"type":"Feature","id":51356393,"geometry":{"type":"Point","coordinates":[-3.6898422209628245,40.403984271891076]},"properties":{"ESA_ESPECIE":"ASA","NOMBRE_COMUN":"Arce del azúcar","NOMBRE_ESPECIE":"Acer saccharinum","ALTURA":"6","MINTDISTRITO":"02","NOMBRE_DISTRITO":"ARGANZUELA","MINTBARRIO":"026","NOMBRE_BARRIO":"PALOS DE LA FRONTERA","OBJECTID":51356393}},{"type":"Feature","id":51014350,"geometry":{"type":"Point","coordinates":[-3.6940366411043923,40.409515257060633]},"properties":{"ESA_ESPECIE":"LJV","NOMBRE_COMUN":"Aligustre variegado","NOMBRE_ESPECIE":"Ligustrum japonicum 'Variegatum'","ALTURA":"5,5","MINTDISTRITO":"01","NOMBRE_DISTRITO":"CENTRO","MINTBARRIO":"012","NOMBRE_BARRIO":"EMBAJADORES","OBJECTID":51014350}},{"type":"Feature","id":51325018,"geometry":{"type":"Point","coordinates":[-3.6925510822208234,40.40514892364483]},"properties":{"ESA_ESPECIE":"APS","NOMBRE_COMUN":"Falso plátano","NOMBRE_ESPECIE":"Acer pseudoplatanus","ALTURA":"4,58","MINTDISTRITO":"02","NOMBRE_DISTRITO":"ARGANZUELA","MINTBARRIO":"026","NOMBRE_BARRIO":"PALOS DE LA FRONTERA","OBJECTID":51325018}},{"type":"Feature","id":51025757,"geometry":{"type":"Point","coordinates":[-3.6904994251622316,40.404450667285531]},"properties":{"ESA_ESPECIE":"SJA","NOMBRE_COMUN":"Acacia del Japón/Sophora japonica","NOMBRE_ESPECIE":"Styphnolobium japonicum","ALTURA":"4,5","MINTDISTRITO":"02","NOMBRE_DISTRITO":"ARGANZUELA","MINTBARRIO":"026","NOMBRE_BARRIO":"PALOS DE LA FRONTERA","OBJECTID":51025757}},{"type":"Feature","id":51207225,"geometry":{"type":"Point","coordinates":[-3.6943495190243625,40.404223086953358]},"properties":{"ESA_ESPECIE":"AII","NOMBRE_COMUN":"Arce de Freeman","NOMBRE_ESPECIE":"Acer x freemanii","ALTURA":"4,5","MINTDISTRITO":"02","NOMBRE_DISTRITO":"ARGANZUELA","MINTBARRIO":"026","NOMBRE_BARRIO":"PALOS DE LA FRONTERA","OBJECTID":51207225}},{"type":"Feature","id":51346744,"geometry":{"type":"Point","coordinates":[-3.6907615431486978,40.409678393335206]},"properties":{"ESA_ESPECIE":"AHI","NOMBRE_COMUN":"Castaño de indias","NOMBRE_ESPECIE":"Aesculus hippocastanum","ALTURA":"7","MINTDISTRITO":"03","NOMBRE_DISTRITO":"RETIRO","MINTBARRIO":"035","NOMBRE_BARRIO":"LOS JERONIMOS","OBJECTID":51346744}},{"type":"Feature","id":51031167,"geometry":{"type":"Point","coordinates":[-3.6813301002570937,40.406979204008373]},"properties":{"ESA_ESPECIE":"PDA","NOMBRE_COMUN":"Plátano de sombra/Platanus x hybrida","NOMBRE_ESPECIE":"Platanus x hispanica","ALTURA":"5","MINTDISTRITO":"03","NOMBRE_DISTRITO":"RETIRO","MINTBARRIO":"031","NOMBRE_BARRIO":"PACIFICO","OBJECTID":51031167}},{"type":"Feature","id":50707432,"geometry":{"type":"Point","coordinates":[-3.6837793146547164,40.407738633137015]},"properties":{"ESA_ESPECIE":"SJA","NOMBRE_COMUN":"Acacia del Japón/Sophora japonica","NOMBRE_ESPECIE":"Styphnolobium japonicum","ALTURA":"5","MINTDISTRITO":"03","NOMBRE_DISTRITO":"RETIRO","MINTBARRIO":"035","NOMBRE_BARRIO":"LOS JERONIMOS","OBJECTID":50707432}},{"type":"Feature","id":51179170,"geometry":{"type":"Point","coordinates":[-3.6884727571240039,40.407954224168726]},"properties":{"ESA_ESPECIE":"AAL","NOMBRE_COMUN":"Ailanto","NOMBRE_ESPECIE":"Ailanthus altissima","ALTURA":"5","MINTDISTRITO":"03","NOMBRE_DISTRITO":"RETIRO","MINTBARRIO":"035","NOMBRE_BARRIO":"LOS JERONIMOS","OBJECTID":51179170}},{"type":"Feature","id":51177347,"geometry":{"type":"Point","coordinates":[-3.6930659142160294,40.415984245903196]},"properties":{"ESA_ESPECIE":"GBI","NOMBRE_COMUN":"Gingo","NOMBRE_ESPECIE":"Ginkgo biloba","ALTURA":"17","MINTDISTRITO":"03","NOMBRE_DISTRITO":"RETIRO","MINTBARRIO":"035","NOMBRE_BARRIO":"LOS JERONIMOS","OBJECTID":51177347}},{"type":"Feature","id":50695121,"geometry":{"type":"Point","coordinates":[-3.678937266107102,40.419162000289468]},"properties":{"ESA_ESPECIE":"PDA","NOMBRE_COMUN":"Plátano de sombra/Platanus x hybrida","NOMBRE_ESPECIE":"Platanus x hispanica","ALTURA":"11","MINTDISTRITO":"03","NOMBRE_DISTRITO":"RETIRO","MINTBARRIO":"034","NOMBRE_BARRIO":"IBIZA","OBJECTID":50695121}},{"type":"Feature","id":51216216,"geometry":{"type":"Point","coordinates":[-3.6821271753562916,40.406317572354602]},"properties":{"ESA_ESPECIE":"SJA","NOMBRE_COMUN":"Acacia del Japón/Sophora japonica","NOMBRE_ESPECIE":"Styphnolobium japonicum","ALTURA":"4","MINTDISTRITO":"03","NOMBRE_DISTRITO":"RETIRO","MINTBARRIO":"031","NOMBRE_BARRIO":"PACIFICO","OBJECTID":51216216}},{"type":"Feature","id":51029839,"geometry":{"type":"Point","coordinates":[-3.6837349681193468,40.405217438421253]},"properties":{"ESA_ESPECIE":"LJA","NOMBRE_COMUN":"Aligustre del Japón","NOMBRE_ESPECIE":"Ligustrum japonicum","ALTURA":"4,5","MINTDISTRITO":"03","NOMBRE_DISTRITO":"RETIRO","MINTBARRIO":"031","NOMBRE_BARRIO":"PACIFICO","OBJECTID":51029839}},{"type":"Feature","id":50710773,"geometry":{"type":"Point","coordinates":[-3.6825473032654799,40.40477634449929]},"properties":{"ESA_ESPECIE":"PDA","NOMBRE_COMUN":"Plátano de sombra/Platanus x hybrida","NOMBRE_ESPECIE":"Platanus x hispanica","ALTURA":"17","MINTDISTRITO":"03","NOMBRE_DISTRITO":"RETIRO","MINTBARRIO":"031","NOMBRE_BARRIO":"PACIFICO","OBJECTID":50710773}},{"type":"Feature","id":51228619,"geometry":{"type":"Point","coordinates":[-3.6932760861305258,40.412588538132518]},"properties":{"ESA_ESPECIE":"PDA","NOMBRE_COMUN":"Plátano de sombra/Platanus x hybrida","NOMBRE_ESPECIE":"Platanus x hispanica","ALTURA":"7","MINTDISTRITO":"01","NOMBRE_DISTRITO":"CENTRO","MINTBARRIO":"013","NOMBRE_BARRIO":"CORTES","OBJECTID":51228619}},{"type":"Feature","id":50980390,"geometry":{"type":"Point","coordinates":[-3.6948646633550228,40.411412266412611]},"properties":{"ESA_ESPECIE":"LJA","NOMBRE_COMUN":"Aligustre del Japón","NOMBRE_ESPECIE":"Ligustrum japonicum","ALTURA":"7","MINTDISTRITO":"01","NOMBRE_DISTRITO":"CENTRO","MINTBARRIO":"013","NOMBRE_BARRIO":"CORTES","OBJECTID":50980390}},{"type":"Feature","id":51181260,"geometry":{"type":"Point","coordinates":[-3.6800101324922232,40.405884823556804]},"properties":{"ESA_ESPECIE":"PDA","NOMBRE_COMUN":"Plátano de sombra/Platanus x hybrida","NOMBRE_ESPECIE":"Platanus x hispanica","ALTURA":"14","MINTDISTRITO":"03","NOMBRE_DISTRITO":"RETIRO","MINTBARRIO":"031","NOMBRE_BARRIO":"PACIFICO","OBJECTID":51181260}},{"type":"Feature","id":51215552,"geometry":{"type":"Point","coordinates":[-3.6905468674441977,40.417185413949795]},"properties":{"ESA_ESPECIE":"SJA","NOMBRE_COMUN":"Acacia del Japón/Sophora japonica","NOMBRE_ESPECIE":"Styphnolobium japonicum","ALTURA":"8","MINTDISTRITO":"03","NOMBRE_DISTRITO":"RETIRO","MINTBARRIO":"035","NOMBRE_BARRIO":"LOS JERONIMOS","OBJECTID":51215552}},{"type":"Feature","id":51178343,"geometry":{"type":"Point","coordinates":[-3.6900630854232253,40.415529214306815]},"properties":{"ESA_ESPECIE":"THX","NOMBRE_COMUN":"Tuya","NOMBRE_ESPECIE":"Thuja sp","ALTURA":"7","MINTDISTRITO":"03","NOMBRE_DISTRITO":"RETIRO","MINTBARRIO":"035","NOMBRE_BARRIO":"LOS JERONIMOS","OBJECTID":51178343}},{"type":"Feature","id":50701527,"geometry":{"type":"Point","coordinates":[-3.6915699069692387,40.416039546576805]},"properties":{"ESA_ESPECIE":"SJA","NOMBRE_COMUN":"Acacia del Japón/Sophora japonica","NOMBRE_ESPECIE":"Styphnolobium japonicum","ALTURA":"7","MINTDISTRITO":"03","NOMBRE_DISTRITO":"RETIRO","MINTBARRIO":"035","NOMBRE_BARRIO":"LOS JERONIMOS","OBJECTID":50701527}},{"type":"Feature","id":50663817,"geometry":{"type":"Point","coordinates":[-3.690810312149551,40.42081239440752]},"properties":{"ESA_ESPECIE":"MEA","NOMBRE_COMUN":"Cinamomo","NOMBRE_ESPECIE":"Melia azedarach","ALTURA":"6","MINTDISTRITO":"04","NOMBRE_DISTRITO":"SALAMANCA","MINTBARRIO":"041","NOMBRE_BARRIO":"RECOLETOS","OBJECTID":50663817}},{"type":"Feature","id":50674468,"geometry":{"type":"Point","coordinates":[-3.6910074367415473,40.420375719372359]},"properties":{"ESA_ESPECIE":"PCP","NOMBRE_COMUN":"Ciruelo púrpura","NOMBRE_ESPECIE":"Prunus cerasifera  subsp. pissardii","ALTURA":"5","MINTDISTRITO":"04","NOMBRE_DISTRITO":"SALAMANCA","MINTBARRIO":"041","NOMBRE_BARRIO":"RECOLETOS","OBJECTID":50674468}},{"type":"Feature","id":51012527,"geometry":{"type":"Point","coordinates":[-3.6945907860364118,40.417475236196275]},"properties":{"ESA_ESPECIE":"PAR","NOMBRE_COMUN":"Peral de flor 'Chanticleer'","NOMBRE_ESPECIE":"Pyrus calleryana 'Chanticleer'","ALTURA":"4,5","MINTDISTRITO":"01","NOMBRE_DISTRITO":"CENTRO","MINTBARRIO":"013","NOMBRE_BARRIO":"CORTES","OBJECTID":51012527}},{"type":"Feature","id":51227291,"geometry":{"type":"Point","coordinates":[-3.6942228843574387,40.417079300148977]},"properties":{"ESA_ESPECIE":"PDA","NOMBRE_COMUN":"Plátano de sombra/Platanus x hybrida","NOMBRE_ESPECIE":"Platanus x hispanica","ALTURA":"20","MINTDISTRITO":"01","NOMBRE_DISTRITO":"CENTRO","MINTBARRIO":"013","NOMBRE_BARRIO":"CORTES","OBJECTID":51227291}},{"type":"Feature","id":51074041,"geometry":{"type":"Point","coordinates":[-3.6941761054955857,40.416245910972187]},"properties":{"ESA_ESPECIE":"AMO","NOMBRE_COMUN":"Arce de Montpellier","NOMBRE_ESPECIE":"Acer monspessulanum","ALTURA":"5","MINTDISTRITO":"01","NOMBRE_DISTRITO":"CENTRO","MINTBARRIO":"013","NOMBRE_BARRIO":"CORTES","OBJECTID":51074041}},{"type":"Feature","id":51331447,"geometry":{"type":"Point","coordinates":[-3.6943988926924396,40.404128609680413]},"properties":{"ESA_ESPECIE":"UPU","NOMBRE_COMUN":"Olmo de Siberia","NOMBRE_ESPECIE":"Ulmus pumila","ALTURA":"15","MINTDISTRITO":"02","NOMBRE_DISTRITO":"ARGANZUELA","MINTBARRIO":"026","NOMBRE_BARRIO":"PALOS DE LA FRONTERA","OBJECTID":51331447}},{"type":"Feature","id":51381723,"geometry":{"type":"Point","coordinates":[-3.6932457500088636,40.405735196698011]},"properties":{"ESA_ESPECIE":"APS","NOMBRE_COMUN":"Falso plátano","NOMBRE_ESPECIE":"Acer pseudoplatanus","ALTURA":"5","MINTDISTRITO":"02","NOMBRE_DISTRITO":"ARGANZUELA","MINTBARRIO":"026","NOMBRE_BARRIO":"PALOS DE LA FRONTERA","OBJECTID":51381723}},{"type":"Feature","id":50982196,"geometry":{"type":"Point","coordinates":[-3.6955780700982843,40.413493067656148]},"properties":{"ESA_ESPECIE":"LJA","NOMBRE_COMUN":"Aligustre del Japón","NOMBRE_ESPECIE":"Ligustrum japonicum","ALTURA":"8","MINTDISTRITO":"01","NOMBRE_DISTRITO":"CENTRO","MINTBARRIO":"013","NOMBRE_BARRIO":"CORTES","OBJECTID":50982196}},{"type":"Feature","id":51228473,"geometry":{"type":"Point","coordinates":[-3.6943644562235178,40.415782363599071]},"properties":{"ESA_ESPECIE":"SJA","NOMBRE_COMUN":"Acacia del Japón/Sophora japonica","NOMBRE_ESPECIE":"Styphnolobium japonicum","ALTURA":"8","MINTDISTRITO":"01","NOMBRE_DISTRITO":"CENTRO","MINTBARRIO":"013","NOMBRE_BARRIO":"CORTES","OBJECTID":51228473}},{"type":"Feature","id":51074018,"geometry":{"type":"Point","coordinates":[-3.6935579267108309,40.413219562517163]},"properties":{"ESA_ESPECIE":"PAR","NOMBRE_COMUN":"Peral de flor 'Chanticleer'","NOMBRE_ESPECIE":"Pyrus calleryana 'Chanticleer'","ALTURA":"6","MINTDISTRITO":"01","NOMBRE_DISTRITO":"CENTRO","MINTBARRIO":"013","NOMBRE_BARRIO":"CORTES","OBJECTID":51074018}},{"type":"Feature","id":50980413,"geometry":{"type":"Point","coordinates":[-3.6948923193004579,40.412512790212887]},"properties":{"ESA_ESPECIE":"LJA","NOMBRE_COMUN":"Aligustre del Japón","NOMBRE_ESPECIE":"Ligustrum japonicum","ALTURA":"7,5","MINTDISTRITO":"01","NOMBRE_DISTRITO":"CENTRO","MINTBARRIO":"013","NOMBRE_BARRIO":"CORTES","OBJECTID":50980413}},{"type":"Feature","id":51031021,"geometry":{"type":"Point","coordinates":[-3.6840496165490531,40.405182712266502]},"properties":{"ESA_ESPECIE":"PDA","NOMBRE_COMUN":"Plátano de sombra/Platanus x hybrida","NOMBRE_ESPECIE":"Platanus x hispanica","ALTURA":"5","MINTDISTRITO":"03","NOMBRE_DISTRITO":"RETIRO","MINTBARRIO":"031","NOMBRE_BARRIO":"PACIFICO","OBJECTID":51031021}},{"type":"Feature","id":51216239,"geometry":{"type":"Point","coordinates":[-3.6852176871298932,40.405746898567443]},"properties":{"ESA_ESPECIE":"PDA","NOMBRE_COMUN":"Plátano de sombra/Platanus x hybrida","NOMBRE_ESPECIE":"Platanus x hispanica","ALTURA":"17","MINTDISTRITO":"03","NOMBRE_DISTRITO":"RETIRO","MINTBARRIO":"031","NOMBRE_BARRIO":"PACIFICO","OBJECTID":51216239}},{"type":"Feature","id":51215575,"geometry":{"type":"Point","coordinates":[-3.6810905521355273,40.407240995319711]},"properties":{"ESA_ESPECIE":"PDA","NOMBRE_COMUN":"Plátano de sombra/Platanus x hybrida","NOMBRE_ESPECIE":"Platanus x hispanica","ALTURA":"16","MINTDISTRITO":"03","NOMBRE_DISTRITO":"RETIRO","MINTBARRIO":"035","NOMBRE_BARRIO":"LOS JERONIMOS","OBJECTID":51215575}},{"type":"Feature","id":51259568,"geometry":{"type":"Point","coordinates":[-3.6829901203785593,40.408559653824156]},"properties":{"ESA_ESPECIE":"CTK","NOMBRE_COMUN":"Chitalpa 'Minsum'","NOMBRE_ESPECIE":"x Chitalpa tashkentensis  'Summer Bells'","ALTURA":"2,5","MINTDISTRITO":"03","NOMBRE_DISTRITO":"RETIRO","MINTBARRIO":"035","NOMBRE_BARRIO":"LOS JERONIMOS","OBJECTID":51259568}},{"type":"Feature","id":51179193,"geometry":{"type":"Point","coordinates":[-3.6883626241219787,40.408079331068151]},"properties":{"ESA_ESPECIE":"CAR","NOMBRE_COMUN":"Ciprés de Arizona","NOMBRE_ESPECIE":"Cupressus arizonica","ALTURA":"4","MINTDISTRITO":"03","NOMBRE_DISTRITO":"RETIRO","MINTBARRIO":"035","NOMBRE_BARRIO":"LOS JERONIMOS","OBJECTID":51179193}},{"type":"Feature","id":50698516,"geometry":{"type":"Point","coordinates":[-3.6839472175881771,40.407333133134692]},"properties":{"ESA_ESPECIE":"CAU","NOMBRE_COMUN":"Almez","NOMBRE_ESPECIE":"Celtis australis","ALTURA":"10","MINTDISTRITO":"03","NOMBRE_DISTRITO":"RETIRO","MINTBARRIO":"035","NOMBRE_BARRIO":"LOS JERONIMOS","OBJECTID":50698516}},{"type":"Feature","id":50568861,"geometry":{"type":"Point","coordinates":[-3.6776125382590972,40.409020311647467]},"properties":{"ESA_ESPECIE":"PDA","NOMBRE_COMUN":"Plátano de sombra","NOMBRE_ESPECIE":"Platanus x hybrida","ALTURA":null,"MINTDISTRITO":"03","NOMBRE_DISTRITO":"RETIRO","MINTBARRIO":"036","NOMBRE_BARRIO":"NIÑO JESUS","OBJECTID":50568861}},{"type":"Feature","id":51181308,"geometry":{"type":"Point","coordinates":[-3.6778054049802384,40.404084964282376]},"properties":{"ESA_ESPECIE":"SJA","NOMBRE_COMUN":"Acacia del Japón/Sophora japonica","NOMBRE_ESPECIE":"Styphnolobium japonicum","ALTURA":"6,5","MINTDISTRITO":"03","NOMBRE_DISTRITO":"RETIRO","MINTBARRIO":"031","NOMBRE_BARRIO":"PACIFICO","OBJECTID":51181308}},{"type":"Feature","id":50699389,"geometry":{"type":"Point","coordinates":[-3.6774991323900941,40.419452059419442]},"properties":{"ESA_ESPECIE":"LJA","NOMBRE_COMUN":"Aligustre del Japón","NOMBRE_ESPECIE":"Ligustrum japonicum","ALTURA":"10","MINTDISTRITO":"03","NOMBRE_DISTRITO":"RETIRO","MINTBARRIO":"034","NOMBRE_BARRIO":"IBIZA","OBJECTID":50699389}},{"type":"Feature","id":51177988,"geometry":{"type":"Point","coordinates":[-3.6853871035409189,40.405883462857602]},"properties":{"ESA_ESPECIE":"TIC","NOMBRE_COMUN":"Tilo de hoja pequeña","NOMBRE_ESPECIE":"Tilia cordata","ALTURA":"11","MINTDISTRITO":"03","NOMBRE_DISTRITO":"RETIRO","MINTBARRIO":"031","NOMBRE_BARRIO":"PACIFICO","OBJECTID":51177988}},{"type":"Feature","id":51179316,"geometry":{"type":"Point","coordinates":[-3.6870663074982133,40.406447572343367]},"properties":{"ESA_ESPECIE":"GBI","NOMBRE_COMUN":"Gingo","NOMBRE_ESPECIE":"Ginkgo biloba","ALTURA":"7","MINTDISTRITO":"03","NOMBRE_DISTRITO":"RETIRO","MINTBARRIO":"031","NOMBRE_BARRIO":"PACIFICO","OBJECTID":51179316}},{"type":"Feature","id":51065436,"geometry":{"type":"Point","coordinates":[-3.6812850880995875,40.40530388211311]},"properties":{"ESA_ESPECIE":"SJA","NOMBRE_COMUN":"Acacia del Japón/Sophora japonica","NOMBRE_ESPECIE":"Styphnolobium japonicum","ALTURA":"4,5","MINTDISTRITO":"03","NOMBRE_DISTRITO":"RETIRO","MINTBARRIO":"031","NOMBRE_BARRIO":"PACIFICO","OBJECTID":51065436}},{"type":"Feature","id":50703496,"geometry":{"type":"Point","coordinates":[-3.6920406355519075,40.416247541628579]},"properties":{"ESA_ESPECIE":"PDA","NOMBRE_COMUN":"Plátano de sombra/Platanus x hybrida","NOMBRE_ESPECIE":"Platanus x hispanica","ALTURA":"5","MINTDISTRITO":"03","NOMBRE_DISTRITO":"RETIRO","MINTBARRIO":"035","NOMBRE_BARRIO":"LOS JERONIMOS","OBJECTID":50703496}},{"type":"Feature","id":51177324,"geometry":{"type":"Point","coordinates":[-3.6922820249110324,40.410635809004042]},"properties":{"ESA_ESPECIE":"SJA","NOMBRE_COMUN":"Acacia del Japón/Sophora japonica","NOMBRE_ESPECIE":"Styphnolobium japonicum","ALTURA":"5","MINTDISTRITO":"03","NOMBRE_DISTRITO":"RETIRO","MINTBARRIO":"035","NOMBRE_BARRIO":"LOS JERONIMOS","OBJECTID":51177324}},{"type":"Feature","id":50701381,"geometry":{"type":"Point","coordinates":[-3.6889937513432915,40.412541667748627]},"properties":{"ESA_ESPECIE":"PDA","NOMBRE_COMUN":"Plátano de sombra/Platanus x hybrida","NOMBRE_ESPECIE":"Platanus x hispanica","ALTURA":"15","MINTDISTRITO":"03","NOMBRE_DISTRITO":"RETIRO","MINTBARRIO":"035","NOMBRE_BARRIO":"LOS JERONIMOS","OBJECTID":50701381}},{"type":"Feature","id":51182611,"geometry":{"type":"Point","coordinates":[-3.6891492195885673,40.412707651915525]},"properties":{"ESA_ESPECIE":"SJA","NOMBRE_COMUN":"Acacia del Japón/Sophora japonica","NOMBRE_ESPECIE":"Styphnolobium japonicum","ALTURA":"4,5","MINTDISTRITO":"03","NOMBRE_DISTRITO":"RETIRO","MINTBARRIO":"035","NOMBRE_BARRIO":"LOS JERONIMOS","OBJECTID":51182611}},{"type":"Feature","id":51228596,"geometry":{"type":"Point","coordinates":[-3.6929294567573208,40.412322335499958]},"properties":{"ESA_ESPECIE":"SJA","NOMBRE_COMUN":"Acacia del Japón/Sophora japonica","NOMBRE_ESPECIE":"Styphnolobium japonicum","ALTURA":"5","MINTDISTRITO":"01","NOMBRE_DISTRITO":"CENTRO","MINTBARRIO":"013","NOMBRE_BARRIO":"CORTES","OBJECTID":51228596}},{"type":"Feature","id":51249798,"geometry":{"type":"Point","coordinates":[-3.6935079621509752,40.406979361264831]},"properties":{"ESA_ESPECIE":"PDA","NOMBRE_COMUN":"Plátano de sombra/Platanus x hybrida","NOMBRE_ESPECIE":"Platanus x hispanica","ALTURA":"16","MINTDISTRITO":"02","NOMBRE_DISTRITO":"ARGANZUELA","MINTBARRIO":"026","NOMBRE_BARRIO":"PALOS DE LA FRONTERA","OBJECTID":51249798}},{"type":"Feature","id":51176963,"geometry":{"type":"Point","coordinates":[-3.6894580233542666,40.407328700978198]},"properties":{"ESA_ESPECIE":"CAU","NOMBRE_COMUN":"Almez","NOMBRE_ESPECIE":"Celtis australis","ALTURA":"12","MINTDISTRITO":"03","NOMBRE_DISTRITO":"RETIRO","MINTBARRIO":"035","NOMBRE_BARRIO":"LOS JERONIMOS","OBJECTID":51176963}},{"type":"Feature","id":51412958,"geometry":{"type":"Point","coordinates":[-3.6914204507327413,40.40931362413744]},"properties":{"ESA_ESPECIE":"PDA","NOMBRE_COMUN":"Plátano de sombra/Platanus x hybrida","NOMBRE_ESPECIE":"Platanus x hispanica","ALTURA":"20","MINTDISTRITO":"03","NOMBRE_DISTRITO":"RETIRO","MINTBARRIO":"035","NOMBRE_BARRIO":"LOS JERONIMOS","OBJECTID":51412958}},{"type":"Feature","id":50667444,"geometry":{"type":"Point","coordinates":[-3.690886033992117,40.420777617490273]},"properties":{"ESA_ESPECIE":"TIE","NOMBRE_COMUN":"Tilo","NOMBRE_ESPECIE":"Tilia x europaea","ALTURA":"8,5","MINTDISTRITO":"04","NOMBRE_DISTRITO":"SALAMANCA","MINTBARRIO":"041","NOMBRE_BARRIO":"RECOLETOS","OBJECTID":50667444}},{"type":"Feature","id":51228573,"geometry":{"type":"Point","coordinates":[-3.693741067523538,40.418267115779351]},"properties":{"ESA_ESPECIE":"SJA","NOMBRE_COMUN":"Acacia del Japón/Sophora japonica","NOMBRE_ESPECIE":"Styphnolobium japonicum","ALTURA":"6","MINTDISTRITO":"01","NOMBRE_DISTRITO":"CENTRO","MINTBARRIO":"013","NOMBRE_BARRIO":"CORTES","OBJECTID":51228573}},{"type":"Feature","id":50572465,"geometry":{"type":"Point","coordinates":[-3.6928290504870844,40.415730029319356]},"properties":{"ESA_ESPECIE":"PDA","NOMBRE_COMUN":"Plátano de sombra","NOMBRE_ESPECIE":"Platanus x hybrida","ALTURA":"0","MINTDISTRITO":"03","NOMBRE_DISTRITO":"RETIRO","MINTBARRIO":"035","NOMBRE_BARRIO":"LOS JERONIMOS","OBJECTID":50572465}},{"type":"Feature","id":51412881,"geometry":{"type":"Point","coordinates":[-3.692228671947015,40.410122981630927]},"properties":{"ESA_ESPECIE":"PDA","NOMBRE_COMUN":"Plátano de sombra/Platanus x hybrida","NOMBRE_ESPECIE":"Platanus x hispanica","ALTURA":"21","MINTDISTRITO":"03","NOMBRE_DISTRITO":"RETIRO","MINTBARRIO":"035","NOMBRE_BARRIO":"LOS JERONIMOS","OBJECTID":51412881}},{"type":"Feature","id":50705649,"geometry":{"type":"Point","coordinates":[-3.6860179977638237,40.406259957928867]},"properties":{"ESA_ESPECIE":"PDA","NOMBRE_COMUN":"Plátano de sombra/Platanus x hybrida","NOMBRE_ESPECIE":"Platanus x hispanica","ALTURA":"9","MINTDISTRITO":"03","NOMBRE_DISTRITO":"RETIRO","MINTBARRIO":"031","NOMBRE_BARRIO":"PACIFICO","OBJECTID":50705649}},{"type":"Feature","id":50710303,"geometry":{"type":"Point","coordinates":[-3.6825796484381157,40.406986617930308]},"properties":{"ESA_ESPECIE":"PDA","NOMBRE_COMUN":"Plátano de sombra/Platanus x hybrida","NOMBRE_ESPECIE":"Platanus x hispanica","ALTURA":"21","MINTDISTRITO":"03","NOMBRE_DISTRITO":"RETIRO","MINTBARRIO":"035","NOMBRE_BARRIO":"LOS JERONIMOS","OBJECTID":50710303}},{"type":"Feature","id":51281689,"geometry":{"type":"Point","coordinates":[-3.6948770872559242,40.415139605351534]},"properties":{"ESA_ESPECIE":"PHC","NOMBRE_COMUN":"Palma de Fortune","NOMBRE_ESPECIE":"Trachycarpus fortunei","ALTURA":"13","MINTDISTRITO":"01","NOMBRE_DISTRITO":"CENTRO","MINTBARRIO":"013","NOMBRE_BARRIO":"CORTES","OBJECTID":51281689}},{"type":"Feature","id":51311404,"geometry":{"type":"Point","coordinates":[-3.6931432097032291,40.417415103700456]},"properties":{"ESA_ESPECIE":"CDE","NOMBRE_COMUN":"Cedro llorón","NOMBRE_ESPECIE":"Cedrus deodara","ALTURA":"7","MINTDISTRITO":"03","NOMBRE_DISTRITO":"RETIRO","MINTBARRIO":"035","NOMBRE_BARRIO":"LOS JERONIMOS","OBJECTID":51311404}},{"type":"Feature","id":50693655,"geometry":{"type":"Point","coordinates":[-3.6910133619361152,40.417277473987667]},"properties":{"ESA_ESPECIE":"SJA","NOMBRE_COMUN":"Acacia del Japón/Sophora japonica","NOMBRE_ESPECIE":"Styphnolobium japonicum","ALTURA":"11","MINTDISTRITO":"03","NOMBRE_DISTRITO":"RETIRO","MINTBARRIO":"035","NOMBRE_BARRIO":"LOS JERONIMOS","OBJECTID":50693655}},{"type":"Feature","id":50699483,"geometry":{"type":"Point","coordinates":[-3.6904564265711981,40.414207184368976]},"properties":{"ESA_ESPECIE":"SJA","NOMBRE_COMUN":"Acacia del Japón/Sophora japonica","NOMBRE_ESPECIE":"Styphnolobium japonicum","ALTURA":"6,5","MINTDISTRITO":"03","NOMBRE_DISTRITO":"RETIRO","MINTBARRIO":"035","NOMBRE_BARRIO":"LOS JERONIMOS","OBJECTID":50699483}},{"type":"Feature","id":51182542,"geometry":{"type":"Point","coordinates":[-3.6921297061449962,40.415305202613993]},"properties":{"ESA_ESPECIE":"SJA","NOMBRE_COMUN":"Acacia del Japón/Sophora japonica","NOMBRE_ESPECIE":"Styphnolobium japonicum","ALTURA":"4","MINTDISTRITO":"03","NOMBRE_DISTRITO":"RETIRO","MINTBARRIO":"035","NOMBRE_BARRIO":"LOS JERONIMOS","OBJECTID":51182542}},{"type":"Feature","id":50698155,"geometry":{"type":"Point","coordinates":[-3.6929604200230171,40.415075270727527]},"properties":{"ESA_ESPECIE":"SJA","NOMBRE_COMUN":"Acacia del Japón/Sophora japonica","NOMBRE_ESPECIE":"SJA","ALTURA":"11","MINTDISTRITO":"03","NOMBRE_DISTRITO":"RETIRO","MINTBARRIO":"035","NOMBRE_BARRIO":"LOS JERONIMOS","OBJECTID":50698155}},{"type":"Feature","id":51005929,"geometry":{"type":"Point","coordinates":[-3.6952329384128033,40.409148261674218]},"properties":{"ESA_ESPECIE":"AJU","NOMBRE_COMUN":"Acacia de Constantinopla","NOMBRE_ESPECIE":"Albizia julibrissin","ALTURA":"3,6","MINTDISTRITO":"01","NOMBRE_DISTRITO":"CENTRO","MINTBARRIO":"012","NOMBRE_BARRIO":"EMBAJADORES","OBJECTID":51005929}},{"type":"Feature","id":51387505,"geometry":{"type":"Point","coordinates":[-3.6907678413835834,40.404511127466058]},"properties":{"ESA_ESPECIE":"SJA","NOMBRE_COMUN":"Acacia del Japón/Sophora japonica","NOMBRE_ESPECIE":"Styphnolobium japonicum","ALTURA":"5","MINTDISTRITO":"02","NOMBRE_DISTRITO":"ARGANZUELA","MINTBARRIO":"026","NOMBRE_BARRIO":"PALOS DE LA FRONTERA","OBJECTID":51387505}},{"type":"Feature","id":50585555,"geometry":{"type":"Point","coordinates":[-3.695190755041216,40.404265807161273]},"properties":{"ESA_ESPECIE":"UPU","NOMBRE_COMUN":"Olmo de Siberia","NOMBRE_ESPECIE":"Ulmus pumila","ALTURA":"14","MINTDISTRITO":"02","NOMBRE_DISTRITO":"ARGANZUELA","MINTBARRIO":"026","NOMBRE_BARRIO":"PALOS DE LA FRONTERA","OBJECTID":50585555}},{"type":"Feature","id":51176940,"geometry":{"type":"Point","coordinates":[-3.6900694378884782,40.407646415708626]},"properties":{"ESA_ESPECIE":"PYSP","NOMBRE_COMUN":"Perales","NOMBRE_ESPECIE":"Pyrus sp","ALTURA":"5","MINTDISTRITO":"03","NOMBRE_DISTRITO":"RETIRO","MINTBARRIO":"035","NOMBRE_BARRIO":"LOS JERONIMOS","OBJECTID":51176940}},{"type":"Feature","id":50888096,"geometry":{"type":"Point","coordinates":[-3.6930360556544417,40.408857759861782]},"properties":{"ESA_ESPECIE":"LJV","NOMBRE_COMUN":"Aligustre variegado","NOMBRE_ESPECIE":"Ligustrum japonicum 'Variegatum'","ALTURA":"4","MINTDISTRITO":"01","NOMBRE_DISTRITO":"CENTRO","MINTBARRIO":"012","NOMBRE_BARRIO":"EMBAJADORES","OBJECTID":50888096}},{"type":"Feature","id":51228550,"geometry":{"type":"Point","coordinates":[-3.6935898307925239,40.41849832133309]},"properties":{"ESA_ESPECIE":"MGR","NOMBRE_COMUN":"Magnolio","NOMBRE_ESPECIE":"Magnolia grandiflora","ALTURA":"8","MINTDISTRITO":"01","NOMBRE_DISTRITO":"CENTRO","MINTBARRIO":"013","NOMBRE_BARRIO":"CORTES","OBJECTID":51228550}},{"type":"Feature","id":51182891,"geometry":{"type":"Point","coordinates":[-3.6830165127940209,40.405626903520947]},"properties":{"ESA_ESPECIE":"MEA","NOMBRE_COMUN":"Cinamomo","NOMBRE_ESPECIE":"Melia azedarach","ALTURA":"5","MINTDISTRITO":"03","NOMBRE_DISTRITO":"RETIRO","MINTBARRIO":"031","NOMBRE_BARRIO":"PACIFICO","OBJECTID":51182891}},{"type":"Feature","id":50892596,"geometry":{"type":"Point","coordinates":[-3.6813301002570937,40.406979204008373]},"properties":{"ESA_ESPECIE":"PDA","NOMBRE_COMUN":"Plátano de sombra/Platanus x hybrida","NOMBRE_ESPECIE":"Platanus x hispanica","ALTURA":"4,5","MINTDISTRITO":"03","NOMBRE_DISTRITO":"RETIRO","MINTBARRIO":"031","NOMBRE_BARRIO":"PACIFICO","OBJECTID":50892596}},{"type":"Feature","id":50602867,"geometry":{"type":"Point","coordinates":[-3.6835387180011949,40.408782944744708]},"properties":{"ESA_ESPECIE":"MAX","NOMBRE_COMUN":"Manzano","NOMBRE_ESPECIE":"Malus sp","ALTURA":"3","MINTDISTRITO":"03","NOMBRE_DISTRITO":"RETIRO","MINTBARRIO":"035","NOMBRE_BARRIO":"LOS JERONIMOS","OBJECTID":50602867}},{"type":"Feature","id":50636827,"geometry":{"type":"Point","coordinates":[-3.6883269756791663,40.407990506750842]},"properties":{"ESA_ESPECIE":"PHA","NOMBRE_COMUN":"Pino carrasco","NOMBRE_ESPECIE":"Pinus halepensis","ALTURA":"3,5","MINTDISTRITO":"03","NOMBRE_DISTRITO":"RETIRO","MINTBARRIO":"035","NOMBRE_BARRIO":"LOS JERONIMOS","OBJECTID":50636827}},{"type":"Feature","id":51179270,"geometry":{"type":"Point","coordinates":[-3.6875970173642574,40.407595235134757]},"properties":{"ESA_ESPECIE":"PPI","NOMBRE_COMUN":"Pino piñonero","NOMBRE_ESPECIE":"Pinus pinea","ALTURA":"6","MINTDISTRITO":"03","NOMBRE_DISTRITO":"RETIRO","MINTBARRIO":"035","NOMBRE_BARRIO":"LOS JERONIMOS","OBJECTID":51179270}},{"type":"Feature","id":51181114,"geometry":{"type":"Point","coordinates":[-3.6790419685744693,40.421016140531407]},"properties":{"ESA_ESPECIE":"LJA","NOMBRE_COMUN":"Aligustre del Japón","NOMBRE_ESPECIE":"Ligustrum japonicum","ALTURA":"7,5","MINTDISTRITO":"03","NOMBRE_DISTRITO":"RETIRO","MINTBARRIO":"034","NOMBRE_BARRIO":"IBIZA","OBJECTID":51181114}},{"type":"Feature","id":51013116,"geometry":{"type":"Point","coordinates":[-3.6871853408892141,40.420598951415826]},"properties":{"ESA_ESPECIE":"TIP","NOMBRE_COMUN":"Tilo de hojas grandes","NOMBRE_ESPECIE":"Tilia platyphyllos","ALTURA":"5","MINTDISTRITO":"04","NOMBRE_DISTRITO":"SALAMANCA","MINTBARRIO":"041","NOMBRE_BARRIO":"RECOLETOS","OBJECTID":51013116}},{"type":"Feature","id":51179934,"geometry":{"type":"Point","coordinates":[-3.6790521972609058,40.407862123407142]},"properties":{"ESA_ESPECIE":"PDA","NOMBRE_COMUN":"Plátano de sombra/Platanus x hybrida","NOMBRE_ESPECIE":"Platanus x hispanica","ALTURA":"9,5","MINTDISTRITO":"03","NOMBRE_DISTRITO":"RETIRO","MINTBARRIO":"035","NOMBRE_BARRIO":"LOS JERONIMOS","OBJECTID":51179934}},{"type":"Feature","id":51031731,"geometry":{"type":"Point","coordinates":[-3.6829694339615338,40.405474396864179]},"properties":{"ESA_ESPECIE":"MEA","NOMBRE_COMUN":"Cinamomo","NOMBRE_ESPECIE":"Melia azedarach","ALTURA":"4","MINTDISTRITO":"03","NOMBRE_DISTRITO":"RETIRO","MINTBARRIO":"031","NOMBRE_BARRIO":"PACIFICO","OBJECTID":51031731}},{"type":"Feature","id":50697142,"geometry":{"type":"Point","coordinates":[-3.6903186025415313,40.41445818868263]},"properties":{"ESA_ESPECIE":"SJA","NOMBRE_COMUN":"Acacia del Japón/Sophora japonica","NOMBRE_ESPECIE":"Styphnolobium japonicum","ALTURA":"8","MINTDISTRITO":"03","NOMBRE_DISTRITO":"RETIRO","MINTBARRIO":"035","NOMBRE_BARRIO":"LOS JERONIMOS","OBJECTID":50697142}},{"type":"Feature","id":51017739,"geometry":{"type":"Point","coordinates":[-3.6907407811286346,40.415337202698694]},"properties":{"ESA_ESPECIE":"SJA","NOMBRE_COMUN":"Acacia del Japón/Sophora japonica","NOMBRE_ESPECIE":"Styphnolobium japonicum","ALTURA":"3,3","MINTDISTRITO":"03","NOMBRE_DISTRITO":"RETIRO","MINTBARRIO":"035","NOMBRE_BARRIO":"LOS JERONIMOS","OBJECTID":51017739}},{"type":"Feature","id":50696263,"geometry":{"type":"Point","coordinates":[-3.6914400190149221,40.415602303535273]},"properties":{"ESA_ESPECIE":"SJA","NOMBRE_COMUN":"Acacia del Japón/Sophora japonica","NOMBRE_ESPECIE":"Styphnolobium japonicum","ALTURA":"9","MINTDISTRITO":"03","NOMBRE_DISTRITO":"RETIRO","MINTBARRIO":"035","NOMBRE_BARRIO":"LOS JERONIMOS","OBJECTID":50696263}},{"type":"Feature","id":51412981,"geometry":{"type":"Point","coordinates":[-3.6931814244280434,40.41636548294386]},"properties":{"ESA_ESPECIE":"LJA","NOMBRE_COMUN":"Aligustre del Japón","NOMBRE_ESPECIE":"Ligustrum japonicum","ALTURA":"11,5","MINTDISTRITO":"03","NOMBRE_DISTRITO":"RETIRO","MINTBARRIO":"035","NOMBRE_BARRIO":"LOS JERONIMOS","OBJECTID":51412981}},{"type":"Feature","id":51412858,"geometry":{"type":"Point","coordinates":[-3.692545776718084,40.411538999832288]},"properties":{"ESA_ESPECIE":"SJA","NOMBRE_COMUN":"Acacia del Japón/Sophora japonica","NOMBRE_ESPECIE":"Styphnolobium japonicum","ALTURA":"8","MINTDISTRITO":"03","NOMBRE_DISTRITO":"RETIRO","MINTBARRIO":"035","NOMBRE_BARRIO":"LOS JERONIMOS","OBJECTID":51412858}},{"type":"Feature","id":51181237,"geometry":{"type":"Point","coordinates":[-3.6912618501028329,40.412801238966715]},"properties":{"ESA_ESPECIE":"SJA","NOMBRE_COMUN":"Acacia del Japón/Sophora japonica","NOMBRE_ESPECIE":"Styphnolobium japonicum","ALTURA":"7","MINTDISTRITO":"03","NOMBRE_DISTRITO":"RETIRO","MINTBARRIO":"035","NOMBRE_BARRIO":"LOS JERONIMOS","OBJECTID":51181237}},{"type":"Feature","id":50995927,"geometry":{"type":"Point","coordinates":[-3.6953975016801834,40.41572893838395]},"properties":{"ESA_ESPECIE":"SJA","NOMBRE_COMUN":"Acacia del Japón/Sophora japonica","NOMBRE_ESPECIE":"Styphnolobium japonicum","ALTURA":"8","MINTDISTRITO":"01","NOMBRE_DISTRITO":"CENTRO","MINTBARRIO":"013","NOMBRE_BARRIO":"CORTES","OBJECTID":50995927}},{"type":"Feature","id":51228851,"geometry":{"type":"Point","coordinates":[-3.6939884478102303,40.41461127378065]},"properties":{"ESA_ESPECIE":"PDA","NOMBRE_COMUN":"Plátano de sombra/Platanus x hybrida","NOMBRE_ESPECIE":"Platanus x hispanica","ALTURA":"18","MINTDISTRITO":"01","NOMBRE_DISTRITO":"CENTRO","MINTBARRIO":"013","NOMBRE_BARRIO":"CORTES","OBJECTID":51228851}},{"type":"Feature","id":50567727,"geometry":{"type":"Point","coordinates":[-3.6949435083974467,40.414819944391574]},"properties":{"ESA_ESPECIE":"RTY","NOMBRE_COMUN":"Zumaque de Virginia","NOMBRE_ESPECIE":"Rhus typhina","ALTURA":"4","MINTDISTRITO":"01","NOMBRE_DISTRITO":"CENTRO","MINTBARRIO":"013","NOMBRE_BARRIO":"CORTES","OBJECTID":50567727}},{"type":"Feature","id":50696804,"geometry":{"type":"Point","coordinates":[-3.6797316622948801,40.405861316665693]},"properties":{"ESA_ESPECIE":"PDA","NOMBRE_COMUN":"Plátano de sombra/Platanus x hybrida","NOMBRE_ESPECIE":"Platanus x hispanica","ALTURA":"13","MINTDISTRITO":"03","NOMBRE_DISTRITO":"RETIRO","MINTBARRIO":"031","NOMBRE_BARRIO":"PACIFICO","OBJECTID":50696804}},{"type":"Feature","id":51180235,"geometry":{"type":"Point","coordinates":[-3.690434558497548,40.418947046597943]},"properties":{"ESA_ESPECIE":"SJA","NOMBRE_COMUN":"Acacia del Japón/Sophora japonica","NOMBRE_ESPECIE":"Styphnolobium japonicum","ALTURA":"3,5","MINTDISTRITO":"03","NOMBRE_DISTRITO":"RETIRO","MINTBARRIO":"035","NOMBRE_BARRIO":"LOS JERONIMOS","OBJECTID":51180235}},{"type":"Feature","id":51407694,"geometry":{"type":"Point","coordinates":[-3.6899813532317141,40.41965607915192]},"properties":{"ESA_ESPECIE":"PDA","NOMBRE_COMUN":"Plátano de sombra/Platanus x hybrida","NOMBRE_ESPECIE":"Platanus x hispanica","ALTURA":"4","MINTDISTRITO":"03","NOMBRE_DISTRITO":"RETIRO","MINTBARRIO":"035","NOMBRE_BARRIO":"LOS JERONIMOS","OBJECTID":51407694}},{"type":"Feature","id":51335500,"geometry":{"type":"Point","coordinates":[-3.6917909246192155,40.403990376938019]},"properties":{"ESA_ESPECIE":"UPU","NOMBRE_COMUN":"Olmo de Siberia","NOMBRE_ESPECIE":"Ulmus pumila","ALTURA":"10","MINTDISTRITO":"02","NOMBRE_DISTRITO":"ARGANZUELA","MINTBARRIO":"026","NOMBRE_BARRIO":"PALOS DE LA FRONTERA","OBJECTID":51335500}},{"type":"Feature","id":51329426,"geometry":{"type":"Point","coordinates":[-3.6942714433900381,40.404122005609146]},"properties":{"ESA_ESPECIE":"UPU","NOMBRE_COMUN":"Olmo de Siberia","NOMBRE_ESPECIE":"Ulmus pumila","ALTURA":"14","MINTDISTRITO":"02","NOMBRE_DISTRITO":"ARGANZUELA","MINTBARRIO":"026","NOMBRE_BARRIO":"PALOS DE LA FRONTERA","OBJECTID":51329426}},{"type":"Feature","id":51333579,"geometry":{"type":"Point","coordinates":[-3.694539149290875,40.40413609164122]},"properties":{"ESA_ESPECIE":"APL","NOMBRE_COMUN":"Arce real","NOMBRE_ESPECIE":"Acer platanoides","ALTURA":"6","MINTDISTRITO":"02","NOMBRE_DISTRITO":"ARGANZUELA","MINTBARRIO":"026","NOMBRE_BARRIO":"PALOS DE LA FRONTERA","OBJECTID":51333579}},{"type":"Feature","id":51336333,"geometry":{"type":"Point","coordinates":[-3.6902827682392378,40.404835494868323]},"properties":{"ESA_ESPECIE":"SJA","NOMBRE_COMUN":"Acacia del Japón/Sophora japonica","NOMBRE_ESPECIE":"Styphnolobium japonicum","ALTURA":"5,5","MINTDISTRITO":"02","NOMBRE_DISTRITO":"ARGANZUELA","MINTBARRIO":"027","NOMBRE_BARRIO":"ATOCHA","OBJECTID":51336333}},{"type":"Feature","id":51346738,"geometry":{"type":"Point","coordinates":[-3.6914848454618898,40.409657709358179]},"properties":{"ESA_ESPECIE":"AHI","NOMBRE_COMUN":"Castaño de indias","NOMBRE_ESPECIE":"Aesculus hippocastanum","ALTURA":"7","MINTDISTRITO":"03","NOMBRE_DISTRITO":"RETIRO","MINTBARRIO":"035","NOMBRE_BARRIO":"LOS JERONIMOS","OBJECTID":51346738}},{"type":"Feature","id":50613879,"geometry":{"type":"Point","coordinates":[-3.6921041759627884,40.420296149873302]},"properties":{"ESA_ESPECIE":"CSE","NOMBRE_COMUN":"Ciprés común","NOMBRE_ESPECIE":"Cupressus sempervirens","ALTURA":"8,5","MINTDISTRITO":"04","NOMBRE_DISTRITO":"SALAMANCA","MINTBARRIO":"041","NOMBRE_BARRIO":"RECOLETOS","OBJECTID":50613879}},{"type":"Feature","id":51185837,"geometry":{"type":"Point","coordinates":[-3.6883144842943523,40.420380945468473]},"properties":{"ESA_ESPECIE":"PDA","NOMBRE_COMUN":"Plátano de sombra/Platanus x hybrida","NOMBRE_ESPECIE":"Platanus x hispanica","ALTURA":"10","MINTDISTRITO":"04","NOMBRE_DISTRITO":"SALAMANCA","MINTBARRIO":"041","NOMBRE_BARRIO":"RECOLETOS","OBJECTID":51185837}},{"type":"Feature","id":50711508,"geometry":{"type":"Point","coordinates":[-3.6817849488517287,40.405931210015872]},"properties":{"ESA_ESPECIE":"SJA","NOMBRE_COMUN":"Acacia del Japón/Sophora japonica","NOMBRE_ESPECIE":"Styphnolobium japonicum","ALTURA":"5","MINTDISTRITO":"03","NOMBRE_DISTRITO":"RETIRO","MINTBARRIO":"031","NOMBRE_BARRIO":"PACIFICO","OBJECTID":50711508}},{"type":"Feature","id":51216379,"geometry":{"type":"Point","coordinates":[-3.6876418543167437,40.406164500503571]},"properties":{"ESA_ESPECIE":"PDA","NOMBRE_COMUN":"Plátano de sombra/Platanus x hybrida","NOMBRE_ESPECIE":"Platanus x hispanica","ALTURA":"10","MINTDISTRITO":"03","NOMBRE_DISTRITO":"RETIRO","MINTBARRIO":"031","NOMBRE_BARRIO":"PACIFICO","OBJECTID":51216379}},{"type":"Feature","id":51179176,"geometry":{"type":"Point","coordinates":[-3.6884588657296113,40.408154668392392]},"properties":{"ESA_ESPECIE":"CAR","NOMBRE_COMUN":"Ciprés de Arizona","NOMBRE_ESPECIE":"Cupressus arizonica","ALTURA":"4","MINTDISTRITO":"03","NOMBRE_DISTRITO":"RETIRO","MINTBARRIO":"035","NOMBRE_BARRIO":"LOS JERONIMOS","OBJECTID":51179176}},{"type":"Feature","id":51179247,"geometry":{"type":"Point","coordinates":[-3.687973917962406,40.408000779268484]},"properties":{"ESA_ESPECIE":"PPI","NOMBRE_COMUN":"Pino piñonero","NOMBRE_ESPECIE":"Pinus pinea","ALTURA":"2","MINTDISTRITO":"03","NOMBRE_DISTRITO":"RETIRO","MINTBARRIO":"035","NOMBRE_BARRIO":"LOS JERONIMOS","OBJECTID":51179247}},{"type":"Feature","id":50636850,"geometry":{"type":"Point","coordinates":[-3.6880688827157484,40.407970466252266]},"properties":{"ESA_ESPECIE":"PHA","NOMBRE_COMUN":"Pino carrasco","NOMBRE_ESPECIE":"Pinus halepensis","ALTURA":"1","MINTDISTRITO":"03","NOMBRE_DISTRITO":"RETIRO","MINTBARRIO":"035","NOMBRE_BARRIO":"LOS JERONIMOS","OBJECTID":50636850}},{"type":"Feature","id":51178337,"geometry":{"type":"Point","coordinates":[-3.6900041431685313,40.415552611235505]},"properties":{"ESA_ESPECIE":"CDE","NOMBRE_COMUN":"Cedro llorón","NOMBRE_ESPECIE":"Cedrus deodara","ALTURA":"20","MINTDISTRITO":"03","NOMBRE_DISTRITO":"RETIRO","MINTBARRIO":"035","NOMBRE_BARRIO":"LOS JERONIMOS","OBJECTID":51178337}},{"type":"Feature","id":51228527,"geometry":{"type":"Point","coordinates":[-3.6925130541079443,40.410415262181608]},"properties":{"ESA_ESPECIE":"PDA","NOMBRE_COMUN":"Plátano de sombra/Platanus x hybrida","NOMBRE_ESPECIE":"Platanus x hispanica","ALTURA":"18","MINTDISTRITO":"01","NOMBRE_DISTRITO":"CENTRO","MINTBARRIO":"013","NOMBRE_BARRIO":"CORTES","OBJECTID":51228527}},{"type":"Feature","id":51412835,"geometry":{"type":"Point","coordinates":[-3.6918234673333856,40.41261608614338]},"properties":{"ESA_ESPECIE":"PIS","NOMBRE_COMUN":"Abeto del Himalaya","NOMBRE_ESPECIE":"Picea smithiana","ALTURA":"22","MINTDISTRITO":"03","NOMBRE_DISTRITO":"RETIRO","MINTBARRIO":"035","NOMBRE_BARRIO":"LOS JERONIMOS","OBJECTID":51412835}},{"type":"Feature","id":50703611,"geometry":{"type":"Point","coordinates":[-3.6780030142416615,40.420510371144594]},"properties":{"ESA_ESPECIE":"LJA","NOMBRE_COMUN":"Aligustre del Japón","NOMBRE_ESPECIE":"Ligustrum japonicum","ALTURA":"7,5","MINTDISTRITO":"03","NOMBRE_DISTRITO":"RETIRO","MINTBARRIO":"034","NOMBRE_BARRIO":"IBIZA","OBJECTID":50703611}},{"type":"Feature","id":50699529,"geometry":{"type":"Point","coordinates":[-3.6791007338403725,40.42046437881686]},"properties":{"ESA_ESPECIE":"LJA","NOMBRE_COMUN":"Aligustre del Japón","NOMBRE_ESPECIE":"Ligustrum japonicum","ALTURA":"8","MINTDISTRITO":"03","NOMBRE_DISTRITO":"RETIRO","MINTBARRIO":"034","NOMBRE_BARRIO":"IBIZA","OBJECTID":50699529}},{"type":"Feature","id":51228874,"geometry":{"type":"Point","coordinates":[-3.6938606767218847,40.414505274408427]},"properties":{"ESA_ESPECIE":"PDA","NOMBRE_COMUN":"Plátano de sombra/Platanus x hybrida","NOMBRE_ESPECIE":"Platanus x hispanica","ALTURA":"20","MINTDISTRITO":"01","NOMBRE_DISTRITO":"CENTRO","MINTBARRIO":"013","NOMBRE_BARRIO":"CORTES","OBJECTID":51228874}},{"type":"Feature","id":50561676,"geometry":{"type":"Point","coordinates":[-3.6935291211489809,40.413143705222936]},"properties":{"ESA_ESPECIE":"PAR","NOMBRE_COMUN":"Peral de flor 'Chanticleer'","NOMBRE_ESPECIE":"Pyrus calleryana 'Chanticleer'","ALTURA":"6.00","MINTDISTRITO":"01","NOMBRE_DISTRITO":"CENTRO","MINTBARRIO":"013","NOMBRE_BARRIO":"CORTES","OBJECTID":50561676}},{"type":"Feature","id":51011270,"geometry":{"type":"Point","coordinates":[-3.6935919641556021,40.410822544845423]},"properties":{"ESA_ESPECIE":"PAR","NOMBRE_COMUN":"Peral de flor 'Chanticleer'","NOMBRE_ESPECIE":"Pyrus calleryana 'Chanticleer'","ALTURA":"6","MINTDISTRITO":"01","NOMBRE_DISTRITO":"CENTRO","MINTBARRIO":"013","NOMBRE_BARRIO":"CORTES","OBJECTID":51011270}},{"type":"Feature","id":51216210,"geometry":{"type":"Point","coordinates":[-3.6810362620969701,40.405677053077412]},"properties":{"ESA_ESPECIE":"SJA","NOMBRE_COMUN":"Acacia del Japón/Sophora japonica","NOMBRE_ESPECIE":"Styphnolobium japonicum","ALTURA":"4,5","MINTDISTRITO":"03","NOMBRE_DISTRITO":"RETIRO","MINTBARRIO":"031","NOMBRE_BARRIO":"PACIFICO","OBJECTID":51216210}},{"type":"Feature","id":51412912,"geometry":{"type":"Point","coordinates":[-3.6930334129352236,40.417294473132173]},"properties":{"ESA_ESPECIE":"PDA","NOMBRE_COMUN":"Plátano de sombra/Platanus x hybrida","NOMBRE_ESPECIE":"Platanus x hispanica","ALTURA":"20","MINTDISTRITO":"03","NOMBRE_DISTRITO":"RETIRO","MINTBARRIO":"035","NOMBRE_BARRIO":"LOS JERONIMOS","OBJECTID":51412912}},{"type":"Feature","id":50706098,"geometry":{"type":"Point","coordinates":[-3.691086342239617,40.417370281398206]},"properties":{"ESA_ESPECIE":"SJA","NOMBRE_COMUN":"Acacia del Japón/Sophora japonica","NOMBRE_ESPECIE":"Styphnolobium japonicum","ALTURA":"5","MINTDISTRITO":"03","NOMBRE_DISTRITO":"RETIRO","MINTBARRIO":"035","NOMBRE_BARRIO":"LOS JERONIMOS","OBJECTID":50706098}},{"type":"Feature","id":50985276,"geometry":{"type":"Point","coordinates":[-3.695642280409039,40.408005797924318]},"properties":{"ESA_ESPECIE":"RPS","NOMBRE_COMUN":"Falsa acacia","NOMBRE_ESPECIE":"Robinia pseudoacacia","ALTURA":"10","MINTDISTRITO":"01","NOMBRE_DISTRITO":"CENTRO","MINTBARRIO":"012","NOMBRE_BARRIO":"EMBAJADORES","OBJECTID":50985276}},{"type":"Feature","id":51331441,"geometry":{"type":"Point","coordinates":[-3.6955316668687783,40.404285432738583]},"properties":{"ESA_ESPECIE":"UPU","NOMBRE_COMUN":"Olmo de Siberia","NOMBRE_ESPECIE":"Ulmus pumila","ALTURA":"14","MINTDISTRITO":"02","NOMBRE_DISTRITO":"ARGANZUELA","MINTBARRIO":"026","NOMBRE_BARRIO":"PALOS DE LA FRONTERA","OBJECTID":51331441}},{"type":"Feature","id":50693555,"geometry":{"type":"Point","coordinates":[-3.6887997130637467,40.407953520096598]},"properties":{"ESA_ESPECIE":"PDA","NOMBRE_COMUN":"Plátano de sombra/Platanus x hybrida","NOMBRE_ESPECIE":"Platanus x hispanica","ALTURA":"13","MINTDISTRITO":"03","NOMBRE_DISTRITO":"RETIRO","MINTBARRIO":"035","NOMBRE_BARRIO":"LOS JERONIMOS","OBJECTID":50693555}},{"type":"Feature","id":51346761,"geometry":{"type":"Point","coordinates":[-3.6902392366406271,40.409653170105997]},"properties":{"ESA_ESPECIE":"MEA","NOMBRE_COMUN":"Cinamomo","NOMBRE_ESPECIE":"Melia azedarach","ALTURA":"5,5","MINTDISTRITO":"03","NOMBRE_DISTRITO":"RETIRO","MINTBARRIO":"035","NOMBRE_BARRIO":"LOS JERONIMOS","OBJECTID":51346761}},{"type":"Feature","id":51011416,"geometry":{"type":"Point","coordinates":[-3.6930360668848499,40.408857705740111]},"properties":{"ESA_ESPECIE":"LJV","NOMBRE_COMUN":"Aligustre variegado","NOMBRE_ESPECIE":"Ligustrum japonicum 'Variegatum'","ALTURA":"2,8","MINTDISTRITO":"01","NOMBRE_DISTRITO":"CENTRO","MINTBARRIO":"012","NOMBRE_BARRIO":"EMBAJADORES","OBJECTID":51011416}},{"type":"Feature","id":50636873,"geometry":{"type":"Point","coordinates":[-3.6882431387204062,40.408040708810404]},"properties":{"ESA_ESPECIE":"PHA","NOMBRE_COMUN":"Pino carrasco","NOMBRE_ESPECIE":"Pinus halepensis","ALTURA":"1,5","MINTDISTRITO":"03","NOMBRE_DISTRITO":"RETIRO","MINTBARRIO":"035","NOMBRE_BARRIO":"LOS JERONIMOS","OBJECTID":50636873}},{"type":"Feature","id":51215569,"geometry":{"type":"Point","coordinates":[-3.6830446384976763,40.406707086450076]},"properties":{"ESA_ESPECIE":"PDA","NOMBRE_COMUN":"Plátano de sombra/Platanus x hybrida","NOMBRE_ESPECIE":"Platanus x hispanica","ALTURA":"14,5","MINTDISTRITO":"03","NOMBRE_DISTRITO":"RETIRO","MINTBARRIO":"031","NOMBRE_BARRIO":"PACIFICO","OBJECTID":51215569}},{"type":"Feature","id":50566445,"geometry":{"type":"Point","coordinates":[-3.6840496166402521,40.405182721275033]},"properties":{"ESA_ESPECIE":"PDA","NOMBRE_COMUN":"Plátano de sombra/Platanus x hybrida","NOMBRE_ESPECIE":"Platanus x hispanica","ALTURA":"4","MINTDISTRITO":"03","NOMBRE_DISTRITO":"RETIRO","MINTBARRIO":"031","NOMBRE_BARRIO":"PACIFICO","OBJECTID":50566445}},{"type":"Feature","id":50696432,"geometry":{"type":"Point","coordinates":[-3.6793524601352634,40.406887515746085]},"properties":{"ESA_ESPECIE":"PDA","NOMBRE_COMUN":"Plátano de sombra/Platanus x hybrida","NOMBRE_ESPECIE":"Platanus x hispanica","ALTURA":"8","MINTDISTRITO":"03","NOMBRE_DISTRITO":"RETIRO","MINTBARRIO":"031","NOMBRE_BARRIO":"PACIFICO","OBJECTID":50696432}},{"type":"Feature","id":50711531,"geometry":{"type":"Point","coordinates":[-3.6818971414592552,40.406756679691092]},"properties":{"ESA_ESPECIE":"SJA","NOMBRE_COMUN":"Acacia del Japón/Sophora japonica","NOMBRE_ESPECIE":"Styphnolobium japonicum","ALTURA":"5,5","MINTDISTRITO":"03","NOMBRE_DISTRITO":"RETIRO","MINTBARRIO":"031","NOMBRE_BARRIO":"PACIFICO","OBJECTID":50711531}},{"type":"Feature","id":51259562,"geometry":{"type":"Point","coordinates":[-3.6837308120241383,40.40847757295785]},"properties":{"ESA_ESPECIE":"CTK","NOMBRE_COMUN":"Chitalpa 'Minsum'","NOMBRE_ESPECIE":"x Chitalpa tashkentensis  'Summer Bells'","ALTURA":"2,5","MINTDISTRITO":"03","NOMBRE_DISTRITO":"RETIRO","MINTBARRIO":"035","NOMBRE_BARRIO":"LOS JERONIMOS","OBJECTID":51259562}},{"type":"Feature","id":51179199,"geometry":{"type":"Point","coordinates":[-3.6883159482118701,40.408096140572539]},"properties":{"ESA_ESPECIE":"CAR","NOMBRE_COMUN":"Ciprés de Arizona","NOMBRE_ESPECIE":"Cupressus arizonica","ALTURA":"6","MINTDISTRITO":"03","NOMBRE_DISTRITO":"RETIRO","MINTBARRIO":"035","NOMBRE_BARRIO":"LOS JERONIMOS","OBJECTID":51179199}},{"type":"Feature","id":51216233,"geometry":{"type":"Point","coordinates":[-3.6915764617935611,40.416216958571759]},"properties":{"ESA_ESPECIE":"SJA","NOMBRE_COMUN":"Acacia del Japón/Sophora japonica","NOMBRE_ESPECIE":"Styphnolobium japonicum","ALTURA":"4","MINTDISTRITO":"03","NOMBRE_DISTRITO":"RETIRO","MINTBARRIO":"035","NOMBRE_BARRIO":"LOS JERONIMOS","OBJECTID":51216233}},{"type":"Feature","id":51073803,"geometry":{"type":"Point","coordinates":[-3.6927899177089261,40.41116249928821]},"properties":{"ESA_ESPECIE":"SJA","NOMBRE_COMUN":"Acacia del Japón/Sophora japonica","NOMBRE_ESPECIE":"Styphnolobium japonicum","ALTURA":"7","MINTDISTRITO":"01","NOMBRE_DISTRITO":"CENTRO","MINTBARRIO":"013","NOMBRE_BARRIO":"CORTES","OBJECTID":51073803}},{"type":"Feature","id":51034556,"geometry":{"type":"Point","coordinates":[-3.6905904693660103,40.412849728753208]},"properties":{"ESA_ESPECIE":"SJA","NOMBRE_COMUN":"Acacia del Japón/Sophora japonica","NOMBRE_ESPECIE":"Styphnolobium japonicum","ALTURA":"3,5","MINTDISTRITO":"03","NOMBRE_DISTRITO":"RETIRO","MINTBARRIO":"035","NOMBRE_BARRIO":"LOS JERONIMOS","OBJECTID":51034556}},{"type":"Feature","id":51021990,"geometry":{"type":"Point","coordinates":[-3.6785366213484028,40.419595768530641]},"properties":{"ESA_ESPECIE":"LJA","NOMBRE_COMUN":"Aligustre del Japón","NOMBRE_ESPECIE":"Ligustrum japonicum","ALTURA":"4,5","MINTDISTRITO":"03","NOMBRE_DISTRITO":"RETIRO","MINTBARRIO":"034","NOMBRE_BARRIO":"IBIZA","OBJECTID":51021990}},{"type":"Feature","id":50561158,"geometry":{"type":"Point","coordinates":[-3.6921524574313609,40.418226309961703]},"properties":{"ESA_ESPECIE":"AJU","NOMBRE_COMUN":"Acacia de Constantinopla","NOMBRE_ESPECIE":"Albizia julibrissin","ALTURA":"3","MINTDISTRITO":"03","NOMBRE_DISTRITO":"RETIRO","MINTBARRIO":"035","NOMBRE_BARRIO":"LOS JERONIMOS","OBJECTID":50561158}},{"type":"Feature","id":51182519,"geometry":{"type":"Point","coordinates":[-3.6901886871073981,40.417960943229211]},"properties":{"ESA_ESPECIE":"SJA","NOMBRE_COMUN":"Acacia del Japón/Sophora japonica","NOMBRE_ESPECIE":"Styphnolobium japonicum","ALTURA":"10","MINTDISTRITO":"03","NOMBRE_DISTRITO":"RETIRO","MINTBARRIO":"035","NOMBRE_BARRIO":"LOS JERONIMOS","OBJECTID":51182519}},{"type":"Feature","id":51404869,"geometry":{"type":"Point","coordinates":[-3.689467445736502,40.41972907316449]},"properties":{"ESA_ESPECIE":"PDA","NOMBRE_COMUN":"Plátano de sombra/Platanus x hybrida","NOMBRE_ESPECIE":"Platanus x hispanica","ALTURA":"15","MINTDISTRITO":"03","NOMBRE_DISTRITO":"RETIRO","MINTBARRIO":"035","NOMBRE_BARRIO":"LOS JERONIMOS","OBJECTID":51404869}},{"type":"Feature","id":51412812,"geometry":{"type":"Point","coordinates":[-3.6928827133059641,40.413361161116597]},"properties":{"ESA_ESPECIE":"SJA","NOMBRE_COMUN":"Acacia del Japón/Sophora japonica","NOMBRE_ESPECIE":"Styphnolobium japonicum","ALTURA":"9","MINTDISTRITO":"03","NOMBRE_DISTRITO":"RETIRO","MINTBARRIO":"035","NOMBRE_BARRIO":"LOS JERONIMOS","OBJECTID":51412812}},{"type":"Feature","id":51216356,"geometry":{"type":"Point","coordinates":[-3.6900971629949892,40.416463870799127]},"properties":{"ESA_ESPECIE":"PDA","NOMBRE_COMUN":"Plátano de sombra/Platanus x hybrida","NOMBRE_ESPECIE":"Platanus x hispanica","ALTURA":"10","MINTDISTRITO":"03","NOMBRE_DISTRITO":"RETIRO","MINTBARRIO":"035","NOMBRE_BARRIO":"LOS JERONIMOS","OBJECTID":51216356}},{"type":"Feature","id":51180281,"geometry":{"type":"Point","coordinates":[-3.6911096453292105,40.41636119198877]},"properties":{"ESA_ESPECIE":"PDA","NOMBRE_COMUN":"Plátano de sombra/Platanus x hybrida","NOMBRE_ESPECIE":"Platanus x hispanica","ALTURA":"13,5","MINTDISTRITO":"03","NOMBRE_DISTRITO":"RETIRO","MINTBARRIO":"035","NOMBRE_BARRIO":"LOS JERONIMOS","OBJECTID":51180281}},{"type":"Feature","id":50700170,"geometry":{"type":"Point","coordinates":[-3.6780233188289073,40.416631676907862]},"properties":{"ESA_ESPECIE":"PDA","NOMBRE_COMUN":"Plátano de sombra/Platanus x hybrida","NOMBRE_ESPECIE":"Platanus x hispanica","ALTURA":"14","MINTDISTRITO":"03","NOMBRE_DISTRITO":"RETIRO","MINTBARRIO":"034","NOMBRE_BARRIO":"IBIZA","OBJECTID":50700170}},{"type":"Feature","id":51185814,"geometry":{"type":"Point","coordinates":[-3.6894036856296357,40.420330518636071]},"properties":{"ESA_ESPECIE":"PDA","NOMBRE_COMUN":"Plátano de sombra/Platanus x hybrida","NOMBRE_ESPECIE":"Platanus x hispanica","ALTURA":"11","MINTDISTRITO":"04","NOMBRE_DISTRITO":"SALAMANCA","MINTBARRIO":"041","NOMBRE_BARRIO":"RECOLETOS","OBJECTID":51185814}},{"type":"Feature","id":51185691,"geometry":{"type":"Point","coordinates":[-3.6921101867424606,40.420276510218208]},"properties":{"ESA_ESPECIE":"CSI","NOMBRE_COMUN":"Árbol del amor","NOMBRE_ESPECIE":"Cercis siliquastrum","ALTURA":"4","MINTDISTRITO":"04","NOMBRE_DISTRITO":"SALAMANCA","MINTBARRIO":"041","NOMBRE_BARRIO":"RECOLETOS","OBJECTID":51185691}},{"type":"Feature","id":51228479,"geometry":{"type":"Point","coordinates":[-3.6944525824932208,40.415799212754784]},"properties":{"ESA_ESPECIE":"SJA","NOMBRE_COMUN":"Acacia del Japón/Sophora japonica","NOMBRE_ESPECIE":"Styphnolobium japonicum","ALTURA":"8","MINTDISTRITO":"01","NOMBRE_DISTRITO":"CENTRO","MINTBARRIO":"013","NOMBRE_BARRIO":"CORTES","OBJECTID":51228479}},{"type":"Feature","id":50993981,"geometry":{"type":"Point","coordinates":[-3.6941954008929638,40.412676878380189]},"properties":{"ESA_ESPECIE":"AHI","NOMBRE_COMUN":"Castaño de indias","NOMBRE_ESPECIE":"Aesculus hippocastanum","ALTURA":"7","MINTDISTRITO":"01","NOMBRE_DISTRITO":"CENTRO","MINTBARRIO":"013","NOMBRE_BARRIO":"CORTES","OBJECTID":50993981}},{"type":"Feature","id":51412935,"geometry":{"type":"Point","coordinates":[-3.6929959950189017,40.417914249410202]},"properties":{"ESA_ESPECIE":"MGR","NOMBRE_COMUN":"Magnolio","NOMBRE_ESPECIE":"Magnolia grandiflora","ALTURA":"7","MINTDISTRITO":"03","NOMBRE_DISTRITO":"RETIRO","MINTBARRIO":"035","NOMBRE_BARRIO":"LOS JERONIMOS","OBJECTID":51412935}},{"type":"Feature","id":51033460,"geometry":{"type":"Point","coordinates":[-3.6921735465182897,40.404483450508948]},"properties":{"ESA_ESPECIE":"AUM","NOMBRE_COMUN":"Arce tridente","NOMBRE_ESPECIE":"Acer buergerianum","ALTURA":"4,5","MINTDISTRITO":"02","NOMBRE_DISTRITO":"ARGANZUELA","MINTBARRIO":"026","NOMBRE_BARRIO":"PALOS DE LA FRONTERA","OBJECTID":51033460}},{"type":"Feature","id":50605675,"geometry":{"type":"Point","coordinates":[-3.6956025592272406,40.413128801536324]},"properties":{"ESA_ESPECIE":"LJA","NOMBRE_COMUN":"Aligustre del Japón","NOMBRE_ESPECIE":"Ligustrum japonicum","ALTURA":"3,8","MINTDISTRITO":"01","NOMBRE_DISTRITO":"CENTRO","MINTBARRIO":"013","NOMBRE_BARRIO":"CORTES","OBJECTID":50605675}},{"type":"Feature","id":51351361,"geometry":{"type":"Point","coordinates":[-3.6901440038584012,40.420723733813361]},"properties":{"ESA_ESPECIE":"PCY","NOMBRE_COMUN":"Peral de flor","NOMBRE_ESPECIE":"Pyrus calleryana","ALTURA":"3,4","MINTDISTRITO":"04","NOMBRE_DISTRITO":"SALAMANCA","MINTBARRIO":"041","NOMBRE_BARRIO":"RECOLETOS","OBJECTID":51351361}},{"type":"Feature","id":50984927,"geometry":{"type":"Point","coordinates":[-3.6948090420062925,40.417505636600865]},"properties":{"ESA_ESPECIE":"PAR","NOMBRE_COMUN":"Peral de flor 'Chanticleer'","NOMBRE_ESPECIE":"Pyrus calleryana 'Chanticleer'","ALTURA":"4,5","MINTDISTRITO":"01","NOMBRE_DISTRITO":"CENTRO","MINTBARRIO":"013","NOMBRE_BARRIO":"CORTES","OBJECTID":50984927}},{"type":"Feature","id":50707484,"geometry":{"type":"Point","coordinates":[-3.6816006734140396,40.404824451517882]},"properties":{"ESA_ESPECIE":"SJA","NOMBRE_COMUN":"Acacia del Japón/Sophora japonica","NOMBRE_ESPECIE":"Styphnolobium japonicum","ALTURA":"6","MINTDISTRITO":"03","NOMBRE_DISTRITO":"RETIRO","MINTBARRIO":"031","NOMBRE_BARRIO":"PACIFICO","OBJECTID":50707484}},{"type":"Feature","id":51329294,"geometry":{"type":"Point","coordinates":[-3.6815929211070406,40.40694393405991]},"properties":{"ESA_ESPECIE":"PDA","NOMBRE_COMUN":"Plátano de sombra/Platanus x hybrida","NOMBRE_ESPECIE":"Platanus x hispanica","ALTURA":"16","MINTDISTRITO":"03","NOMBRE_DISTRITO":"RETIRO","MINTBARRIO":"031","NOMBRE_BARRIO":"PACIFICO","OBJECTID":51329294}},{"type":"Feature","id":50590687,"geometry":{"type":"Point","coordinates":[-3.6828667728680782,40.408627274665953]},"properties":{"ESA_ESPECIE":"PPI","NOMBRE_COMUN":"Pino piñonero","NOMBRE_ESPECIE":"Pinus pinea","ALTURA":"7","MINTDISTRITO":"03","NOMBRE_DISTRITO":"RETIRO","MINTBARRIO":"035","NOMBRE_BARRIO":"LOS JERONIMOS","OBJECTID":50590687}},{"type":"Feature","id":50703559,"geometry":{"type":"Point","coordinates":[-3.6847944735428362,40.407593345028943]},"properties":{"ESA_ESPECIE":"LJA","NOMBRE_COMUN":"Aligustre del Japón","NOMBRE_ESPECIE":"Ligustrum japonicum","ALTURA":"3,5","MINTDISTRITO":"03","NOMBRE_DISTRITO":"RETIRO","MINTBARRIO":"035","NOMBRE_BARRIO":"LOS JERONIMOS","OBJECTID":50703559}},{"type":"Feature","id":50665437,"geometry":{"type":"Point","coordinates":[-3.686034940733768,40.420702450440103]},"properties":{"ESA_ESPECIE":"SJA","NOMBRE_COMUN":"Acacia del Japón/Sophora japonica","NOMBRE_ESPECIE":"Styphnolobium japonicum","ALTURA":"8","MINTDISTRITO":"04","NOMBRE_DISTRITO":"SALAMANCA","MINTBARRIO":"041","NOMBRE_BARRIO":"RECOLETOS","OBJECTID":50665437}},{"type":"Feature","id":50692828,"geometry":{"type":"Point","coordinates":[-3.6783564194398375,40.419492978710714]},"properties":{"ESA_ESPECIE":"LJA","NOMBRE_COMUN":"Aligustre del Japón","NOMBRE_ESPECIE":"Ligustrum japonicum","ALTURA":"9","MINTDISTRITO":"03","NOMBRE_DISTRITO":"RETIRO","MINTBARRIO":"034","NOMBRE_BARRIO":"IBIZA","OBJECTID":50692828}},{"type":"Feature","id":51004492,"geometry":{"type":"Point","coordinates":[-3.679100825312136,40.404567357395763]},"properties":{"ESA_ESPECIE":"SJA","NOMBRE_COMUN":"Acacia del Japón/Sophora japonica","NOMBRE_ESPECIE":"Styphnolobium japonicum","ALTURA":"5","MINTDISTRITO":"03","NOMBRE_DISTRITO":"RETIRO","MINTBARRIO":"031","NOMBRE_BARRIO":"PACIFICO","OBJECTID":51004492}},{"type":"Feature","id":50705231,"geometry":{"type":"Point","coordinates":[-3.6914698075747521,40.417028005265358]},"properties":{"ESA_ESPECIE":"SJA","NOMBRE_COMUN":"Acacia del Japón/Sophora japonica","NOMBRE_ESPECIE":"Styphnolobium japonicum","ALTURA":"6,5","MINTDISTRITO":"03","NOMBRE_DISTRITO":"RETIRO","MINTBARRIO":"035","NOMBRE_BARRIO":"LOS JERONIMOS","OBJECTID":50705231}},{"type":"Feature","id":51412795,"geometry":{"type":"Point","coordinates":[-3.693229660478484,40.414897025301833]},"properties":{"ESA_ESPECIE":"PDA","NOMBRE_COMUN":"Plátano de sombra/Platanus x hybrida","NOMBRE_ESPECIE":"Platanus x hispanica","ALTURA":"16","MINTDISTRITO":"03","NOMBRE_DISTRITO":"RETIRO","MINTBARRIO":"035","NOMBRE_BARRIO":"LOS JERONIMOS","OBJECTID":51412795}},{"type":"Feature","id":50699314,"geometry":{"type":"Point","coordinates":[-3.6904607132513334,40.414415538104372]},"properties":{"ESA_ESPECIE":"SJA","NOMBRE_COMUN":"Acacia del Japón/Sophora japonica","NOMBRE_ESPECIE":"Styphnolobium japonicum","ALTURA":"6","MINTDISTRITO":"03","NOMBRE_DISTRITO":"RETIRO","MINTBARRIO":"035","NOMBRE_BARRIO":"LOS JERONIMOS","OBJECTID":50699314}},{"type":"Feature","id":51093305,"geometry":{"type":"Point","coordinates":[-3.6899881741575209,40.416428566176606]},"properties":{"ESA_ESPECIE":"PDA","NOMBRE_COMUN":"Plátano de sombra/Platanus x hybrida","NOMBRE_ESPECIE":"Platanus x hispanica","ALTURA":"5","MINTDISTRITO":"03","NOMBRE_DISTRITO":"RETIRO","MINTBARRIO":"035","NOMBRE_BARRIO":"LOS JERONIMOS","OBJECTID":51093305}},{"type":"Feature","id":50709061,"geometry":{"type":"Point","coordinates":[-3.6925140242939447,40.415854795568833]},"properties":{"ESA_ESPECIE":"PDA","NOMBRE_COMUN":"Plátano de sombra/Platanus x hybrida","NOMBRE_ESPECIE":"Platanus x hispanica","ALTURA":"12","MINTDISTRITO":"03","NOMBRE_DISTRITO":"RETIRO","MINTBARRIO":"035","NOMBRE_BARRIO":"LOS JERONIMOS","OBJECTID":50709061}},{"type":"Feature","id":51073989,"geometry":{"type":"Point","coordinates":[-3.6929886575423501,40.411693752380316]},"properties":{"ESA_ESPECIE":"PDA","NOMBRE_COMUN":"Plátano de sombra/Platanus x hybrida","NOMBRE_ESPECIE":"Platanus x hispanica","ALTURA":"6","MINTDISTRITO":"01","NOMBRE_DISTRITO":"CENTRO","MINTBARRIO":"013","NOMBRE_BARRIO":"CORTES","OBJECTID":51073989}},{"type":"Feature","id":51227331,"geometry":{"type":"Point","coordinates":[-3.6937257024068115,40.416766616490492]},"properties":{"ESA_ESPECIE":"MGR","NOMBRE_COMUN":"Magnolio","NOMBRE_ESPECIE":"Magnolia grandiflora","ALTURA":"10","MINTDISTRITO":"01","NOMBRE_DISTRITO":"CENTRO","MINTBARRIO":"013","NOMBRE_BARRIO":"CORTES","OBJECTID":51227331}},{"type":"Feature","id":51228659,"geometry":{"type":"Point","coordinates":[-3.6934466023887595,40.413299708109172]},"properties":{"ESA_ESPECIE":"PDA","NOMBRE_COMUN":"Plátano de sombra/Platanus x hybrida","NOMBRE_ESPECIE":"Platanus x hispanica","ALTURA":"20","MINTDISTRITO":"01","NOMBRE_DISTRITO":"CENTRO","MINTBARRIO":"013","NOMBRE_BARRIO":"CORTES","OBJECTID":51228659}},{"type":"Feature","id":51066163,"geometry":{"type":"Point","coordinates":[-3.6798056485436423,40.405082318099879]},"properties":{"ESA_ESPECIE":"SJA","NOMBRE_COMUN":"Acacia del Japón/Sophora japonica","NOMBRE_ESPECIE":"Styphnolobium japonicum","ALTURA":"4,5","MINTDISTRITO":"03","NOMBRE_DISTRITO":"RETIRO","MINTBARRIO":"031","NOMBRE_BARRIO":"PACIFICO","OBJECTID":51066163}},{"type":"Feature","id":51356934,"geometry":{"type":"Point","coordinates":[-3.6922795109377633,40.416853843809456]},"properties":{"ESA_ESPECIE":"PDA","NOMBRE_COMUN":"Plátano de sombra/Platanus x hybrida","NOMBRE_ESPECIE":"Platanus x hispanica","ALTURA":"6,5","MINTDISTRITO":"03","NOMBRE_DISTRITO":"RETIRO","MINTBARRIO":"035","NOMBRE_BARRIO":"LOS JERONIMOS","OBJECTID":51356934}},{"type":"Feature","id":51215592,"geometry":{"type":"Point","coordinates":[-3.692398057434962,40.416929053153815]},"properties":{"ESA_ESPECIE":"PDA","NOMBRE_COMUN":"Plátano de sombra/Platanus x hybrida","NOMBRE_ESPECIE":"Platanus x hispanica","ALTURA":"7","MINTDISTRITO":"03","NOMBRE_DISTRITO":"RETIRO","MINTBARRIO":"035","NOMBRE_BARRIO":"LOS JERONIMOS","OBJECTID":51215592}},{"type":"Feature","id":51180375,"geometry":{"type":"Point","coordinates":[-3.692045504628791,40.41822052945794]},"properties":{"ESA_ESPECIE":"AJU","NOMBRE_COMUN":"Acacia de Constantinopla","NOMBRE_ESPECIE":"Albizia julibrissin","ALTURA":"3,5","MINTDISTRITO":"03","NOMBRE_DISTRITO":"RETIRO","MINTBARRIO":"035","NOMBRE_BARRIO":"LOS JERONIMOS","OBJECTID":51180375}},{"type":"Feature","id":51186518,"geometry":{"type":"Point","coordinates":[-3.695564059224659,40.408853939779803]},"properties":{"ESA_ESPECIE":"LJV","NOMBRE_COMUN":"Aligustre variegado","NOMBRE_ESPECIE":"Ligustrum japonicum 'Variegatum'","ALTURA":"8","MINTDISTRITO":"01","NOMBRE_DISTRITO":"CENTRO","MINTBARRIO":"012","NOMBRE_BARRIO":"EMBAJADORES","OBJECTID":51186518}},{"type":"Feature","id":51349168,"geometry":{"type":"Point","coordinates":[-3.6958201285776631,40.404953169683651]},"properties":{"ESA_ESPECIE":"PDA","NOMBRE_COMUN":"Plátano de sombra/Platanus x hybrida","NOMBRE_ESPECIE":"Platanus x hispanica","ALTURA":"17","MINTDISTRITO":"02","NOMBRE_DISTRITO":"ARGANZUELA","MINTBARRIO":"026","NOMBRE_BARRIO":"PALOS DE LA FRONTERA","OBJECTID":51349168}},{"type":"Feature","id":51309220,"geometry":{"type":"Point","coordinates":[-3.692011972533515,40.404807554777861]},"properties":{"ESA_ESPECIE":"AII","NOMBRE_COMUN":"Arce de Freeman","NOMBRE_ESPECIE":"Acer x freemanii","ALTURA":"4,5","MINTDISTRITO":"02","NOMBRE_DISTRITO":"ARGANZUELA","MINTBARRIO":"026","NOMBRE_BARRIO":"PALOS DE LA FRONTERA","OBJECTID":51309220}},{"type":"Feature","id":51350342,"geometry":{"type":"Point","coordinates":[-3.6952239491892933,40.405258523504699]},"properties":{"ESA_ESPECIE":"PDA","NOMBRE_COMUN":"Plátano de sombra/Platanus x hybrida","NOMBRE_ESPECIE":"Platanus x hispanica","ALTURA":"16","MINTDISTRITO":"02","NOMBRE_DISTRITO":"ARGANZUELA","MINTBARRIO":"026","NOMBRE_BARRIO":"PALOS DE LA FRONTERA","OBJECTID":51350342}},{"type":"Feature","id":51346807,"geometry":{"type":"Point","coordinates":[-3.6901386940838132,40.409541400308093]},"properties":{"ESA_ESPECIE":"RPS","NOMBRE_COMUN":"Falsa acacia","NOMBRE_ESPECIE":"Robinia pseudoacacia","ALTURA":"7","MINTDISTRITO":"03","NOMBRE_DISTRITO":"RETIRO","MINTBARRIO":"035","NOMBRE_BARRIO":"LOS JERONIMOS","OBJECTID":51346807}},{"type":"Feature","id":50984867,"geometry":{"type":"Point","coordinates":[-3.6931703794161508,40.409434741539677]},"properties":{"ESA_ESPECIE":"PDA","NOMBRE_COMUN":"Plátano de sombra/Platanus x hybrida","NOMBRE_ESPECIE":"Platanus x hispanica","ALTURA":"15","MINTDISTRITO":"01","NOMBRE_DISTRITO":"CENTRO","MINTBARRIO":"012","NOMBRE_BARRIO":"EMBAJADORES","OBJECTID":50984867}},{"type":"Feature","id":51020370,"geometry":{"type":"Point","coordinates":[-3.6859784986307145,40.40571018888739]},"properties":{"ESA_ESPECIE":"PDA","NOMBRE_COMUN":"Plátano de sombra/Platanus x hybrida","NOMBRE_ESPECIE":"Platanus x hispanica","ALTURA":"6","MINTDISTRITO":"03","NOMBRE_DISTRITO":"RETIRO","MINTBARRIO":"031","NOMBRE_BARRIO":"PACIFICO","OBJECTID":51020370}},{"type":"Feature","id":50591328,"geometry":{"type":"Point","coordinates":[-3.6829097216414639,40.408512065376122]},"properties":{"ESA_ESPECIE":"PPI","NOMBRE_COMUN":"Pino piñonero","NOMBRE_ESPECIE":"Pinus pinea","ALTURA":"7,5","MINTDISTRITO":"03","NOMBRE_DISTRITO":"RETIRO","MINTBARRIO":"035","NOMBRE_BARRIO":"LOS JERONIMOS","OBJECTID":50591328}},{"type":"Feature","id":51335483,"geometry":{"type":"Point","coordinates":[-3.6910664041603258,40.403952844396642]},"properties":{"ESA_ESPECIE":"APL","NOMBRE_COMUN":"Arce real","NOMBRE_ESPECIE":"Acer platanoides","ALTURA":"5,5","MINTDISTRITO":"02","NOMBRE_DISTRITO":"ARGANZUELA","MINTBARRIO":"026","NOMBRE_BARRIO":"PALOS DE LA FRONTERA","OBJECTID":51335483}},{"type":"Feature","id":51171862,"geometry":{"type":"Point","coordinates":[-3.6892416034543909,40.417918592939216]},"properties":{"ESA_ESPECIE":"SJA","NOMBRE_COMUN":"Acacia del Japón/Sophora japonica","NOMBRE_ESPECIE":"Styphnolobium japonicum","ALTURA":"6","MINTDISTRITO":"03","NOMBRE_DISTRITO":"RETIRO","MINTBARRIO":"035","NOMBRE_BARRIO":"LOS JERONIMOS","OBJECTID":51171862}},{"type":"Feature","id":51388415,"geometry":{"type":"Point","coordinates":[-3.6918214216038452,40.419717957232834]},"properties":{"ESA_ESPECIE":"SJA","NOMBRE_COMUN":"Acacia del Japón/Sophora japonica","NOMBRE_ESPECIE":"Styphnolobium japonicum","ALTURA":"10,5","MINTDISTRITO":"04","NOMBRE_DISTRITO":"SALAMANCA","MINTBARRIO":"041","NOMBRE_BARRIO":"RECOLETOS","OBJECTID":51388415}},{"type":"Feature","id":51073978,"geometry":{"type":"Point","coordinates":[-3.6927760431870431,40.411000212231237]},"properties":{"ESA_ESPECIE":"PDA","NOMBRE_COMUN":"Plátano de sombra/Platanus x hybrida","NOMBRE_ESPECIE":"Platanus x hispanica","ALTURA":"6","MINTDISTRITO":"01","NOMBRE_DISTRITO":"CENTRO","MINTBARRIO":"013","NOMBRE_BARRIO":"CORTES","OBJECTID":51073978}},{"type":"Feature","id":51412889,"geometry":{"type":"Point","coordinates":[-3.6928818700640167,40.41303879528607]},"properties":{"ESA_ESPECIE":"PDA","NOMBRE_COMUN":"Plátano de sombra/Platanus x hybrida","NOMBRE_ESPECIE":"Platanus x hispanica","ALTURA":"8","MINTDISTRITO":"03","NOMBRE_DISTRITO":"RETIRO","MINTBARRIO":"035","NOMBRE_BARRIO":"LOS JERONIMOS","OBJECTID":51412889}},{"type":"Feature","id":50696171,"geometry":{"type":"Point","coordinates":[-3.6790205139780094,40.419395836686974]},"properties":{"ESA_ESPECIE":"PDA","NOMBRE_COMUN":"Plátano de sombra/Platanus x hybrida","NOMBRE_ESPECIE":"Platanus x hispanica","ALTURA":"10,5","MINTDISTRITO":"03","NOMBRE_DISTRITO":"RETIRO","MINTBARRIO":"034","NOMBRE_BARRIO":"IBIZA","OBJECTID":50696171}},{"type":"Feature","id":51216316,"geometry":{"type":"Point","coordinates":[-3.6849002482162745,40.406590108878554]},"properties":{"ESA_ESPECIE":"PDA","NOMBRE_COMUN":"Plátano de sombra/Platanus x hybrida","NOMBRE_ESPECIE":"Platanus x hispanica","ALTURA":"13","MINTDISTRITO":"03","NOMBRE_DISTRITO":"RETIRO","MINTBARRIO":"035","NOMBRE_BARRIO":"LOS JERONIMOS","OBJECTID":51216316}},{"type":"Feature","id":50564161,"geometry":{"type":"Point","coordinates":[-3.6958106064162837,40.420312111710551]},"properties":{"ESA_ESPECIE":"PYC","NOMBRE_COMUN":"Peral","NOMBRE_ESPECIE":"Pyrus communis","ALTURA":"6","MINTDISTRITO":"01","NOMBRE_DISTRITO":"CENTRO","MINTBARRIO":"014","NOMBRE_BARRIO":"JUSTICIA","OBJECTID":50564161}},{"type":"Feature","id":50574643,"geometry":{"type":"Point","coordinates":[-3.6898195224492025,40.419992992013377]},"properties":{"ESA_ESPECIE":"SJA","NOMBRE_COMUN":"Acacia del Japón/Sophora japonica","NOMBRE_ESPECIE":"Styphnolobium japonicum","ALTURA":"13","MINTDISTRITO":"04","NOMBRE_DISTRITO":"SALAMANCA","MINTBARRIO":"041","NOMBRE_BARRIO":"RECOLETOS","OBJECTID":50574643}},{"type":"Feature","id":51227425,"geometry":{"type":"Point","coordinates":[-3.6942262249596385,40.415843554309497]},"properties":{"ESA_ESPECIE":"SJA","NOMBRE_COMUN":"Acacia del Japón/Sophora japonica","NOMBRE_ESPECIE":"Styphnolobium japonicum","ALTURA":"9","MINTDISTRITO":"01","NOMBRE_DISTRITO":"CENTRO","MINTBARRIO":"013","NOMBRE_BARRIO":"CORTES","OBJECTID":51227425}},{"type":"Feature","id":51228765,"geometry":{"type":"Point","coordinates":[-3.6936019164856035,40.41454106140943]},"properties":{"ESA_ESPECIE":"PDA","NOMBRE_COMUN":"Plátano de sombra/Platanus x hybrida","NOMBRE_ESPECIE":"Platanus x hispanica","ALTURA":"18","MINTDISTRITO":"01","NOMBRE_DISTRITO":"CENTRO","MINTBARRIO":"013","NOMBRE_BARRIO":"CORTES","OBJECTID":51228765}},{"type":"Feature","id":50643110,"geometry":{"type":"Point","coordinates":[-3.6811740081068405,40.406724725730854]},"properties":{"ESA_ESPECIE":"TIC","NOMBRE_COMUN":"Tilo de hoja pequeña","NOMBRE_ESPECIE":"Tilia cordata","ALTURA":"3","MINTDISTRITO":"03","NOMBRE_DISTRITO":"RETIRO","MINTBARRIO":"031","NOMBRE_BARRIO":"PACIFICO","OBJECTID":50643110}},{"type":"Feature","id":50703548,"geometry":{"type":"Point","coordinates":[-3.6912228514130971,40.417271537020312]},"properties":{"ESA_ESPECIE":"SJA","NOMBRE_COMUN":"Acacia del Japón/Sophora japonica","NOMBRE_ESPECIE":"Styphnolobium japonicum","ALTURA":"10","MINTDISTRITO":"03","NOMBRE_DISTRITO":"RETIRO","MINTBARRIO":"035","NOMBRE_BARRIO":"LOS JERONIMOS","OBJECTID":50703548}},{"type":"Feature","id":51335494,"geometry":{"type":"Point","coordinates":[-3.6929664185906024,40.404053779778572]},"properties":{"ESA_ESPECIE":"APL","NOMBRE_COMUN":"Arce real","NOMBRE_ESPECIE":"Acer platanoides","ALTURA":"6","MINTDISTRITO":"02","NOMBRE_DISTRITO":"ARGANZUELA","MINTBARRIO":"026","NOMBRE_BARRIO":"PALOS DE LA FRONTERA","OBJECTID":51335494}},{"type":"Feature","id":51172346,"geometry":{"type":"Point","coordinates":[-3.6943370565845508,40.405274186214548]},"properties":{"ESA_ESPECIE":"CAU","NOMBRE_COMUN":"Almez","NOMBRE_ESPECIE":"Celtis australis","ALTURA":"6","MINTDISTRITO":"02","NOMBRE_DISTRITO":"ARGANZUELA","MINTBARRIO":"026","NOMBRE_BARRIO":"PALOS DE LA FRONTERA","OBJECTID":51172346}},{"type":"Feature","id":51323924,"geometry":{"type":"Point","coordinates":[-3.6946376708499433,40.404237067990287]},"properties":{"ESA_ESPECIE":"AII","NOMBRE_COMUN":"Arce de Freeman","NOMBRE_ESPECIE":"Acer x freemanii","ALTURA":"4,5","MINTDISTRITO":"02","NOMBRE_DISTRITO":"ARGANZUELA","MINTBARRIO":"026","NOMBRE_BARRIO":"PALOS DE LA FRONTERA","OBJECTID":51323924}},{"type":"Feature","id":51331510,"geometry":{"type":"Point","coordinates":[-3.6943495190243625,40.404223086953358]},"properties":{"ESA_ESPECIE":"CAU","NOMBRE_COMUN":"Almez","NOMBRE_ESPECIE":"Celtis australis","ALTURA":"4","MINTDISTRITO":"02","NOMBRE_DISTRITO":"ARGANZUELA","MINTBARRIO":"026","NOMBRE_BARRIO":"PALOS DE LA FRONTERA","OBJECTID":51331510}},{"type":"Feature","id":51336327,"geometry":{"type":"Point","coordinates":[-3.6926991501514186,40.407043570411815]},"properties":{"ESA_ESPECIE":"SJA","NOMBRE_COMUN":"Acacia del Japón/Sophora japonica","NOMBRE_ESPECIE":"Styphnolobium japonicum","ALTURA":"9","MINTDISTRITO":"02","NOMBRE_DISTRITO":"ARGANZUELA","MINTBARRIO":"027","NOMBRE_BARRIO":"ATOCHA","OBJECTID":51336327}},{"type":"Feature","id":51346901,"geometry":{"type":"Point","coordinates":[-3.6897207012829325,40.409549381053331]},"properties":{"ESA_ESPECIE":"RPS","NOMBRE_COMUN":"Falsa acacia","NOMBRE_ESPECIE":"Robinia pseudoacacia","ALTURA":"12","MINTDISTRITO":"03","NOMBRE_DISTRITO":"RETIRO","MINTBARRIO":"035","NOMBRE_BARRIO":"LOS JERONIMOS","OBJECTID":51346901}},{"type":"Feature","id":50705609,"geometry":{"type":"Point","coordinates":[-3.6775422314854151,40.407262103962573]},"properties":{"ESA_ESPECIE":"PDA","NOMBRE_COMUN":"Plátano de sombra/Platanus x hybrida","NOMBRE_ESPECIE":"Platanus x hispanica","ALTURA":"13","MINTDISTRITO":"03","NOMBRE_DISTRITO":"RETIRO","MINTBARRIO":"031","NOMBRE_BARRIO":"PACIFICO","OBJECTID":50705609}},{"type":"Feature","id":51034585,"geometry":{"type":"Point","coordinates":[-3.6775857576273014,40.409073292331328]},"properties":{"ESA_ESPECIE":"PDA","NOMBRE_COMUN":"Plátano de sombra/Platanus x hybrida","NOMBRE_ESPECIE":"Platanus x hispanica","ALTURA":"4,5","MINTDISTRITO":"03","NOMBRE_DISTRITO":"RETIRO","MINTBARRIO":"036","NOMBRE_BARRIO":"NIÑO JESUS","OBJECTID":51034585}},{"type":"Feature","id":50564670,"geometry":{"type":"Point","coordinates":[-3.6858810991311168,40.406200499457206]},"properties":{"ESA_ESPECIE":"PPI","NOMBRE_COMUN":"Pino piñonero","NOMBRE_ESPECIE":"Pinus pinea","ALTURA":"5,5","MINTDISTRITO":"03","NOMBRE_DISTRITO":"RETIRO","MINTBARRIO":"031","NOMBRE_BARRIO":"PACIFICO","OBJECTID":50564670}},{"type":"Feature","id":51216373,"geometry":{"type":"Point","coordinates":[-3.6871440452042816,40.406035297061422]},"properties":{"ESA_ESPECIE":"PDA","NOMBRE_COMUN":"Plátano de sombra/Platanus x hybrida","NOMBRE_ESPECIE":"Platanus x hispanica","ALTURA":"16","MINTDISTRITO":"03","NOMBRE_DISTRITO":"RETIRO","MINTBARRIO":"031","NOMBRE_BARRIO":"PACIFICO","OBJECTID":51216373}},{"type":"Feature","id":51183670,"geometry":{"type":"Point","coordinates":[-3.688274099508023,40.419417443580507]},"properties":{"ESA_ESPECIE":"PDA","NOMBRE_COMUN":"Plátano de sombra/Platanus x hybrida","NOMBRE_ESPECIE":"Platanus x hispanica","ALTURA":"10","MINTDISTRITO":"03","NOMBRE_DISTRITO":"RETIRO","MINTBARRIO":"035","NOMBRE_BARRIO":"LOS JERONIMOS","OBJECTID":51183670}},{"type":"Feature","id":50644083,"geometry":{"type":"Point","coordinates":[-3.6805229853625447,40.407335950424219]},"properties":{"ESA_ESPECIE":"PDA","NOMBRE_COMUN":"Plátano de sombra/Platanus x hybrida","NOMBRE_ESPECIE":"Platanus x hispanica","ALTURA":"16","MINTDISTRITO":"03","NOMBRE_DISTRITO":"RETIRO","MINTBARRIO":"035","NOMBRE_BARRIO":"LOS JERONIMOS","OBJECTID":50644083}},{"type":"Feature","id":50591314,"geometry":{"type":"Point","coordinates":[-3.6827457325557136,40.408628169652182]},"properties":{"ESA_ESPECIE":"PCP","NOMBRE_COMUN":"Ciruelo púrpura","NOMBRE_ESPECIE":"Prunus cerasifera  subsp. pissardii","ALTURA":"5,5","MINTDISTRITO":"03","NOMBRE_DISTRITO":"RETIRO","MINTBARRIO":"035","NOMBRE_BARRIO":"LOS JERONIMOS","OBJECTID":50591314}},{"type":"Feature","id":50696031,"geometry":{"type":"Point","coordinates":[-3.6848115936173245,40.407651081811608]},"properties":{"ESA_ESPECIE":"LJA","NOMBRE_COMUN":"Aligustre del Japón","NOMBRE_ESPECIE":"Ligustrum japonicum","ALTURA":"3,5","MINTDISTRITO":"03","NOMBRE_DISTRITO":"RETIRO","MINTBARRIO":"035","NOMBRE_BARRIO":"LOS JERONIMOS","OBJECTID":50696031}},{"type":"Feature","id":51225115,"geometry":{"type":"Point","coordinates":[-3.6792643565144374,40.420072830479015]},"properties":{"ESA_ESPECIE":"PDA","NOMBRE_COMUN":"Plátano de sombra/Platanus x hybrida","NOMBRE_ESPECIE":"Platanus x hispanica","ALTURA":"4,5","MINTDISTRITO":"03","NOMBRE_DISTRITO":"RETIRO","MINTBARRIO":"034","NOMBRE_BARRIO":"IBIZA","OBJECTID":51225115}},{"type":"Feature","id":51215638,"geometry":{"type":"Point","coordinates":[-3.6787500037227949,40.420447816723886]},"properties":{"ESA_ESPECIE":"LJA","NOMBRE_COMUN":"Aligustre del Japón","NOMBRE_ESPECIE":"Ligustrum japonicum","ALTURA":"6,5","MINTDISTRITO":"03","NOMBRE_DISTRITO":"RETIRO","MINTBARRIO":"034","NOMBRE_BARRIO":"IBIZA","OBJECTID":51215638}},{"type":"Feature","id":51185831,"geometry":{"type":"Point","coordinates":[-3.6880013931154507,40.420356565707444]},"properties":{"ESA_ESPECIE":"PDA","NOMBRE_COMUN":"Plátano de sombra/Platanus x hybrida","NOMBRE_ESPECIE":"Platanus x hispanica","ALTURA":"8,5","MINTDISTRITO":"04","NOMBRE_DISTRITO":"SALAMANCA","MINTBARRIO":"041","NOMBRE_BARRIO":"RECOLETOS","OBJECTID":51185831}},{"type":"Feature","id":50623282,"geometry":{"type":"Point","coordinates":[-3.6884266240667039,40.420497007936497]},"properties":{"ESA_ESPECIE":"PDA","NOMBRE_COMUN":"Plátano de sombra/Platanus x hybrida","NOMBRE_ESPECIE":"Platanus x hispanica","ALTURA":"18","MINTDISTRITO":"04","NOMBRE_DISTRITO":"SALAMANCA","MINTBARRIO":"041","NOMBRE_BARRIO":"RECOLETOS","OBJECTID":50623282}},{"type":"Feature","id":50705526,"geometry":{"type":"Point","coordinates":[-3.6917235141466609,40.415103938930287]},"properties":{"ESA_ESPECIE":"SJA","NOMBRE_COMUN":"Acacia del Japón/Sophora japonica","NOMBRE_ESPECIE":"Styphnolobium japonicum","ALTURA":"7","MINTDISTRITO":"03","NOMBRE_DISTRITO":"RETIRO","MINTBARRIO":"035","NOMBRE_BARRIO":"LOS JERONIMOS","OBJECTID":50705526}},{"type":"Feature","id":51172847,"geometry":{"type":"Point","coordinates":[-3.6921920416620568,40.414981575762056]},"properties":{"ESA_ESPECIE":"AII","NOMBRE_COMUN":"Arce de Freeman","NOMBRE_ESPECIE":"Acer x freemanii","ALTURA":"6","MINTDISTRITO":"03","NOMBRE_DISTRITO":"RETIRO","MINTBARRIO":"035","NOMBRE_BARRIO":"LOS JERONIMOS","OBJECTID":51172847}},{"type":"Feature","id":50563674,"geometry":{"type":"Point","coordinates":[-3.6927673567572055,40.415786863203721]},"properties":{"ESA_ESPECIE":"PDA","NOMBRE_COMUN":"Plátano de sombra/Platanus x hybrida","NOMBRE_ESPECIE":"Platanus x hispanica","ALTURA":"3.5","MINTDISTRITO":"03","NOMBRE_DISTRITO":"RETIRO","MINTBARRIO":"035","NOMBRE_BARRIO":"LOS JERONIMOS","OBJECTID":50563674}},{"type":"Feature","id":51180080,"geometry":{"type":"Point","coordinates":[-3.693052895098393,40.41646263224898]},"properties":{"ESA_ESPECIE":"AHI","NOMBRE_COMUN":"Castaño de indias","NOMBRE_ESPECIE":"Aesculus hippocastanum","ALTURA":"5","MINTDISTRITO":"03","NOMBRE_DISTRITO":"RETIRO","MINTBARRIO":"035","NOMBRE_BARRIO":"LOS JERONIMOS","OBJECTID":51180080}},{"type":"Feature","id":51383283,"geometry":{"type":"Point","coordinates":[-3.6781990985490345,40.419580451569416]},"properties":{"ESA_ESPECIE":"LJA","NOMBRE_COMUN":"Aligustre del Japón","NOMBRE_ESPECIE":"Ligustrum japonicum","ALTURA":"3","MINTDISTRITO":"03","NOMBRE_DISTRITO":"RETIRO","MINTBARRIO":"034","NOMBRE_BARRIO":"IBIZA","OBJECTID":51383283}},{"type":"Feature","id":51029916,"geometry":{"type":"Point","coordinates":[-3.6855397722731476,40.420807676289421]},"properties":{"ESA_ESPECIE":"SJA","NOMBRE_COMUN":"Acacia del Japón/Sophora japonica","NOMBRE_ESPECIE":"Styphnolobium japonicum","ALTURA":"4,5","MINTDISTRITO":"04","NOMBRE_DISTRITO":"SALAMANCA","MINTBARRIO":"041","NOMBRE_BARRIO":"RECOLETOS","OBJECTID":51029916}},{"type":"Feature","id":51228705,"geometry":{"type":"Point","coordinates":[-3.6938805686013807,40.414009224877738]},"properties":{"ESA_ESPECIE":"PDA","NOMBRE_COMUN":"Plátano de sombra/Platanus x hybrida","NOMBRE_ESPECIE":"Platanus x hispanica","ALTURA":"18","MINTDISTRITO":"01","NOMBRE_DISTRITO":"CENTRO","MINTBARRIO":"013","NOMBRE_BARRIO":"CORTES","OBJECTID":51228705}},{"type":"Feature","id":50695284,"geometry":{"type":"Point","coordinates":[-3.6807183514952797,40.404357754405709]},"properties":{"ESA_ESPECIE":"PDA","NOMBRE_COMUN":"Plátano de sombra/Platanus x hybrida","NOMBRE_ESPECIE":"Platanus x hispanica","ALTURA":"15","MINTDISTRITO":"03","NOMBRE_DISTRITO":"RETIRO","MINTBARRIO":"031","NOMBRE_BARRIO":"PACIFICO","OBJECTID":50695284}},{"type":"Feature","id":50693870,"geometry":{"type":"Point","coordinates":[-3.6926471354558323,40.417256166150246]},"properties":{"ESA_ESPECIE":"SJA","NOMBRE_COMUN":"Acacia del Japón/Sophora japonica","NOMBRE_ESPECIE":"Styphnolobium japonicum","ALTURA":"7","MINTDISTRITO":"03","NOMBRE_DISTRITO":"RETIRO","MINTBARRIO":"035","NOMBRE_BARRIO":"LOS JERONIMOS","OBJECTID":50693870}},{"type":"Feature","id":50562847,"geometry":{"type":"Point","coordinates":[-3.6924775833790418,40.418061365154855]},"properties":{"ESA_ESPECIE":"SJA","NOMBRE_COMUN":"Acacia del Japón/Sophora japonica","NOMBRE_ESPECIE":"Styphnolobium japonicum","ALTURA":"13","MINTDISTRITO":"03","NOMBRE_DISTRITO":"RETIRO","MINTBARRIO":"035","NOMBRE_BARRIO":"LOS JERONIMOS","OBJECTID":50562847}},{"type":"Feature","id":51171851,"geometry":{"type":"Point","coordinates":[-3.689963147135765,40.416722464519864]},"properties":{"ESA_ESPECIE":"PDA","NOMBRE_COMUN":"Plátano de sombra/Platanus x hybrida","NOMBRE_ESPECIE":"Platanus x hispanica","ALTURA":"11,5","MINTDISTRITO":"03","NOMBRE_DISTRITO":"RETIRO","MINTBARRIO":"035","NOMBRE_BARRIO":"LOS JERONIMOS","OBJECTID":51171851}},{"type":"Feature","id":50705265,"geometry":{"type":"Point","coordinates":[-3.6891155187533684,40.417039701280721]},"properties":{"ESA_ESPECIE":"PDA","NOMBRE_COMUN":"Plátano de sombra/Platanus x hybrida","NOMBRE_ESPECIE":"Platanus x hispanica","ALTURA":"9","MINTDISTRITO":"03","NOMBRE_DISTRITO":"RETIRO","MINTBARRIO":"035","NOMBRE_BARRIO":"LOS JERONIMOS","OBJECTID":50705265}},{"type":"Feature","id":51350296,"geometry":{"type":"Point","coordinates":[-3.694672000098608,40.40586140307353]},"properties":{"ESA_ESPECIE":"PDA","NOMBRE_COMUN":"Plátano de sombra/Platanus x hybrida","NOMBRE_ESPECIE":"Platanus x hispanica","ALTURA":"15","MINTDISTRITO":"02","NOMBRE_DISTRITO":"ARGANZUELA","MINTBARRIO":"026","NOMBRE_BARRIO":"PALOS DE LA FRONTERA","OBJECTID":51350296}},{"type":"Feature","id":50564029,"geometry":{"type":"Point","coordinates":[-3.6898564736088177,40.407963233399116]},"properties":{"ESA_ESPECIE":"UPU","NOMBRE_COMUN":"Olmo de Siberia","NOMBRE_ESPECIE":"Ulmus pumila","ALTURA":"18","MINTDISTRITO":"03","NOMBRE_DISTRITO":"RETIRO","MINTBARRIO":"035","NOMBRE_BARRIO":"LOS JERONIMOS","OBJECTID":50564029}},{"type":"Feature","id":51185685,"geometry":{"type":"Point","coordinates":[-3.6920362100246442,40.420206547393342]},"properties":{"ESA_ESPECIE":"PHC","NOMBRE_COMUN":"Palmera canaria","NOMBRE_ESPECIE":"Phoenix canariensis","ALTURA":"5,5","MINTDISTRITO":"04","NOMBRE_DISTRITO":"SALAMANCA","MINTBARRIO":"041","NOMBRE_BARRIO":"RECOLETOS","OBJECTID":51185685}},{"type":"Feature","id":51228719,"geometry":{"type":"Point","coordinates":[-3.6936724621222319,40.41417178067254]},"properties":{"ESA_ESPECIE":"PDA","NOMBRE_COMUN":"Plátano de sombra/Platanus x hybrida","NOMBRE_ESPECIE":"Platanus x hispanica","ALTURA":"20","MINTDISTRITO":"01","NOMBRE_DISTRITO":"CENTRO","MINTBARRIO":"013","NOMBRE_BARRIO":"CORTES","OBJECTID":51228719}},{"type":"Feature","id":51178111,"geometry":{"type":"Point","coordinates":[-3.6862805739483759,40.406072326497977]},"properties":{"ESA_ESPECIE":"CDE","NOMBRE_COMUN":"Cedro llorón","NOMBRE_ESPECIE":"Cedrus deodara","ALTURA":"15","MINTDISTRITO":"03","NOMBRE_DISTRITO":"RETIRO","MINTBARRIO":"031","NOMBRE_BARRIO":"PACIFICO","OBJECTID":51178111}},{"type":"Feature","id":50696672,"geometry":{"type":"Point","coordinates":[-3.680144128531492,40.407049709404411]},"properties":{"ESA_ESPECIE":"SJA","NOMBRE_COMUN":"Acacia del Japón/Sophora japonica","NOMBRE_ESPECIE":"Styphnolobium japonicum","ALTURA":"6","MINTDISTRITO":"03","NOMBRE_DISTRITO":"RETIRO","MINTBARRIO":"031","NOMBRE_BARRIO":"PACIFICO","OBJECTID":50696672}},{"type":"Feature","id":51354624,"geometry":{"type":"Point","coordinates":[-3.683091600022157,40.408507810787327]},"properties":{"ESA_ESPECIE":"RTY","NOMBRE_COMUN":"Zumaque de Virginia","NOMBRE_ESPECIE":"Rhus typhina","ALTURA":"3","MINTDISTRITO":"03","NOMBRE_DISTRITO":"RETIRO","MINTBARRIO":"035","NOMBRE_BARRIO":"LOS JERONIMOS","OBJECTID":51354624}},{"type":"Feature","id":50590673,"geometry":{"type":"Point","coordinates":[-3.6839519041316668,40.408609869695567]},"properties":{"ESA_ESPECIE":"PCP","NOMBRE_COMUN":"Ciruelo púrpura","NOMBRE_ESPECIE":"Prunus cerasifera  subsp. pissardii","ALTURA":"7","MINTDISTRITO":"03","NOMBRE_DISTRITO":"RETIRO","MINTBARRIO":"035","NOMBRE_BARRIO":"LOS JERONIMOS","OBJECTID":50590673}},{"type":"Feature","id":51033554,"geometry":{"type":"Point","coordinates":[-3.6839477232792626,40.407959377113322]},"properties":{"ESA_ESPECIE":"CAU","NOMBRE_COMUN":"Almez","NOMBRE_ESPECIE":"Celtis australis","ALTURA":"4,5","MINTDISTRITO":"03","NOMBRE_DISTRITO":"RETIRO","MINTBARRIO":"035","NOMBRE_BARRIO":"LOS JERONIMOS","OBJECTID":51033554}},{"type":"Feature","id":50661347,"geometry":{"type":"Point","coordinates":[-3.6859197594631228,40.420917909404338]},"properties":{"ESA_ESPECIE":"SJA","NOMBRE_COMUN":"Acacia del Japón/Sophora japonica","NOMBRE_ESPECIE":"Styphnolobium japonicum","ALTURA":"14","MINTDISTRITO":"04","NOMBRE_DISTRITO":"SALAMANCA","MINTBARRIO":"041","NOMBRE_BARRIO":"RECOLETOS","OBJECTID":50661347}},{"type":"Feature","id":51216325,"geometry":{"type":"Point","coordinates":[-3.6775417157834016,40.420592454132297]},"properties":{"ESA_ESPECIE":"LJA","NOMBRE_COMUN":"Aligustre del Japón","NOMBRE_ESPECIE":"Ligustrum japonicum","ALTURA":"5,5","MINTDISTRITO":"03","NOMBRE_DISTRITO":"RETIRO","MINTBARRIO":"034","NOMBRE_BARRIO":"IBIZA","OBJECTID":51216325}},{"type":"Feature","id":51073600,"geometry":{"type":"Point","coordinates":[-3.6789745534693572,40.407686064794696]},"properties":{"ESA_ESPECIE":"PDA","NOMBRE_COMUN":"Plátano de sombra/Platanus x hybrida","NOMBRE_ESPECIE":"Platanus x hispanica","ALTURA":"6,5","MINTDISTRITO":"03","NOMBRE_DISTRITO":"RETIRO","MINTBARRIO":"035","NOMBRE_BARRIO":"LOS JERONIMOS","OBJECTID":51073600}},{"type":"Feature","id":50701590,"geometry":{"type":"Point","coordinates":[-3.6788618071586145,40.404589842202128]},"properties":{"ESA_ESPECIE":"SJA","NOMBRE_COMUN":"Acacia del Japón/Sophora japonica","NOMBRE_ESPECIE":"Styphnolobium japonicum","ALTURA":"9","MINTDISTRITO":"03","NOMBRE_DISTRITO":"RETIRO","MINTBARRIO":"031","NOMBRE_BARRIO":"PACIFICO","OBJECTID":50701590}},{"type":"Feature","id":51216362,"geometry":{"type":"Point","coordinates":[-3.6830804355969988,40.406055979047636]},"properties":{"ESA_ESPECIE":"SJA","NOMBRE_COMUN":"Acacia del Japón/Sophora japonica","NOMBRE_ESPECIE":"Styphnolobium japonicum","ALTURA":"5","MINTDISTRITO":"03","NOMBRE_DISTRITO":"RETIRO","MINTBARRIO":"031","NOMBRE_BARRIO":"PACIFICO","OBJECTID":51216362}},{"type":"Feature","id":51390121,"geometry":{"type":"Point","coordinates":[-3.6919588646499304,40.41512523342486]},"properties":{"ESA_ESPECIE":"SJA","NOMBRE_COMUN":"Acacia del Japón/Sophora japonica","NOMBRE_ESPECIE":"Styphnolobium japonicum","ALTURA":"5","MINTDISTRITO":"03","NOMBRE_DISTRITO":"RETIRO","MINTBARRIO":"035","NOMBRE_BARRIO":"LOS JERONIMOS","OBJECTID":51390121}},{"type":"Feature","id":51182488,"geometry":{"type":"Point","coordinates":[-3.6915557449543175,40.415382763588291]},"properties":{"ESA_ESPECIE":"SJA","NOMBRE_COMUN":"Acacia del Japón/Sophora japonica","NOMBRE_ESPECIE":"Styphnolobium japonicum","ALTURA":"13","MINTDISTRITO":"03","NOMBRE_DISTRITO":"RETIRO","MINTBARRIO":"035","NOMBRE_BARRIO":"LOS JERONIMOS","OBJECTID":51182488}},{"type":"Feature","id":50687610,"geometry":{"type":"Point","coordinates":[-3.6908646382228123,40.412626954615611]},"properties":{"ESA_ESPECIE":"SJA","NOMBRE_COMUN":"Acacia del Japón/Sophora japonica","NOMBRE_ESPECIE":"Styphnolobium japonicum","ALTURA":"9,5","MINTDISTRITO":"03","NOMBRE_DISTRITO":"RETIRO","MINTBARRIO":"035","NOMBRE_BARRIO":"LOS JERONIMOS","OBJECTID":50687610}},{"type":"Feature","id":50659921,"geometry":{"type":"Point","coordinates":[-3.6782499761312679,40.41841053558381]},"properties":{"ESA_ESPECIE":"RPS","NOMBRE_COMUN":"Falsa acacia","NOMBRE_ESPECIE":"Robinia pseudoacacia","ALTURA":"7","MINTDISTRITO":"03","NOMBRE_DISTRITO":"RETIRO","MINTBARRIO":"034","NOMBRE_BARRIO":"IBIZA","OBJECTID":50659921}},{"type":"Feature","id":50892464,"geometry":{"type":"Point","coordinates":[-3.6776187241114147,40.419767720217926]},"properties":{"ESA_ESPECIE":"LJA","NOMBRE_COMUN":"Aligustre del Japón","NOMBRE_ESPECIE":"Ligustrum japonicum","ALTURA":"4,5","MINTDISTRITO":"03","NOMBRE_DISTRITO":"RETIRO","MINTBARRIO":"034","NOMBRE_BARRIO":"IBIZA","OBJECTID":50892464}},{"type":"Feature","id":50707332,"geometry":{"type":"Point","coordinates":[-3.679586389585551,40.406532895584284]},"properties":{"ESA_ESPECIE":"PDA","NOMBRE_COMUN":"Plátano de sombra/Platanus x hybrida","NOMBRE_ESPECIE":"Platanus x hispanica","ALTURA":"13","MINTDISTRITO":"03","NOMBRE_DISTRITO":"RETIRO","MINTBARRIO":"031","NOMBRE_BARRIO":"PACIFICO","OBJECTID":50707332}},{"type":"Feature","id":50562787,"geometry":{"type":"Point","coordinates":[-3.6918851783167383,40.418215110616202]},"properties":{"ESA_ESPECIE":"AJU","NOMBRE_COMUN":"Acacia de Constantinopla","NOMBRE_ESPECIE":"Albizia julibrissin","ALTURA":"4","MINTDISTRITO":"03","NOMBRE_DISTRITO":"RETIRO","MINTBARRIO":"035","NOMBRE_BARRIO":"LOS JERONIMOS","OBJECTID":50562787}},{"type":"Feature","id":51030898,"geometry":{"type":"Point","coordinates":[-3.6918137815187406,40.417266741309945]},"properties":{"ESA_ESPECIE":"SJA","NOMBRE_COMUN":"Acacia del Japón/Sophora japonica","NOMBRE_ESPECIE":"Styphnolobium japonicum","ALTURA":"4","MINTDISTRITO":"03","NOMBRE_DISTRITO":"RETIRO","MINTBARRIO":"035","NOMBRE_BARRIO":"LOS JERONIMOS","OBJECTID":51030898}},{"type":"Feature","id":51182820,"geometry":{"type":"Point","coordinates":[-3.6893779067039016,40.418135348725677]},"properties":{"ESA_ESPECIE":"SJA","NOMBRE_COMUN":"Acacia del Japón/Sophora japonica","NOMBRE_ESPECIE":"Styphnolobium japonicum","ALTURA":"5,5","MINTDISTRITO":"03","NOMBRE_DISTRITO":"RETIRO","MINTBARRIO":"035","NOMBRE_BARRIO":"LOS JERONIMOS","OBJECTID":51182820}},{"type":"Feature","id":51412806,"geometry":{"type":"Point","coordinates":[-3.6929856156327228,40.413545698409344]},"properties":{"ESA_ESPECIE":"PDA","NOMBRE_COMUN":"Plátano de sombra/Platanus x hybrida","NOMBRE_ESPECIE":"Platanus x hispanica","ALTURA":"18","MINTDISTRITO":"03","NOMBRE_DISTRITO":"RETIRO","MINTBARRIO":"035","NOMBRE_BARRIO":"LOS JERONIMOS","OBJECTID":51412806}},{"type":"Feature","id":50696217,"geometry":{"type":"Point","coordinates":[-3.691680627968716,40.415130952379009]},"properties":{"ESA_ESPECIE":"SJA","NOMBRE_COMUN":"Acacia del Japón/Sophora japonica","NOMBRE_ESPECIE":"Styphnolobium japonicum","ALTURA":"6,5","MINTDISTRITO":"03","NOMBRE_DISTRITO":"RETIRO","MINTBARRIO":"035","NOMBRE_BARRIO":"LOS JERONIMOS","OBJECTID":50696217}},{"type":"Feature","id":51014479,"geometry":{"type":"Point","coordinates":[-3.6956991607790015,40.407170649244101]},"properties":{"ESA_ESPECIE":"UPU","NOMBRE_COMUN":"Olmo de Siberia","NOMBRE_ESPECIE":"Ulmus pumila","ALTURA":"18","MINTDISTRITO":"01","NOMBRE_DISTRITO":"CENTRO","MINTBARRIO":"012","NOMBRE_BARRIO":"EMBAJADORES","OBJECTID":51014479}},{"type":"Feature","id":51329386,"geometry":{"type":"Point","coordinates":[-3.6918981765763266,40.404093870982926]},"properties":{"ESA_ESPECIE":"CAU","NOMBRE_COMUN":"Almez","NOMBRE_ESPECIE":"Celtis australis","ALTURA":"5","MINTDISTRITO":"02","NOMBRE_DISTRITO":"ARGANZUELA","MINTBARRIO":"026","NOMBRE_BARRIO":"PALOS DE LA FRONTERA","OBJECTID":51329386}},{"type":"Feature","id":51268693,"geometry":{"type":"Point","coordinates":[-3.6922609154931245,40.405227337431022]},"properties":{"ESA_ESPECIE":"APS","NOMBRE_COMUN":"Falso plátano","NOMBRE_ESPECIE":"Acer pseudoplatanus","ALTURA":"5","MINTDISTRITO":"02","NOMBRE_DISTRITO":"ARGANZUELA","MINTBARRIO":"026","NOMBRE_BARRIO":"PALOS DE LA FRONTERA","OBJECTID":51268693}},{"type":"Feature","id":50585609,"geometry":{"type":"Point","coordinates":[-3.6920028591616414,40.404940682211851]},"properties":{"ESA_ESPECIE":"UPU","NOMBRE_COMUN":"Olmo de Siberia","NOMBRE_ESPECIE":"Ulmus pumila","ALTURA":"13","MINTDISTRITO":"02","NOMBRE_DISTRITO":"ARGANZUELA","MINTBARRIO":"026","NOMBRE_BARRIO":"PALOS DE LA FRONTERA","OBJECTID":50585609}},{"type":"Feature","id":51283604,"geometry":{"type":"Point","coordinates":[-3.6920394654426145,40.404511712724116]},"properties":{"ESA_ESPECIE":"UPU","NOMBRE_COMUN":"Olmo de Siberia","NOMBRE_ESPECIE":"Ulmus pumila","ALTURA":"14","MINTDISTRITO":"02","NOMBRE_DISTRITO":"ARGANZUELA","MINTBARRIO":"026","NOMBRE_BARRIO":"PALOS DE LA FRONTERA","OBJECTID":51283604}},{"type":"Feature","id":51385899,"geometry":{"type":"Point","coordinates":[-3.6932932993914744,40.405352404798762]},"properties":{"ESA_ESPECIE":"PDA","NOMBRE_COMUN":"Plátano de sombra/Platanus x hybrida","NOMBRE_ESPECIE":"Platanus x hispanica","ALTURA":"16","MINTDISTRITO":"02","NOMBRE_DISTRITO":"ARGANZUELA","MINTBARRIO":"026","NOMBRE_BARRIO":"PALOS DE LA FRONTERA","OBJECTID":51385899}},{"type":"Feature","id":50564716,"geometry":{"type":"Point","coordinates":[-3.6880071780715267,40.407887517645129]},"properties":{"ESA_ESPECIE":"PHA","NOMBRE_COMUN":"Pino carrasco","NOMBRE_ESPECIE":"Pinus halepensis","ALTURA":"8","MINTDISTRITO":"03","NOMBRE_DISTRITO":"RETIRO","MINTBARRIO":"035","NOMBRE_BARRIO":"LOS JERONIMOS","OBJECTID":50564716}},{"type":"Feature","id":50977596,"geometry":{"type":"Point","coordinates":[-3.6959800271627321,40.409391241279224]},"properties":{"ESA_ESPECIE":"AJU","NOMBRE_COMUN":"Acacia de Constantinopla","NOMBRE_ESPECIE":"Albizia julibrissin","ALTURA":"12","MINTDISTRITO":"01","NOMBRE_DISTRITO":"CENTRO","MINTBARRIO":"012","NOMBRE_BARRIO":"EMBAJADORES","OBJECTID":50977596}},{"type":"Feature","id":51388401,"geometry":{"type":"Point","coordinates":[-3.6850253445112346,40.42091904118336]},"properties":{"ESA_ESPECIE":"SJA","NOMBRE_COMUN":"Acacia del Japón/Sophora japonica","NOMBRE_ESPECIE":"Styphnolobium japonicum","ALTURA":"11","MINTDISTRITO":"04","NOMBRE_DISTRITO":"SALAMANCA","MINTBARRIO":"041","NOMBRE_BARRIO":"RECOLETOS","OBJECTID":51388401}},{"type":"Feature","id":51182536,"geometry":{"type":"Point","coordinates":[-3.6783913951796801,40.420530552438407]},"properties":{"ESA_ESPECIE":"LJA","NOMBRE_COMUN":"Aligustre del Japón","NOMBRE_ESPECIE":"Ligustrum japonicum","ALTURA":"6,5","MINTDISTRITO":"03","NOMBRE_DISTRITO":"RETIRO","MINTBARRIO":"034","NOMBRE_BARRIO":"IBIZA","OBJECTID":51182536}},{"type":"Feature","id":51215583,"geometry":{"type":"Point","coordinates":[-3.6783976070282676,40.419587079769798]},"properties":{"ESA_ESPECIE":"LJA","NOMBRE_COMUN":"Aligustre del Japón","NOMBRE_ESPECIE":"Ligustrum japonicum","ALTURA":"7","MINTDISTRITO":"03","NOMBRE_DISTRITO":"RETIRO","MINTBARRIO":"034","NOMBRE_BARRIO":"IBIZA","OBJECTID":51215583}},{"type":"Feature","id":50699566,"geometry":{"type":"Point","coordinates":[-3.6786377183535914,40.405189449906544]},"properties":{"ESA_ESPECIE":"LJA","NOMBRE_COMUN":"Aligustre del Japón","NOMBRE_ESPECIE":"Ligustrum japonicum","ALTURA":"5","MINTDISTRITO":"03","NOMBRE_DISTRITO":"RETIRO","MINTBARRIO":"031","NOMBRE_BARRIO":"PACIFICO","OBJECTID":50699566}},{"type":"Feature","id":50693661,"geometry":{"type":"Point","coordinates":[-3.6786231626296715,40.404595567453555]},"properties":{"ESA_ESPECIE":"SJA","NOMBRE_COMUN":"Acacia del Japón/Sophora japonica","NOMBRE_ESPECIE":"Styphnolobium japonicum","ALTURA":"6","MINTDISTRITO":"03","NOMBRE_DISTRITO":"RETIRO","MINTBARRIO":"031","NOMBRE_BARRIO":"PACIFICO","OBJECTID":50693661}},{"type":"Feature","id":50564710,"geometry":{"type":"Point","coordinates":[-3.6882195583851738,40.408084903477111]},"properties":{"ESA_ESPECIE":"PHA","NOMBRE_COMUN":"Pino carrasco","NOMBRE_ESPECIE":"Pinus halepensis","ALTURA":"1,5","MINTDISTRITO":"03","NOMBRE_DISTRITO":"RETIRO","MINTBARRIO":"035","NOMBRE_BARRIO":"LOS JERONIMOS","OBJECTID":50564710}},{"type":"Feature","id":51182874,"geometry":{"type":"Point","coordinates":[-3.6915881004941906,40.416674458436411]},"properties":{"ESA_ESPECIE":"SJA","NOMBRE_COMUN":"Acacia del Japón/Sophora japonica","NOMBRE_ESPECIE":"Styphnolobium japonicum","ALTURA":"11","MINTDISTRITO":"03","NOMBRE_DISTRITO":"RETIRO","MINTBARRIO":"035","NOMBRE_BARRIO":"LOS JERONIMOS","OBJECTID":51182874}},{"type":"Feature","id":51216419,"geometry":{"type":"Point","coordinates":[-3.6905383052175651,40.416912860362821]},"properties":{"ESA_ESPECIE":"SJA","NOMBRE_COMUN":"Acacia del Japón/Sophora japonica","NOMBRE_ESPECIE":"Styphnolobium japonicum","ALTURA":"6","MINTDISTRITO":"03","NOMBRE_DISTRITO":"RETIRO","MINTBARRIO":"035","NOMBRE_BARRIO":"LOS JERONIMOS","OBJECTID":51216419}},{"type":"Feature","id":50562795,"geometry":{"type":"Point","coordinates":[-3.6908072409500106,40.417374201628533]},"properties":{"ESA_ESPECIE":"SJA","NOMBRE_COMUN":"Acacia del Japón/Sophora japonica","NOMBRE_ESPECIE":"Styphnolobium japonicum","ALTURA":"13","MINTDISTRITO":"03","NOMBRE_DISTRITO":"RETIRO","MINTBARRIO":"035","NOMBRE_BARRIO":"LOS JERONIMOS","OBJECTID":50562795}},{"type":"Feature","id":51180959,"geometry":{"type":"Point","coordinates":[-3.6913330426056028,40.415293698656257]},"properties":{"ESA_ESPECIE":"SJA","NOMBRE_COMUN":"Acacia del Japón/Sophora japonica","NOMBRE_ESPECIE":"Styphnolobium japonicum","ALTURA":"4,5","MINTDISTRITO":"03","NOMBRE_DISTRITO":"RETIRO","MINTBARRIO":"035","NOMBRE_BARRIO":"LOS JERONIMOS","OBJECTID":51180959}},{"type":"Feature","id":50694989,"geometry":{"type":"Point","coordinates":[-3.6887900083610368,40.407764567814375]},"properties":{"ESA_ESPECIE":"PDA","NOMBRE_COMUN":"Plátano de sombra/Platanus x hybrida","NOMBRE_ESPECIE":"Platanus x hispanica","ALTURA":"16","MINTDISTRITO":"03","NOMBRE_DISTRITO":"RETIRO","MINTBARRIO":"035","NOMBRE_BARRIO":"LOS JERONIMOS","OBJECTID":50694989}},{"type":"Feature","id":51060759,"geometry":{"type":"Point","coordinates":[-3.6928743918009173,40.409226550572043]},"properties":{"ESA_ESPECIE":"LJV","NOMBRE_COMUN":"Aligustre variegado","NOMBRE_ESPECIE":"Ligustrum japonicum 'Variegatum'","ALTURA":"3,5","MINTDISTRITO":"01","NOMBRE_DISTRITO":"CENTRO","MINTBARRIO":"012","NOMBRE_BARRIO":"EMBAJADORES","OBJECTID":51060759}},{"type":"Feature","id":51003908,"geometry":{"type":"Point","coordinates":[-3.6931371504544837,40.409681221336257]},"properties":{"ESA_ESPECIE":"PDA","NOMBRE_COMUN":"Plátano de sombra/Platanus x hybrida","NOMBRE_ESPECIE":"Platanus x hispanica","ALTURA":"15","MINTDISTRITO":"01","NOMBRE_DISTRITO":"CENTRO","MINTBARRIO":"013","NOMBRE_BARRIO":"CORTES","OBJECTID":51003908}},{"type":"Feature","id":51074081,"geometry":{"type":"Point","coordinates":[-3.6931873457899234,40.420024866876716]},"properties":{"ESA_ESPECIE":"SJA","NOMBRE_COMUN":"Acacia del Japón/Sophora japonica","NOMBRE_ESPECIE":"Styphnolobium japonicum","ALTURA":"6","MINTDISTRITO":"01","NOMBRE_DISTRITO":"CENTRO","MINTBARRIO":"014","NOMBRE_BARRIO":"JUSTICIA","OBJECTID":51074081}},{"type":"Feature","id":51052595,"geometry":{"type":"Point","coordinates":[-3.6952023448223255,40.418864034211154]},"properties":{"ESA_ESPECIE":"SJA","NOMBRE_COMUN":"Acacia del Japón/Sophora japonica","NOMBRE_ESPECIE":"Styphnolobium japonicum","ALTURA":"6","MINTDISTRITO":"01","NOMBRE_DISTRITO":"CENTRO","MINTBARRIO":"013","NOMBRE_BARRIO":"CORTES","OBJECTID":51052595}},{"type":"Feature","id":51412952,"geometry":{"type":"Point","coordinates":[-3.6933807245998809,40.416503982136227]},"properties":{"ESA_ESPECIE":"PDA","NOMBRE_COMUN":"Plátano de sombra/Platanus x hybrida","NOMBRE_ESPECIE":"Platanus x hispanica","ALTURA":"27","MINTDISTRITO":"03","NOMBRE_DISTRITO":"RETIRO","MINTBARRIO":"035","NOMBRE_BARRIO":"LOS JERONIMOS","OBJECTID":51412952}},{"type":"Feature","id":51329440,"geometry":{"type":"Point","coordinates":[-3.6911930683159011,40.404056718573003]},"properties":{"ESA_ESPECIE":"UPU","NOMBRE_COMUN":"Olmo de Siberia","NOMBRE_ESPECIE":"Ulmus pumila","ALTURA":"12","MINTDISTRITO":"02","NOMBRE_DISTRITO":"ARGANZUELA","MINTBARRIO":"026","NOMBRE_BARRIO":"PALOS DE LA FRONTERA","OBJECTID":51329440}},{"type":"Feature","id":51012753,"geometry":{"type":"Point","coordinates":[-3.694110893092065,40.409407630578045]},"properties":{"ESA_ESPECIE":"LJV","NOMBRE_COMUN":"Aligustre variegado","NOMBRE_ESPECIE":"Ligustrum japonicum 'Variegatum'","ALTURA":"5","MINTDISTRITO":"01","NOMBRE_DISTRITO":"CENTRO","MINTBARRIO":"012","NOMBRE_BARRIO":"EMBAJADORES","OBJECTID":51012753}},{"type":"Feature","id":50998097,"geometry":{"type":"Point","coordinates":[-3.6940825305292742,40.409831478752267]},"properties":{"ESA_ESPECIE":"SJA","NOMBRE_COMUN":"Acacia del Japón/Sophora japonica","NOMBRE_ESPECIE":"Styphnolobium japonicum","ALTURA":"7","MINTDISTRITO":"01","NOMBRE_DISTRITO":"CENTRO","MINTBARRIO":"012","NOMBRE_BARRIO":"EMBAJADORES","OBJECTID":50998097}},{"type":"Feature","id":51346752,"geometry":{"type":"Point","coordinates":[-3.6902220205548271,40.409686903693917]},"properties":{"ESA_ESPECIE":"RPS","NOMBRE_COMUN":"Falsa acacia","NOMBRE_ESPECIE":"Robinia pseudoacacia","ALTURA":"8","MINTDISTRITO":"03","NOMBRE_DISTRITO":"RETIRO","MINTBARRIO":"035","NOMBRE_BARRIO":"LOS JERONIMOS","OBJECTID":51346752}},{"type":"Feature","id":50563774,"geometry":{"type":"Point","coordinates":[-3.6892508595816889,40.420460799665044]},"properties":{"ESA_ESPECIE":"PDA","NOMBRE_COMUN":"Plátano de sombra","NOMBRE_ESPECIE":"Platanus x hybrida","ALTURA":"5.5","MINTDISTRITO":"04","NOMBRE_DISTRITO":"SALAMANCA","MINTBARRIO":"041","NOMBRE_BARRIO":"RECOLETOS","OBJECTID":50563774}},{"type":"Feature","id":51179239,"geometry":{"type":"Point","coordinates":[-3.6879200733614197,40.407927000115471]},"properties":{"ESA_ESPECIE":"PHA","NOMBRE_COMUN":"Pino carrasco","NOMBRE_ESPECIE":"Pinus halepensis","ALTURA":"3","MINTDISTRITO":"03","NOMBRE_DISTRITO":"RETIRO","MINTBARRIO":"035","NOMBRE_BARRIO":"LOS JERONIMOS","OBJECTID":51179239}},{"type":"Feature","id":51412852,"geometry":{"type":"Point","coordinates":[-3.692248565985444,40.410510558237007]},"properties":{"ESA_ESPECIE":"SJA","NOMBRE_COMUN":"Acacia del Japón/Sophora japonica","NOMBRE_ESPECIE":"Styphnolobium japonicum","ALTURA":"18","MINTDISTRITO":"03","NOMBRE_DISTRITO":"RETIRO","MINTBARRIO":"035","NOMBRE_BARRIO":"LOS JERONIMOS","OBJECTID":51412852}},{"type":"Feature","id":50698433,"geometry":{"type":"Point","coordinates":[-3.6782374979374737,40.407208477798207]},"properties":{"ESA_ESPECIE":"AHI","NOMBRE_COMUN":"Castaño de indias","NOMBRE_ESPECIE":"Aesculus hippocastanum","ALTURA":"7","MINTDISTRITO":"03","NOMBRE_DISTRITO":"RETIRO","MINTBARRIO":"031","NOMBRE_BARRIO":"PACIFICO","OBJECTID":50698433}},{"type":"Feature","id":51273957,"geometry":{"type":"Point","coordinates":[-3.6871967760449009,40.406188678304574]},"properties":{"ESA_ESPECIE":"APS","NOMBRE_COMUN":"Falso plátano","NOMBRE_ESPECIE":"Acer pseudoplatanus","ALTURA":"6","MINTDISTRITO":"03","NOMBRE_DISTRITO":"RETIRO","MINTBARRIO":"031","NOMBRE_BARRIO":"PACIFICO","OBJECTID":51273957}},{"type":"Feature","id":50703302,"geometry":{"type":"Point","coordinates":[-3.6823622674561634,40.407870969432146]},"properties":{"ESA_ESPECIE":"SJA","NOMBRE_COMUN":"Acacia del Japón/Sophora japonica","NOMBRE_ESPECIE":"Styphnolobium japonicum","ALTURA":"5,5","MINTDISTRITO":"03","NOMBRE_DISTRITO":"RETIRO","MINTBARRIO":"035","NOMBRE_BARRIO":"LOS JERONIMOS","OBJECTID":50703302}},{"type":"Feature","id":51179233,"geometry":{"type":"Point","coordinates":[-3.6879685372759505,40.407930693763454]},"properties":{"ESA_ESPECIE":"PHA","NOMBRE_COMUN":"Pino carrasco","NOMBRE_ESPECIE":"Pinus halepensis","ALTURA":"2","MINTDISTRITO":"03","NOMBRE_DISTRITO":"RETIRO","MINTBARRIO":"035","NOMBRE_BARRIO":"LOS JERONIMOS","OBJECTID":51179233}},{"type":"Feature","id":51009464,"geometry":{"type":"Point","coordinates":[-3.6950959089916293,40.417601137883636]},"properties":{"ESA_ESPECIE":"PCY","NOMBRE_COMUN":"Peral de flor","NOMBRE_ESPECIE":"Pyrus calleryana","ALTURA":"4,5","MINTDISTRITO":"01","NOMBRE_DISTRITO":"CENTRO","MINTBARRIO":"013","NOMBRE_BARRIO":"CORTES","OBJECTID":51009464}},{"type":"Feature","id":51286498,"geometry":{"type":"Point","coordinates":[-3.6944486793590889,40.412834313083906]},"properties":{"ESA_ESPECIE":"LJA","NOMBRE_COMUN":"Aligustre del Japón","NOMBRE_ESPECIE":"Ligustrum japonicum","ALTURA":"8","MINTDISTRITO":"01","NOMBRE_DISTRITO":"CENTRO","MINTBARRIO":"013","NOMBRE_BARRIO":"CORTES","OBJECTID":51286498}},{"type":"Feature","id":51013245,"geometry":{"type":"Point","coordinates":[-3.6918557648498709,40.418244602062053]},"properties":{"ESA_ESPECIE":"PCY","NOMBRE_COMUN":"Peral de flor","NOMBRE_ESPECIE":"Pyrus calleryana","ALTURA":"3","MINTDISTRITO":"03","NOMBRE_DISTRITO":"RETIRO","MINTBARRIO":"035","NOMBRE_BARRIO":"LOS JERONIMOS","OBJECTID":51013245}},{"type":"Feature","id":51407688,"geometry":{"type":"Point","coordinates":[-3.6903725626130597,40.419603707556419]},"properties":{"ESA_ESPECIE":"PDA","NOMBRE_COMUN":"Plátano de sombra/Platanus x hybrida","NOMBRE_ESPECIE":"Platanus x hispanica","ALTURA":"15","MINTDISTRITO":"03","NOMBRE_DISTRITO":"RETIRO","MINTBARRIO":"035","NOMBRE_BARRIO":"LOS JERONIMOS","OBJECTID":51407688}},{"type":"Feature","id":51228519,"geometry":{"type":"Point","coordinates":[-3.693229504544175,40.419853253132565]},"properties":{"ESA_ESPECIE":"SJA","NOMBRE_COMUN":"Acacia del Japón/Sophora japonica","NOMBRE_ESPECIE":"Styphnolobium japonicum","ALTURA":"15","MINTDISTRITO":"01","NOMBRE_DISTRITO":"CENTRO","MINTBARRIO":"014","NOMBRE_BARRIO":"JUSTICIA","OBJECTID":51228519}},{"type":"Feature","id":50709253,"geometry":{"type":"Point","coordinates":[-3.6896818681173729,40.416497853517797]},"properties":{"ESA_ESPECIE":"PDA","NOMBRE_COMUN":"Plátano de sombra/Platanus x hybrida","NOMBRE_ESPECIE":"Platanus x hispanica","ALTURA":"13","MINTDISTRITO":"03","NOMBRE_DISTRITO":"RETIRO","MINTBARRIO":"035","NOMBRE_BARRIO":"LOS JERONIMOS","OBJECTID":50709253}},{"type":"Feature","id":51381863,"geometry":{"type":"Point","coordinates":[-3.6931456432684229,40.406650342790719]},"properties":{"ESA_ESPECIE":"PDA","NOMBRE_COMUN":"Plátano de sombra/Platanus x hybrida","NOMBRE_ESPECIE":"Platanus x hispanica","ALTURA":"4","MINTDISTRITO":"02","NOMBRE_DISTRITO":"ARGANZUELA","MINTBARRIO":"026","NOMBRE_BARRIO":"PALOS DE LA FRONTERA","OBJECTID":51381863}},{"type":"Feature","id":51304943,"geometry":{"type":"Point","coordinates":[-3.6927766106537523,40.405260429121007]},"properties":{"ESA_ESPECIE":"CAU","NOMBRE_COMUN":"Almez","NOMBRE_ESPECIE":"Celtis australis","ALTURA":"5","MINTDISTRITO":"02","NOMBRE_DISTRITO":"ARGANZUELA","MINTBARRIO":"026","NOMBRE_BARRIO":"PALOS DE LA FRONTERA","OBJECTID":51304943}},{"type":"Feature","id":51336419,"geometry":{"type":"Point","coordinates":[-3.6899642184419834,40.404547682666625]},"properties":{"ESA_ESPECIE":"UPU","NOMBRE_COMUN":"Olmo de Siberia","NOMBRE_ESPECIE":"Ulmus pumila","ALTURA":"10","MINTDISTRITO":"02","NOMBRE_DISTRITO":"ARGANZUELA","MINTBARRIO":"027","NOMBRE_BARRIO":"ATOCHA","OBJECTID":51336419}},{"type":"Feature","id":50705271,"geometry":{"type":"Point","coordinates":[-3.6904356521344512,40.408357548810905]},"properties":{"ESA_ESPECIE":"PDA","NOMBRE_COMUN":"Plátano de sombra/Platanus x hybrida","NOMBRE_ESPECIE":"Platanus x hispanica","ALTURA":"17","MINTDISTRITO":"03","NOMBRE_DISTRITO":"RETIRO","MINTBARRIO":"035","NOMBRE_BARRIO":"LOS JERONIMOS","OBJECTID":50705271}},{"type":"Feature","id":51006115,"geometry":{"type":"Point","coordinates":[-3.6956779498636121,40.4182779550192]},"properties":{"ESA_ESPECIE":"LJV","NOMBRE_COMUN":"Aligustre variegado","NOMBRE_ESPECIE":"Ligustrum japonicum 'Variegatum'","ALTURA":"4","MINTDISTRITO":"01","NOMBRE_DISTRITO":"CENTRO","MINTBARRIO":"013","NOMBRE_BARRIO":"CORTES","OBJECTID":51006115}},{"type":"Feature","id":51233534,"geometry":{"type":"Point","coordinates":[-3.6956073069341144,40.417963027529765]},"properties":{"ESA_ESPECIE":"LJA","NOMBRE_COMUN":"Aligustre del Japón","NOMBRE_ESPECIE":"Ligustrum japonicum","ALTURA":"7","MINTDISTRITO":"01","NOMBRE_DISTRITO":"CENTRO","MINTBARRIO":"013","NOMBRE_BARRIO":"CORTES","OBJECTID":51233534}},{"type":"Feature","id":51025840,"geometry":{"type":"Point","coordinates":[-3.688475367282011,40.419463443602361]},"properties":{"ESA_ESPECIE":"PDA","NOMBRE_COMUN":"Plátano de sombra/Platanus x hybrida","NOMBRE_ESPECIE":"Platanus x hispanica","ALTURA":"5,5","MINTDISTRITO":"03","NOMBRE_DISTRITO":"RETIRO","MINTBARRIO":"035","NOMBRE_BARRIO":"LOS JERONIMOS","OBJECTID":51025840}},{"type":"Feature","id":51183661,"geometry":{"type":"Point","coordinates":[-3.688522316785356,40.419392929513215]},"properties":{"ESA_ESPECIE":"PDA","NOMBRE_COMUN":"Plátano de sombra/Platanus x hybrida","NOMBRE_ESPECIE":"Platanus x hispanica","ALTURA":"16","MINTDISTRITO":"03","NOMBRE_DISTRITO":"RETIRO","MINTBARRIO":"035","NOMBRE_BARRIO":"LOS JERONIMOS","OBJECTID":51183661}},{"type":"Feature","id":50699274,"geometry":{"type":"Point","coordinates":[-3.6838733649358013,40.407344200669002]},"properties":{"ESA_ESPECIE":"CAU","NOMBRE_COMUN":"Almez","NOMBRE_ESPECIE":"Celtis australis","ALTURA":"9","MINTDISTRITO":"03","NOMBRE_DISTRITO":"RETIRO","MINTBARRIO":"035","NOMBRE_BARRIO":"LOS JERONIMOS","OBJECTID":50699274}},{"type":"Feature","id":50591320,"geometry":{"type":"Point","coordinates":[-3.6825352392570272,40.408546168691849]},"properties":{"ESA_ESPECIE":"PPI","NOMBRE_COMUN":"Pino piñonero","NOMBRE_ESPECIE":"Pinus pinea","ALTURA":"6","MINTDISTRITO":"03","NOMBRE_DISTRITO":"RETIRO","MINTBARRIO":"035","NOMBRE_BARRIO":"LOS JERONIMOS","OBJECTID":50591320}},{"type":"Feature","id":51406011,"geometry":{"type":"Point","coordinates":[-3.6959021212231611,40.406774182376147]},"properties":{"ESA_ESPECIE":"ANE","NOMBRE_COMUN":"Arce negundo","NOMBRE_ESPECIE":"Acer negundo","ALTURA":"12","MINTDISTRITO":"02","NOMBRE_DISTRITO":"ARGANZUELA","MINTBARRIO":"026","NOMBRE_BARRIO":"PALOS DE LA FRONTERA","OBJECTID":51406011}},{"type":"Feature","id":51172841,"geometry":{"type":"Point","coordinates":[-3.6922561966918783,40.41026378153699]},"properties":{"ESA_ESPECIE":"PDA","NOMBRE_COMUN":"Plátano de sombra/Platanus x hybrida","NOMBRE_ESPECIE":"Platanus x hispanica","ALTURA":"7","MINTDISTRITO":"03","NOMBRE_DISTRITO":"RETIRO","MINTBARRIO":"035","NOMBRE_BARRIO":"LOS JERONIMOS","OBJECTID":51172841}},{"type":"Feature","id":51412998,"geometry":{"type":"Point","coordinates":[-3.6923618109674758,40.410736575018447]},"properties":{"ESA_ESPECIE":"PDA","NOMBRE_COMUN":"Plátano de sombra/Platanus x hybrida","NOMBRE_ESPECIE":"Platanus x hispanica","ALTURA":"7,5","MINTDISTRITO":"03","NOMBRE_DISTRITO":"RETIRO","MINTBARRIO":"035","NOMBRE_BARRIO":"LOS JERONIMOS","OBJECTID":51412998}},{"type":"Feature","id":50695290,"geometry":{"type":"Point","coordinates":[-3.6899652291261997,40.412872650893753]},"properties":{"ESA_ESPECIE":"SJA","NOMBRE_COMUN":"Acacia del Japón/Sophora japonica","NOMBRE_ESPECIE":"Styphnolobium japonicum","ALTURA":"10","MINTDISTRITO":"03","NOMBRE_DISTRITO":"RETIRO","MINTBARRIO":"035","NOMBRE_BARRIO":"LOS JERONIMOS","OBJECTID":50695290}},{"type":"Feature","id":50693864,"geometry":{"type":"Point","coordinates":[-3.6780217813533449,40.419476112766695]},"properties":{"ESA_ESPECIE":"LJA","NOMBRE_COMUN":"Aligustre del Japón","NOMBRE_ESPECIE":"Ligustrum japonicum","ALTURA":"8","MINTDISTRITO":"03","NOMBRE_DISTRITO":"RETIRO","MINTBARRIO":"034","NOMBRE_BARRIO":"IBIZA","OBJECTID":50693864}},{"type":"Feature","id":51179926,"geometry":{"type":"Point","coordinates":[-3.6792709807029853,40.407736594282717]},"properties":{"ESA_ESPECIE":"SJA","NOMBRE_COMUN":"Acacia del Japón/Sophora japonica","NOMBRE_ESPECIE":"Styphnolobium japonicum","ALTURA":"12","MINTDISTRITO":"03","NOMBRE_DISTRITO":"RETIRO","MINTBARRIO":"035","NOMBRE_BARRIO":"LOS JERONIMOS","OBJECTID":51179926}},{"type":"Feature","id":50638092,"geometry":{"type":"Point","coordinates":[-3.6889446251825837,40.419391810167006]},"properties":{"ESA_ESPECIE":"PDA","NOMBRE_COMUN":"Plátano de sombra/Platanus x hybrida","NOMBRE_ESPECIE":"Platanus x hispanica","ALTURA":"9","MINTDISTRITO":"03","NOMBRE_DISTRITO":"RETIRO","MINTBARRIO":"035","NOMBRE_BARRIO":"LOS JERONIMOS","OBJECTID":50638092}},{"type":"Feature","id":50644089,"geometry":{"type":"Point","coordinates":[-3.6914228383407468,40.414864655287658]},"properties":{"ESA_ESPECIE":"SJA","NOMBRE_COMUN":"Acacia del Japón/Sophora japonica","NOMBRE_ESPECIE":"Styphnolobium japonicum","ALTURA":"3","MINTDISTRITO":"03","NOMBRE_DISTRITO":"RETIRO","MINTBARRIO":"035","NOMBRE_BARRIO":"LOS JERONIMOS","OBJECTID":50644089}},{"type":"Feature","id":51383289,"geometry":{"type":"Point","coordinates":[-3.6904228840605637,40.413374795192716]},"properties":{"ESA_ESPECIE":"SJA","NOMBRE_COMUN":"Acacia del Japón/Sophora japonica","NOMBRE_ESPECIE":"Styphnolobium japonicum","ALTURA":"4","MINTDISTRITO":"03","NOMBRE_DISTRITO":"RETIRO","MINTBARRIO":"035","NOMBRE_BARRIO":"LOS JERONIMOS","OBJECTID":51383289}},{"type":"Feature","id":50700107,"geometry":{"type":"Point","coordinates":[-3.6914356768791716,40.415453319845881]},"properties":{"ESA_ESPECIE":"SJA","NOMBRE_COMUN":"Acacia del Japón/Sophora japonica","NOMBRE_ESPECIE":"Styphnolobium japonicum","ALTURA":"6","MINTDISTRITO":"03","NOMBRE_DISTRITO":"RETIRO","MINTBARRIO":"035","NOMBRE_BARRIO":"LOS JERONIMOS","OBJECTID":50700107}},{"type":"Feature","id":51182828,"geometry":{"type":"Point","coordinates":[-3.6920305336287358,40.415123516177438]},"properties":{"ESA_ESPECIE":"SJA","NOMBRE_COMUN":"Acacia del Japón/Sophora japonica","NOMBRE_ESPECIE":"Styphnolobium japonicum","ALTURA":"3,5","MINTDISTRITO":"03","NOMBRE_DISTRITO":"RETIRO","MINTBARRIO":"035","NOMBRE_BARRIO":"LOS JERONIMOS","OBJECTID":51182828}},{"type":"Feature","id":50698192,"geometry":{"type":"Point","coordinates":[-3.6926554383692021,40.415113044353305]},"properties":{"ESA_ESPECIE":"SJA","NOMBRE_COMUN":"Acacia del Japón/Sophora japonica","NOMBRE_ESPECIE":"Styphnolobium japonicum","ALTURA":"5","MINTDISTRITO":"03","NOMBRE_DISTRITO":"RETIRO","MINTBARRIO":"035","NOMBRE_BARRIO":"LOS JERONIMOS","OBJECTID":50698192}},{"type":"Feature","id":51185825,"geometry":{"type":"Point","coordinates":[-3.6890990015379144,40.420476218454596]},"properties":{"ESA_ESPECIE":"PDA","NOMBRE_COMUN":"Plátano de sombra/Platanus x hybrida","NOMBRE_ESPECIE":"Platanus x hispanica","ALTURA":"11","MINTDISTRITO":"04","NOMBRE_DISTRITO":"SALAMANCA","MINTBARRIO":"041","NOMBRE_BARRIO":"RECOLETOS","OBJECTID":51185825}},{"type":"Feature","id":51413244,"geometry":{"type":"Point","coordinates":[-3.6922874857710455,40.420465296214012]},"properties":{"ESA_ESPECIE":"CDE","NOMBRE_COMUN":"Cedro llorón","NOMBRE_ESPECIE":"Cedrus deodara","ALTURA":"21","MINTDISTRITO":"04","NOMBRE_DISTRITO":"SALAMANCA","MINTBARRIO":"041","NOMBRE_BARRIO":"RECOLETOS","OBJECTID":51413244}},{"type":"Feature","id":51228613,"geometry":{"type":"Point","coordinates":[-3.6938995481812498,40.417884064158606]},"properties":{"ESA_ESPECIE":"PDA","NOMBRE_COMUN":"Plátano de sombra/Platanus x hybrida","NOMBRE_ESPECIE":"Platanus x hispanica","ALTURA":"10","MINTDISTRITO":"01","NOMBRE_DISTRITO":"CENTRO","MINTBARRIO":"013","NOMBRE_BARRIO":"CORTES","OBJECTID":51228613}},{"type":"Feature","id":51002279,"geometry":{"type":"Point","coordinates":[-3.6952128176162962,40.417622146752414]},"properties":{"ESA_ESPECIE":"PAR","NOMBRE_COMUN":"Peral de flor 'Chanticleer'","NOMBRE_ESPECIE":"Pyrus calleryana 'Chanticleer'","ALTURA":"4,5","MINTDISTRITO":"01","NOMBRE_DISTRITO":"CENTRO","MINTBARRIO":"013","NOMBRE_BARRIO":"CORTES","OBJECTID":51002279}},{"type":"Feature","id":50707438,"geometry":{"type":"Point","coordinates":[-3.6793108902605449,40.404778377080781]},"properties":{"ESA_ESPECIE":"SJA","NOMBRE_COMUN":"Acacia del Japón/Sophora japonica","NOMBRE_ESPECIE":"Styphnolobium japonicum","ALTURA":"6","MINTDISTRITO":"03","NOMBRE_DISTRITO":"RETIRO","MINTBARRIO":"031","NOMBRE_BARRIO":"PACIFICO","OBJECTID":50707438}},{"type":"Feature","id":50693618,"geometry":{"type":"Point","coordinates":[-3.6914902496349007,40.417899859480507]},"properties":{"ESA_ESPECIE":"SJA","NOMBRE_COMUN":"Acacia del Japón/Sophora japonica","NOMBRE_ESPECIE":"Styphnolobium japonicum","ALTURA":"14","MINTDISTRITO":"03","NOMBRE_DISTRITO":"RETIRO","MINTBARRIO":"035","NOMBRE_BARRIO":"LOS JERONIMOS","OBJECTID":50693618}},{"type":"Feature","id":51385012,"geometry":{"type":"Point","coordinates":[-3.6936281672913949,40.404956132762031]},"properties":{"ESA_ESPECIE":"PDA","NOMBRE_COMUN":"Plátano de sombra/Platanus x hybrida","NOMBRE_ESPECIE":"Platanus x hispanica","ALTURA":"14","MINTDISTRITO":"02","NOMBRE_DISTRITO":"ARGANZUELA","MINTBARRIO":"026","NOMBRE_BARRIO":"PALOS DE LA FRONTERA","OBJECTID":51385012}},{"type":"Feature","id":51346798,"geometry":{"type":"Point","coordinates":[-3.6895041428308706,40.409665240886874]},"properties":{"ESA_ESPECIE":"AHI","NOMBRE_COMUN":"Castaño de indias","NOMBRE_ESPECIE":"Aesculus hippocastanum","ALTURA":"6,5","MINTDISTRITO":"03","NOMBRE_DISTRITO":"RETIRO","MINTBARRIO":"035","NOMBRE_BARRIO":"LOS JERONIMOS","OBJECTID":51346798}},{"type":"Feature","id":51002133,"geometry":{"type":"Point","coordinates":[-3.69305969535431,40.408828825213568]},"properties":{"ESA_ESPECIE":"LJV","NOMBRE_COMUN":"Aligustre variegado","NOMBRE_ESPECIE":"Ligustrum japonicum 'Variegatum'","ALTURA":"6","MINTDISTRITO":"01","NOMBRE_DISTRITO":"CENTRO","MINTBARRIO":"012","NOMBRE_BARRIO":"EMBAJADORES","OBJECTID":51002133}},{"type":"Feature","id":50709207,"geometry":{"type":"Point","coordinates":[-3.6912214058985438,40.420971199147218]},"properties":{"ESA_ESPECIE":"MEA","NOMBRE_COMUN":"Cinamomo","NOMBRE_ESPECIE":"Melia azedarach","ALTURA":"7,5","MINTDISTRITO":"04","NOMBRE_DISTRITO":"SALAMANCA","MINTBARRIO":"041","NOMBRE_BARRIO":"RECOLETOS","OBJECTID":50709207}},{"type":"Feature","id":50707338,"geometry":{"type":"Point","coordinates":[-3.6863727215488313,40.406513169601141]},"properties":{"ESA_ESPECIE":"PDA","NOMBRE_COMUN":"Plátano de sombra/Platanus x hybrida","NOMBRE_ESPECIE":"Platanus x hispanica","ALTURA":"9,5","MINTDISTRITO":"03","NOMBRE_DISTRITO":"RETIRO","MINTBARRIO":"035","NOMBRE_BARRIO":"LOS JERONIMOS","OBJECTID":50707338}},{"type":"Feature","id":51177318,"geometry":{"type":"Point","coordinates":[-3.6826266487511758,40.408147329412827]},"properties":{"ESA_ESPECIE":"CAU","NOMBRE_COMUN":"Almez","NOMBRE_ESPECIE":"Celtis australis","ALTURA":"5","MINTDISTRITO":"03","NOMBRE_DISTRITO":"RETIRO","MINTBARRIO":"035","NOMBRE_BARRIO":"LOS JERONIMOS","OBJECTID":51177318}},{"type":"Feature","id":50699420,"geometry":{"type":"Point","coordinates":[-3.6820161940879848,40.406726157502703]},"properties":{"ESA_ESPECIE":"SJA","NOMBRE_COMUN":"Acacia del Japón/Sophora japonica","NOMBRE_ESPECIE":"Styphnolobium japonicum","ALTURA":"7","MINTDISTRITO":"03","NOMBRE_DISTRITO":"RETIRO","MINTBARRIO":"031","NOMBRE_BARRIO":"PACIFICO","OBJECTID":50699420}},{"type":"Feature","id":50710781,"geometry":{"type":"Point","coordinates":[-3.6822358351441005,40.406840538103623]},"properties":{"ESA_ESPECIE":"PDA","NOMBRE_COMUN":"Plátano de sombra/Platanus x hybrida","NOMBRE_ESPECIE":"Platanus x hispanica","ALTURA":"16","MINTDISTRITO":"03","NOMBRE_DISTRITO":"RETIRO","MINTBARRIO":"031","NOMBRE_BARRIO":"PACIFICO","OBJECTID":50710781}},{"type":"Feature","id":51179187,"geometry":{"type":"Point","coordinates":[-3.6884116095915442,40.408057859118614]},"properties":{"ESA_ESPECIE":"CAR","NOMBRE_COMUN":"Ciprés de Arizona","NOMBRE_ESPECIE":"Cupressus arizonica","ALTURA":"4","MINTDISTRITO":"03","NOMBRE_DISTRITO":"RETIRO","MINTBARRIO":"035","NOMBRE_BARRIO":"LOS JERONIMOS","OBJECTID":51179187}},{"type":"Feature","id":50695436,"geometry":{"type":"Point","coordinates":[-3.6889620032561474,40.411800141510362]},"properties":{"ESA_ESPECIE":"PDA","NOMBRE_COMUN":"Plátano de sombra/Platanus x hybrida","NOMBRE_ESPECIE":"Platanus x hispanica","ALTURA":"7","MINTDISTRITO":"03","NOMBRE_DISTRITO":"RETIRO","MINTBARRIO":"035","NOMBRE_BARRIO":"LOS JERONIMOS","OBJECTID":50695436}},{"type":"Feature","id":50966722,"geometry":{"type":"Point","coordinates":[-3.6929963508212742,40.412340295020584]},"properties":{"ESA_ESPECIE":"PDA","NOMBRE_COMUN":"Plátano de sombra/Platanus x hybrida","NOMBRE_ESPECIE":"Platanus x hispanica","ALTURA":"20","MINTDISTRITO":"01","NOMBRE_DISTRITO":"CENTRO","MINTBARRIO":"013","NOMBRE_BARRIO":"CORTES","OBJECTID":50966722}},{"type":"Feature","id":50693469,"geometry":{"type":"Point","coordinates":[-3.6782360503021421,40.408134978463529]},"properties":{"ESA_ESPECIE":"PDA","NOMBRE_COMUN":"Plátano de sombra/Platanus x hybrida","NOMBRE_ESPECIE":"Platanus x hispanica","ALTURA":"13","MINTDISTRITO":"03","NOMBRE_DISTRITO":"RETIRO","MINTBARRIO":"036","NOMBRE_BARRIO":"NIÑO JESUS","OBJECTID":50693469}},{"type":"Feature","id":50633910,"geometry":{"type":"Point","coordinates":[-3.6858058601274242,40.406034187970413]},"properties":{"ESA_ESPECIE":"TIX","NOMBRE_COMUN":"Tilos","NOMBRE_ESPECIE":"Tilia sp","ALTURA":"9","MINTDISTRITO":"03","NOMBRE_DISTRITO":"RETIRO","MINTBARRIO":"031","NOMBRE_BARRIO":"PACIFICO","OBJECTID":50633910}},{"type":"Feature","id":51064987,"geometry":{"type":"Point","coordinates":[-3.6856148376885618,40.406171447802279]},"properties":{"ESA_ESPECIE":"PCP","NOMBRE_COMUN":"Ciruelo púrpura","NOMBRE_ESPECIE":"Prunus cerasifera  subsp. pissardii","ALTURA":"5","MINTDISTRITO":"03","NOMBRE_DISTRITO":"RETIRO","MINTBARRIO":"031","NOMBRE_BARRIO":"PACIFICO","OBJECTID":51064987}},{"type":"Feature","id":50998051,"geometry":{"type":"Point","coordinates":[-3.6955263670144456,40.417622188851233]},"properties":{"ESA_ESPECIE":"LJA","NOMBRE_COMUN":"Aligustre del Japón","NOMBRE_ESPECIE":"Ligustrum japonicum","ALTURA":"6,5","MINTDISTRITO":"01","NOMBRE_DISTRITO":"CENTRO","MINTBARRIO":"013","NOMBRE_BARRIO":"CORTES","OBJECTID":50998051}},{"type":"Feature","id":51412898,"geometry":{"type":"Point","coordinates":[-3.6934844440243388,40.415979961487054]},"properties":{"ESA_ESPECIE":"SJA","NOMBRE_COMUN":"Acacia del Japón/Sophora japonica","NOMBRE_ESPECIE":"Styphnolobium japonicum","ALTURA":"12","MINTDISTRITO":"03","NOMBRE_DISTRITO":"RETIRO","MINTBARRIO":"035","NOMBRE_BARRIO":"LOS JERONIMOS","OBJECTID":51412898}},{"type":"Feature","id":51228467,"geometry":{"type":"Point","coordinates":[-3.6943414824868452,40.415829249514942]},"properties":{"ESA_ESPECIE":"RPS","NOMBRE_COMUN":"Falsa acacia","NOMBRE_ESPECIE":"Robinia pseudoacacia","ALTURA":"5","MINTDISTRITO":"01","NOMBRE_DISTRITO":"CENTRO","MINTBARRIO":"013","NOMBRE_BARRIO":"CORTES","OBJECTID":51228467}},{"type":"Feature","id":51005674,"geometry":{"type":"Point","coordinates":[-3.6943302605378108,40.413892488634474]},"properties":{"ESA_ESPECIE":"LJA","NOMBRE_COMUN":"Aligustre del Japón","NOMBRE_ESPECIE":"Ligustrum japonicum","ALTURA":"4","MINTDISTRITO":"01","NOMBRE_DISTRITO":"CENTRO","MINTBARRIO":"013","NOMBRE_BARRIO":"CORTES","OBJECTID":51005674}},{"type":"Feature","id":51065282,"geometry":{"type":"Point","coordinates":[-3.6924421055064194,40.418092559745524]},"properties":{"ESA_ESPECIE":"AJU","NOMBRE_COMUN":"Acacia de Constantinopla","NOMBRE_ESPECIE":"Albizia julibrissin","ALTURA":"3,5","MINTDISTRITO":"03","NOMBRE_DISTRITO":"RETIRO","MINTBARRIO":"035","NOMBRE_BARRIO":"LOS JERONIMOS","OBJECTID":51065282}},{"type":"Feature","id":51288567,"geometry":{"type":"Point","coordinates":[-3.6896172766648925,40.416746140751506]},"properties":{"ESA_ESPECIE":"PDA","NOMBRE_COMUN":"Plátano de sombra/Platanus x hybrida","NOMBRE_ESPECIE":"Platanus x hispanica","ALTURA":"5","MINTDISTRITO":"03","NOMBRE_DISTRITO":"RETIRO","MINTBARRIO":"035","NOMBRE_BARRIO":"LOS JERONIMOS","OBJECTID":51288567}},{"type":"Feature","id":50585523,"geometry":{"type":"Point","coordinates":[-3.6918669043610914,40.405242398555089]},"properties":{"ESA_ESPECIE":"SJA","NOMBRE_COMUN":"Acacia del Japón","NOMBRE_ESPECIE":"Sophora japonica","ALTURA":"6","MINTDISTRITO":"02","NOMBRE_DISTRITO":"ARGANZUELA","MINTBARRIO":"026","NOMBRE_BARRIO":"PALOS DE LA FRONTERA","OBJECTID":50585523}},{"type":"Feature","id":51033454,"geometry":{"type":"Point","coordinates":[-3.6920523413357569,40.405748174740296]},"properties":{"ESA_ESPECIE":"AUM","NOMBRE_COMUN":"Arce tridente","NOMBRE_ESPECIE":"Acer buergerianum","ALTURA":"4,5","MINTDISTRITO":"02","NOMBRE_DISTRITO":"ARGANZUELA","MINTBARRIO":"026","NOMBRE_BARRIO":"PALOS DE LA FRONTERA","OBJECTID":51033454}},{"type":"Feature","id":51352185,"geometry":{"type":"Point","coordinates":[-3.6922541929490413,40.405132512237245]},"properties":{"ESA_ESPECIE":"AUM","NOMBRE_COMUN":"Arce tridente","NOMBRE_ESPECIE":"Acer buergerianum","ALTURA":"4","MINTDISTRITO":"02","NOMBRE_DISTRITO":"ARGANZUELA","MINTBARRIO":"026","NOMBRE_BARRIO":"PALOS DE LA FRONTERA","OBJECTID":51352185}},{"type":"Feature","id":51380738,"geometry":{"type":"Point","coordinates":[-3.6947804563242439,40.405744336310626]},"properties":{"ESA_ESPECIE":"PDA","NOMBRE_COMUN":"Plátano de sombra/Platanus x hybrida","NOMBRE_ESPECIE":"Platanus x hispanica","ALTURA":"14","MINTDISTRITO":"02","NOMBRE_DISTRITO":"ARGANZUELA","MINTBARRIO":"026","NOMBRE_BARRIO":"PALOS DE LA FRONTERA","OBJECTID":51380738}},{"type":"Feature","id":51249807,"geometry":{"type":"Point","coordinates":[-3.6925096155251498,40.407898656569259]},"properties":{"ESA_ESPECIE":"AII","NOMBRE_COMUN":"Arce de Freeman","NOMBRE_ESPECIE":"Acer x freemanii","ALTURA":"7","MINTDISTRITO":"02","NOMBRE_DISTRITO":"ARGANZUELA","MINTBARRIO":"027","NOMBRE_BARRIO":"ATOCHA","OBJECTID":51249807}},{"type":"Feature","id":50564464,"geometry":{"type":"Point","coordinates":[-3.6938823510065708,40.417966698319745]},"properties":{"ESA_ESPECIE":"PDA","NOMBRE_COMUN":"Plátano de sombra","NOMBRE_ESPECIE":"Platanus x hybrida","ALTURA":"7","MINTDISTRITO":"01","NOMBRE_DISTRITO":"CENTRO","MINTBARRIO":"013","NOMBRE_BARRIO":"CORTES","OBJECTID":50564464}},{"type":"Feature","id":50591357,"geometry":{"type":"Point","coordinates":[-3.6820411264220385,40.408795572391355]},"properties":{"ESA_ESPECIE":"PCP","NOMBRE_COMUN":"Ciruelo púrpura","NOMBRE_ESPECIE":"Prunus cerasifera  subsp. pissardii","ALTURA":"2","MINTDISTRITO":"03","NOMBRE_DISTRITO":"RETIRO","MINTBARRIO":"035","NOMBRE_BARRIO":"LOS JERONIMOS","OBJECTID":50591357}},{"type":"Feature","id":50985597,"geometry":{"type":"Point","coordinates":[-3.695905878501391,40.407675615275309]},"properties":{"ESA_ESPECIE":"RPS","NOMBRE_COMUN":"Falsa acacia","NOMBRE_ESPECIE":"Robinia pseudoacacia","ALTURA":"10","MINTDISTRITO":"01","NOMBRE_DISTRITO":"CENTRO","MINTBARRIO":"012","NOMBRE_BARRIO":"EMBAJADORES","OBJECTID":50985597}},{"type":"Feature","id":51186535,"geometry":{"type":"Point","coordinates":[-3.6958579283274839,40.408490782199493]},"properties":{"ESA_ESPECIE":"LJV","NOMBRE_COMUN":"Aligustre variegado","NOMBRE_ESPECIE":"Ligustrum japonicum 'Variegatum'","ALTURA":"4","MINTDISTRITO":"01","NOMBRE_DISTRITO":"CENTRO","MINTBARRIO":"012","NOMBRE_BARRIO":"EMBAJADORES","OBJECTID":51186535}},{"type":"Feature","id":50703648,"geometry":{"type":"Point","coordinates":[-3.6789389037353537,40.419615686231161]},"properties":{"ESA_ESPECIE":"LJA","NOMBRE_COMUN":"Aligustre del Japón","NOMBRE_ESPECIE":"Ligustrum japonicum","ALTURA":"6","MINTDISTRITO":"03","NOMBRE_DISTRITO":"RETIRO","MINTBARRIO":"034","NOMBRE_BARRIO":"IBIZA","OBJECTID":50703648}},{"type":"Feature","id":50710312,"geometry":{"type":"Point","coordinates":[-3.683751132958005,40.406580774783954]},"properties":{"ESA_ESPECIE":"PDA","NOMBRE_COMUN":"Plátano de sombra/Platanus x hybrida","NOMBRE_ESPECIE":"Platanus x hispanica","ALTURA":"15","MINTDISTRITO":"03","NOMBRE_DISTRITO":"RETIRO","MINTBARRIO":"031","NOMBRE_BARRIO":"PACIFICO","OBJECTID":50710312}},{"type":"Feature","id":50707395,"geometry":{"type":"Point","coordinates":[-3.683738454059466,40.404230744768967]},"properties":{"ESA_ESPECIE":"PDA","NOMBRE_COMUN":"Plátano de sombra/Platanus x hybrida","NOMBRE_ESPECIE":"Platanus x hispanica","ALTURA":"6","MINTDISTRITO":"03","NOMBRE_DISTRITO":"RETIRO","MINTBARRIO":"031","NOMBRE_BARRIO":"PACIFICO","OBJECTID":50707395}},{"type":"Feature","id":50706233,"geometry":{"type":"Point","coordinates":[-3.6860162638495879,40.406482672277541]},"properties":{"ESA_ESPECIE":"PDA","NOMBRE_COMUN":"Plátano de sombra/Platanus x hybrida","NOMBRE_ESPECIE":"Platanus x hispanica","ALTURA":"9","MINTDISTRITO":"03","NOMBRE_DISTRITO":"RETIRO","MINTBARRIO":"035","NOMBRE_BARRIO":"LOS JERONIMOS","OBJECTID":50706233}},{"type":"Feature","id":50703316,"geometry":{"type":"Point","coordinates":[-3.6821979946288361,40.407334458084044]},"properties":{"ESA_ESPECIE":"SJA","NOMBRE_COMUN":"Acacia del Japón/Sophora japonica","NOMBRE_ESPECIE":"Styphnolobium japonicum","ALTURA":"10","MINTDISTRITO":"03","NOMBRE_DISTRITO":"RETIRO","MINTBARRIO":"035","NOMBRE_BARRIO":"LOS JERONIMOS","OBJECTID":50703316}},{"type":"Feature","id":51065422,"geometry":{"type":"Point","coordinates":[-3.6914837385718342,40.417506824787672]},"properties":{"ESA_ESPECIE":"SJA","NOMBRE_COMUN":"Acacia del Japón/Sophora japonica","NOMBRE_ESPECIE":"Styphnolobium japonicum","ALTURA":"4","MINTDISTRITO":"03","NOMBRE_DISTRITO":"RETIRO","MINTBARRIO":"035","NOMBRE_BARRIO":"LOS JERONIMOS","OBJECTID":51065422}},{"type":"Feature","id":51215586,"geometry":{"type":"Point","coordinates":[-3.6893387897403915,40.416770747547531]},"properties":{"ESA_ESPECIE":"PDA","NOMBRE_COMUN":"Plátano de sombra/Platanus x hybrida","NOMBRE_ESPECIE":"Platanus x hispanica","ALTURA":"8","MINTDISTRITO":"03","NOMBRE_DISTRITO":"RETIRO","MINTBARRIO":"035","NOMBRE_BARRIO":"LOS JERONIMOS","OBJECTID":51215586}},{"type":"Feature","id":51180298,"geometry":{"type":"Point","coordinates":[-3.6904455752274612,40.419500045945028]},"properties":{"ESA_ESPECIE":"SJA","NOMBRE_COMUN":"Acacia del Japón/Sophora japonica","NOMBRE_ESPECIE":"Styphnolobium japonicum","ALTURA":"9","MINTDISTRITO":"03","NOMBRE_DISTRITO":"RETIRO","MINTBARRIO":"035","NOMBRE_BARRIO":"LOS JERONIMOS","OBJECTID":51180298}},{"type":"Feature","id":51228582,"geometry":{"type":"Point","coordinates":[-3.6927573507907967,40.411562245976967]},"properties":{"ESA_ESPECIE":"SJA","NOMBRE_COMUN":"Acacia del Japón/Sophora japonica","NOMBRE_ESPECIE":"Styphnolobium japonicum","ALTURA":"12","MINTDISTRITO":"01","NOMBRE_DISTRITO":"CENTRO","MINTBARRIO":"013","NOMBRE_BARRIO":"CORTES","OBJECTID":51228582}},{"type":"Feature","id":51228653,"geometry":{"type":"Point","coordinates":[-3.6931655574776747,40.413121752909824]},"properties":{"ESA_ESPECIE":"SJA","NOMBRE_COMUN":"Acacia del Japón/Sophora japonica","NOMBRE_ESPECIE":"Styphnolobium japonicum","ALTURA":"8","MINTDISTRITO":"01","NOMBRE_DISTRITO":"CENTRO","MINTBARRIO":"013","NOMBRE_BARRIO":"CORTES","OBJECTID":51228653}},{"type":"Feature","id":51017802,"geometry":{"type":"Point","coordinates":[-3.6776391061402292,40.404466473120628]},"properties":{"ESA_ESPECIE":"SJA","NOMBRE_COMUN":"Acacia del Japón/Sophora japonica","NOMBRE_ESPECIE":"Styphnolobium japonicum","ALTURA":"5","MINTDISTRITO":"03","NOMBRE_DISTRITO":"RETIRO","MINTBARRIO":"031","NOMBRE_BARRIO":"PACIFICO","OBJECTID":51017802}},{"type":"Feature","id":51075667,"geometry":{"type":"Point","coordinates":[-3.6940428084325454,40.416873425496867]},"properties":{"ESA_ESPECIE":"AMO","NOMBRE_COMUN":"Arce de Montpellier","NOMBRE_ESPECIE":"Acer monspessulanum","ALTURA":"4,5","MINTDISTRITO":"01","NOMBRE_DISTRITO":"CENTRO","MINTBARRIO":"013","NOMBRE_BARRIO":"CORTES","OBJECTID":51075667}},{"type":"Feature","id":51228819,"geometry":{"type":"Point","coordinates":[-3.6938097674155421,40.414787256840953]},"properties":{"ESA_ESPECIE":"PDA","NOMBRE_COMUN":"Plátano de sombra/Platanus x hybrida","NOMBRE_ESPECIE":"Platanus x hispanica","ALTURA":"20","MINTDISTRITO":"01","NOMBRE_DISTRITO":"CENTRO","MINTBARRIO":"013","NOMBRE_BARRIO":"CORTES","OBJECTID":51228819}},{"type":"Feature","id":51074078,"geometry":{"type":"Point","coordinates":[-3.6935890599144998,40.413300448205568]},"properties":{"ESA_ESPECIE":"PCY","NOMBRE_COMUN":"Peral de flor","NOMBRE_ESPECIE":"Pyrus calleryana","ALTURA":"4","MINTDISTRITO":"01","NOMBRE_DISTRITO":"CENTRO","MINTBARRIO":"013","NOMBRE_BARRIO":"CORTES","OBJECTID":51074078}},{"type":"Feature","id":51002150,"geometry":{"type":"Point","coordinates":[-3.6946626157510218,40.410082717037383]},"properties":{"ESA_ESPECIE":"SJA","NOMBRE_COMUN":"Acacia del Japón/Sophora japonica","NOMBRE_ESPECIE":"Styphnolobium japonicum","ALTURA":"16","MINTDISTRITO":"01","NOMBRE_DISTRITO":"CENTRO","MINTBARRIO":"012","NOMBRE_BARRIO":"EMBAJADORES","OBJECTID":51002150}},{"type":"Feature","id":50590361,"geometry":{"type":"Point","coordinates":[-3.680835655191923,40.406435905960024]},"properties":{"ESA_ESPECIE":"SJA","NOMBRE_COMUN":"Acacia del Japón/Sophora japonica","NOMBRE_ESPECIE":"Styphnolobium japonicum","ALTURA":"6,5","MINTDISTRITO":"03","NOMBRE_DISTRITO":"RETIRO","MINTBARRIO":"031","NOMBRE_BARRIO":"PACIFICO","OBJECTID":50590361}},{"type":"Feature","id":50702154,"geometry":{"type":"Point","coordinates":[-3.6805269925885042,40.405122129089506]},"properties":{"ESA_ESPECIE":"PDA","NOMBRE_COMUN":"Plátano de sombra/Platanus x hybrida","NOMBRE_ESPECIE":"Platanus x hispanica","ALTURA":"6","MINTDISTRITO":"03","NOMBRE_DISTRITO":"RETIRO","MINTBARRIO":"031","NOMBRE_BARRIO":"PACIFICO","OBJECTID":50702154}},{"type":"Feature","id":50585500,"geometry":{"type":"Point","coordinates":[-3.6940653310623022,40.404113125853719]},"properties":{"ESA_ESPECIE":"UPU","NOMBRE_COMUN":"Olmo de Siberia","NOMBRE_ESPECIE":"Ulmus pumila","ALTURA":"15","MINTDISTRITO":"02","NOMBRE_DISTRITO":"ARGANZUELA","MINTBARRIO":"026","NOMBRE_BARRIO":"PALOS DE LA FRONTERA","OBJECTID":50585500}},{"type":"Feature","id":50597617,"geometry":{"type":"Point","coordinates":[-3.6920242122495197,40.404678210454051]},"properties":{"ESA_ESPECIE":"AII","NOMBRE_COMUN":"Arce de Freeman","NOMBRE_ESPECIE":"Acer freemanii","ALTURA":"4,5","MINTDISTRITO":"02","NOMBRE_DISTRITO":"ARGANZUELA","MINTBARRIO":"026","NOMBRE_BARRIO":"PALOS DE LA FRONTERA","OBJECTID":50597617}},{"type":"Feature","id":50586305,"geometry":{"type":"Point","coordinates":[-3.6897206895899117,40.409549390132156]},"properties":{"ESA_ESPECIE":"RPS","NOMBRE_COMUN":"Falsa acacia","NOMBRE_ESPECIE":"Robinia pseudoacacia","ALTURA":"13,5","MINTDISTRITO":"03","NOMBRE_DISTRITO":"RETIRO","MINTBARRIO":"035","NOMBRE_BARRIO":"LOS JERONIMOS","OBJECTID":50586305}},{"type":"Feature","id":50985857,"geometry":{"type":"Point","coordinates":[-3.6956435345641117,40.419316237954597]},"properties":{"ESA_ESPECIE":"LJV","NOMBRE_COMUN":"Aligustre variegado","NOMBRE_ESPECIE":"Ligustrum japonicum 'Variegatum'","ALTURA":"6","MINTDISTRITO":"01","NOMBRE_DISTRITO":"CENTRO","MINTBARRIO":"014","NOMBRE_BARRIO":"JUSTICIA","OBJECTID":50985857}},{"type":"Feature","id":50998189,"geometry":{"type":"Point","coordinates":[-3.695794902674312,40.415832854217953]},"properties":{"ESA_ESPECIE":"SJA","NOMBRE_COMUN":"Acacia del Japón/Sophora japonica","NOMBRE_ESPECIE":"Styphnolobium japonicum","ALTURA":"4","MINTDISTRITO":"01","NOMBRE_DISTRITO":"CENTRO","MINTBARRIO":"013","NOMBRE_BARRIO":"CORTES","OBJECTID":50998189}},{"type":"Feature","id":51185682,"geometry":{"type":"Point","coordinates":[-3.6919727456608689,40.420197332628042]},"properties":{"ESA_ESPECIE":"BPU","NOMBRE_COMUN":"Abedul pubescente","NOMBRE_ESPECIE":"Betula pubescens","ALTURA":"5,5","MINTDISTRITO":"04","NOMBRE_DISTRITO":"SALAMANCA","MINTBARRIO":"041","NOMBRE_BARRIO":"RECOLETOS","OBJECTID":51185682}},{"type":"Feature","id":51354627,"geometry":{"type":"Point","coordinates":[-3.6826865393734369,40.408530752835965]},"properties":{"ESA_ESPECIE":"RTY","NOMBRE_COMUN":"Zumaque de Virginia","NOMBRE_ESPECIE":"Rhus typhina","ALTURA":"3","MINTDISTRITO":"03","NOMBRE_DISTRITO":"RETIRO","MINTBARRIO":"035","NOMBRE_BARRIO":"LOS JERONIMOS","OBJECTID":51354627}},{"type":"Feature","id":50638075,"geometry":{"type":"Point","coordinates":[-3.6893791079290081,40.419532527128048]},"properties":{"ESA_ESPECIE":"PDA","NOMBRE_COMUN":"Plátano de sombra/Platanus x hybrida","NOMBRE_ESPECIE":"Platanus x hispanica","ALTURA":"14","MINTDISTRITO":"03","NOMBRE_DISTRITO":"RETIRO","MINTBARRIO":"035","NOMBRE_BARRIO":"LOS JERONIMOS","OBJECTID":50638075}},{"type":"Feature","id":51412944,"geometry":{"type":"Point","coordinates":[-3.693042956029672,40.418318681189085]},"properties":{"ESA_ESPECIE":"SJA","NOMBRE_COMUN":"Acacia del Japón/Sophora japonica","NOMBRE_ESPECIE":"Styphnolobium japonicum","ALTURA":"12","MINTDISTRITO":"03","NOMBRE_DISTRITO":"RETIRO","MINTBARRIO":"035","NOMBRE_BARRIO":"LOS JERONIMOS","OBJECTID":51412944}},{"type":"Feature","id":51181151,"geometry":{"type":"Point","coordinates":[-3.6904561834558889,40.414153419807022]},"properties":{"ESA_ESPECIE":"SJA","NOMBRE_COMUN":"Acacia del Japón/Sophora japonica","NOMBRE_ESPECIE":"Styphnolobium japonicum","ALTURA":"3","MINTDISTRITO":"03","NOMBRE_DISTRITO":"RETIRO","MINTBARRIO":"035","NOMBRE_BARRIO":"LOS JERONIMOS","OBJECTID":51181151}},{"type":"Feature","id":50699380,"geometry":{"type":"Point","coordinates":[-3.6791219381835987,40.419670647495352]},"properties":{"ESA_ESPECIE":"PDA","NOMBRE_COMUN":"Plátano de sombra/Platanus x hybrida","NOMBRE_ESPECIE":"Platanus x hispanica","ALTURA":"12","MINTDISTRITO":"03","NOMBRE_DISTRITO":"RETIRO","MINTBARRIO":"034","NOMBRE_BARRIO":"IBIZA","OBJECTID":50699380}},{"type":"Feature","id":51412895,"geometry":{"type":"Point","coordinates":[-3.6934065962767697,40.416359258810395]},"properties":{"ESA_ESPECIE":"PDA","NOMBRE_COMUN":"Plátano de sombra/Platanus x hybrida","NOMBRE_ESPECIE":"Platanus x hispanica","ALTURA":"20","MINTDISTRITO":"03","NOMBRE_DISTRITO":"RETIRO","MINTBARRIO":"035","NOMBRE_BARRIO":"LOS JERONIMOS","OBJECTID":51412895}},{"type":"Feature","id":50696060,"geometry":{"type":"Point","coordinates":[-3.6817520937669235,40.405822754408035]},"properties":{"ESA_ESPECIE":"RPS","NOMBRE_COMUN":"Falsa acacia","NOMBRE_ESPECIE":"Robinia pseudoacacia","ALTURA":"7","MINTDISTRITO":"03","NOMBRE_DISTRITO":"RETIRO","MINTBARRIO":"031","NOMBRE_BARRIO":"PACIFICO","OBJECTID":50696060}},{"type":"Feature","id":50705663,"geometry":{"type":"Point","coordinates":[-3.6799473330768611,40.405037250464076]},"properties":{"ESA_ESPECIE":"SJA","NOMBRE_COMUN":"Acacia del Japón/Sophora japonica","NOMBRE_ESPECIE":"Styphnolobium japonicum","ALTURA":"7","MINTDISTRITO":"03","NOMBRE_DISTRITO":"RETIRO","MINTBARRIO":"031","NOMBRE_BARRIO":"PACIFICO","OBJECTID":50705663}},{"type":"Feature","id":51017825,"geometry":{"type":"Point","coordinates":[-3.6924247439918343,40.418058168095982]},"properties":{"ESA_ESPECIE":"SJA","NOMBRE_COMUN":"Acacia del Japón/Sophora japonica","NOMBRE_ESPECIE":"Styphnolobium japonicum","ALTURA":"4","MINTDISTRITO":"03","NOMBRE_DISTRITO":"RETIRO","MINTBARRIO":"035","NOMBRE_BARRIO":"LOS JERONIMOS","OBJECTID":51017825}},{"type":"Feature","id":50699214,"geometry":{"type":"Point","coordinates":[-3.6914232997523566,40.418224666559766]},"properties":{"ESA_ESPECIE":"LJA","NOMBRE_COMUN":"Aligustre del Japón","NOMBRE_ESPECIE":"Ligustrum japonicum","ALTURA":"3","MINTDISTRITO":"03","NOMBRE_DISTRITO":"RETIRO","MINTBARRIO":"035","NOMBRE_BARRIO":"LOS JERONIMOS","OBJECTID":50699214}},{"type":"Feature","id":51034522,"geometry":{"type":"Point","coordinates":[-3.6910813550650441,40.417275698212315]},"properties":{"ESA_ESPECIE":"SJA","NOMBRE_COMUN":"Acacia del Japón/Sophora japonica","NOMBRE_ESPECIE":"Styphnolobium japonicum","ALTURA":"4,5","MINTDISTRITO":"03","NOMBRE_DISTRITO":"RETIRO","MINTBARRIO":"035","NOMBRE_BARRIO":"LOS JERONIMOS","OBJECTID":51034522}},{"type":"Feature","id":50978054,"geometry":{"type":"Point","coordinates":[-3.6956737367195043,40.409239741434796]},"properties":{"ESA_ESPECIE":"AJU","NOMBRE_COMUN":"Acacia de Constantinopla","NOMBRE_ESPECIE":"Albizia julibrissin","ALTURA":"4","MINTDISTRITO":"01","NOMBRE_DISTRITO":"CENTRO","MINTBARRIO":"012","NOMBRE_BARRIO":"EMBAJADORES","OBJECTID":50978054}},{"type":"Feature","id":51335749,"geometry":{"type":"Point","coordinates":[-3.6914236770151616,40.405693746293927]},"properties":{"ESA_ESPECIE":"UPU","NOMBRE_COMUN":"Olmo de Siberia","NOMBRE_ESPECIE":"Ulmus pumila","ALTURA":"10,5","MINTDISTRITO":"02","NOMBRE_DISTRITO":"ARGANZUELA","MINTBARRIO":"026","NOMBRE_BARRIO":"PALOS DE LA FRONTERA","OBJECTID":51335749}},{"type":"Feature","id":51336416,"geometry":{"type":"Point","coordinates":[-3.6898462038449797,40.404442512294082]},"properties":{"ESA_ESPECIE":"UPU","NOMBRE_COMUN":"Olmo de Siberia","NOMBRE_ESPECIE":"Ulmus pumila","ALTURA":"14","MINTDISTRITO":"02","NOMBRE_DISTRITO":"ARGANZUELA","MINTBARRIO":"027","NOMBRE_BARRIO":"ATOCHA","OBJECTID":51336416}},{"type":"Feature","id":50585572,"geometry":{"type":"Point","coordinates":[-3.6949562739659814,40.405318907801146]},"properties":{"ESA_ESPECIE":"UPU","NOMBRE_COMUN":"Olmo de Siberia","NOMBRE_ESPECIE":"Ulmus pumila","ALTURA":"14","MINTDISTRITO":"02","NOMBRE_DISTRITO":"ARGANZUELA","MINTBARRIO":"026","NOMBRE_BARRIO":"PALOS DE LA FRONTERA","OBJECTID":50585572}},{"type":"Feature","id":51346732,"geometry":{"type":"Point","coordinates":[-3.691464178044717,40.409624778729089]},"properties":{"ESA_ESPECIE":"AHI","NOMBRE_COMUN":"Castaño de indias","NOMBRE_ESPECIE":"Aesculus hippocastanum","ALTURA":"7","MINTDISTRITO":"03","NOMBRE_DISTRITO":"RETIRO","MINTBARRIO":"035","NOMBRE_BARRIO":"LOS JERONIMOS","OBJECTID":51346732}},{"type":"Feature","id":50984887,"geometry":{"type":"Point","coordinates":[-3.6925457192313247,40.409660540044165]},"properties":{"ESA_ESPECIE":"PDA","NOMBRE_COMUN":"Plátano de sombra/Platanus x hybrida","NOMBRE_ESPECIE":"Platanus x hispanica","ALTURA":"19","MINTDISTRITO":"01","NOMBRE_DISTRITO":"CENTRO","MINTBARRIO":"013","NOMBRE_BARRIO":"CORTES","OBJECTID":50984887}},{"type":"Feature","id":50699523,"geometry":{"type":"Point","coordinates":[-3.6820145702503946,40.407193422199185]},"properties":{"ESA_ESPECIE":"SJA","NOMBRE_COMUN":"Acacia del Japón/Sophora japonica","NOMBRE_ESPECIE":"Styphnolobium japonicum","ALTURA":"13","MINTDISTRITO":"03","NOMBRE_DISTRITO":"RETIRO","MINTBARRIO":"035","NOMBRE_BARRIO":"LOS JERONIMOS","OBJECTID":50699523}},{"type":"Feature","id":51041400,"geometry":{"type":"Point","coordinates":[-3.6835987057700232,40.407722547843512]},"properties":{"ESA_ESPECIE":"SJA","NOMBRE_COMUN":"Acacia del Japón/Sophora japonica","NOMBRE_ESPECIE":"Styphnolobium japonicum","ALTURA":"4,5","MINTDISTRITO":"03","NOMBRE_DISTRITO":"RETIRO","MINTBARRIO":"035","NOMBRE_BARRIO":"LOS JERONIMOS","OBJECTID":51041400}},{"type":"Feature","id":51179253,"geometry":{"type":"Point","coordinates":[-3.6879129438146285,40.4079722049566]},"properties":{"ESA_ESPECIE":"PHA","NOMBRE_COMUN":"Pino carrasco","NOMBRE_ESPECIE":"Pinus halepensis","ALTURA":"6","MINTDISTRITO":"03","NOMBRE_DISTRITO":"RETIRO","MINTBARRIO":"035","NOMBRE_BARRIO":"LOS JERONIMOS","OBJECTID":51179253}},{"type":"Feature","id":50696034,"geometry":{"type":"Point","coordinates":[-3.6848278351975261,40.407893059114663]},"properties":{"ESA_ESPECIE":"LJA","NOMBRE_COMUN":"Aligustre del Japón","NOMBRE_ESPECIE":"Ligustrum japonicum","ALTURA":"3,5","MINTDISTRITO":"03","NOMBRE_DISTRITO":"RETIRO","MINTBARRIO":"035","NOMBRE_BARRIO":"LOS JERONIMOS","OBJECTID":50696034}},{"type":"Feature","id":50696867,"geometry":{"type":"Point","coordinates":[-3.6783618162942999,40.417556452275647]},"properties":{"ESA_ESPECIE":"PDA","NOMBRE_COMUN":"Plátano de sombra/Platanus x hybrida","NOMBRE_ESPECIE":"Platanus x hispanica","ALTURA":"8","MINTDISTRITO":"03","NOMBRE_DISTRITO":"RETIRO","MINTBARRIO":"034","NOMBRE_BARRIO":"IBIZA","OBJECTID":50696867}},{"type":"Feature","id":51179920,"geometry":{"type":"Point","coordinates":[-3.6787929544193796,40.407120839283344]},"properties":{"ESA_ESPECIE":"PDA","NOMBRE_COMUN":"Plátano de sombra/Platanus x hybrida","NOMBRE_ESPECIE":"Platanus x hispanica","ALTURA":"22","MINTDISTRITO":"03","NOMBRE_DISTRITO":"RETIRO","MINTBARRIO":"031","NOMBRE_BARRIO":"PACIFICO","OBJECTID":51179920}},{"type":"Feature","id":50564679,"geometry":{"type":"Point","coordinates":[-3.6784112698137168,40.40726340462416]},"properties":{"ESA_ESPECIE":"PCP","NOMBRE_COMUN":"Ciruelo púrpura","NOMBRE_ESPECIE":"Prunus cerasifera  subsp. pissardii","ALTURA":"1,6","MINTDISTRITO":"03","NOMBRE_DISTRITO":"RETIRO","MINTBARRIO":"031","NOMBRE_BARRIO":"PACIFICO","OBJECTID":50564679}},{"type":"Feature","id":51025748,"geometry":{"type":"Point","coordinates":[-3.6791575338130156,40.404493474275881]},"properties":{"ESA_ESPECIE":"SJA","NOMBRE_COMUN":"Acacia del Japón/Sophora japonica","NOMBRE_ESPECIE":"Styphnolobium japonicum","ALTURA":"4,5","MINTDISTRITO":"03","NOMBRE_DISTRITO":"RETIRO","MINTBARRIO":"031","NOMBRE_BARRIO":"PACIFICO","OBJECTID":51025748}},{"type":"Feature","id":51171928,"geometry":{"type":"Point","coordinates":[-3.6857948131909324,40.405900234647689]},"properties":{"ESA_ESPECIE":"PDA","NOMBRE_COMUN":"Plátano de sombra/Platanus x hybrida","NOMBRE_ESPECIE":"Platanus x hispanica","ALTURA":"17","MINTDISTRITO":"03","NOMBRE_DISTRITO":"RETIRO","MINTBARRIO":"031","NOMBRE_BARRIO":"PACIFICO","OBJECTID":51171928}},{"type":"Feature","id":51288559,"geometry":{"type":"Point","coordinates":[-3.6882253089539216,40.41944149988413]},"properties":{"ESA_ESPECIE":"PDA","NOMBRE_COMUN":"Plátano de sombra/Platanus x hybrida","NOMBRE_ESPECIE":"Platanus x hispanica","ALTURA":"5","MINTDISTRITO":"03","NOMBRE_DISTRITO":"RETIRO","MINTBARRIO":"035","NOMBRE_BARRIO":"LOS JERONIMOS","OBJECTID":51288559}},{"type":"Feature","id":50699449,"geometry":{"type":"Point","coordinates":[-3.6888898109230737,40.410139031474898]},"properties":{"ESA_ESPECIE":"PDA","NOMBRE_COMUN":"Plátano de sombra/Platanus x hybrida","NOMBRE_ESPECIE":"Platanus x hispanica","ALTURA":"10","MINTDISTRITO":"03","NOMBRE_DISTRITO":"RETIRO","MINTBARRIO":"035","NOMBRE_BARRIO":"LOS JERONIMOS","OBJECTID":50699449}},{"type":"Feature","id":50693784,"geometry":{"type":"Point","coordinates":[-3.6901951823161228,40.412862539621102]},"properties":{"ESA_ESPECIE":"SJA","NOMBRE_COMUN":"Acacia del Japón/Sophora japonica","NOMBRE_ESPECIE":"Styphnolobium japonicum","ALTURA":"12","MINTDISTRITO":"03","NOMBRE_DISTRITO":"RETIRO","MINTBARRIO":"035","NOMBRE_BARRIO":"LOS JERONIMOS","OBJECTID":50693784}},{"type":"Feature","id":50697030,"geometry":{"type":"Point","coordinates":[-3.6906658934684651,40.412636826740545]},"properties":{"ESA_ESPECIE":"SJA","NOMBRE_COMUN":"Acacia del Japón/Sophora japonica","NOMBRE_ESPECIE":"Styphnolobium japonicum","ALTURA":"11","MINTDISTRITO":"03","NOMBRE_DISTRITO":"RETIRO","MINTBARRIO":"035","NOMBRE_BARRIO":"LOS JERONIMOS","OBJECTID":50697030}},{"type":"Feature","id":51382942,"geometry":{"type":"Point","coordinates":[-3.6776391061402292,40.404466473120628]},"properties":{"ESA_ESPECIE":"SJA","NOMBRE_COMUN":"Acacia del Japón/Sophora japonica","NOMBRE_ESPECIE":"Styphnolobium japonicum","ALTURA":"4,5","MINTDISTRITO":"03","NOMBRE_DISTRITO":"RETIRO","MINTBARRIO":"031","NOMBRE_BARRIO":"PACIFICO","OBJECTID":51382942}},{"type":"Feature","id":50708511,"geometry":{"type":"Point","coordinates":[-3.6884523191170415,40.420923487083407]},"properties":{"ESA_ESPECIE":"PDA","NOMBRE_COMUN":"Plátano de sombra/Platanus x hybrida","NOMBRE_ESPECIE":"Platanus x hispanica","ALTURA":"9,5","MINTDISTRITO":"04","NOMBRE_DISTRITO":"SALAMANCA","MINTBARRIO":"041","NOMBRE_BARRIO":"RECOLETOS","OBJECTID":50708511}},{"type":"Feature","id":51029827,"geometry":{"type":"Point","coordinates":[-3.6777174907503674,40.420081268705601]},"properties":{"ESA_ESPECIE":"LJA","NOMBRE_COMUN":"Aligustre del Japón","NOMBRE_ESPECIE":"Ligustrum japonicum","ALTURA":"3,5","MINTDISTRITO":"03","NOMBRE_DISTRITO":"RETIRO","MINTBARRIO":"034","NOMBRE_BARRIO":"IBIZA","OBJECTID":51029827}},{"type":"Feature","id":51020101,"geometry":{"type":"Point","coordinates":[-3.6914902496349007,40.417899859480507]},"properties":{"ESA_ESPECIE":"SJA","NOMBRE_COMUN":"Acacia del Japón/Sophora japonica","NOMBRE_ESPECIE":"Styphnolobium japonicum","ALTURA":"4,5","MINTDISTRITO":"03","NOMBRE_DISTRITO":"RETIRO","MINTBARRIO":"035","NOMBRE_BARRIO":"LOS JERONIMOS","OBJECTID":51020101}},{"type":"Feature","id":51183667,"geometry":{"type":"Point","coordinates":[-3.6889501434591319,40.419450912641615]},"properties":{"ESA_ESPECIE":"PDA","NOMBRE_COMUN":"Plátano de sombra/Platanus x hybrida","NOMBRE_ESPECIE":"Platanus x hispanica","ALTURA":"16","MINTDISTRITO":"03","NOMBRE_DISTRITO":"RETIRO","MINTBARRIO":"035","NOMBRE_BARRIO":"LOS JERONIMOS","OBJECTID":51183667}},{"type":"Feature","id":50707346,"geometry":{"type":"Point","coordinates":[-3.6922945141798058,40.418269273109843]},"properties":{"ESA_ESPECIE":"PAR","NOMBRE_COMUN":"Peral de flor 'Chanticleer'","NOMBRE_ESPECIE":"Pyrus calleryana 'Chanticleer'","ALTURA":"4,5","MINTDISTRITO":"03","NOMBRE_DISTRITO":"RETIRO","MINTBARRIO":"035","NOMBRE_BARRIO":"LOS JERONIMOS","OBJECTID":50707346}},{"type":"Feature","id":51176007,"geometry":{"type":"Point","coordinates":[-3.6930941410577662,40.414345979470014]},"properties":{"ESA_ESPECIE":"SJA","NOMBRE_COMUN":"Acacia del Japón/Sophora japonica","NOMBRE_ESPECIE":"Styphnolobium japonicum","ALTURA":"8,5","MINTDISTRITO":"03","NOMBRE_DISTRITO":"RETIRO","MINTBARRIO":"035","NOMBRE_BARRIO":"LOS JERONIMOS","OBJECTID":51176007}},{"type":"Feature","id":51182834,"geometry":{"type":"Point","coordinates":[-3.6915976217008257,40.415106340714246]},"properties":{"ESA_ESPECIE":"SJA","NOMBRE_COMUN":"Acacia del Japón/Sophora japonica","NOMBRE_ESPECIE":"Styphnolobium japonicum","ALTURA":"5,5","MINTDISTRITO":"03","NOMBRE_DISTRITO":"RETIRO","MINTBARRIO":"035","NOMBRE_BARRIO":"LOS JERONIMOS","OBJECTID":51182834}},{"type":"Feature","id":51228533,"geometry":{"type":"Point","coordinates":[-3.6926090665640685,40.410513453348962]},"properties":{"ESA_ESPECIE":"PDA","NOMBRE_COMUN":"Plátano de sombra/Platanus x hybrida","NOMBRE_ESPECIE":"Platanus x hispanica","ALTURA":"20","MINTDISTRITO":"01","NOMBRE_DISTRITO":"CENTRO","MINTBARRIO":"013","NOMBRE_BARRIO":"CORTES","OBJECTID":51228533}},{"type":"Feature","id":51006112,"geometry":{"type":"Point","coordinates":[-3.6952104849596465,40.419121202413102]},"properties":{"ESA_ESPECIE":"SJA","NOMBRE_COMUN":"Acacia del Japón/Sophora japonica","NOMBRE_ESPECIE":"Styphnolobium japonicum","ALTURA":"4","MINTDISTRITO":"01","NOMBRE_DISTRITO":"CENTRO","MINTBARRIO":"014","NOMBRE_BARRIO":"JUSTICIA","OBJECTID":51006112}},{"type":"Feature","id":51412918,"geometry":{"type":"Point","coordinates":[-3.6932957903238637,40.417162178832939]},"properties":{"ESA_ESPECIE":"PDA","NOMBRE_COMUN":"Plátano de sombra/Platanus x hybrida","NOMBRE_ESPECIE":"Platanus x hispanica","ALTURA":"22","MINTDISTRITO":"03","NOMBRE_DISTRITO":"RETIRO","MINTBARRIO":"035","NOMBRE_BARRIO":"LOS JERONIMOS","OBJECTID":51412918}},{"type":"Feature","id":51228868,"geometry":{"type":"Point","coordinates":[-3.6937991142388453,40.414552202613734]},"properties":{"ESA_ESPECIE":"PDA","NOMBRE_COMUN":"Plátano de sombra/Platanus x hybrida","NOMBRE_ESPECIE":"Platanus x hispanica","ALTURA":"20","MINTDISTRITO":"01","NOMBRE_DISTRITO":"CENTRO","MINTBARRIO":"013","NOMBRE_BARRIO":"CORTES","OBJECTID":51228868}},{"type":"Feature","id":50979050,"geometry":{"type":"Point","coordinates":[-3.6948769525596266,40.414858181521204]},"properties":{"ESA_ESPECIE":"CACI","NOMBRE_COMUN":"Limpiatubos o escobillón rojo. sin: laevis","NOMBRE_ESPECIE":"Callistemon citrinus","ALTURA":"5,5","MINTDISTRITO":"01","NOMBRE_DISTRITO":"CENTRO","MINTBARRIO":"013","NOMBRE_BARRIO":"CORTES","OBJECTID":50979050}},{"type":"Feature","id":50604639,"geometry":{"type":"Point","coordinates":[-3.695066944935002,40.41474537233443]},"properties":{"ESA_ESPECIE":"PCY","NOMBRE_COMUN":"Peral de flor","NOMBRE_ESPECIE":"Pyrus calleryana","ALTURA":"4,3","MINTDISTRITO":"01","NOMBRE_DISTRITO":"CENTRO","MINTBARRIO":"013","NOMBRE_BARRIO":"CORTES","OBJECTID":50604639}},{"type":"Feature","id":50696203,"geometry":{"type":"Point","coordinates":[-3.6793826274433044,40.404375430400599]},"properties":{"ESA_ESPECIE":"UPU","NOMBRE_COMUN":"Olmo de Siberia","NOMBRE_ESPECIE":"Ulmus pumila","ALTURA":"13","MINTDISTRITO":"03","NOMBRE_DISTRITO":"RETIRO","MINTBARRIO":"031","NOMBRE_BARRIO":"PACIFICO","OBJECTID":50696203}},{"type":"Feature","id":51329443,"geometry":{"type":"Point","coordinates":[-3.6915456277962542,40.404075826818662]},"properties":{"ESA_ESPECIE":"AII","NOMBRE_COMUN":"Arce de Freeman","NOMBRE_ESPECIE":"Acer x freemanii","ALTURA":"7","MINTDISTRITO":"02","NOMBRE_DISTRITO":"ARGANZUELA","MINTBARRIO":"026","NOMBRE_BARRIO":"PALOS DE LA FRONTERA","OBJECTID":51329443}},{"type":"Feature","id":51256187,"geometry":{"type":"Point","coordinates":[-3.6959063683483526,40.404209177684344]},"properties":{"ESA_ESPECIE":"UPU","NOMBRE_COMUN":"Olmo de Siberia","NOMBRE_ESPECIE":"Ulmus pumila","ALTURA":"15","MINTDISTRITO":"02","NOMBRE_DISTRITO":"ARGANZUELA","MINTBARRIO":"026","NOMBRE_BARRIO":"PALOS DE LA FRONTERA","OBJECTID":51256187}},{"type":"Feature","id":50991479,"geometry":{"type":"Point","coordinates":[-3.6953089430510953,40.408391904174543]},"properties":{"ESA_ESPECIE":"RPS","NOMBRE_COMUN":"Falsa acacia","NOMBRE_ESPECIE":"Robinia pseudoacacia","ALTURA":"11","MINTDISTRITO":"01","NOMBRE_DISTRITO":"CENTRO","MINTBARRIO":"012","NOMBRE_BARRIO":"EMBAJADORES","OBJECTID":50991479}},{"type":"Feature","id":51073772,"geometry":{"type":"Point","coordinates":[-3.6932811368237513,40.407432426827668]},"properties":{"ESA_ESPECIE":"QIL","NOMBRE_COMUN":"Encina","NOMBRE_ESPECIE":"Quercus ilex","ALTURA":"7","MINTDISTRITO":"01","NOMBRE_DISTRITO":"CENTRO","MINTBARRIO":"012","NOMBRE_BARRIO":"EMBAJADORES","OBJECTID":51073772}},{"type":"Feature","id":51336390,"geometry":{"type":"Point","coordinates":[-3.6905697996284954,40.4050925212576]},"properties":{"ESA_ESPECIE":"SJA","NOMBRE_COMUN":"Acacia del Japón/Sophora japonica","NOMBRE_ESPECIE":"Styphnolobium japonicum","ALTURA":"10","MINTDISTRITO":"02","NOMBRE_DISTRITO":"ARGANZUELA","MINTBARRIO":"027","NOMBRE_BARRIO":"ATOCHA","OBJECTID":51336390}},{"type":"Feature","id":51413347,"geometry":{"type":"Point","coordinates":[-3.6934941341656149,40.4059042487441]},"properties":{"ESA_ESPECIE":"APS","NOMBRE_COMUN":"Falso plátano","NOMBRE_ESPECIE":"Acer pseudoplatanus","ALTURA":"5","MINTDISTRITO":"02","NOMBRE_DISTRITO":"ARGANZUELA","MINTBARRIO":"026","NOMBRE_BARRIO":"PALOS DE LA FRONTERA","OBJECTID":51413347}},{"type":"Feature","id":51179230,"geometry":{"type":"Point","coordinates":[-3.6880434629312244,40.407939356081556]},"properties":{"ESA_ESPECIE":"PHA","NOMBRE_COMUN":"Pino carrasco","NOMBRE_ESPECIE":"Pinus halepensis","ALTURA":"6","MINTDISTRITO":"03","NOMBRE_DISTRITO":"RETIRO","MINTBARRIO":"035","NOMBRE_BARRIO":"LOS JERONIMOS","OBJECTID":51179230}},{"type":"Feature","id":51179279,"geometry":{"type":"Point","coordinates":[-3.6874574817462618,40.407718317822251]},"properties":{"ESA_ESPECIE":"PPI","NOMBRE_COMUN":"Pino piñonero","NOMBRE_ESPECIE":"Pinus pinea","ALTURA":"4","MINTDISTRITO":"03","NOMBRE_DISTRITO":"RETIRO","MINTBARRIO":"035","NOMBRE_BARRIO":"LOS JERONIMOS","OBJECTID":51179279}},{"type":"Feature","id":51211911,"geometry":{"type":"Point","coordinates":[-3.6839865669391059,40.407471486779173]},"properties":{"ESA_ESPECIE":"CLE","NOMBRE_COMUN":"Ciprés de Leyland/x Cupressocyparis leylandii","NOMBRE_ESPECIE":"x Cupressocyparis x leylandii","ALTURA":"8","MINTDISTRITO":"03","NOMBRE_DISTRITO":"RETIRO","MINTBARRIO":"035","NOMBRE_BARRIO":"LOS JERONIMOS","OBJECTID":51211911}},{"type":"Feature","id":51002176,"geometry":{"type":"Point","coordinates":[-3.6960341020423519,40.410689832337617]},"properties":{"ESA_ESPECIE":"PDA","NOMBRE_COMUN":"Plátano de sombra/Platanus x hybrida","NOMBRE_ESPECIE":"Platanus x hispanica","ALTURA":"17","MINTDISTRITO":"01","NOMBRE_DISTRITO":"CENTRO","MINTBARRIO":"012","NOMBRE_BARRIO":"EMBAJADORES","OBJECTID":51002176}},{"type":"Feature","id":50563660,"geometry":{"type":"Point","coordinates":[-3.6905904693660103,40.412849728753208]},"properties":{"ESA_ESPECIE":"SJA","NOMBRE_COMUN":"Acacia del Japón/Sophora japonica","NOMBRE_ESPECIE":"Styphnolobium japonicum","ALTURA":"10.5","MINTDISTRITO":"03","NOMBRE_DISTRITO":"RETIRO","MINTBARRIO":"035","NOMBRE_BARRIO":"LOS JERONIMOS","OBJECTID":50563660}},{"type":"Feature","id":50698430,"geometry":{"type":"Point","coordinates":[-3.6913929684016864,40.413207348801677]},"properties":{"ESA_ESPECIE":"SJA","NOMBRE_COMUN":"Acacia del Japón/Sophora japonica","NOMBRE_ESPECIE":"Styphnolobium japonicum","ALTURA":"7","MINTDISTRITO":"03","NOMBRE_DISTRITO":"RETIRO","MINTBARRIO":"035","NOMBRE_BARRIO":"LOS JERONIMOS","OBJECTID":50698430}},{"type":"Feature","id":51384059,"geometry":{"type":"Point","coordinates":[-3.6884854192457897,40.419493239711997]},"properties":{"ESA_ESPECIE":"PDA","NOMBRE_COMUN":"Plátano de sombra/Platanus x hybrida","NOMBRE_ESPECIE":"Platanus x hispanica","ALTURA":"4","MINTDISTRITO":"03","NOMBRE_DISTRITO":"RETIRO","MINTBARRIO":"035","NOMBRE_BARRIO":"LOS JERONIMOS","OBJECTID":51384059}},{"type":"Feature","id":51093285,"geometry":{"type":"Point","coordinates":[-3.6826168315562939,40.408045855240104]},"properties":{"ESA_ESPECIE":"UPU","NOMBRE_COMUN":"Olmo de Siberia","NOMBRE_ESPECIE":"Ulmus pumila","ALTURA":"12","MINTDISTRITO":"03","NOMBRE_DISTRITO":"RETIRO","MINTBARRIO":"035","NOMBRE_BARRIO":"LOS JERONIMOS","OBJECTID":51093285}},{"type":"Feature","id":51048370,"geometry":{"type":"Point","coordinates":[-3.6830166429752378,40.408522857296262]},"properties":{"ESA_ESPECIE":"LJA","NOMBRE_COMUN":"Aligustre del Japón","NOMBRE_ESPECIE":"Ligustrum japonicum","ALTURA":"5","MINTDISTRITO":"03","NOMBRE_DISTRITO":"RETIRO","MINTBARRIO":"035","NOMBRE_BARRIO":"LOS JERONIMOS","OBJECTID":51048370}},{"type":"Feature","id":51404617,"geometry":{"type":"Point","coordinates":[-3.6826260035411384,40.408816003802194]},"properties":{"ESA_ESPECIE":"CAR","NOMBRE_COMUN":"Ciprés de Arizona","NOMBRE_ESPECIE":"Cupressus arizonica","ALTURA":"9","MINTDISTRITO":"03","NOMBRE_DISTRITO":"RETIRO","MINTBARRIO":"035","NOMBRE_BARRIO":"LOS JERONIMOS","OBJECTID":51404617}},{"type":"Feature","id":50706090,"geometry":{"type":"Point","coordinates":[-3.6890425309436514,40.413882824969107]},"properties":{"ESA_ESPECIE":"PDA","NOMBRE_COMUN":"Plátano de sombra/Platanus x hybrida","NOMBRE_ESPECIE":"Platanus x hispanica","ALTURA":"14","MINTDISTRITO":"03","NOMBRE_DISTRITO":"RETIRO","MINTBARRIO":"035","NOMBRE_BARRIO":"LOS JERONIMOS","OBJECTID":50706090}},{"type":"Feature","id":51172234,"geometry":{"type":"Point","coordinates":[-3.6904891581082659,40.415036244910191]},"properties":{"ESA_ESPECIE":"SJA","NOMBRE_COMUN":"Acacia del Japón/Sophora japonica","NOMBRE_ESPECIE":"Styphnolobium japonicum","ALTURA":"8","MINTDISTRITO":"03","NOMBRE_DISTRITO":"RETIRO","MINTBARRIO":"035","NOMBRE_BARRIO":"LOS JERONIMOS","OBJECTID":51172234}},{"type":"Feature","id":50703459,"geometry":{"type":"Point","coordinates":[-3.6906543527730773,40.415338710016243]},"properties":{"ESA_ESPECIE":"SJA","NOMBRE_COMUN":"Acacia del Japón/Sophora japonica","NOMBRE_ESPECIE":"Styphnolobium japonicum","ALTURA":"5,5","MINTDISTRITO":"03","NOMBRE_DISTRITO":"RETIRO","MINTBARRIO":"035","NOMBRE_BARRIO":"LOS JERONIMOS","OBJECTID":50703459}},{"type":"Feature","id":50700139,"geometry":{"type":"Point","coordinates":[-3.6891342532201907,40.416332019054686]},"properties":{"ESA_ESPECIE":"PDA","NOMBRE_COMUN":"Plátano de sombra/Platanus x hybrida","NOMBRE_ESPECIE":"Platanus x hispanica","ALTURA":"9","MINTDISTRITO":"03","NOMBRE_DISTRITO":"RETIRO","MINTBARRIO":"035","NOMBRE_BARRIO":"LOS JERONIMOS","OBJECTID":50700139}},{"type":"Feature","id":51066321,"geometry":{"type":"Point","coordinates":[-3.6912652634284751,40.415294302120124]},"properties":{"ESA_ESPECIE":"SJA","NOMBRE_COMUN":"Acacia del Japón/Sophora japonica","NOMBRE_ESPECIE":"Styphnolobium japonicum","ALTURA":"4,5","MINTDISTRITO":"03","NOMBRE_DISTRITO":"RETIRO","MINTBARRIO":"035","NOMBRE_BARRIO":"LOS JERONIMOS","OBJECTID":51066321}},{"type":"Feature","id":50699500,"geometry":{"type":"Point","coordinates":[-3.6888919221736347,40.410246677129088]},"properties":{"ESA_ESPECIE":"PDA","NOMBRE_COMUN":"Plátano de sombra/Platanus x hybrida","NOMBRE_ESPECIE":"Platanus x hispanica","ALTURA":"12","MINTDISTRITO":"03","NOMBRE_DISTRITO":"RETIRO","MINTBARRIO":"035","NOMBRE_BARRIO":"LOS JERONIMOS","OBJECTID":50699500}},{"type":"Feature","id":50984864,"geometry":{"type":"Point","coordinates":[-3.6949641440329772,40.417528127905989]},"properties":{"ESA_ESPECIE":"PAR","NOMBRE_COMUN":"Peral de flor 'Chanticleer'","NOMBRE_ESPECIE":"Pyrus calleryana 'Chanticleer'","ALTURA":"5","MINTDISTRITO":"01","NOMBRE_DISTRITO":"CENTRO","MINTBARRIO":"013","NOMBRE_BARRIO":"CORTES","OBJECTID":50984864}},{"type":"Feature","id":51215563,"geometry":{"type":"Point","coordinates":[-3.681117146094202,40.406488734914618]},"properties":{"ESA_ESPECIE":"SJA","NOMBRE_COMUN":"Acacia del Japón/Sophora japonica","NOMBRE_ESPECIE":"Styphnolobium japonicum","ALTURA":"4","MINTDISTRITO":"03","NOMBRE_DISTRITO":"RETIRO","MINTBARRIO":"031","NOMBRE_BARRIO":"PACIFICO","OBJECTID":51215563}},{"type":"Feature","id":51213620,"geometry":{"type":"Point","coordinates":[-3.6910517925646249,40.418208770523087]},"properties":{"ESA_ESPECIE":"LJA","NOMBRE_COMUN":"Aligustre del Japón","NOMBRE_ESPECIE":"Ligustrum japonicum","ALTURA":"5","MINTDISTRITO":"03","NOMBRE_DISTRITO":"RETIRO","MINTBARRIO":"035","NOMBRE_BARRIO":"LOS JERONIMOS","OBJECTID":51213620}},{"type":"Feature","id":51180939,"geometry":{"type":"Point","coordinates":[-3.6905919455032334,40.419425666959803]},"properties":{"ESA_ESPECIE":"SJA","NOMBRE_COMUN":"Acacia del Japón/Sophora japonica","NOMBRE_ESPECIE":"Styphnolobium japonicum","ALTURA":"8","MINTDISTRITO":"03","NOMBRE_DISTRITO":"RETIRO","MINTBARRIO":"035","NOMBRE_BARRIO":"LOS JERONIMOS","OBJECTID":51180939}},{"type":"Feature","id":51182525,"geometry":{"type":"Point","coordinates":[-3.6922421059043136,40.418264451758617]},"properties":{"ESA_ESPECIE":"SJA","NOMBRE_COMUN":"Acacia del Japón/Sophora japonica","NOMBRE_ESPECIE":"Styphnolobium japonicum","ALTURA":"5,5","MINTDISTRITO":"03","NOMBRE_DISTRITO":"RETIRO","MINTBARRIO":"035","NOMBRE_BARRIO":"LOS JERONIMOS","OBJECTID":51182525}},{"type":"Feature","id":51228510,"geometry":{"type":"Point","coordinates":[-3.6930143716942214,40.419834957222612]},"properties":{"ESA_ESPECIE":"SJA","NOMBRE_COMUN":"Acacia del Japón/Sophora japonica","NOMBRE_ESPECIE":"Styphnolobium japonicum","ALTURA":"10","MINTDISTRITO":"01","NOMBRE_DISTRITO":"CENTRO","MINTBARRIO":"014","NOMBRE_BARRIO":"JUSTICIA","OBJECTID":51228510}},{"type":"Feature","id":51412277,"geometry":{"type":"Point","coordinates":[-3.6950335100568386,40.404160337418077]},"properties":{"ESA_ESPECIE":"UPU","NOMBRE_COMUN":"Olmo de Siberia","NOMBRE_ESPECIE":"Ulmus pumila","ALTURA":"15,5","MINTDISTRITO":"02","NOMBRE_DISTRITO":"ARGANZUELA","MINTBARRIO":"026","NOMBRE_BARRIO":"PALOS DE LA FRONTERA","OBJECTID":51412277}},{"type":"Feature","id":51346804,"geometry":{"type":"Point","coordinates":[-3.6903181133981118,40.409537329204966]},"properties":{"ESA_ESPECIE":"AHI","NOMBRE_COMUN":"Castaño de indias","NOMBRE_ESPECIE":"Aesculus hippocastanum","ALTURA":"6","MINTDISTRITO":"03","NOMBRE_DISTRITO":"RETIRO","MINTBARRIO":"035","NOMBRE_BARRIO":"LOS JERONIMOS","OBJECTID":51346804}},{"type":"Feature","id":51346755,"geometry":{"type":"Point","coordinates":[-3.6905550547571728,40.409641257210382]},"properties":{"ESA_ESPECIE":"RPS","NOMBRE_COMUN":"Falsa acacia","NOMBRE_ESPECIE":"Robinia pseudoacacia","ALTURA":"4,5","MINTDISTRITO":"03","NOMBRE_DISTRITO":"RETIRO","MINTBARRIO":"035","NOMBRE_BARRIO":"LOS JERONIMOS","OBJECTID":51346755}},{"type":"Feature","id":51006135,"geometry":{"type":"Point","coordinates":[-3.6957723515532845,40.419039759114106]},"properties":{"ESA_ESPECIE":"SJA","NOMBRE_COMUN":"Acacia del Japón/Sophora japonica","NOMBRE_ESPECIE":"Styphnolobium japonicum","ALTURA":"4","MINTDISTRITO":"01","NOMBRE_DISTRITO":"CENTRO","MINTBARRIO":"014","NOMBRE_BARRIO":"JUSTICIA","OBJECTID":51006135}},{"type":"Feature","id":51185845,"geometry":{"type":"Point","coordinates":[-3.6889264736447398,40.420586715509629]},"properties":{"ESA_ESPECIE":"PDA","NOMBRE_COMUN":"Plátano de sombra/Platanus x hybrida","NOMBRE_ESPECIE":"Platanus x hispanica","ALTURA":"10","MINTDISTRITO":"04","NOMBRE_DISTRITO":"SALAMANCA","MINTBARRIO":"041","NOMBRE_BARRIO":"RECOLETOS","OBJECTID":51185845}},{"type":"Feature","id":51228559,"geometry":{"type":"Point","coordinates":[-3.6938616978092611,40.418376095003104]},"properties":{"ESA_ESPECIE":"PDA","NOMBRE_COMUN":"Plátano de sombra/Platanus x hybrida","NOMBRE_ESPECIE":"Platanus x hispanica","ALTURA":"20","MINTDISTRITO":"01","NOMBRE_DISTRITO":"CENTRO","MINTBARRIO":"013","NOMBRE_BARRIO":"CORTES","OBJECTID":51228559}},{"type":"Feature","id":51356356,"geometry":{"type":"Point","coordinates":[-3.6916045517367877,40.404076996914362]},"properties":{"ESA_ESPECIE":"ASA","NOMBRE_COMUN":"Arce del azúcar","NOMBRE_ESPECIE":"Acer saccharinum","ALTURA":"6","MINTDISTRITO":"02","NOMBRE_DISTRITO":"ARGANZUELA","MINTBARRIO":"026","NOMBRE_BARRIO":"PALOS DE LA FRONTERA","OBJECTID":51356356}},{"type":"Feature","id":50629393,"geometry":{"type":"Point","coordinates":[-3.6958477817232431,40.404380396193879]},"properties":{"ESA_ESPECIE":"GTR","NOMBRE_COMUN":"Acacia de tres espinas","NOMBRE_ESPECIE":"Gleditsia triacanthos","ALTURA":"18","MINTDISTRITO":"02","NOMBRE_DISTRITO":"ARGANZUELA","MINTBARRIO":"026","NOMBRE_BARRIO":"PALOS DE LA FRONTERA","OBJECTID":50629393}},{"type":"Feature","id":51268616,"geometry":{"type":"Point","coordinates":[-3.6908099591631309,40.405033194395429]},"properties":{"ESA_ESPECIE":"UPU","NOMBRE_COMUN":"Olmo de Siberia","NOMBRE_ESPECIE":"Ulmus pumila","ALTURA":"13","MINTDISTRITO":"02","NOMBRE_DISTRITO":"ARGANZUELA","MINTBARRIO":"026","NOMBRE_BARRIO":"PALOS DE LA FRONTERA","OBJECTID":51268616}},{"type":"Feature","id":51268610,"geometry":{"type":"Point","coordinates":[-3.6913569222950322,40.405070204729967]},"properties":{"ESA_ESPECIE":"SJA","NOMBRE_COMUN":"Acacia del Japón/Sophora japonica","NOMBRE_ESPECIE":"Styphnolobium japonicum","ALTURA":"8,5","MINTDISTRITO":"02","NOMBRE_DISTRITO":"ARGANZUELA","MINTBARRIO":"026","NOMBRE_BARRIO":"PALOS DE LA FRONTERA","OBJECTID":51268610}},{"type":"Feature","id":50585449,"geometry":{"type":"Point","coordinates":[-3.6934976672169273,40.405859227286477]},"properties":{"ESA_ESPECIE":"PDA","NOMBRE_COMUN":"Plátano de sombra/Platanus x hybrida","NOMBRE_ESPECIE":"Platanus x hispanica","ALTURA":"14","MINTDISTRITO":"02","NOMBRE_DISTRITO":"ARGANZUELA","MINTBARRIO":"026","NOMBRE_BARRIO":"PALOS DE LA FRONTERA","OBJECTID":50585449}},{"type":"Feature","id":50683084,"geometry":{"type":"Point","coordinates":[-3.6948641677234559,40.404250184608848]},"properties":{"ESA_ESPECIE":"UPU","NOMBRE_COMUN":"Olmo de Siberia","NOMBRE_ESPECIE":"UPU","ALTURA":"15","MINTDISTRITO":"02","NOMBRE_DISTRITO":"ARGANZUELA","MINTBARRIO":"026","NOMBRE_BARRIO":"PALOS DE LA FRONTERA","OBJECTID":50683084}},{"type":"Feature","id":51384316,"geometry":{"type":"Point","coordinates":[-3.6829757232626501,40.406718043161398]},"properties":{"ESA_ESPECIE":"PDA","NOMBRE_COMUN":"Plátano de sombra/Platanus x hybrida","NOMBRE_ESPECIE":"Platanus x hispanica","ALTURA":"4","MINTDISTRITO":"03","NOMBRE_DISTRITO":"RETIRO","MINTBARRIO":"031","NOMBRE_BARRIO":"PACIFICO","OBJECTID":51384316}},{"type":"Feature","id":50706070,"geometry":{"type":"Point","coordinates":[-3.6834957067393019,40.408035284738467]},"properties":{"ESA_ESPECIE":"RPS","NOMBRE_COMUN":"Falsa acacia","NOMBRE_ESPECIE":"Robinia pseudoacacia","ALTURA":"10","MINTDISTRITO":"03","NOMBRE_DISTRITO":"RETIRO","MINTBARRIO":"035","NOMBRE_BARRIO":"LOS JERONIMOS","OBJECTID":50706070}},{"type":"Feature","id":51066249,"geometry":{"type":"Point","coordinates":[-3.6775614803437016,40.404030528694186]},"properties":{"ESA_ESPECIE":"SJA","NOMBRE_COMUN":"Acacia del Japón/Sophora japonica","NOMBRE_ESPECIE":"Styphnolobium japonicum","ALTURA":"3,5","MINTDISTRITO":"03","NOMBRE_DISTRITO":"RETIRO","MINTBARRIO":"031","NOMBRE_BARRIO":"PACIFICO","OBJECTID":51066249}},{"type":"Feature","id":51182548,"geometry":{"type":"Point","coordinates":[-3.6924472253810436,40.415266976905286]},"properties":{"ESA_ESPECIE":"SJA","NOMBRE_COMUN":"Acacia del Japón/Sophora japonica","NOMBRE_ESPECIE":"Styphnolobium japonicum","ALTURA":"3,5","MINTDISTRITO":"03","NOMBRE_DISTRITO":"RETIRO","MINTBARRIO":"035","NOMBRE_BARRIO":"LOS JERONIMOS","OBJECTID":51182548}},{"type":"Feature","id":50699406,"geometry":{"type":"Point","coordinates":[-3.6889097238670572,40.410569635840353]},"properties":{"ESA_ESPECIE":"PDA","NOMBRE_COMUN":"Plátano de sombra/Platanus x hybrida","NOMBRE_ESPECIE":"Platanus x hispanica","ALTURA":"12","MINTDISTRITO":"03","NOMBRE_DISTRITO":"RETIRO","MINTBARRIO":"035","NOMBRE_BARRIO":"LOS JERONIMOS","OBJECTID":50699406}},{"type":"Feature","id":50712639,"geometry":{"type":"Point","coordinates":[-3.6793600976736593,40.420329719405721]},"properties":{"ESA_ESPECIE":"PDA","NOMBRE_COMUN":"Plátano de sombra/Platanus x hybrida","NOMBRE_ESPECIE":"Platanus x hispanica","ALTURA":"4,5","MINTDISTRITO":"03","NOMBRE_DISTRITO":"RETIRO","MINTBARRIO":"034","NOMBRE_BARRIO":"IBIZA","OBJECTID":50712639}},{"type":"Feature","id":51014313,"geometry":{"type":"Point","coordinates":[-3.6782898364240708,40.418412463911253]},"properties":{"ESA_ESPECIE":"MEA","NOMBRE_COMUN":"Cinamomo","NOMBRE_ESPECIE":"Melia azedarach","ALTURA":"2","MINTDISTRITO":"03","NOMBRE_DISTRITO":"RETIRO","MINTBARRIO":"034","NOMBRE_BARRIO":"IBIZA","OBJECTID":51014313}},{"type":"Feature","id":51216253,"geometry":{"type":"Point","coordinates":[-3.6837303298292734,40.405329736834169]},"properties":{"ESA_ESPECIE":"PDA","NOMBRE_COMUN":"Plátano de sombra/Platanus x hybrida","NOMBRE_ESPECIE":"Platanus x hispanica","ALTURA":"17","MINTDISTRITO":"03","NOMBRE_DISTRITO":"RETIRO","MINTBARRIO":"031","NOMBRE_BARRIO":"PACIFICO","OBJECTID":51216253}},{"type":"Feature","id":50985007,"geometry":{"type":"Point","coordinates":[-3.6954123054996106,40.410413149035698]},"properties":{"ESA_ESPECIE":"PDA","NOMBRE_COMUN":"Plátano de sombra/Platanus x hybrida","NOMBRE_ESPECIE":"Platanus x hispanica","ALTURA":"18","MINTDISTRITO":"01","NOMBRE_DISTRITO":"CENTRO","MINTBARRIO":"012","NOMBRE_BARRIO":"EMBAJADORES","OBJECTID":50985007}},{"type":"Feature","id":50704647,"geometry":{"type":"Point","coordinates":[-3.6807651155989625,40.406326590885293]},"properties":{"ESA_ESPECIE":"SJA","NOMBRE_COMUN":"Acacia del Japón/Sophora japonica","NOMBRE_ESPECIE":"Styphnolobium japonicum","ALTURA":"6,5","MINTDISTRITO":"03","NOMBRE_DISTRITO":"RETIRO","MINTBARRIO":"031","NOMBRE_BARRIO":"PACIFICO","OBJECTID":50704647}},{"type":"Feature","id":51180206,"geometry":{"type":"Point","coordinates":[-3.6903863232532679,40.41668448776543]},"properties":{"ESA_ESPECIE":"PDA","NOMBRE_COMUN":"Plátano de sombra/Platanus x hybrida","NOMBRE_ESPECIE":"Platanus x hispanica","ALTURA":"12","MINTDISTRITO":"03","NOMBRE_DISTRITO":"RETIRO","MINTBARRIO":"035","NOMBRE_BARRIO":"LOS JERONIMOS","OBJECTID":51180206}},{"type":"Feature","id":51172214,"geometry":{"type":"Point","coordinates":[-3.6904364910129055,40.418993107304168]},"properties":{"ESA_ESPECIE":"SJA","NOMBRE_COMUN":"Acacia del Japón/Sophora japonica","NOMBRE_ESPECIE":"Styphnolobium japonicum","ALTURA":"11","MINTDISTRITO":"03","NOMBRE_DISTRITO":"RETIRO","MINTBARRIO":"035","NOMBRE_BARRIO":"LOS JERONIMOS","OBJECTID":51172214}},{"type":"Feature","id":50698404,"geometry":{"type":"Point","coordinates":[-3.6914008295217413,40.413635682188804]},"properties":{"ESA_ESPECIE":"SJA","NOMBRE_COMUN":"Acacia del Japón/Sophora japonica","NOMBRE_ESPECIE":"Styphnolobium japonicum","ALTURA":"8,5","MINTDISTRITO":"03","NOMBRE_DISTRITO":"RETIRO","MINTBARRIO":"035","NOMBRE_BARRIO":"LOS JERONIMOS","OBJECTID":50698404}},{"type":"Feature","id":50703485,"geometry":{"type":"Point","coordinates":[-3.6918933681696693,40.415130039829634]},"properties":{"ESA_ESPECIE":"SJA","NOMBRE_COMUN":"Acacia del Japón/Sophora japonica","NOMBRE_ESPECIE":"Styphnolobium japonicum","ALTURA":"5","MINTDISTRITO":"03","NOMBRE_DISTRITO":"RETIRO","MINTBARRIO":"035","NOMBRE_BARRIO":"LOS JERONIMOS","OBJECTID":50703485}},{"type":"Feature","id":51382324,"geometry":{"type":"Point","coordinates":[-3.6928786184970641,40.407441425280844]},"properties":{"ESA_ESPECIE":"ASA","NOMBRE_COMUN":"Arce del azúcar","NOMBRE_ESPECIE":"Acer saccharinum","ALTURA":"5,5","MINTDISTRITO":"02","NOMBRE_DISTRITO":"ARGANZUELA","MINTBARRIO":"027","NOMBRE_BARRIO":"ATOCHA","OBJECTID":51382324}},{"type":"Feature","id":51351358,"geometry":{"type":"Point","coordinates":[-3.6894187179072704,40.409695074768408]},"properties":{"ESA_ESPECIE":"MEA","NOMBRE_COMUN":"Cinamomo","NOMBRE_ESPECIE":"Melia azedarach","ALTURA":"3,5","MINTDISTRITO":"03","NOMBRE_DISTRITO":"RETIRO","MINTBARRIO":"035","NOMBRE_BARRIO":"LOS JERONIMOS","OBJECTID":51351358}},{"type":"Feature","id":51346781,"geometry":{"type":"Point","coordinates":[-3.6898114033198084,40.409690129001724]},"properties":{"ESA_ESPECIE":"MEA","NOMBRE_COMUN":"Cinamomo","NOMBRE_ESPECIE":"Melia azedarach","ALTURA":"5","MINTDISTRITO":"03","NOMBRE_DISTRITO":"RETIRO","MINTBARRIO":"035","NOMBRE_BARRIO":"LOS JERONIMOS","OBJECTID":51346781}},{"type":"Feature","id":51227328,"geometry":{"type":"Point","coordinates":[-3.6939400018934236,40.41679880805836]},"properties":{"ESA_ESPECIE":"PDA","NOMBRE_COMUN":"Plátano de sombra/Platanus x hybrida","NOMBRE_ESPECIE":"Platanus x hispanica","ALTURA":"20","MINTDISTRITO":"01","NOMBRE_DISTRITO":"CENTRO","MINTBARRIO":"013","NOMBRE_BARRIO":"CORTES","OBJECTID":51227328}},{"type":"Feature","id":51227322,"geometry":{"type":"Point","coordinates":[-3.6942986546875001,40.416810168404993]},"properties":{"ESA_ESPECIE":"PDA","NOMBRE_COMUN":"Plátano de sombra/Platanus x hybrida","NOMBRE_ESPECIE":"Platanus x hispanica","ALTURA":"20","MINTDISTRITO":"01","NOMBRE_DISTRITO":"CENTRO","MINTBARRIO":"013","NOMBRE_BARRIO":"CORTES","OBJECTID":51227322}},{"type":"Feature","id":50988084,"geometry":{"type":"Point","coordinates":[-3.6939524090271765,40.412740490534738]},"properties":{"ESA_ESPECIE":"LJA","NOMBRE_COMUN":"Aligustre del Japón","NOMBRE_ESPECIE":"Ligustrum japonicum","ALTURA":"4,5","MINTDISTRITO":"01","NOMBRE_DISTRITO":"CENTRO","MINTBARRIO":"013","NOMBRE_BARRIO":"CORTES","OBJECTID":50988084}},{"type":"Feature","id":50585598,"geometry":{"type":"Point","coordinates":[-3.6923134792823507,40.404122259131356]},"properties":{"ESA_ESPECIE":"AII","NOMBRE_COMUN":"Arce de Freeman","NOMBRE_ESPECIE":"Acer x freemanii","ALTURA":"3.5","MINTDISTRITO":"02","NOMBRE_DISTRITO":"ARGANZUELA","MINTBARRIO":"026","NOMBRE_BARRIO":"PALOS DE LA FRONTERA","OBJECTID":50585598}},{"type":"Feature","id":51345922,"geometry":{"type":"Point","coordinates":[-3.6933656228842455,40.404075215538739]},"properties":{"ESA_ESPECIE":"UPU","NOMBRE_COMUN":"Olmo de Siberia","NOMBRE_ESPECIE":"Ulmus pumila","ALTURA":"12,5","MINTDISTRITO":"02","NOMBRE_DISTRITO":"ARGANZUELA","MINTBARRIO":"026","NOMBRE_BARRIO":"PALOS DE LA FRONTERA","OBJECTID":51345922}},{"type":"Feature","id":51002099,"geometry":{"type":"Point","coordinates":[-3.6932579856789349,40.408558716063986]},"properties":{"ESA_ESPECIE":"LST","NOMBRE_COMUN":"Liquidambar","NOMBRE_ESPECIE":"Liquidambar styraciflua","ALTURA":"14","MINTDISTRITO":"01","NOMBRE_DISTRITO":"CENTRO","MINTBARRIO":"012","NOMBRE_BARRIO":"EMBAJADORES","OBJECTID":51002099}},{"type":"Feature","id":51098981,"geometry":{"type":"Point","coordinates":[-3.6925173742436508,40.406060464349892]},"properties":{"ESA_ESPECIE":"PDA","NOMBRE_COMUN":"Plátano de sombra/Platanus x hybrida","NOMBRE_ESPECIE":"Platanus x hispanica","ALTURA":"5,5","MINTDISTRITO":"02","NOMBRE_DISTRITO":"ARGANZUELA","MINTBARRIO":"026","NOMBRE_BARRIO":"PALOS DE LA FRONTERA","OBJECTID":51098981}},{"type":"Feature","id":51287986,"geometry":{"type":"Point","coordinates":[-3.6924740450863949,40.40524101623528]},"properties":{"ESA_ESPECIE":"SJA","NOMBRE_COMUN":"Acacia del Japón/Sophora japonica","NOMBRE_ESPECIE":"Styphnolobium japonicum","ALTURA":"11,5","MINTDISTRITO":"02","NOMBRE_DISTRITO":"ARGANZUELA","MINTBARRIO":"026","NOMBRE_BARRIO":"PALOS DE LA FRONTERA","OBJECTID":51287986}},{"type":"Feature","id":51362029,"geometry":{"type":"Point","coordinates":[-3.694271645027118,40.405270254651207]},"properties":{"ESA_ESPECIE":"APS","NOMBRE_COMUN":"Falso plátano","NOMBRE_ESPECIE":"Acer pseudoplatanus","ALTURA":"4,5","MINTDISTRITO":"02","NOMBRE_DISTRITO":"ARGANZUELA","MINTBARRIO":"026","NOMBRE_BARRIO":"PALOS DE LA FRONTERA","OBJECTID":51362029}},{"type":"Feature","id":50564942,"geometry":{"type":"Point","coordinates":[-3.6831077038570781,40.408792699282174]},"properties":{"ESA_ESPECIE":"PPI","NOMBRE_COMUN":"Pino piñonero","NOMBRE_ESPECIE":"Pinus pinea","ALTURA":"8,5","MINTDISTRITO":"03","NOMBRE_DISTRITO":"RETIRO","MINTBARRIO":"035","NOMBRE_BARRIO":"LOS JERONIMOS","OBJECTID":50564942}},{"type":"Feature","id":50699257,"geometry":{"type":"Point","coordinates":[-3.6913906511640016,40.41308574045825]},"properties":{"ESA_ESPECIE":"SJA","NOMBRE_COMUN":"Acacia del Japón/Sophora japonica","NOMBRE_ESPECIE":"Styphnolobium japonicum","ALTURA":"7","MINTDISTRITO":"03","NOMBRE_DISTRITO":"RETIRO","MINTBARRIO":"035","NOMBRE_BARRIO":"LOS JERONIMOS","OBJECTID":50699257}},{"type":"Feature","id":51176909,"geometry":{"type":"Point","coordinates":[-3.6777263839447429,40.418382119386308]},"properties":{"ESA_ESPECIE":"SJA","NOMBRE_COMUN":"Acacia del Japón/Sophora japonica","NOMBRE_ESPECIE":"Styphnolobium japonicum","ALTURA":"6","MINTDISTRITO":"03","NOMBRE_DISTRITO":"RETIRO","MINTBARRIO":"034","NOMBRE_BARRIO":"IBIZA","OBJECTID":51176909}},{"type":"Feature","id":50562901,"geometry":{"type":"Point","coordinates":[-3.6785446668116433,40.405311857178162]},"properties":{"ESA_ESPECIE":"LJA","NOMBRE_COMUN":"Aligustre del Japón","NOMBRE_ESPECIE":"Ligustrum japonicum","ALTURA":"7","MINTDISTRITO":"03","NOMBRE_DISTRITO":"RETIRO","MINTBARRIO":"031","NOMBRE_BARRIO":"PACIFICO","OBJECTID":50562901}},{"type":"Feature","id":51171948,"geometry":{"type":"Point","coordinates":[-3.6833795496160162,40.405230638788531]},"properties":{"ESA_ESPECIE":"PDA","NOMBRE_COMUN":"Plátano de sombra/Platanus x hybrida","NOMBRE_ESPECIE":"Platanus x hispanica","ALTURA":"17","MINTDISTRITO":"03","NOMBRE_DISTRITO":"RETIRO","MINTBARRIO":"031","NOMBRE_BARRIO":"PACIFICO","OBJECTID":51171948}},{"type":"Feature","id":50696134,"geometry":{"type":"Point","coordinates":[-3.6796208784139979,40.407850358660895]},"properties":{"ESA_ESPECIE":"SJA","NOMBRE_COMUN":"Acacia del Japón/Sophora japonica","NOMBRE_ESPECIE":"Styphnolobium japonicum","ALTURA":"7","MINTDISTRITO":"03","NOMBRE_DISTRITO":"RETIRO","MINTBARRIO":"035","NOMBRE_BARRIO":"LOS JERONIMOS","OBJECTID":50696134}},{"type":"Feature","id":51228894,"geometry":{"type":"Point","coordinates":[-3.6939765655358485,40.414433317286054]},"properties":{"ESA_ESPECIE":"PDA","NOMBRE_COMUN":"Plátano de sombra/Platanus x hybrida","NOMBRE_ESPECIE":"Platanus x hispanica","ALTURA":"20","MINTDISTRITO":"01","NOMBRE_DISTRITO":"CENTRO","MINTBARRIO":"013","NOMBRE_BARRIO":"CORTES","OBJECTID":51228894}},{"type":"Feature","id":50692765,"geometry":{"type":"Point","coordinates":[-3.692127070629915,40.418260635947192]},"properties":{"ESA_ESPECIE":"UPU","NOMBRE_COMUN":"Olmo de Siberia","NOMBRE_ESPECIE":"Ulmus pumila","ALTURA":"9","MINTDISTRITO":"03","NOMBRE_DISTRITO":"RETIRO","MINTBARRIO":"035","NOMBRE_BARRIO":"LOS JERONIMOS","OBJECTID":50692765}},{"type":"Feature","id":51180112,"geometry":{"type":"Point","coordinates":[-3.6921410758533768,40.419184420461093]},"properties":{"ESA_ESPECIE":"PYC","NOMBRE_COMUN":"Peral","NOMBRE_ESPECIE":"Pyrus communis","ALTURA":"6","MINTDISTRITO":"03","NOMBRE_DISTRITO":"RETIRO","MINTBARRIO":"035","NOMBRE_BARRIO":"LOS JERONIMOS","OBJECTID":51180112}},{"type":"Feature","id":50699263,"geometry":{"type":"Point","coordinates":[-3.6904558323361183,40.414250521450548]},"properties":{"ESA_ESPECIE":"UPU","NOMBRE_COMUN":"Olmo de Siberia","NOMBRE_ESPECIE":"Ulmus pumila","ALTURA":"12","MINTDISTRITO":"03","NOMBRE_DISTRITO":"RETIRO","MINTBARRIO":"035","NOMBRE_BARRIO":"LOS JERONIMOS","OBJECTID":50699263}},{"type":"Feature","id":50562950,"geometry":{"type":"Point","coordinates":[-3.6918703219358373,40.415308079424989]},"properties":{"ESA_ESPECIE":"SJA","NOMBRE_COMUN":"Acacia del Japón/Sophora japonica","NOMBRE_ESPECIE":"Styphnolobium japonicum","ALTURA":"4","MINTDISTRITO":"03","NOMBRE_DISTRITO":"RETIRO","MINTBARRIO":"035","NOMBRE_BARRIO":"LOS JERONIMOS","OBJECTID":50562950}},{"type":"Feature","id":50698765,"geometry":{"type":"Point","coordinates":[-3.6926169073019377,40.415084266047245]},"properties":{"ESA_ESPECIE":"SJA","NOMBRE_COMUN":"Acacia del Japón/Sophora japonica","NOMBRE_ESPECIE":"Styphnolobium japonicum","ALTURA":"9","MINTDISTRITO":"03","NOMBRE_DISTRITO":"RETIRO","MINTBARRIO":"035","NOMBRE_BARRIO":"LOS JERONIMOS","OBJECTID":50698765}},{"type":"Feature","id":51385882,"geometry":{"type":"Point","coordinates":[-3.6934252886206238,40.404378346098355]},"properties":{"ESA_ESPECIE":"PDA","NOMBRE_COMUN":"Plátano de sombra/Platanus x hybrida","NOMBRE_ESPECIE":"Platanus x hispanica","ALTURA":"16","MINTDISTRITO":"02","NOMBRE_DISTRITO":"ARGANZUELA","MINTBARRIO":"026","NOMBRE_BARRIO":"PALOS DE LA FRONTERA","OBJECTID":51385882}},{"type":"Feature","id":50989484,"geometry":{"type":"Point","coordinates":[-3.6956560642934426,40.418184437707097]},"properties":{"ESA_ESPECIE":"LJA","NOMBRE_COMUN":"Aligustre del Japón","NOMBRE_ESPECIE":"Ligustrum japonicum","ALTURA":"6","MINTDISTRITO":"01","NOMBRE_DISTRITO":"CENTRO","MINTBARRIO":"013","NOMBRE_BARRIO":"CORTES","OBJECTID":50989484}},{"type":"Feature","id":50674500,"geometry":{"type":"Point","coordinates":[-3.6914567835072996,40.420354203931474]},"properties":{"ESA_ESPECIE":"PCP","NOMBRE_COMUN":"Ciruelo púrpura","NOMBRE_ESPECIE":"Prunus cerasifera  subsp. pissardii","ALTURA":"6","MINTDISTRITO":"04","NOMBRE_DISTRITO":"SALAMANCA","MINTBARRIO":"041","NOMBRE_BARRIO":"RECOLETOS","OBJECTID":50674500}},{"type":"Feature","id":51227345,"geometry":{"type":"Point","coordinates":[-3.6937659609955862,40.415308684140598]},"properties":{"ESA_ESPECIE":"CSE","NOMBRE_COMUN":"Ciprés común","NOMBRE_ESPECIE":"Cupressus sempervirens","ALTURA":"8","MINTDISTRITO":"01","NOMBRE_DISTRITO":"CENTRO","MINTBARRIO":"013","NOMBRE_BARRIO":"CORTES","OBJECTID":51227345}},{"type":"Feature","id":51011024,"geometry":{"type":"Point","coordinates":[-3.6952837426401159,40.417578828192092]},"properties":{"ESA_ESPECIE":"PCY","NOMBRE_COMUN":"Peral de flor","NOMBRE_ESPECIE":"Pyrus calleryana","ALTURA":"5","MINTDISTRITO":"01","NOMBRE_DISTRITO":"CENTRO","MINTBARRIO":"013","NOMBRE_BARRIO":"CORTES","OBJECTID":51011024}},{"type":"Feature","id":51228625,"geometry":{"type":"Point","coordinates":[-3.693282368046694,40.412727483110622]},"properties":{"ESA_ESPECIE":"PDA","NOMBRE_COMUN":"Plátano de sombra/Platanus x hybrida","NOMBRE_ESPECIE":"Platanus x hispanica","ALTURA":"20","MINTDISTRITO":"01","NOMBRE_DISTRITO":"CENTRO","MINTBARRIO":"013","NOMBRE_BARRIO":"CORTES","OBJECTID":51228625}},{"type":"Feature","id":50693947,"geometry":{"type":"Point","coordinates":[-3.6811369242560419,40.405752487634615]},"properties":{"ESA_ESPECIE":"SJA","NOMBRE_COMUN":"Acacia del Japón/Sophora japonica","NOMBRE_ESPECIE":"Styphnolobium japonicum","ALTURA":"6","MINTDISTRITO":"03","NOMBRE_DISTRITO":"RETIRO","MINTBARRIO":"031","NOMBRE_BARRIO":"PACIFICO","OBJECTID":50693947}},{"type":"Feature","id":51182840,"geometry":{"type":"Point","coordinates":[-3.6914495319411103,40.415909824545807]},"properties":{"ESA_ESPECIE":"SJA","NOMBRE_COMUN":"Acacia del Japón/Sophora japonica","NOMBRE_ESPECIE":"Styphnolobium japonicum","ALTURA":"7","MINTDISTRITO":"03","NOMBRE_DISTRITO":"RETIRO","MINTBARRIO":"035","NOMBRE_BARRIO":"LOS JERONIMOS","OBJECTID":51182840}},{"type":"Feature","id":51171922,"geometry":{"type":"Point","coordinates":[-3.6921284212252603,40.416583125653041]},"properties":{"ESA_ESPECIE":"PDA","NOMBRE_COMUN":"Plátano de sombra/Platanus x hybrida","NOMBRE_ESPECIE":"Platanus x hispanica","ALTURA":"12","MINTDISTRITO":"03","NOMBRE_DISTRITO":"RETIRO","MINTBARRIO":"035","NOMBRE_BARRIO":"LOS JERONIMOS","OBJECTID":51171922}},{"type":"Feature","id":50564673,"geometry":{"type":"Point","coordinates":[-3.6858016278601942,40.406139709218287]},"properties":{"ESA_ESPECIE":"PPI","NOMBRE_COMUN":"Pino piñonero","NOMBRE_ESPECIE":"Pinus pinea","ALTURA":"12","MINTDISTRITO":"03","NOMBRE_DISTRITO":"RETIRO","MINTBARRIO":"031","NOMBRE_BARRIO":"PACIFICO","OBJECTID":50564673}},{"type":"Feature","id":50591308,"geometry":{"type":"Point","coordinates":[-3.6833764699370501,40.408622191169528]},"properties":{"ESA_ESPECIE":"PPI","NOMBRE_COMUN":"Pino piñonero","NOMBRE_ESPECIE":"Pinus pinea","ALTURA":"8","MINTDISTRITO":"03","NOMBRE_DISTRITO":"RETIRO","MINTBARRIO":"035","NOMBRE_BARRIO":"LOS JERONIMOS","OBJECTID":50591308}},{"type":"Feature","id":50604805,"geometry":{"type":"Point","coordinates":[-3.6831723054826391,40.408783858081286]},"properties":{"ESA_ESPECIE":"PPI","NOMBRE_COMUN":"Pino piñonero","NOMBRE_ESPECIE":"Pinus pinea","ALTURA":"9","MINTDISTRITO":"03","NOMBRE_DISTRITO":"RETIRO","MINTBARRIO":"035","NOMBRE_BARRIO":"LOS JERONIMOS","OBJECTID":50604805}},{"type":"Feature","id":51212887,"geometry":{"type":"Point","coordinates":[-3.6773972665379588,40.406578579679532]},"properties":{"ESA_ESPECIE":"UPU","NOMBRE_COMUN":"Olmo de Siberia","NOMBRE_ESPECIE":"Ulmus pumila","ALTURA":"15,5","MINTDISTRITO":"03","NOMBRE_DISTRITO":"RETIRO","MINTBARRIO":"031","NOMBRE_BARRIO":"PACIFICO","OBJECTID":51212887}},{"type":"Feature","id":50697122,"geometry":{"type":"Point","coordinates":[-3.6777661004588613,40.407571784806571]},"properties":{"ESA_ESPECIE":"PDA","NOMBRE_COMUN":"Plátano de sombra/Platanus x hybrida","NOMBRE_ESPECIE":"Platanus x hispanica","ALTURA":"12,5","MINTDISTRITO":"03","NOMBRE_DISTRITO":"RETIRO","MINTBARRIO":"036","NOMBRE_BARRIO":"NIÑO JESUS","OBJECTID":50697122}},{"type":"Feature","id":50692622,"geometry":{"type":"Point","coordinates":[-3.677681385340998,40.419122701624197]},"properties":{"ESA_ESPECIE":"LJA","NOMBRE_COMUN":"Aligustre del Japón","NOMBRE_ESPECIE":"Ligustrum japonicum","ALTURA":"3,5","MINTDISTRITO":"03","NOMBRE_DISTRITO":"RETIRO","MINTBARRIO":"034","NOMBRE_BARRIO":"IBIZA","OBJECTID":50692622}},{"type":"Feature","id":51172091,"geometry":{"type":"Point","coordinates":[-3.6776467205603343,40.420819226999193]},"properties":{"ESA_ESPECIE":"LJA","NOMBRE_COMUN":"Aligustre del Japón","NOMBRE_ESPECIE":"Ligustrum japonicum","ALTURA":"8,5","MINTDISTRITO":"03","NOMBRE_DISTRITO":"RETIRO","MINTBARRIO":"034","NOMBRE_BARRIO":"IBIZA","OBJECTID":51172091}},{"type":"Feature","id":50570009,"geometry":{"type":"Point","coordinates":[-3.6789578132709182,40.419212591548586]},"properties":{"ESA_ESPECIE":"PDA","NOMBRE_COMUN":"Plátano de sombra/Platanus x hybrida","NOMBRE_ESPECIE":"Platanus x hispanica","ALTURA":"4.5","MINTDISTRITO":"03","NOMBRE_DISTRITO":"RETIRO","MINTBARRIO":"034","NOMBRE_BARRIO":"IBIZA","OBJECTID":50570009}},{"type":"Feature","id":51181337,"geometry":{"type":"Point","coordinates":[-3.6789783449985127,40.40700436264833]},"properties":{"ESA_ESPECIE":"PDA","NOMBRE_COMUN":"Plátano de sombra/Platanus x hybrida","NOMBRE_ESPECIE":"Platanus x hispanica","ALTURA":"17","MINTDISTRITO":"03","NOMBRE_DISTRITO":"RETIRO","MINTBARRIO":"031","NOMBRE_BARRIO":"PACIFICO","OBJECTID":51181337}},{"type":"Feature","id":51080295,"geometry":{"type":"Point","coordinates":[-3.6914392232576239,40.404068913573212]},"properties":{"ESA_ESPECIE":"APL","NOMBRE_COMUN":"Arce real","NOMBRE_ESPECIE":"Acer platanoides","ALTURA":"4,5","MINTDISTRITO":"02","NOMBRE_DISTRITO":"ARGANZUELA","MINTBARRIO":"026","NOMBRE_BARRIO":"PALOS DE LA FRONTERA","OBJECTID":51080295}},{"type":"Feature","id":51330531,"geometry":{"type":"Point","coordinates":[-3.6914392232576239,40.404068913573212]},"properties":{"ESA_ESPECIE":"AUM","NOMBRE_COMUN":"Arce tridente","NOMBRE_ESPECIE":"Acer buergerianum","ALTURA":"5","MINTDISTRITO":"02","NOMBRE_DISTRITO":"ARGANZUELA","MINTBARRIO":"026","NOMBRE_BARRIO":"PALOS DE LA FRONTERA","OBJECTID":51330531}},{"type":"Feature","id":51329400,"geometry":{"type":"Point","coordinates":[-3.6928346435115671,40.404142470914309]},"properties":{"ESA_ESPECIE":"CAU","NOMBRE_COMUN":"Almez","NOMBRE_ESPECIE":"Celtis australis","ALTURA":"5","MINTDISTRITO":"02","NOMBRE_DISTRITO":"ARGANZUELA","MINTBARRIO":"026","NOMBRE_BARRIO":"PALOS DE LA FRONTERA","OBJECTID":51329400}},{"type":"Feature","id":50585429,"geometry":{"type":"Point","coordinates":[-3.6913093618762507,40.405209697161354]},"properties":{"ESA_ESPECIE":"SJA","NOMBRE_COMUN":"Acacia del Japón","NOMBRE_ESPECIE":"Sophora japonica","ALTURA":"3","MINTDISTRITO":"02","NOMBRE_DISTRITO":"ARGANZUELA","MINTBARRIO":"026","NOMBRE_BARRIO":"PALOS DE LA FRONTERA","OBJECTID":50585429}},{"type":"Feature","id":51268685,"geometry":{"type":"Point","coordinates":[-3.6924015525012388,40.405236089979397]},"properties":{"ESA_ESPECIE":"APS","NOMBRE_COMUN":"Falso plátano","NOMBRE_ESPECIE":"Acer pseudoplatanus","ALTURA":"4,5","MINTDISTRITO":"02","NOMBRE_DISTRITO":"ARGANZUELA","MINTBARRIO":"026","NOMBRE_BARRIO":"PALOS DE LA FRONTERA","OBJECTID":51268685}},{"type":"Feature","id":51002170,"geometry":{"type":"Point","coordinates":[-3.6925414308357776,40.408891525556648]},"properties":{"ESA_ESPECIE":"PDA","NOMBRE_COMUN":"Plátano de sombra/Platanus x hybrida","NOMBRE_ESPECIE":"Platanus x hispanica","ALTURA":"18","MINTDISTRITO":"01","NOMBRE_DISTRITO":"CENTRO","MINTBARRIO":"012","NOMBRE_BARRIO":"EMBAJADORES","OBJECTID":51002170}},{"type":"Feature","id":51179322,"geometry":{"type":"Point","coordinates":[-3.6824020930187111,40.404850157033664]},"properties":{"ESA_ESPECIE":"LJA","NOMBRE_COMUN":"Aligustre del Japón","NOMBRE_ESPECIE":"Ligustrum japonicum","ALTURA":"5","MINTDISTRITO":"03","NOMBRE_DISTRITO":"RETIRO","MINTBARRIO":"031","NOMBRE_BARRIO":"PACIFICO","OBJECTID":51179322}},{"type":"Feature","id":50591331,"geometry":{"type":"Point","coordinates":[-3.6828060040383379,40.408798445355551]},"properties":{"ESA_ESPECIE":"PPI","NOMBRE_COMUN":"Pino piñonero","NOMBRE_ESPECIE":"Pinus pinea","ALTURA":"9","MINTDISTRITO":"03","NOMBRE_DISTRITO":"RETIRO","MINTBARRIO":"035","NOMBRE_BARRIO":"LOS JERONIMOS","OBJECTID":50591331}},{"type":"Feature","id":51179273,"geometry":{"type":"Point","coordinates":[-3.687740153916895,40.407839853719828]},"properties":{"ESA_ESPECIE":"CAR","NOMBRE_COMUN":"Ciprés de Arizona","NOMBRE_ESPECIE":"Cupressus arizonica","ALTURA":"7","MINTDISTRITO":"03","NOMBRE_DISTRITO":"RETIRO","MINTBARRIO":"035","NOMBRE_BARRIO":"LOS JERONIMOS","OBJECTID":51179273}},{"type":"Feature","id":51215520,"geometry":{"type":"Point","coordinates":[-3.6777268497061262,40.419979042260238]},"properties":{"ESA_ESPECIE":"LJA","NOMBRE_COMUN":"Aligustre del Japón","NOMBRE_ESPECIE":"Ligustrum japonicum","ALTURA":"6","MINTDISTRITO":"03","NOMBRE_DISTRITO":"RETIRO","MINTBARRIO":"034","NOMBRE_BARRIO":"IBIZA","OBJECTID":51215520}},{"type":"Feature","id":50665423,"geometry":{"type":"Point","coordinates":[-3.6856646788146246,40.420781403957228]},"properties":{"ESA_ESPECIE":"SJA","NOMBRE_COMUN":"Acacia del Japón/Sophora japonica","NOMBRE_ESPECIE":"Styphnolobium japonicum","ALTURA":"7","MINTDISTRITO":"04","NOMBRE_DISTRITO":"SALAMANCA","MINTBARRIO":"041","NOMBRE_BARRIO":"RECOLETOS","OBJECTID":50665423}},{"type":"Feature","id":51179937,"geometry":{"type":"Point","coordinates":[-3.6790202872492133,40.407910689483032]},"properties":{"ESA_ESPECIE":"LJA","NOMBRE_COMUN":"Aligustre del Japón","NOMBRE_ESPECIE":"Ligustrum japonicum","ALTURA":"4,5","MINTDISTRITO":"03","NOMBRE_DISTRITO":"RETIRO","MINTBARRIO":"035","NOMBRE_BARRIO":"LOS JERONIMOS","OBJECTID":51179937}},{"type":"Feature","id":51033597,"geometry":{"type":"Point","coordinates":[-3.6830071394846855,40.405588012698374]},"properties":{"ESA_ESPECIE":"MEA","NOMBRE_COMUN":"Cinamomo","NOMBRE_ESPECIE":"Melia azedarach","ALTURA":"4,5","MINTDISTRITO":"03","NOMBRE_DISTRITO":"RETIRO","MINTBARRIO":"031","NOMBRE_BARRIO":"PACIFICO","OBJECTID":51033597}},{"type":"Feature","id":50688686,"geometry":{"type":"Point","coordinates":[-3.6903169120874773,40.414402342664381]},"properties":{"ESA_ESPECIE":"SJA","NOMBRE_COMUN":"Acacia del Japón/Sophora japonica","NOMBRE_ESPECIE":"Styphnolobium japonicum","ALTURA":"10","MINTDISTRITO":"03","NOMBRE_DISTRITO":"RETIRO","MINTBARRIO":"035","NOMBRE_BARRIO":"LOS JERONIMOS","OBJECTID":50688686}},{"type":"Feature","id":51370565,"geometry":{"type":"Point","coordinates":[-3.6910744656425329,40.416407681747501]},"properties":{"ESA_ESPECIE":"PDA","NOMBRE_COMUN":"Plátano de sombra/Platanus x hybrida","NOMBRE_ESPECIE":"Platanus x hispanica","ALTURA":"4,5","MINTDISTRITO":"03","NOMBRE_DISTRITO":"RETIRO","MINTBARRIO":"035","NOMBRE_BARRIO":"LOS JERONIMOS","OBJECTID":51370565}},{"type":"Feature","id":51172830,"geometry":{"type":"Point","coordinates":[-3.6925921571765397,40.411751903251414]},"properties":{"ESA_ESPECIE":"PDA","NOMBRE_COMUN":"Plátano de sombra/Platanus x hybrida","NOMBRE_ESPECIE":"Platanus x hispanica","ALTURA":"7","MINTDISTRITO":"03","NOMBRE_DISTRITO":"RETIRO","MINTBARRIO":"035","NOMBRE_BARRIO":"LOS JERONIMOS","OBJECTID":51172830}},{"type":"Feature","id":51228602,"geometry":{"type":"Point","coordinates":[-3.6931651232348561,40.412374184382884]},"properties":{"ESA_ESPECIE":"SJA","NOMBRE_COMUN":"Acacia del Japón/Sophora japonica","NOMBRE_ESPECIE":"Styphnolobium japonicum","ALTURA":"8","MINTDISTRITO":"01","NOMBRE_DISTRITO":"CENTRO","MINTBARRIO":"013","NOMBRE_BARRIO":"CORTES","OBJECTID":51228602}},{"type":"Feature","id":50712539,"geometry":{"type":"Point","coordinates":[-3.6776308469291319,40.409016640361109]},"properties":{"ESA_ESPECIE":"PDA","NOMBRE_COMUN":"Plátano de sombra/Platanus x hybrida","NOMBRE_ESPECIE":"Platanus x hispanica","ALTURA":"12","MINTDISTRITO":"03","NOMBRE_DISTRITO":"RETIRO","MINTBARRIO":"036","NOMBRE_BARRIO":"NIÑO JESUS","OBJECTID":50712539}},{"type":"Feature","id":50660087,"geometry":{"type":"Point","coordinates":[-3.677489991422819,40.417050841270289]},"properties":{"ESA_ESPECIE":"SJA","NOMBRE_COMUN":"Acacia del Japón/Sophora japonica","NOMBRE_ESPECIE":"Styphnolobium japonicum","ALTURA":"13","MINTDISTRITO":"03","NOMBRE_DISTRITO":"RETIRO","MINTBARRIO":"034","NOMBRE_BARRIO":"IBIZA","OBJECTID":50660087}},{"type":"Feature","id":51228553,"geometry":{"type":"Point","coordinates":[-3.6937189201592178,40.418435888949183]},"properties":{"ESA_ESPECIE":"PDA","NOMBRE_COMUN":"Plátano de sombra/Platanus x hybrida","NOMBRE_ESPECIE":"Platanus x hispanica","ALTURA":"20","MINTDISTRITO":"01","NOMBRE_DISTRITO":"CENTRO","MINTBARRIO":"013","NOMBRE_BARRIO":"CORTES","OBJECTID":51228553}},{"type":"Feature","id":51228676,"geometry":{"type":"Point","coordinates":[-3.6941837032682541,40.414744201297253]},"properties":{"ESA_ESPECIE":"PDA","NOMBRE_COMUN":"Plátano de sombra/Platanus x hybrida","NOMBRE_ESPECIE":"Platanus x hispanica","ALTURA":"20","MINTDISTRITO":"01","NOMBRE_DISTRITO":"CENTRO","MINTBARRIO":"013","NOMBRE_BARRIO":"CORTES","OBJECTID":51228676}},{"type":"Feature","id":51286538,"geometry":{"type":"Point","coordinates":[-3.6945331421807728,40.412849445452544]},"properties":{"ESA_ESPECIE":"LJV","NOMBRE_COMUN":"Aligustre variegado","NOMBRE_ESPECIE":"Ligustrum japonicum 'Variegatum'","ALTURA":"4,5","MINTDISTRITO":"01","NOMBRE_DISTRITO":"CENTRO","MINTBARRIO":"013","NOMBRE_BARRIO":"CORTES","OBJECTID":51286538}},{"type":"Feature","id":50698055,"geometry":{"type":"Point","coordinates":[-3.6917796578016797,40.418063074779937]},"properties":{"ESA_ESPECIE":"AJU","NOMBRE_COMUN":"Acacia de Constantinopla","NOMBRE_ESPECIE":"Albizia julibrissin","ALTURA":"3","MINTDISTRITO":"03","NOMBRE_DISTRITO":"RETIRO","MINTBARRIO":"035","NOMBRE_BARRIO":"LOS JERONIMOS","OBJECTID":50698055}},{"type":"Feature","id":50701252,"geometry":{"type":"Point","coordinates":[-3.6910517926567987,40.418208779531582]},"properties":{"ESA_ESPECIE":"LJA","NOMBRE_COMUN":"Aligustre del Japón","NOMBRE_ESPECIE":"LJA","ALTURA":"3,5","MINTDISTRITO":"03","NOMBRE_DISTRITO":"RETIRO","MINTBARRIO":"035","NOMBRE_BARRIO":"LOS JERONIMOS","OBJECTID":50701252}},{"type":"Feature","id":50701301,"geometry":{"type":"Point","coordinates":[-3.69084149658334,40.417279942509708]},"properties":{"ESA_ESPECIE":"SJA","NOMBRE_COMUN":"Acacia del Japón/Sophora japonica","NOMBRE_ESPECIE":"Styphnolobium japonicum","ALTURA":"8","MINTDISTRITO":"03","NOMBRE_DISTRITO":"RETIRO","MINTBARRIO":"035","NOMBRE_BARRIO":"LOS JERONIMOS","OBJECTID":50701301}},{"type":"Feature","id":51033448,"geometry":{"type":"Point","coordinates":[-3.6920069174269763,40.404876657529968]},"properties":{"ESA_ESPECIE":"AUM","NOMBRE_COMUN":"Arce tridente","NOMBRE_ESPECIE":"Acer buergerianum","ALTURA":"4,5","MINTDISTRITO":"02","NOMBRE_DISTRITO":"ARGANZUELA","MINTBARRIO":"026","NOMBRE_BARRIO":"PALOS DE LA FRONTERA","OBJECTID":51033448}},{"type":"Feature","id":51387491,"geometry":{"type":"Point","coordinates":[-3.6933988223352987,40.404630082947634]},"properties":{"ESA_ESPECIE":"PDA","NOMBRE_COMUN":"Plátano de sombra/Platanus x hybrida","NOMBRE_ESPECIE":"Platanus x hispanica","ALTURA":"8","MINTDISTRITO":"02","NOMBRE_DISTRITO":"ARGANZUELA","MINTBARRIO":"026","NOMBRE_BARRIO":"PALOS DE LA FRONTERA","OBJECTID":51387491}},{"type":"Feature","id":51386317,"geometry":{"type":"Point","coordinates":[-3.6929498259908424,40.407766667048762]},"properties":{"ESA_ESPECIE":"LST","NOMBRE_COMUN":"Liquidambar","NOMBRE_ESPECIE":"Liquidambar styraciflua","ALTURA":"5","MINTDISTRITO":"01","NOMBRE_DISTRITO":"CENTRO","MINTBARRIO":"012","NOMBRE_BARRIO":"EMBAJADORES","OBJECTID":51386317}},{"type":"Feature","id":51176960,"geometry":{"type":"Point","coordinates":[-3.6895778071983223,40.407334265960294]},"properties":{"ESA_ESPECIE":"CAU","NOMBRE_COMUN":"Almez","NOMBRE_ESPECIE":"Celtis australis","ALTURA":"9","MINTDISTRITO":"03","NOMBRE_DISTRITO":"RETIRO","MINTBARRIO":"035","NOMBRE_BARRIO":"LOS JERONIMOS","OBJECTID":51176960}},{"type":"Feature","id":51412961,"geometry":{"type":"Point","coordinates":[-3.6914526281880287,40.40906629523262]},"properties":{"ESA_ESPECIE":"PDA","NOMBRE_COMUN":"Plátano de sombra/Platanus x hybrida","NOMBRE_ESPECIE":"Platanus x hispanica","ALTURA":"14","MINTDISTRITO":"03","NOMBRE_DISTRITO":"RETIRO","MINTBARRIO":"035","NOMBRE_BARRIO":"LOS JERONIMOS","OBJECTID":51412961}},{"type":"Feature","id":50663943,"geometry":{"type":"Point","coordinates":[-3.690651461329935,40.420752442342611]},"properties":{"ESA_ESPECIE":"MEA","NOMBRE_COMUN":"Cinamomo","NOMBRE_ESPECIE":"Melia azedarach","ALTURA":"10","MINTDISTRITO":"04","NOMBRE_DISTRITO":"SALAMANCA","MINTBARRIO":"041","NOMBRE_BARRIO":"RECOLETOS","OBJECTID":50663943}},{"type":"Feature","id":50712476,"geometry":{"type":"Point","coordinates":[-3.6849495833735073,40.405423133722159]},"properties":{"ESA_ESPECIE":"PDA","NOMBRE_COMUN":"Plátano de sombra/Platanus x hybrida","NOMBRE_ESPECIE":"Platanus x hispanica","ALTURA":"18","MINTDISTRITO":"03","NOMBRE_DISTRITO":"RETIRO","MINTBARRIO":"031","NOMBRE_BARRIO":"PACIFICO","OBJECTID":50712476}},{"type":"Feature","id":50591351,"geometry":{"type":"Point","coordinates":[-3.6825343416613205,40.408795634902624]},"properties":{"ESA_ESPECIE":"PPI","NOMBRE_COMUN":"Pino piñonero","NOMBRE_ESPECIE":"Pinus pinea","ALTURA":"9","MINTDISTRITO":"03","NOMBRE_DISTRITO":"RETIRO","MINTBARRIO":"035","NOMBRE_BARRIO":"LOS JERONIMOS","OBJECTID":50591351}},{"type":"Feature","id":51074001,"geometry":{"type":"Point","coordinates":[-3.6930925918618764,40.412015860701587]},"properties":{"ESA_ESPECIE":"PDA","NOMBRE_COMUN":"Plátano de sombra/Platanus x hybrida","NOMBRE_ESPECIE":"Platanus x hispanica","ALTURA":"6","MINTDISTRITO":"01","NOMBRE_DISTRITO":"CENTRO","MINTBARRIO":"013","NOMBRE_BARRIO":"CORTES","OBJECTID":51074001}},{"type":"Feature","id":50702148,"geometry":{"type":"Point","coordinates":[-3.6783056857561469,40.407274024147398]},"properties":{"ESA_ESPECIE":"AHI","NOMBRE_COMUN":"Castaño de indias","NOMBRE_ESPECIE":"Aesculus hippocastanum","ALTURA":"6,5","MINTDISTRITO":"03","NOMBRE_DISTRITO":"RETIRO","MINTBARRIO":"031","NOMBRE_BARRIO":"PACIFICO","OBJECTID":50702148}},{"type":"Feature","id":50707472,"geometry":{"type":"Point","coordinates":[-3.6785413109187819,40.404458839706685]},"properties":{"ESA_ESPECIE":"SJA","NOMBRE_COMUN":"Acacia del Japón/Sophora japonica","NOMBRE_ESPECIE":"Styphnolobium japonicum","ALTURA":"8","MINTDISTRITO":"03","NOMBRE_DISTRITO":"RETIRO","MINTBARRIO":"031","NOMBRE_BARRIO":"PACIFICO","OBJECTID":50707472}},{"type":"Feature","id":51182711,"geometry":{"type":"Point","coordinates":[-3.6825784697186452,40.406140826867187]},"properties":{"ESA_ESPECIE":"SJA","NOMBRE_COMUN":"Acacia del Japón/Sophora japonica","NOMBRE_ESPECIE":"Styphnolobium japonicum","ALTURA":"11","MINTDISTRITO":"03","NOMBRE_DISTRITO":"RETIRO","MINTBARRIO":"031","NOMBRE_BARRIO":"PACIFICO","OBJECTID":51182711}},{"type":"Feature","id":50590355,"geometry":{"type":"Point","coordinates":[-3.6817492615636227,40.406242863844561]},"properties":{"ESA_ESPECIE":"UPU","NOMBRE_COMUN":"Olmo de Siberia","NOMBRE_ESPECIE":"Ulmus pumila","ALTURA":"12","MINTDISTRITO":"03","NOMBRE_DISTRITO":"RETIRO","MINTBARRIO":"031","NOMBRE_BARRIO":"PACIFICO","OBJECTID":50590355}},{"type":"Feature","id":50698745,"geometry":{"type":"Point","coordinates":[-3.6864089280882566,40.406288358702596]},"properties":{"ESA_ESPECIE":"PDA","NOMBRE_COMUN":"Plátano de sombra/Platanus x hybrida","NOMBRE_ESPECIE":"Platanus x hispanica","ALTURA":"9","MINTDISTRITO":"03","NOMBRE_DISTRITO":"RETIRO","MINTBARRIO":"031","NOMBRE_BARRIO":"PACIFICO","OBJECTID":50698745}},{"type":"Feature","id":51017808,"geometry":{"type":"Point","coordinates":[-3.6925206796308019,40.418062737659724]},"properties":{"ESA_ESPECIE":"PAR","NOMBRE_COMUN":"Peral de flor 'Chanticleer'","NOMBRE_ESPECIE":"Pyrus calleryana 'Chanticleer'","ALTURA":"5","MINTDISTRITO":"03","NOMBRE_DISTRITO":"RETIRO","MINTBARRIO":"035","NOMBRE_BARRIO":"LOS JERONIMOS","OBJECTID":51017808}},{"type":"Feature","id":50698069,"geometry":{"type":"Point","coordinates":[-3.6916096302993124,40.41790679408998]},"properties":{"ESA_ESPECIE":"SJA","NOMBRE_COMUN":"Acacia del Japón/Sophora japonica","NOMBRE_ESPECIE":"Styphnolobium japonicum","ALTURA":"10,5","MINTDISTRITO":"03","NOMBRE_DISTRITO":"RETIRO","MINTBARRIO":"035","NOMBRE_BARRIO":"LOS JERONIMOS","OBJECTID":50698069}},{"type":"Feature","id":50892782,"geometry":{"type":"Point","coordinates":[-3.6892372742992792,40.419439435466892]},"properties":{"ESA_ESPECIE":"PDA","NOMBRE_COMUN":"Plátano de sombra/Platanus x hybrida","NOMBRE_ESPECIE":"Platanus x hispanica","ALTURA":"4,5","MINTDISTRITO":"03","NOMBRE_DISTRITO":"RETIRO","MINTBARRIO":"035","NOMBRE_BARRIO":"LOS JERONIMOS","OBJECTID":50892782}},{"type":"Feature","id":51407708,"geometry":{"type":"Point","coordinates":[-3.690526686476431,40.419892193595082]},"properties":{"ESA_ESPECIE":"SJA","NOMBRE_COMUN":"Acacia del Japón/Sophora japonica","NOMBRE_ESPECIE":"Styphnolobium japonicum","ALTURA":"10,5","MINTDISTRITO":"04","NOMBRE_DISTRITO":"SALAMANCA","MINTBARRIO":"041","NOMBRE_BARRIO":"RECOLETOS","OBJECTID":51407708}},{"type":"Feature","id":50699492,"geometry":{"type":"Point","coordinates":[-3.6905056044462867,40.415430950239873]},"properties":{"ESA_ESPECIE":"SJA","NOMBRE_COMUN":"Acacia del Japón/Sophora japonica","NOMBRE_ESPECIE":"Styphnolobium japonicum","ALTURA":"9","MINTDISTRITO":"03","NOMBRE_DISTRITO":"RETIRO","MINTBARRIO":"035","NOMBRE_BARRIO":"LOS JERONIMOS","OBJECTID":50699492}},{"type":"Feature","id":50705729,"geometry":{"type":"Point","coordinates":[-3.6915597771377278,40.412755718390848]},"properties":{"ESA_ESPECIE":"RPS","NOMBRE_COMUN":"Falsa acacia","NOMBRE_ESPECIE":"Robinia pseudoacacia","ALTURA":"8","MINTDISTRITO":"03","NOMBRE_DISTRITO":"RETIRO","MINTBARRIO":"035","NOMBRE_BARRIO":"LOS JERONIMOS","OBJECTID":50705729}},{"type":"Feature","id":51407720,"geometry":{"type":"Point","coordinates":[-3.6899656874595048,40.419973344977244]},"properties":{"ESA_ESPECIE":"SJA","NOMBRE_COMUN":"Acacia del Japón/Sophora japonica","NOMBRE_ESPECIE":"Styphnolobium japonicum","ALTURA":"7,5","MINTDISTRITO":"04","NOMBRE_DISTRITO":"SALAMANCA","MINTBARRIO":"041","NOMBRE_BARRIO":"RECOLETOS","OBJECTID":51407720}},{"type":"Feature","id":50995907,"geometry":{"type":"Point","coordinates":[-3.6953254781557709,40.415714587712792]},"properties":{"ESA_ESPECIE":"SJA","NOMBRE_COMUN":"Acacia del Japón/Sophora japonica","NOMBRE_ESPECIE":"Styphnolobium japonicum","ALTURA":"7","MINTDISTRITO":"01","NOMBRE_DISTRITO":"CENTRO","MINTBARRIO":"013","NOMBRE_BARRIO":"CORTES","OBJECTID":50995907}},{"type":"Feature","id":51004065,"geometry":{"type":"Point","coordinates":[-3.6951103557865941,40.413759287151336]},"properties":{"ESA_ESPECIE":"LJA","NOMBRE_COMUN":"Aligustre del Japón","NOMBRE_ESPECIE":"Ligustrum japonicum","ALTURA":"7,5","MINTDISTRITO":"01","NOMBRE_DISTRITO":"CENTRO","MINTBARRIO":"013","NOMBRE_BARRIO":"CORTES","OBJECTID":51004065}},{"type":"Feature","id":51073823,"geometry":{"type":"Point","coordinates":[-3.6934518826608751,40.412989711022398]},"properties":{"ESA_ESPECIE":"SJA","NOMBRE_COMUN":"Acacia del Japón/Sophora japonica","NOMBRE_ESPECIE":"Styphnolobium japonicum","ALTURA":"6","MINTDISTRITO":"01","NOMBRE_DISTRITO":"CENTRO","MINTBARRIO":"013","NOMBRE_BARRIO":"CORTES","OBJECTID":51073823}},{"type":"Feature","id":50707401,"geometry":{"type":"Point","coordinates":[-3.680547812200865,40.406423996846065]},"properties":{"ESA_ESPECIE":"SJA","NOMBRE_COMUN":"Acacia del Japón/Sophora japonica","NOMBRE_ESPECIE":"Styphnolobium japonicum","ALTURA":"6","MINTDISTRITO":"03","NOMBRE_DISTRITO":"RETIRO","MINTBARRIO":"031","NOMBRE_BARRIO":"PACIFICO","OBJECTID":50707401}},{"type":"Feature","id":51014499,"geometry":{"type":"Point","coordinates":[-3.6936952955707367,40.409005978488338]},"properties":{"ESA_ESPECIE":"LST","NOMBRE_COMUN":"Liquidambar","NOMBRE_ESPECIE":"Liquidambar styraciflua","ALTURA":"12","MINTDISTRITO":"01","NOMBRE_DISTRITO":"CENTRO","MINTBARRIO":"012","NOMBRE_BARRIO":"EMBAJADORES","OBJECTID":51014499}},{"type":"Feature","id":51036637,"geometry":{"type":"Point","coordinates":[-3.6907052698287575,40.409678738527496]},"properties":{"ESA_ESPECIE":"AHI","NOMBRE_COMUN":"Castaño de indias","NOMBRE_ESPECIE":"Aesculus hippocastanum","ALTURA":"2,5","MINTDISTRITO":"03","NOMBRE_DISTRITO":"RETIRO","MINTBARRIO":"035","NOMBRE_BARRIO":"LOS JERONIMOS","OBJECTID":51036637}},{"type":"Feature","id":50984689,"geometry":{"type":"Point","coordinates":[-3.6924476142506863,40.409062538831179]},"properties":{"ESA_ESPECIE":"PDA","NOMBRE_COMUN":"Plátano de sombra/Platanus x hybrida","NOMBRE_ESPECIE":"Platanus x hispanica","ALTURA":"18","MINTDISTRITO":"01","NOMBRE_DISTRITO":"CENTRO","MINTBARRIO":"012","NOMBRE_BARRIO":"EMBAJADORES","OBJECTID":50984689}},{"type":"Feature","id":51404946,"geometry":{"type":"Point","coordinates":[-3.6904617421659198,40.420675512189689]},"properties":{"ESA_ESPECIE":"TIE","NOMBRE_COMUN":"Tilo","NOMBRE_ESPECIE":"Tilia x europaea","ALTURA":"6,5","MINTDISTRITO":"04","NOMBRE_DISTRITO":"SALAMANCA","MINTBARRIO":"041","NOMBRE_BARRIO":"RECOLETOS","OBJECTID":51404946}},{"type":"Feature","id":50966215,"geometry":{"type":"Point","coordinates":[-3.6932278313385773,40.419972741065429]},"properties":{"ESA_ESPECIE":"SJA","NOMBRE_COMUN":"Acacia del Japón/Sophora japonica","NOMBRE_ESPECIE":"Styphnolobium japonicum","ALTURA":"8","MINTDISTRITO":"01","NOMBRE_DISTRITO":"CENTRO","MINTBARRIO":"014","NOMBRE_BARRIO":"JUSTICIA","OBJECTID":50966215}},{"type":"Feature","id":51227259,"geometry":{"type":"Point","coordinates":[-3.6939987735985165,40.417406971233781]},"properties":{"ESA_ESPECIE":"SJA","NOMBRE_COMUN":"Acacia del Japón/Sophora japonica","NOMBRE_ESPECIE":"Styphnolobium japonicum","ALTURA":"7","MINTDISTRITO":"01","NOMBRE_DISTRITO":"CENTRO","MINTBARRIO":"013","NOMBRE_BARRIO":"CORTES","OBJECTID":51227259}},{"type":"Feature","id":50644106,"geometry":{"type":"Point","coordinates":[-3.6804361302025188,40.407141955898268]},"properties":{"ESA_ESPECIE":"PDA","NOMBRE_COMUN":"Plátano de sombra/Platanus x hybrida","NOMBRE_ESPECIE":"Platanus x hispanica","ALTURA":"16","MINTDISTRITO":"03","NOMBRE_DISTRITO":"RETIRO","MINTBARRIO":"031","NOMBRE_BARRIO":"PACIFICO","OBJECTID":50644106}},{"type":"Feature","id":50977576,"geometry":{"type":"Point","coordinates":[-3.6958368491683138,40.409323183767576]},"properties":{"ESA_ESPECIE":"AJU","NOMBRE_COMUN":"Acacia de Constantinopla","NOMBRE_ESPECIE":"Albizia julibrissin","ALTURA":"11","MINTDISTRITO":"01","NOMBRE_DISTRITO":"CENTRO","MINTBARRIO":"012","NOMBRE_BARRIO":"EMBAJADORES","OBJECTID":50977576}},{"type":"Feature","id":51172028,"geometry":{"type":"Point","coordinates":[-3.6799034541734836,40.403998015122895]},"properties":{"ESA_ESPECIE":"PDA","NOMBRE_COMUN":"Plátano de sombra/Platanus x hybrida","NOMBRE_ESPECIE":"Platanus x hispanica","ALTURA":"12","MINTDISTRITO":"03","NOMBRE_DISTRITO":"RETIRO","MINTBARRIO":"031","NOMBRE_BARRIO":"PACIFICO","OBJECTID":51172028}},{"type":"Feature","id":50605615,"geometry":{"type":"Point","coordinates":[-3.6786675550220327,40.419507648306386]},"properties":{"ESA_ESPECIE":"LLU","NOMBRE_COMUN":"Aligustre arbóreo","NOMBRE_ESPECIE":"Ligustrum lucidum","ALTURA":"4","MINTDISTRITO":"03","NOMBRE_DISTRITO":"RETIRO","MINTBARRIO":"034","NOMBRE_BARRIO":"IBIZA","OBJECTID":50605615}},{"type":"Feature","id":51021532,"geometry":{"type":"Point","coordinates":[-3.678289358633402,40.4173578674909]},"properties":{"ESA_ESPECIE":"PDA","NOMBRE_COMUN":"Plátano de sombra/Platanus x hybrida","NOMBRE_ESPECIE":"Platanus x hispanica","ALTURA":"6,5","MINTDISTRITO":"03","NOMBRE_DISTRITO":"RETIRO","MINTBARRIO":"034","NOMBRE_BARRIO":"IBIZA","OBJECTID":51021532}},{"type":"Feature","id":50576979,"geometry":{"type":"Point","coordinates":[-3.6784530339092223,40.407760730199591]},"properties":{"ESA_ESPECIE":"PPI","NOMBRE_COMUN":"Pino piñonero","NOMBRE_ESPECIE":"Pinus pinea","ALTURA":"7","MINTDISTRITO":"03","NOMBRE_DISTRITO":"RETIRO","MINTBARRIO":"036","NOMBRE_BARRIO":"NIÑO JESUS","OBJECTID":50576979}},{"type":"Feature","id":51021981,"geometry":{"type":"Point","coordinates":[-3.6785587853800785,40.405476050167273]},"properties":{"ESA_ESPECIE":"LJA","NOMBRE_COMUN":"Aligustre del Japón","NOMBRE_ESPECIE":"Ligustrum japonicum","ALTURA":"4,5","MINTDISTRITO":"03","NOMBRE_DISTRITO":"RETIRO","MINTBARRIO":"031","NOMBRE_BARRIO":"PACIFICO","OBJECTID":51021981}},{"type":"Feature","id":51177991,"geometry":{"type":"Point","coordinates":[-3.6852271159696959,40.406130466689142]},"properties":{"ESA_ESPECIE":"PAR","NOMBRE_COMUN":"Peral de flor 'Chanticleer'","NOMBRE_ESPECIE":"Pyrus calleryana 'Chanticleer'","ALTURA":"8","MINTDISTRITO":"03","NOMBRE_DISTRITO":"RETIRO","MINTBARRIO":"031","NOMBRE_BARRIO":"PACIFICO","OBJECTID":51177991}},{"type":"Feature","id":51177979,"geometry":{"type":"Point","coordinates":[-3.6863845122597141,40.406214404095309]},"properties":{"ESA_ESPECIE":"CDE","NOMBRE_COMUN":"Cedro llorón","NOMBRE_ESPECIE":"Cedrus deodara","ALTURA":"7","MINTDISTRITO":"03","NOMBRE_DISTRITO":"RETIRO","MINTBARRIO":"031","NOMBRE_BARRIO":"PACIFICO","OBJECTID":51177979}},{"type":"Feature","id":50638069,"geometry":{"type":"Point","coordinates":[-3.6893415131153064,40.419503201629425]},"properties":{"ESA_ESPECIE":"PDA","NOMBRE_COMUN":"Plátano de sombra/Platanus x hybrida","NOMBRE_ESPECIE":"Platanus x hispanica","ALTURA":"15","MINTDISTRITO":"03","NOMBRE_DISTRITO":"RETIRO","MINTBARRIO":"035","NOMBRE_BARRIO":"LOS JERONIMOS","OBJECTID":50638069}},{"type":"Feature","id":50696054,"geometry":{"type":"Point","coordinates":[-3.6922807270541975,40.415920247045499]},"properties":{"ESA_ESPECIE":"PDA","NOMBRE_COMUN":"Plátano de sombra/Platanus x hybrida","NOMBRE_ESPECIE":"Platanus x hispanica","ALTURA":"12","MINTDISTRITO":"03","NOMBRE_DISTRITO":"RETIRO","MINTBARRIO":"035","NOMBRE_BARRIO":"LOS JERONIMOS","OBJECTID":50696054}},{"type":"Feature","id":50698175,"geometry":{"type":"Point","coordinates":[-3.6913953556563386,40.413266704176976]},"properties":{"ESA_ESPECIE":"SJA","NOMBRE_COMUN":"Acacia del Japón/Sophora japonica","NOMBRE_ESPECIE":"Styphnolobium japonicum","ALTURA":"8","MINTDISTRITO":"03","NOMBRE_DISTRITO":"RETIRO","MINTBARRIO":"035","NOMBRE_BARRIO":"LOS JERONIMOS","OBJECTID":50698175}},{"type":"Feature","id":51175870,"geometry":{"type":"Point","coordinates":[-3.6834718863304969,40.404095986563561]},"properties":{"ESA_ESPECIE":"PDA","NOMBRE_COMUN":"Plátano de sombra/Platanus x hybrida","NOMBRE_ESPECIE":"Platanus x hispanica","ALTURA":"19","MINTDISTRITO":"03","NOMBRE_DISTRITO":"RETIRO","MINTBARRIO":"031","NOMBRE_BARRIO":"PACIFICO","OBJECTID":51175870}},{"type":"Feature","id":50562821,"geometry":{"type":"Point","coordinates":[-3.6785366213484028,40.419595768530641]},"properties":{"ESA_ESPECIE":"LJA","NOMBRE_COMUN":"Aligustre del Japón","NOMBRE_ESPECIE":"Ligustrum japonicum","ALTURA":"7.5","MINTDISTRITO":"03","NOMBRE_DISTRITO":"RETIRO","MINTBARRIO":"034","NOMBRE_BARRIO":"IBIZA","OBJECTID":50562821}},{"type":"Feature","id":51146366,"geometry":{"type":"Point","coordinates":[-3.6933756052904139,40.409769080335337]},"properties":{"ESA_ESPECIE":"UPU","NOMBRE_COMUN":"Olmo de Siberia","NOMBRE_ESPECIE":"Ulmus pumila","ALTURA":"16","MINTDISTRITO":"01","NOMBRE_DISTRITO":"CENTRO","MINTBARRIO":"013","NOMBRE_BARRIO":"CORTES","OBJECTID":51146366}},{"type":"Feature","id":51350319,"geometry":{"type":"Point","coordinates":[-3.6939500641545688,40.406651355457882]},"properties":{"ESA_ESPECIE":"PDA","NOMBRE_COMUN":"Plátano de sombra/Platanus x hybrida","NOMBRE_ESPECIE":"Platanus x hispanica","ALTURA":"9,5","MINTDISTRITO":"02","NOMBRE_DISTRITO":"ARGANZUELA","MINTBARRIO":"026","NOMBRE_BARRIO":"PALOS DE LA FRONTERA","OBJECTID":51350319}},{"type":"Feature","id":51336339,"geometry":{"type":"Point","coordinates":[-3.6913445855586904,40.405798354992626]},"properties":{"ESA_ESPECIE":"SJA","NOMBRE_COMUN":"Acacia del Japón/Sophora japonica","NOMBRE_ESPECIE":"Styphnolobium japonicum","ALTURA":"6","MINTDISTRITO":"02","NOMBRE_DISTRITO":"ARGANZUELA","MINTBARRIO":"027","NOMBRE_BARRIO":"ATOCHA","OBJECTID":51336339}},{"type":"Feature","id":51392517,"geometry":{"type":"Point","coordinates":[-3.6927425099508402,40.405162056260338]},"properties":{"ESA_ESPECIE":"SJA","NOMBRE_COMUN":"Acacia del Japón/Sophora japonica","NOMBRE_ESPECIE":"Styphnolobium japonicum","ALTURA":"15","MINTDISTRITO":"02","NOMBRE_DISTRITO":"ARGANZUELA","MINTBARRIO":"026","NOMBRE_BARRIO":"PALOS DE LA FRONTERA","OBJECTID":51392517}},{"type":"Feature","id":51207056,"geometry":{"type":"Point","coordinates":[-3.6943495190243625,40.404223086953358]},"properties":{"ESA_ESPECIE":"AII","NOMBRE_COMUN":"Arce de Freeman","NOMBRE_ESPECIE":"Acer x freemanii","ALTURA":"4","MINTDISTRITO":"02","NOMBRE_DISTRITO":"ARGANZUELA","MINTBARRIO":"026","NOMBRE_BARRIO":"PALOS DE LA FRONTERA","OBJECTID":51207056}},{"type":"Feature","id":51010277,"geometry":{"type":"Point","coordinates":[-3.6899698852141984,40.407572396784495]},"properties":{"ESA_ESPECIE":"PYSP","NOMBRE_COMUN":"Perales","NOMBRE_ESPECIE":"Pyrus sp","ALTURA":"4","MINTDISTRITO":"03","NOMBRE_DISTRITO":"RETIRO","MINTBARRIO":"035","NOMBRE_BARRIO":"LOS JERONIMOS","OBJECTID":51010277}},{"type":"Feature","id":50705351,"geometry":{"type":"Point","coordinates":[-3.6789515638045098,40.419520746633467]},"properties":{"ESA_ESPECIE":"LJA","NOMBRE_COMUN":"Aligustre del Japón","NOMBRE_ESPECIE":"Ligustrum japonicum","ALTURA":"8","MINTDISTRITO":"03","NOMBRE_DISTRITO":"RETIRO","MINTBARRIO":"034","NOMBRE_BARRIO":"IBIZA","OBJECTID":50705351}},{"type":"Feature","id":51031170,"geometry":{"type":"Point","coordinates":[-3.6846276572603056,40.406414532991178]},"properties":{"ESA_ESPECIE":"PDA","NOMBRE_COMUN":"Plátano de sombra/Platanus x hybrida","NOMBRE_ESPECIE":"Platanus x hispanica","ALTURA":"5","MINTDISTRITO":"03","NOMBRE_DISTRITO":"RETIRO","MINTBARRIO":"031","NOMBRE_BARRIO":"PACIFICO","OBJECTID":51031170}},{"type":"Feature","id":50698616,"geometry":{"type":"Point","coordinates":[-3.6797746640950764,40.407829058096588]},"properties":{"ESA_ESPECIE":"SJA","NOMBRE_COMUN":"Acacia del Japón/Sophora japonica","NOMBRE_ESPECIE":"Styphnolobium japonicum","ALTURA":"6","MINTDISTRITO":"03","NOMBRE_DISTRITO":"RETIRO","MINTBARRIO":"035","NOMBRE_BARRIO":"LOS JERONIMOS","OBJECTID":50698616}},{"type":"Feature","id":51412832,"geometry":{"type":"Point","coordinates":[-3.6925016875044911,40.412915459813291]},"properties":{"ESA_ESPECIE":"CDE","NOMBRE_COMUN":"Cedro llorón","NOMBRE_ESPECIE":"Cedrus deodara","ALTURA":"25","MINTDISTRITO":"03","NOMBRE_DISTRITO":"RETIRO","MINTBARRIO":"035","NOMBRE_BARRIO":"LOS JERONIMOS","OBJECTID":51412832}},{"type":"Feature","id":51181088,"geometry":{"type":"Point","coordinates":[-3.6779147628502247,40.40614482322092]},"properties":{"ESA_ESPECIE":"LJA","NOMBRE_COMUN":"Aligustre del Japón","NOMBRE_ESPECIE":"Ligustrum japonicum","ALTURA":"7,5","MINTDISTRITO":"03","NOMBRE_DISTRITO":"RETIRO","MINTBARRIO":"031","NOMBRE_BARRIO":"PACIFICO","OBJECTID":51181088}},{"type":"Feature","id":50643336,"geometry":{"type":"Point","coordinates":[-3.6776229901769124,40.416991503022118]},"properties":{"ESA_ESPECIE":"SJA","NOMBRE_COMUN":"Acacia del Japón/Sophora japonica","NOMBRE_ESPECIE":"Styphnolobium japonicum","ALTURA":"5,5","MINTDISTRITO":"03","NOMBRE_DISTRITO":"RETIRO","MINTBARRIO":"034","NOMBRE_BARRIO":"IBIZA","OBJECTID":50643336}},{"type":"Feature","id":50604713,"geometry":{"type":"Point","coordinates":[-3.6781990985490345,40.419580451569416]},"properties":{"ESA_ESPECIE":"LJA","NOMBRE_COMUN":"Aligustre del Japón","NOMBRE_ESPECIE":"Ligustrum japonicum","ALTURA":"4,5","MINTDISTRITO":"03","NOMBRE_DISTRITO":"RETIRO","MINTBARRIO":"034","NOMBRE_BARRIO":"IBIZA","OBJECTID":50604713}},{"type":"Feature","id":51181417,"geometry":{"type":"Point","coordinates":[-3.6903942144590967,40.41718896525731]},"properties":{"ESA_ESPECIE":"SJA","NOMBRE_COMUN":"Acacia del Japón/Sophora japonica","NOMBRE_ESPECIE":"Styphnolobium japonicum","ALTURA":"10","MINTDISTRITO":"03","NOMBRE_DISTRITO":"RETIRO","MINTBARRIO":"035","NOMBRE_BARRIO":"LOS JERONIMOS","OBJECTID":51181417}},{"type":"Feature","id":50701272,"geometry":{"type":"Point","coordinates":[-3.6895811578031883,40.417327646886967]},"properties":{"ESA_ESPECIE":"SJA","NOMBRE_COMUN":"Acacia del Japón/Sophora japonica","NOMBRE_ESPECIE":"Styphnolobium japonicum","ALTURA":"5","MINTDISTRITO":"03","NOMBRE_DISTRITO":"RETIRO","MINTBARRIO":"035","NOMBRE_BARRIO":"LOS JERONIMOS","OBJECTID":50701272}},{"type":"Feature","id":51172761,"geometry":{"type":"Point","coordinates":[-3.6902213406796691,40.41817116354035]},"properties":{"ESA_ESPECIE":"SJA","NOMBRE_COMUN":"Acacia del Japón/Sophora japonica","NOMBRE_ESPECIE":"Styphnolobium japonicum","ALTURA":"7","MINTDISTRITO":"03","NOMBRE_DISTRITO":"RETIRO","MINTBARRIO":"035","NOMBRE_BARRIO":"LOS JERONIMOS","OBJECTID":51172761}},{"type":"Feature","id":51216388,"geometry":{"type":"Point","coordinates":[-3.691141016389881,40.416602537006312]},"properties":{"ESA_ESPECIE":"PDA","NOMBRE_COMUN":"Plátano de sombra/Platanus x hybrida","NOMBRE_ESPECIE":"Platanus x hispanica","ALTURA":"5","MINTDISTRITO":"03","NOMBRE_DISTRITO":"RETIRO","MINTBARRIO":"035","NOMBRE_BARRIO":"LOS JERONIMOS","OBJECTID":51216388}},{"type":"Feature","id":50703522,"geometry":{"type":"Point","coordinates":[-3.692467937598201,40.415867414000935]},"properties":{"ESA_ESPECIE":"PDA","NOMBRE_COMUN":"Plátano de sombra/Platanus x hybrida","NOMBRE_ESPECIE":"Platanus x hispanica","ALTURA":"5","MINTDISTRITO":"03","NOMBRE_DISTRITO":"RETIRO","MINTBARRIO":"035","NOMBRE_BARRIO":"LOS JERONIMOS","OBJECTID":50703522}},{"type":"Feature","id":50699194,"geometry":{"type":"Point","coordinates":[-3.6889374744989301,40.41120361794799]},"properties":{"ESA_ESPECIE":"PDA","NOMBRE_COMUN":"Plátano de sombra/Platanus x hybrida","NOMBRE_ESPECIE":"Platanus x hispanica","ALTURA":"12","MINTDISTRITO":"03","NOMBRE_DISTRITO":"RETIRO","MINTBARRIO":"035","NOMBRE_BARRIO":"LOS JERONIMOS","OBJECTID":50699194}},{"type":"Feature","id":51228696,"geometry":{"type":"Point","coordinates":[-3.6936068340323307,40.413980011370334]},"properties":{"ESA_ESPECIE":"PDA","NOMBRE_COMUN":"Plátano de sombra/Platanus x hybrida","NOMBRE_ESPECIE":"Platanus x hispanica","ALTURA":"20","MINTDISTRITO":"01","NOMBRE_DISTRITO":"CENTRO","MINTBARRIO":"013","NOMBRE_BARRIO":"CORTES","OBJECTID":51228696}},{"type":"Feature","id":51007268,"geometry":{"type":"Point","coordinates":[-3.6936508032623889,40.410756335671181]},"properties":{"ESA_ESPECIE":"PYC","NOMBRE_COMUN":"Peral","NOMBRE_ESPECIE":"Pyrus communis","ALTURA":"7","MINTDISTRITO":"01","NOMBRE_DISTRITO":"CENTRO","MINTBARRIO":"013","NOMBRE_BARRIO":"CORTES","OBJECTID":51007268}},{"type":"Feature","id":51172183,"geometry":{"type":"Point","coordinates":[-3.6928251976743884,40.417005206358468]},"properties":{"ESA_ESPECIE":"PDA","NOMBRE_COMUN":"Plátano de sombra/Platanus x hybrida","NOMBRE_ESPECIE":"Platanus x hispanica","ALTURA":"15","MINTDISTRITO":"03","NOMBRE_DISTRITO":"RETIRO","MINTBARRIO":"035","NOMBRE_BARRIO":"LOS JERONIMOS","OBJECTID":51172183}},{"type":"Feature","id":51177338,"geometry":{"type":"Point","coordinates":[-3.6925767553873579,40.41665042314272]},"properties":{"ESA_ESPECIE":"APS","NOMBRE_COMUN":"Falso plátano","NOMBRE_ESPECIE":"Acer pseudoplatanus","ALTURA":"15","MINTDISTRITO":"03","NOMBRE_DISTRITO":"RETIRO","MINTBARRIO":"035","NOMBRE_BARRIO":"LOS JERONIMOS","OBJECTID":51177338}},{"type":"Feature","id":51198741,"geometry":{"type":"Point","coordinates":[-3.6932496993972426,40.417382311942141]},"properties":{"ESA_ESPECIE":"UPU","NOMBRE_COMUN":"Olmo de Siberia","NOMBRE_ESPECIE":"Ulmus pumila","ALTURA":null,"MINTDISTRITO":"03","NOMBRE_DISTRITO":"RETIRO","MINTBARRIO":"035","NOMBRE_BARRIO":"LOS JERONIMOS","OBJECTID":51198741}},{"type":"Feature","id":51386223,"geometry":{"type":"Point","coordinates":[-3.6908096244499422,40.404080577831948]},"properties":{"ESA_ESPECIE":"SJA","NOMBRE_COMUN":"Acacia del Japón/Sophora japonica","NOMBRE_ESPECIE":"Styphnolobium japonicum","ALTURA":"5,5","MINTDISTRITO":"02","NOMBRE_DISTRITO":"ARGANZUELA","MINTBARRIO":"026","NOMBRE_BARRIO":"PALOS DE LA FRONTERA","OBJECTID":51386223}},{"type":"Feature","id":50984901,"geometry":{"type":"Point","coordinates":[-3.6932346681380439,40.409717078319794]},"properties":{"ESA_ESPECIE":"PDA","NOMBRE_COMUN":"Plátano de sombra/Platanus x hybrida","NOMBRE_ESPECIE":"Platanus x hispanica","ALTURA":"19","MINTDISTRITO":"01","NOMBRE_DISTRITO":"CENTRO","MINTBARRIO":"013","NOMBRE_BARRIO":"CORTES","OBJECTID":50984901}},{"type":"Feature","id":51002299,"geometry":{"type":"Point","coordinates":[-3.6926571884689716,40.409488096623534]},"properties":{"ESA_ESPECIE":"PDA","NOMBRE_COMUN":"Plátano de sombra/Platanus x hybrida","NOMBRE_ESPECIE":"Platanus x hispanica","ALTURA":"19","MINTDISTRITO":"01","NOMBRE_DISTRITO":"CENTRO","MINTBARRIO":"013","NOMBRE_BARRIO":"CORTES","OBJECTID":51002299}},{"type":"Feature","id":50985577,"geometry":{"type":"Point","coordinates":[-3.6957818528148874,40.418418546512292]},"properties":{"ESA_ESPECIE":"LJA","NOMBRE_COMUN":"Aligustre del Japón","NOMBRE_ESPECIE":"Ligustrum japonicum","ALTURA":"6,5","MINTDISTRITO":"01","NOMBRE_DISTRITO":"CENTRO","MINTBARRIO":"013","NOMBRE_BARRIO":"CORTES","OBJECTID":50985577}},{"type":"Feature","id":51003922,"geometry":{"type":"Point","coordinates":[-3.6956268674797168,40.417717521518576]},"properties":{"ESA_ESPECIE":"LJA","NOMBRE_COMUN":"Aligustre del Japón","NOMBRE_ESPECIE":"Ligustrum japonicum","ALTURA":"5,5","MINTDISTRITO":"01","NOMBRE_DISTRITO":"CENTRO","MINTBARRIO":"013","NOMBRE_BARRIO":"CORTES","OBJECTID":51003922}},{"type":"Feature","id":50701258,"geometry":{"type":"Point","coordinates":[-3.6816621036055714,40.405952474988943]},"properties":{"ESA_ESPECIE":"SJA","NOMBRE_COMUN":"Acacia del Japón/Sophora japonica","NOMBRE_ESPECIE":"Styphnolobium japonicum","ALTURA":"4,5","MINTDISTRITO":"03","NOMBRE_DISTRITO":"RETIRO","MINTBARRIO":"031","NOMBRE_BARRIO":"PACIFICO","OBJECTID":50701258}},{"type":"Feature","id":51215649,"geometry":{"type":"Point","coordinates":[-3.6863889670629222,40.406057791104843]},"properties":{"ESA_ESPECIE":"PDA","NOMBRE_COMUN":"Plátano de sombra/Platanus x hybrida","NOMBRE_ESPECIE":"Platanus x hispanica","ALTURA":"8","MINTDISTRITO":"03","NOMBRE_DISTRITO":"RETIRO","MINTBARRIO":"031","NOMBRE_BARRIO":"PACIFICO","OBJECTID":51215649}},{"type":"Feature","id":51183681,"geometry":{"type":"Point","coordinates":[-3.6881342266551194,40.419576772276613]},"properties":{"ESA_ESPECIE":"PDA","NOMBRE_COMUN":"Plátano de sombra/Platanus x hybrida","NOMBRE_ESPECIE":"Platanus x hispanica","ALTURA":"5","MINTDISTRITO":"03","NOMBRE_DISTRITO":"RETIRO","MINTBARRIO":"035","NOMBRE_BARRIO":"LOS JERONIMOS","OBJECTID":51183681}},{"type":"Feature","id":50591337,"geometry":{"type":"Point","coordinates":[-3.6839640782703027,40.408780969838766]},"properties":{"ESA_ESPECIE":"CLE","NOMBRE_COMUN":"Ciprés de Leyland/x Cupressocyparis leylandii","NOMBRE_ESPECIE":"Cupressus x leylandii","ALTURA":"5","MINTDISTRITO":"03","NOMBRE_DISTRITO":"RETIRO","MINTBARRIO":"035","NOMBRE_BARRIO":"LOS JERONIMOS","OBJECTID":50591337}},{"type":"Feature","id":51032558,"geometry":{"type":"Point","coordinates":[-3.6922215554841213,40.403937934461048]},"properties":{"ESA_ESPECIE":"AII","NOMBRE_COMUN":"Arce de Freeman","NOMBRE_ESPECIE":"Acer freemanii","ALTURA":"4,5","MINTDISTRITO":"02","NOMBRE_DISTRITO":"ARGANZUELA","MINTBARRIO":"026","NOMBRE_BARRIO":"PALOS DE LA FRONTERA","OBJECTID":51032558}},{"type":"Feature","id":51005004,"geometry":{"type":"Point","coordinates":[-3.6958354919503846,40.409553003950741]},"properties":{"ESA_ESPECIE":"PCP","NOMBRE_COMUN":"Ciruelo púrpura","NOMBRE_ESPECIE":"Prunus cerasifera  subsp. pissardii","ALTURA":"5","MINTDISTRITO":"01","NOMBRE_DISTRITO":"CENTRO","MINTBARRIO":"012","NOMBRE_BARRIO":"EMBAJADORES","OBJECTID":51005004}},{"type":"Feature","id":51172824,"geometry":{"type":"Point","coordinates":[-3.6926367492345733,40.416373251789743]},"properties":{"ESA_ESPECIE":"CUX","NOMBRE_COMUN":"Ciprés","NOMBRE_ESPECIE":"Cupressus sp","ALTURA":"6","MINTDISTRITO":"03","NOMBRE_DISTRITO":"RETIRO","MINTBARRIO":"035","NOMBRE_BARRIO":"LOS JERONIMOS","OBJECTID":51172824}},{"type":"Feature","id":50564693,"geometry":{"type":"Point","coordinates":[-3.6903358640053865,40.41249699524699]},"properties":{"ESA_ESPECIE":"LJA","NOMBRE_COMUN":"Aligustre del Japón","NOMBRE_ESPECIE":"Ligustrum japonicum","ALTURA":"6","MINTDISTRITO":"03","NOMBRE_DISTRITO":"RETIRO","MINTBARRIO":"035","NOMBRE_BARRIO":"LOS JERONIMOS","OBJECTID":50564693}},{"type":"Feature","id":51228633,"geometry":{"type":"Point","coordinates":[-3.6930919142481491,40.41277921079157]},"properties":{"ESA_ESPECIE":"SJA","NOMBRE_COMUN":"Acacia del Japón/Sophora japonica","NOMBRE_ESPECIE":"Styphnolobium japonicum","ALTURA":"5","MINTDISTRITO":"01","NOMBRE_DISTRITO":"CENTRO","MINTBARRIO":"013","NOMBRE_BARRIO":"CORTES","OBJECTID":51228633}},{"type":"Feature","id":50887017,"geometry":{"type":"Point","coordinates":[-3.6778062345984672,40.406483254433859]},"properties":{"ESA_ESPECIE":"LJA","NOMBRE_COMUN":"Aligustre del Japón","NOMBRE_ESPECIE":"Ligustrum japonicum","ALTURA":"5","MINTDISTRITO":"03","NOMBRE_DISTRITO":"RETIRO","MINTBARRIO":"031","NOMBRE_BARRIO":"PACIFICO","OBJECTID":50887017}},{"type":"Feature","id":51093199,"geometry":{"type":"Point","coordinates":[-3.6793161798702276,40.420208121125214]},"properties":{"ESA_ESPECIE":"PDA","NOMBRE_COMUN":"Plátano de sombra/Platanus x hybrida","NOMBRE_ESPECIE":"Platanus x hispanica","ALTURA":"8,5","MINTDISTRITO":"03","NOMBRE_DISTRITO":"RETIRO","MINTBARRIO":"034","NOMBRE_BARRIO":"IBIZA","OBJECTID":51093199}},{"type":"Feature","id":50571812,"geometry":{"type":"Point","coordinates":[-3.6786150453568869,40.419599488435814]},"properties":{"ESA_ESPECIE":"LJA","NOMBRE_COMUN":"Aligustre del Japón","NOMBRE_ESPECIE":"Ligustrum japonicum","ALTURA":"7","MINTDISTRITO":"03","NOMBRE_DISTRITO":"RETIRO","MINTBARRIO":"034","NOMBRE_BARRIO":"IBIZA","OBJECTID":50571812}},{"type":"Feature","id":51195140,"geometry":{"type":"Point","coordinates":[-3.681315945294493,40.405631549239878]},"properties":{"ESA_ESPECIE":"SJA","NOMBRE_COMUN":"Acacia del Japón/Sophora japonica","NOMBRE_ESPECIE":"Styphnolobium japonicum","ALTURA":"8","MINTDISTRITO":"03","NOMBRE_DISTRITO":"RETIRO","MINTBARRIO":"031","NOMBRE_BARRIO":"PACIFICO","OBJECTID":51195140}},{"type":"Feature","id":51038595,"geometry":{"type":"Point","coordinates":[-3.691483398256679,40.417463223044457]},"properties":{"ESA_ESPECIE":"SJA","NOMBRE_COMUN":"Acacia del Japón/Sophora japonica","NOMBRE_ESPECIE":"Styphnolobium japonicum","ALTURA":"3,5","MINTDISTRITO":"03","NOMBRE_DISTRITO":"RETIRO","MINTBARRIO":"035","NOMBRE_BARRIO":"LOS JERONIMOS","OBJECTID":51038595}},{"type":"Feature","id":50574480,"geometry":{"type":"Point","coordinates":[-3.6904028308865833,40.417529140415041]},"properties":{"ESA_ESPECIE":"UPU","NOMBRE_COMUN":"Olmo de Siberia","NOMBRE_ESPECIE":"Ulmus pumila","ALTURA":"12","MINTDISTRITO":"03","NOMBRE_DISTRITO":"RETIRO","MINTBARRIO":"035","NOMBRE_BARRIO":"LOS JERONIMOS","OBJECTID":50574480}},{"type":"Feature","id":51412818,"geometry":{"type":"Point","coordinates":[-3.6930639190991825,40.414160907549189]},"properties":{"ESA_ESPECIE":"SJA","NOMBRE_COMUN":"Acacia del Japón/Sophora japonica","NOMBRE_ESPECIE":"Styphnolobium japonicum","ALTURA":"11","MINTDISTRITO":"03","NOMBRE_DISTRITO":"RETIRO","MINTBARRIO":"035","NOMBRE_BARRIO":"LOS JERONIMOS","OBJECTID":51412818}},{"type":"Feature","id":50699549,"geometry":{"type":"Point","coordinates":[-3.690502858791251,40.415388353837642]},"properties":{"ESA_ESPECIE":"SJA","NOMBRE_COMUN":"Acacia del Japón/Sophora japonica","NOMBRE_ESPECIE":"Styphnolobium japonicum","ALTURA":"8","MINTDISTRITO":"03","NOMBRE_DISTRITO":"RETIRO","MINTBARRIO":"035","NOMBRE_BARRIO":"LOS JERONIMOS","OBJECTID":50699549}},{"type":"Feature","id":50703336,"geometry":{"type":"Point","coordinates":[-3.6931103310437381,40.415741131762701]},"properties":{"ESA_ESPECIE":"PDA","NOMBRE_COMUN":"Plátano de sombra/Platanus x hybrida","NOMBRE_ESPECIE":"Platanus x hispanica","ALTURA":"15","MINTDISTRITO":"03","NOMBRE_DISTRITO":"RETIRO","MINTBARRIO":"035","NOMBRE_BARRIO":"LOS JERONIMOS","OBJECTID":50703336}},{"type":"Feature","id":51022906,"geometry":{"type":"Point","coordinates":[-3.6920579236787785,40.420277958211734]},"properties":{"ESA_ESPECIE":"PRX","NOMBRE_COMUN":"Pruno","NOMBRE_ESPECIE":"Prunus sp","ALTURA":"3","MINTDISTRITO":"04","NOMBRE_DISTRITO":"SALAMANCA","MINTBARRIO":"041","NOMBRE_BARRIO":"RECOLETOS","OBJECTID":51022906}},{"type":"Feature","id":51413224,"geometry":{"type":"Point","coordinates":[-3.6922609380120903,40.420497293125081]},"properties":{"ESA_ESPECIE":"CDE","NOMBRE_COMUN":"Cedro llorón","NOMBRE_ESPECIE":"Cedrus deodara","ALTURA":"22","MINTDISTRITO":"04","NOMBRE_DISTRITO":"SALAMANCA","MINTBARRIO":"041","NOMBRE_BARRIO":"RECOLETOS","OBJECTID":51413224}},{"type":"Feature","id":51017988,"geometry":{"type":"Point","coordinates":[-3.6945893329290951,40.418983223599362]},"properties":{"ESA_ESPECIE":"SJA","NOMBRE_COMUN":"Acacia del Japón/Sophora japonica","NOMBRE_ESPECIE":"Styphnolobium japonicum","ALTURA":"6","MINTDISTRITO":"01","NOMBRE_DISTRITO":"CENTRO","MINTBARRIO":"013","NOMBRE_BARRIO":"CORTES","OBJECTID":51017988}},{"type":"Feature","id":51011004,"geometry":{"type":"Point","coordinates":[-3.6944465140562488,40.417452499158486]},"properties":{"ESA_ESPECIE":"PAR","NOMBRE_COMUN":"Peral de flor 'Chanticleer'","NOMBRE_ESPECIE":"Pyrus calleryana 'Chanticleer'","ALTURA":"4,5","MINTDISTRITO":"01","NOMBRE_DISTRITO":"CENTRO","MINTBARRIO":"013","NOMBRE_BARRIO":"CORTES","OBJECTID":51011004}},{"type":"Feature","id":51228682,"geometry":{"type":"Point","coordinates":[-3.6934803196274482,40.414023797497471]},"properties":{"ESA_ESPECIE":"PDA","NOMBRE_COMUN":"Plátano de sombra/Platanus x hybrida","NOMBRE_ESPECIE":"Platanus x hispanica","ALTURA":"20","MINTDISTRITO":"01","NOMBRE_DISTRITO":"CENTRO","MINTBARRIO":"013","NOMBRE_BARRIO":"CORTES","OBJECTID":51228682}},{"type":"Feature","id":51228645,"geometry":{"type":"Point","coordinates":[-3.6932742055942112,40.413087470695707]},"properties":{"ESA_ESPECIE":"PDA","NOMBRE_COMUN":"Plátano de sombra/Platanus x hybrida","NOMBRE_ESPECIE":"Platanus x hispanica","ALTURA":"20","MINTDISTRITO":"01","NOMBRE_DISTRITO":"CENTRO","MINTBARRIO":"013","NOMBRE_BARRIO":"CORTES","OBJECTID":51228645}},{"type":"Feature","id":50568131,"geometry":{"type":"Point","coordinates":[-3.695633831813713,40.408010413645073]},"properties":{"ESA_ESPECIE":"RPS","NOMBRE_COMUN":"Falsa acacia","NOMBRE_ESPECIE":"Robinia pseudoacacia","ALTURA":"9.00","MINTDISTRITO":"01","NOMBRE_DISTRITO":"CENTRO","MINTBARRIO":"012","NOMBRE_BARRIO":"EMBAJADORES","OBJECTID":50568131}},{"type":"Feature","id":51268622,"geometry":{"type":"Point","coordinates":[-3.6914665846583734,40.405174207266718]},"properties":{"ESA_ESPECIE":"CAU","NOMBRE_COMUN":"Almez","NOMBRE_ESPECIE":"Celtis australis","ALTURA":"6","MINTDISTRITO":"02","NOMBRE_DISTRITO":"ARGANZUELA","MINTBARRIO":"026","NOMBRE_BARRIO":"PALOS DE LA FRONTERA","OBJECTID":51268622}},{"type":"Feature","id":51346775,"geometry":{"type":"Point","coordinates":[-3.6892455646244775,40.409697647656131]},"properties":{"ESA_ESPECIE":"AHI","NOMBRE_COMUN":"Castaño de indias","NOMBRE_ESPECIE":"Aesculus hippocastanum","ALTURA":"4,5","MINTDISTRITO":"03","NOMBRE_DISTRITO":"RETIRO","MINTBARRIO":"035","NOMBRE_BARRIO":"LOS JERONIMOS","OBJECTID":51346775}},{"type":"Feature","id":51331378,"geometry":{"type":"Point","coordinates":[-3.6924397959370028,40.408329608662065]},"properties":{"ESA_ESPECIE":"LST","NOMBRE_COMUN":"Liquidambar","NOMBRE_ESPECIE":"Liquidambar styraciflua","ALTURA":"6","MINTDISTRITO":"01","NOMBRE_DISTRITO":"CENTRO","MINTBARRIO":"012","NOMBRE_BARRIO":"EMBAJADORES","OBJECTID":51331378}},{"type":"Feature","id":51228739,"geometry":{"type":"Point","coordinates":[-3.6938928383045613,40.414211161160388]},"properties":{"ESA_ESPECIE":"PDA","NOMBRE_COMUN":"Plátano de sombra/Platanus x hybrida","NOMBRE_ESPECIE":"Platanus x hispanica","ALTURA":"20","MINTDISTRITO":"01","NOMBRE_DISTRITO":"CENTRO","MINTBARRIO":"013","NOMBRE_BARRIO":"CORTES","OBJECTID":51228739}},{"type":"Feature","id":51209512,"geometry":{"type":"Point","coordinates":[-3.6773446321751528,40.40464686642796]},"properties":{"ESA_ESPECIE":"SJA","NOMBRE_COMUN":"Acacia del Japón/Sophora japonica","NOMBRE_ESPECIE":"Styphnolobium japonicum","ALTURA":"10","MINTDISTRITO":"03","NOMBRE_DISTRITO":"RETIRO","MINTBARRIO":"031","NOMBRE_BARRIO":"PACIFICO","OBJECTID":51209512}},{"type":"Feature","id":50696738,"geometry":{"type":"Point","coordinates":[-3.6830424939322115,40.405710363182422]},"properties":{"ESA_ESPECIE":"UPU","NOMBRE_COMUN":"Olmo de Siberia","NOMBRE_ESPECIE":"Ulmus pumila","ALTURA":"15","MINTDISTRITO":"03","NOMBRE_DISTRITO":"RETIRO","MINTBARRIO":"031","NOMBRE_BARRIO":"PACIFICO","OBJECTID":50696738}},{"type":"Feature","id":51171977,"geometry":{"type":"Point","coordinates":[-3.6821608722649697,40.404646281807885]},"properties":{"ESA_ESPECIE":"PDA","NOMBRE_COMUN":"Plátano de sombra/Platanus x hybrida","NOMBRE_ESPECIE":"Platanus x hispanica","ALTURA":"18","MINTDISTRITO":"03","NOMBRE_DISTRITO":"RETIRO","MINTBARRIO":"031","NOMBRE_BARRIO":"PACIFICO","OBJECTID":51171977}},{"type":"Feature","id":51035704,"geometry":{"type":"Point","coordinates":[-3.6834396312159874,40.408552538159491]},"properties":{"ESA_ESPECIE":"PPI","NOMBRE_COMUN":"Pino piñonero","NOMBRE_ESPECIE":"Pinus pinea","ALTURA":"7","MINTDISTRITO":"03","NOMBRE_DISTRITO":"RETIRO","MINTBARRIO":"035","NOMBRE_BARRIO":"LOS JERONIMOS","OBJECTID":51035704}},{"type":"Feature","id":51052767,"geometry":{"type":"Point","coordinates":[-3.6824554968683323,40.408606693801694]},"properties":{"ESA_ESPECIE":"PPI","NOMBRE_COMUN":"Pino piñonero","NOMBRE_ESPECIE":"Pinus pinea","ALTURA":"9","MINTDISTRITO":"03","NOMBRE_DISTRITO":"RETIRO","MINTBARRIO":"035","NOMBRE_BARRIO":"LOS JERONIMOS","OBJECTID":51052767}},{"type":"Feature","id":51179210,"geometry":{"type":"Point","coordinates":[-3.6881554995373058,40.408039293503094]},"properties":{"ESA_ESPECIE":"PHA","NOMBRE_COMUN":"Pino carrasco","NOMBRE_ESPECIE":"Pinus halepensis","ALTURA":"2","MINTDISTRITO":"03","NOMBRE_DISTRITO":"RETIRO","MINTBARRIO":"035","NOMBRE_BARRIO":"LOS JERONIMOS","OBJECTID":51179210}},{"type":"Feature","id":51179216,"geometry":{"type":"Point","coordinates":[-3.6881070143333812,40.408010374690299]},"properties":{"ESA_ESPECIE":"PHA","NOMBRE_COMUN":"Pino carrasco","NOMBRE_ESPECIE":"Pinus halepensis","ALTURA":"2","MINTDISTRITO":"03","NOMBRE_DISTRITO":"RETIRO","MINTBARRIO":"035","NOMBRE_BARRIO":"LOS JERONIMOS","OBJECTID":51179216}},{"type":"Feature","id":51177046,"geometry":{"type":"Point","coordinates":[-3.6776169692179415,40.418374526441525]},"properties":{"ESA_ESPECIE":"SJA","NOMBRE_COMUN":"Acacia del Japón/Sophora japonica","NOMBRE_ESPECIE":"Styphnolobium japonicum","ALTURA":"8","MINTDISTRITO":"03","NOMBRE_DISTRITO":"RETIRO","MINTBARRIO":"034","NOMBRE_BARRIO":"IBIZA","OBJECTID":51177046}},{"type":"Feature","id":50707315,"geometry":{"type":"Point","coordinates":[-3.6775738982883377,40.420228471285618]},"properties":{"ESA_ESPECIE":"LJA","NOMBRE_COMUN":"Aligustre del Japón","NOMBRE_ESPECIE":"Ligustrum japonicum","ALTURA":"7,5","MINTDISTRITO":"03","NOMBRE_DISTRITO":"RETIRO","MINTBARRIO":"034","NOMBRE_BARRIO":"IBIZA","OBJECTID":50707315}},{"type":"Feature","id":51351352,"geometry":{"type":"Point","coordinates":[-3.6793600976736593,40.420329719405721]},"properties":{"ESA_ESPECIE":"APL","NOMBRE_COMUN":"Arce real","NOMBRE_ESPECIE":"Acer platanoides","ALTURA":"6","MINTDISTRITO":"03","NOMBRE_DISTRITO":"RETIRO","MINTBARRIO":"034","NOMBRE_BARRIO":"IBIZA","OBJECTID":51351352}},{"type":"Feature","id":51021973,"geometry":{"type":"Point","coordinates":[-3.6782388953353649,40.405898911762783]},"properties":{"ESA_ESPECIE":"LJA","NOMBRE_COMUN":"Aligustre del Japón","NOMBRE_ESPECIE":"Ligustrum japonicum","ALTURA":"4,5","MINTDISTRITO":"03","NOMBRE_DISTRITO":"RETIRO","MINTBARRIO":"031","NOMBRE_BARRIO":"PACIFICO","OBJECTID":51021973}},{"type":"Feature","id":50657537,"geometry":{"type":"Point","coordinates":[-3.6911724993265818,40.419809145093069]},"properties":{"ESA_ESPECIE":"SJA","NOMBRE_COMUN":"Acacia del Japón/Sophora japonica","NOMBRE_ESPECIE":"Styphnolobium japonicum","ALTURA":"9","MINTDISTRITO":"04","NOMBRE_DISTRITO":"SALAMANCA","MINTBARRIO":"041","NOMBRE_BARRIO":"RECOLETOS","OBJECTID":50657537}},{"type":"Feature","id":51412875,"geometry":{"type":"Point","coordinates":[-3.6931269652197765,40.414481386906139]},"properties":{"ESA_ESPECIE":"SJA","NOMBRE_COMUN":"Acacia del Japón/Sophora japonica","NOMBRE_ESPECIE":"Styphnolobium japonicum","ALTURA":"7,5","MINTDISTRITO":"03","NOMBRE_DISTRITO":"RETIRO","MINTBARRIO":"035","NOMBRE_BARRIO":"LOS JERONIMOS","OBJECTID":51412875}},{"type":"Feature","id":51093385,"geometry":{"type":"Point","coordinates":[-3.6907936909402208,40.415335976670143]},"properties":{"ESA_ESPECIE":"SJA","NOMBRE_COMUN":"Acacia del Japón/Sophora japonica","NOMBRE_ESPECIE":"Styphnolobium japonicum","ALTURA":"4,5","MINTDISTRITO":"03","NOMBRE_DISTRITO":"RETIRO","MINTBARRIO":"035","NOMBRE_BARRIO":"LOS JERONIMOS","OBJECTID":51093385}},{"type":"Feature","id":51288596,"geometry":{"type":"Point","coordinates":[-3.6912890664607914,40.416349776957844]},"properties":{"ESA_ESPECIE":"PDA","NOMBRE_COMUN":"Plátano de sombra/Platanus x hybrida","NOMBRE_ESPECIE":"Platanus x hispanica","ALTURA":"6","MINTDISTRITO":"03","NOMBRE_DISTRITO":"RETIRO","MINTBARRIO":"035","NOMBRE_BARRIO":"LOS JERONIMOS","OBJECTID":51288596}},{"type":"Feature","id":51031127,"geometry":{"type":"Point","coordinates":[-3.6919293303119849,40.415307329897765]},"properties":{"ESA_ESPECIE":"SJA","NOMBRE_COMUN":"Acacia del Japón/Sophora japonica","NOMBRE_ESPECIE":"Styphnolobium japonicum","ALTURA":"5,5","MINTDISTRITO":"03","NOMBRE_DISTRITO":"RETIRO","MINTBARRIO":"035","NOMBRE_BARRIO":"LOS JERONIMOS","OBJECTID":51031127}},{"type":"Feature","id":51412869,"geometry":{"type":"Point","coordinates":[-3.6926360397652438,40.412193606511806]},"properties":{"ESA_ESPECIE":"SJA","NOMBRE_COMUN":"Acacia del Japón/Sophora japonica","NOMBRE_ESPECIE":"Styphnolobium japonicum","ALTURA":"18","MINTDISTRITO":"03","NOMBRE_DISTRITO":"RETIRO","MINTBARRIO":"035","NOMBRE_BARRIO":"LOS JERONIMOS","OBJECTID":51412869}},{"type":"Feature","id":51345934,"geometry":{"type":"Point","coordinates":[-3.6919130542642944,40.405106022465588]},"properties":{"ESA_ESPECIE":"UPU","NOMBRE_COMUN":"Olmo de Siberia","NOMBRE_ESPECIE":"Ulmus pumila","ALTURA":"8,5","MINTDISTRITO":"02","NOMBRE_DISTRITO":"ARGANZUELA","MINTBARRIO":"026","NOMBRE_BARRIO":"PALOS DE LA FRONTERA","OBJECTID":51345934}},{"type":"Feature","id":50585592,"geometry":{"type":"Point","coordinates":[-3.6920484543325993,40.404412469116899]},"properties":{"ESA_ESPECIE":"AII","NOMBRE_COMUN":"Arce de Freeman","NOMBRE_ESPECIE":"Acer x freemanii","ALTURA":"4.5","MINTDISTRITO":"02","NOMBRE_DISTRITO":"ARGANZUELA","MINTBARRIO":"026","NOMBRE_BARRIO":"PALOS DE LA FRONTERA","OBJECTID":50585592}},{"type":"Feature","id":51033440,"geometry":{"type":"Point","coordinates":[-3.6921917850082067,40.404256384955396]},"properties":{"ESA_ESPECIE":"AUM","NOMBRE_COMUN":"Arce tridente","NOMBRE_ESPECIE":"Acer buergerianum","ALTURA":"4,5","MINTDISTRITO":"02","NOMBRE_DISTRITO":"ARGANZUELA","MINTBARRIO":"026","NOMBRE_BARRIO":"PALOS DE LA FRONTERA","OBJECTID":51033440}},{"type":"Feature","id":51259817,"geometry":{"type":"Point","coordinates":[-3.6940463654882336,40.405350733740562]},"properties":{"ESA_ESPECIE":"UPU","NOMBRE_COMUN":"Olmo de Siberia","NOMBRE_ESPECIE":"Ulmus pumila","ALTURA":"11","MINTDISTRITO":"02","NOMBRE_DISTRITO":"ARGANZUELA","MINTBARRIO":"026","NOMBRE_BARRIO":"PALOS DE LA FRONTERA","OBJECTID":51259817}},{"type":"Feature","id":51176952,"geometry":{"type":"Point","coordinates":[-3.6897495652083601,40.407478449509647]},"properties":{"ESA_ESPECIE":"CAU","NOMBRE_COMUN":"Almez","NOMBRE_ESPECIE":"Celtis australis","ALTURA":"10","MINTDISTRITO":"03","NOMBRE_DISTRITO":"RETIRO","MINTBARRIO":"035","NOMBRE_BARRIO":"LOS JERONIMOS","OBJECTID":51176952}},{"type":"Feature","id":50709081,"geometry":{"type":"Point","coordinates":[-3.6893347124006426,40.407695915816156]},"properties":{"ESA_ESPECIE":"PDA","NOMBRE_COMUN":"Plátano de sombra/Platanus x hybrida","NOMBRE_ESPECIE":"Platanus x hispanica","ALTURA":"16","MINTDISTRITO":"03","NOMBRE_DISTRITO":"RETIRO","MINTBARRIO":"035","NOMBRE_BARRIO":"LOS JERONIMOS","OBJECTID":50709081}},{"type":"Feature","id":50660840,"geometry":{"type":"Point","coordinates":[-3.6867778650733336,40.406314186072237]},"properties":{"ESA_ESPECIE":"PDA","NOMBRE_COMUN":"Plátano de sombra/Platanus x hybrida","NOMBRE_ESPECIE":"Platanus x hispanica","ALTURA":"20","MINTDISTRITO":"03","NOMBRE_DISTRITO":"RETIRO","MINTBARRIO":"031","NOMBRE_BARRIO":"PACIFICO","OBJECTID":50660840}},{"type":"Feature","id":50662512,"geometry":{"type":"Point","coordinates":[-3.6826418554468914,40.408118509732802]},"properties":{"ESA_ESPECIE":"UPU","NOMBRE_COMUN":"Olmo de Siberia","NOMBRE_ESPECIE":"Ulmus pumila","ALTURA":"13","MINTDISTRITO":"03","NOMBRE_DISTRITO":"RETIRO","MINTBARRIO":"035","NOMBRE_BARRIO":"LOS JERONIMOS","OBJECTID":50662512}},{"type":"Feature","id":51181280,"geometry":{"type":"Point","coordinates":[-3.6778373151586221,40.408714347244526]},"properties":{"ESA_ESPECIE":"PDA","NOMBRE_COMUN":"Plátano de sombra/Platanus x hybrida","NOMBRE_ESPECIE":"Platanus x hispanica","ALTURA":"12","MINTDISTRITO":"03","NOMBRE_DISTRITO":"RETIRO","MINTBARRIO":"036","NOMBRE_BARRIO":"NIÑO JESUS","OBJECTID":51181280}},{"type":"Feature","id":50701458,"geometry":{"type":"Point","coordinates":[-3.6778534754507688,40.406227750636575]},"properties":{"ESA_ESPECIE":"LJA","NOMBRE_COMUN":"Aligustre del Japón","NOMBRE_ESPECIE":"Ligustrum japonicum","ALTURA":"3,5","MINTDISTRITO":"03","NOMBRE_DISTRITO":"RETIRO","MINTBARRIO":"031","NOMBRE_BARRIO":"PACIFICO","OBJECTID":50701458}},{"type":"Feature","id":51176903,"geometry":{"type":"Point","coordinates":[-3.6779705940323262,40.418396390366617]},"properties":{"ESA_ESPECIE":"SJA","NOMBRE_COMUN":"Acacia del Japón/Sophora japonica","NOMBRE_ESPECIE":"Styphnolobium japonicum","ALTURA":"5,5","MINTDISTRITO":"03","NOMBRE_DISTRITO":"RETIRO","MINTBARRIO":"034","NOMBRE_BARRIO":"IBIZA","OBJECTID":51176903}},{"type":"Feature","id":50699294,"geometry":{"type":"Point","coordinates":[-3.6785533208864054,40.418077312765675]},"properties":{"ESA_ESPECIE":"PDA","NOMBRE_COMUN":"Plátano de sombra/Platanus x hybrida","NOMBRE_ESPECIE":"Platanus x hispanica","ALTURA":"6,5","MINTDISTRITO":"03","NOMBRE_DISTRITO":"RETIRO","MINTBARRIO":"034","NOMBRE_BARRIO":"IBIZA","OBJECTID":50699294}},{"type":"Feature","id":50692808,"geometry":{"type":"Point","coordinates":[-3.6788463710649402,40.404688582133815]},"properties":{"ESA_ESPECIE":"SJA","NOMBRE_COMUN":"Acacia del Japón/Sophora japonica","NOMBRE_ESPECIE":"Styphnolobium japonicum","ALTURA":"7,5","MINTDISTRITO":"03","NOMBRE_DISTRITO":"RETIRO","MINTBARRIO":"031","NOMBRE_BARRIO":"PACIFICO","OBJECTID":50692808}},{"type":"Feature","id":50703579,"geometry":{"type":"Point","coordinates":[-3.6832018695052238,40.406261136733285]},"properties":{"ESA_ESPECIE":"SJA","NOMBRE_COMUN":"Acacia del Japón/Sophora japonica","NOMBRE_ESPECIE":"Styphnolobium japonicum","ALTURA":"6","MINTDISTRITO":"03","NOMBRE_DISTRITO":"RETIRO","MINTBARRIO":"031","NOMBRE_BARRIO":"PACIFICO","OBJECTID":50703579}},{"type":"Feature","id":50705300,"geometry":{"type":"Point","coordinates":[-3.691007746848753,40.417993636540913]},"properties":{"ESA_ESPECIE":"LJA","NOMBRE_COMUN":"Aligustre del Japón","NOMBRE_ESPECIE":"Ligustrum japonicum","ALTURA":"5","MINTDISTRITO":"03","NOMBRE_DISTRITO":"RETIRO","MINTBARRIO":"035","NOMBRE_BARRIO":"LOS JERONIMOS","OBJECTID":50705300}},{"type":"Feature","id":51180100,"geometry":{"type":"Point","coordinates":[-3.6928069910600727,40.414892369582951]},"properties":{"ESA_ESPECIE":"ATA","NOMBRE_COMUN":"Arce de Tartaria","NOMBRE_ESPECIE":"Acer tataricum","ALTURA":"5","MINTDISTRITO":"03","NOMBRE_DISTRITO":"RETIRO","MINTBARRIO":"035","NOMBRE_BARRIO":"LOS JERONIMOS","OBJECTID":51180100}},{"type":"Feature","id":50697136,"geometry":{"type":"Point","coordinates":[-3.6903388481163413,40.414929511377707]},"properties":{"ESA_ESPECIE":"SJA","NOMBRE_COMUN":"Acacia del Japón/Sophora japonica","NOMBRE_ESPECIE":"Styphnolobium japonicum","ALTURA":"6,5","MINTDISTRITO":"03","NOMBRE_DISTRITO":"RETIRO","MINTBARRIO":"035","NOMBRE_BARRIO":"LOS JERONIMOS","OBJECTID":50697136}},{"type":"Feature","id":50703628,"geometry":{"type":"Point","coordinates":[-3.6931523131379174,40.415250454547177]},"properties":{"ESA_ESPECIE":"SJA","NOMBRE_COMUN":"Acacia del Japón/Sophora japonica","NOMBRE_ESPECIE":"Styphnolobium japonicum","ALTURA":"11,5","MINTDISTRITO":"03","NOMBRE_DISTRITO":"RETIRO","MINTBARRIO":"035","NOMBRE_BARRIO":"LOS JERONIMOS","OBJECTID":50703628}},{"type":"Feature","id":51412975,"geometry":{"type":"Point","coordinates":[-3.693243988767013,40.415509869980326]},"properties":{"ESA_ESPECIE":"PDA","NOMBRE_COMUN":"Plátano de sombra/Platanus x hybrida","NOMBRE_ESPECIE":"Platanus x hispanica","ALTURA":"18,5","MINTDISTRITO":"03","NOMBRE_DISTRITO":"RETIRO","MINTBARRIO":"035","NOMBRE_BARRIO":"LOS JERONIMOS","OBJECTID":51412975}},{"type":"Feature","id":51074009,"geometry":{"type":"Point","coordinates":[-3.6931664907765023,40.412243274649576]},"properties":{"ESA_ESPECIE":"PDA","NOMBRE_COMUN":"Plátano de sombra/Platanus x hybrida","NOMBRE_ESPECIE":"Platanus x hispanica","ALTURA":"6","MINTDISTRITO":"01","NOMBRE_DISTRITO":"CENTRO","MINTBARRIO":"013","NOMBRE_BARRIO":"CORTES","OBJECTID":51074009}},{"type":"Feature","id":51176946,"geometry":{"type":"Point","coordinates":[-3.6899089443651154,40.407590985759498]},"properties":{"ESA_ESPECIE":"CAU","NOMBRE_COMUN":"Almez","NOMBRE_ESPECIE":"Celtis australis","ALTURA":"11","MINTDISTRITO":"03","NOMBRE_DISTRITO":"RETIRO","MINTBARRIO":"035","NOMBRE_BARRIO":"LOS JERONIMOS","OBJECTID":51176946}},{"type":"Feature","id":51255981,"geometry":{"type":"Point","coordinates":[-3.6894281899212129,40.409665837950548]},"properties":{"ESA_ESPECIE":"RPS","NOMBRE_COMUN":"Falsa acacia","NOMBRE_ESPECIE":"Robinia pseudoacacia","ALTURA":"8","MINTDISTRITO":"03","NOMBRE_DISTRITO":"RETIRO","MINTBARRIO":"035","NOMBRE_BARRIO":"LOS JERONIMOS","OBJECTID":51255981}},{"type":"Feature","id":51012784,"geometry":{"type":"Point","coordinates":[-3.6956849330222701,40.419862170953905]},"properties":{"ESA_ESPECIE":"LJV","NOMBRE_COMUN":"Aligustre variegado","NOMBRE_ESPECIE":"Ligustrum japonicum 'Variegatum'","ALTURA":"7","MINTDISTRITO":"01","NOMBRE_DISTRITO":"CENTRO","MINTBARRIO":"014","NOMBRE_BARRIO":"JUSTICIA","OBJECTID":51012784}},{"type":"Feature","id":51227216,"geometry":{"type":"Point","coordinates":[-3.6937457129138012,40.417694617231746]},"properties":{"ESA_ESPECIE":"PDA","NOMBRE_COMUN":"Plátano de sombra/Platanus x hybrida","NOMBRE_ESPECIE":"Platanus x hispanica","ALTURA":"20","MINTDISTRITO":"01","NOMBRE_DISTRITO":"CENTRO","MINTBARRIO":"013","NOMBRE_BARRIO":"CORTES","OBJECTID":51227216}},{"type":"Feature","id":51228839,"geometry":{"type":"Point","coordinates":[-3.6939618816627831,40.414734109455736]},"properties":{"ESA_ESPECIE":"SJA","NOMBRE_COMUN":"Acacia del Japón/Sophora japonica","NOMBRE_ESPECIE":"Styphnolobium japonicum","ALTURA":"20","MINTDISTRITO":"01","NOMBRE_DISTRITO":"CENTRO","MINTBARRIO":"013","NOMBRE_BARRIO":"CORTES","OBJECTID":51228839}},{"type":"Feature","id":50707458,"geometry":{"type":"Point","coordinates":[-3.6794155697205539,40.404821185735173]},"properties":{"ESA_ESPECIE":"SJA","NOMBRE_COMUN":"Acacia del Japón/Sophora japonica","NOMBRE_ESPECIE":"Styphnolobium japonicum","ALTURA":"5,5","MINTDISTRITO":"03","NOMBRE_DISTRITO":"RETIRO","MINTBARRIO":"031","NOMBRE_BARRIO":"PACIFICO","OBJECTID":50707458}},{"type":"Feature","id":51007274,"geometry":{"type":"Point","coordinates":[-3.6933076734247283,40.407944270589645]},"properties":{"ESA_ESPECIE":"PDA","NOMBRE_COMUN":"Plátano de sombra/Platanus x hybrida","NOMBRE_ESPECIE":"Platanus x hispanica","ALTURA":"18","MINTDISTRITO":"01","NOMBRE_DISTRITO":"CENTRO","MINTBARRIO":"012","NOMBRE_BARRIO":"EMBAJADORES","OBJECTID":51007274}},{"type":"Feature","id":51335755,"geometry":{"type":"Point","coordinates":[-3.6897849486618828,40.404197993311612]},"properties":{"ESA_ESPECIE":"SJA","NOMBRE_COMUN":"Acacia del Japón/Sophora japonica","NOMBRE_ESPECIE":"Styphnolobium japonicum","ALTURA":"6,5","MINTDISTRITO":"02","NOMBRE_DISTRITO":"ARGANZUELA","MINTBARRIO":"026","NOMBRE_BARRIO":"PALOS DE LA FRONTERA","OBJECTID":51335755}},{"type":"Feature","id":50623362,"geometry":{"type":"Point","coordinates":[-3.688886067463661,40.420530271389303]},"properties":{"ESA_ESPECIE":"PDA","NOMBRE_COMUN":"Plátano de sombra/Platanus x hybrida","NOMBRE_ESPECIE":"Platanus x hispanica","ALTURA":"14","MINTDISTRITO":"04","NOMBRE_DISTRITO":"SALAMANCA","MINTBARRIO":"041","NOMBRE_BARRIO":"RECOLETOS","OBJECTID":50623362}},{"type":"Feature","id":51228539,"geometry":{"type":"Point","coordinates":[-3.6936685585179099,40.418659047812682]},"properties":{"ESA_ESPECIE":"PDA","NOMBRE_COMUN":"Plátano de sombra/Platanus x hybrida","NOMBRE_ESPECIE":"Platanus x hispanica","ALTURA":"20","MINTDISTRITO":"01","NOMBRE_DISTRITO":"CENTRO","MINTBARRIO":"013","NOMBRE_BARRIO":"CORTES","OBJECTID":51228539}},{"type":"Feature","id":50977811,"geometry":{"type":"Point","coordinates":[-3.6942823183040852,40.416043074173224]},"properties":{"ESA_ESPECIE":"SJA","NOMBRE_COMUN":"Acacia del Japón/Sophora japonica","NOMBRE_ESPECIE":"Styphnolobium japonicum","ALTURA":"12","MINTDISTRITO":"01","NOMBRE_DISTRITO":"CENTRO","MINTBARRIO":"013","NOMBRE_BARRIO":"CORTES","OBJECTID":50977811}},{"type":"Feature","id":50995864,"geometry":{"type":"Point","coordinates":[-3.6954609632537312,40.41574625944348]},"properties":{"ESA_ESPECIE":"SJA","NOMBRE_COMUN":"Acacia del Japón/Sophora japonica","NOMBRE_ESPECIE":"Styphnolobium japonicum","ALTURA":"7","MINTDISTRITO":"01","NOMBRE_DISTRITO":"CENTRO","MINTBARRIO":"013","NOMBRE_BARRIO":"CORTES","OBJECTID":50995864}},{"type":"Feature","id":50636936,"geometry":{"type":"Point","coordinates":[-3.6883030311867806,40.408040595528419]},"properties":{"ESA_ESPECIE":"PHA","NOMBRE_COMUN":"Pino carrasco","NOMBRE_ESPECIE":"Pinus halepensis","ALTURA":"2","MINTDISTRITO":"03","NOMBRE_DISTRITO":"RETIRO","MINTBARRIO":"035","NOMBRE_BARRIO":"LOS JERONIMOS","OBJECTID":50636936}},{"type":"Feature","id":51179259,"geometry":{"type":"Point","coordinates":[-3.687600464779766,40.40777417062985]},"properties":{"ESA_ESPECIE":"PPI","NOMBRE_COMUN":"Pino piñonero","NOMBRE_ESPECIE":"Pinus pinea","ALTURA":"4","MINTDISTRITO":"03","NOMBRE_DISTRITO":"RETIRO","MINTBARRIO":"035","NOMBRE_BARRIO":"LOS JERONIMOS","OBJECTID":51179259}},{"type":"Feature","id":50684052,"geometry":{"type":"Point","coordinates":[-3.6848527163098921,40.420956487451491]},"properties":{"ESA_ESPECIE":"SJA","NOMBRE_COMUN":"Acacia del Japón/Sophora japonica","NOMBRE_ESPECIE":"Styphnolobium japonicum","ALTURA":"7,5","MINTDISTRITO":"04","NOMBRE_DISTRITO":"SALAMANCA","MINTBARRIO":"041","NOMBRE_BARRIO":"RECOLETOS","OBJECTID":50684052}},{"type":"Feature","id":51171934,"geometry":{"type":"Point","coordinates":[-3.6843138371349977,40.405497105750932]},"properties":{"ESA_ESPECIE":"PDA","NOMBRE_COMUN":"Plátano de sombra/Platanus x hybrida","NOMBRE_ESPECIE":"Platanus x hispanica","ALTURA":"17","MINTDISTRITO":"03","NOMBRE_DISTRITO":"RETIRO","MINTBARRIO":"031","NOMBRE_BARRIO":"PACIFICO","OBJECTID":51171934}},{"type":"Feature","id":51172177,"geometry":{"type":"Point","coordinates":[-3.6861315890369584,40.405756884421834]},"properties":{"ESA_ESPECIE":"PDA","NOMBRE_COMUN":"Plátano de sombra/Platanus x hybrida","NOMBRE_ESPECIE":"Platanus x hispanica","ALTURA":"16","MINTDISTRITO":"03","NOMBRE_DISTRITO":"RETIRO","MINTBARRIO":"031","NOMBRE_BARRIO":"PACIFICO","OBJECTID":51172177}},{"type":"Feature","id":51162196,"geometry":{"type":"Point","coordinates":[-3.6880064931279657,40.41990492108404]},"properties":{"ESA_ESPECIE":"PDA","NOMBRE_COMUN":"Plátano de sombra/Platanus x hybrida","NOMBRE_ESPECIE":"Platanus x hispanica","ALTURA":"3,5","MINTDISTRITO":"03","NOMBRE_DISTRITO":"RETIRO","MINTBARRIO":"035","NOMBRE_BARRIO":"LOS JERONIMOS","OBJECTID":51162196}},{"type":"Feature","id":50695115,"geometry":{"type":"Point","coordinates":[-3.67930847874349,40.406950927700628]},"properties":{"ESA_ESPECIE":"PDA","NOMBRE_COMUN":"Plátano de sombra/Platanus x hybrida","NOMBRE_ESPECIE":"Platanus x hispanica","ALTURA":"15","MINTDISTRITO":"03","NOMBRE_DISTRITO":"RETIRO","MINTBARRIO":"031","NOMBRE_BARRIO":"PACIFICO","OBJECTID":50695115}},{"type":"Feature","id":50701607,"geometry":{"type":"Point","coordinates":[-3.6838868526267503,40.408135296760939]},"properties":{"ESA_ESPECIE":"LJA","NOMBRE_COMUN":"Aligustre del Japón","NOMBRE_ESPECIE":"Ligustrum japonicum","ALTURA":"4,5","MINTDISTRITO":"03","NOMBRE_DISTRITO":"RETIRO","MINTBARRIO":"035","NOMBRE_BARRIO":"LOS JERONIMOS","OBJECTID":50701607}},{"type":"Feature","id":50698118,"geometry":{"type":"Point","coordinates":[-3.690963045742901,40.415148486380609]},"properties":{"ESA_ESPECIE":"SJA","NOMBRE_COMUN":"Acacia del Japón/Sophora japonica","NOMBRE_ESPECIE":"Styphnolobium japonicum","ALTURA":"5","MINTDISTRITO":"03","NOMBRE_DISTRITO":"RETIRO","MINTBARRIO":"035","NOMBRE_BARRIO":"LOS JERONIMOS","OBJECTID":50698118}},{"type":"Feature","id":51177344,"geometry":{"type":"Point","coordinates":[-3.6928101856626503,40.416048445515834]},"properties":{"ESA_ESPECIE":"MGR","NOMBRE_COMUN":"Magnolio","NOMBRE_ESPECIE":"Magnolia grandiflora","ALTURA":"15","MINTDISTRITO":"03","NOMBRE_DISTRITO":"RETIRO","MINTBARRIO":"035","NOMBRE_BARRIO":"LOS JERONIMOS","OBJECTID":51177344}},{"type":"Feature","id":50699200,"geometry":{"type":"Point","coordinates":[-3.688955979900991,40.411638284687434]},"properties":{"ESA_ESPECIE":"PDA","NOMBRE_COMUN":"Plátano de sombra/Platanus x hybrida","NOMBRE_ESPECIE":"Platanus x hispanica","ALTURA":"12","MINTDISTRITO":"03","NOMBRE_DISTRITO":"RETIRO","MINTBARRIO":"035","NOMBRE_BARRIO":"LOS JERONIMOS","OBJECTID":50699200}},{"type":"Feature","id":50705692,"geometry":{"type":"Point","coordinates":[-3.691577937293447,40.412794618963794]},"properties":{"ESA_ESPECIE":"SJA","NOMBRE_COMUN":"Acacia del Japón/Sophora japonica","NOMBRE_ESPECIE":"Styphnolobium japonicum","ALTURA":"8","MINTDISTRITO":"03","NOMBRE_DISTRITO":"RETIRO","MINTBARRIO":"035","NOMBRE_BARRIO":"LOS JERONIMOS","OBJECTID":50705692}},{"type":"Feature","id":51412826,"geometry":{"type":"Point","coordinates":[-3.6923531964003042,40.412396103362639]},"properties":{"ESA_ESPECIE":"CDE","NOMBRE_COMUN":"Cedro llorón","NOMBRE_ESPECIE":"Cedrus deodara","ALTURA":"20","MINTDISTRITO":"03","NOMBRE_DISTRITO":"RETIRO","MINTBARRIO":"035","NOMBRE_BARRIO":"LOS JERONIMOS","OBJECTID":51412826}},{"type":"Feature","id":51228788,"geometry":{"type":"Point","coordinates":[-3.6935170991139823,40.414708552927323]},"properties":{"ESA_ESPECIE":"PDA","NOMBRE_COMUN":"Plátano de sombra/Platanus x hybrida","NOMBRE_ESPECIE":"Platanus x hispanica","ALTURA":"20","MINTDISTRITO":"01","NOMBRE_DISTRITO":"CENTRO","MINTBARRIO":"013","NOMBRE_BARRIO":"CORTES","OBJECTID":51228788}},{"type":"Feature","id":50980467,"geometry":{"type":"Point","coordinates":[-3.6948711638318699,40.412366204949059]},"properties":{"ESA_ESPECIE":"LJA","NOMBRE_COMUN":"Aligustre del Japón","NOMBRE_ESPECIE":"Ligustrum japonicum","ALTURA":"7,5","MINTDISTRITO":"01","NOMBRE_DISTRITO":"CENTRO","MINTBARRIO":"013","NOMBRE_BARRIO":"CORTES","OBJECTID":50980467}},{"type":"Feature","id":51022422,"geometry":{"type":"Point","coordinates":[-3.6945439887763483,40.410030843843032]},"properties":{"ESA_ESPECIE":"SJA","NOMBRE_COMUN":"Acacia del Japón/Sophora japonica","NOMBRE_ESPECIE":"Styphnolobium japonicum","ALTURA":"10","MINTDISTRITO":"01","NOMBRE_DISTRITO":"CENTRO","MINTBARRIO":"012","NOMBRE_BARRIO":"EMBAJADORES","OBJECTID":51022422}},{"type":"Feature","id":51172767,"geometry":{"type":"Point","coordinates":[-3.6898537619519871,40.418155537497753]},"properties":{"ESA_ESPECIE":"SJA","NOMBRE_COMUN":"Acacia del Japón/Sophora japonica","NOMBRE_ESPECIE":"Styphnolobium japonicum","ALTURA":"5","MINTDISTRITO":"03","NOMBRE_DISTRITO":"RETIRO","MINTBARRIO":"035","NOMBRE_BARRIO":"LOS JERONIMOS","OBJECTID":51172767}},{"type":"Feature","id":51180341,"geometry":{"type":"Point","coordinates":[-3.6902793070048161,40.418174312978152]},"properties":{"ESA_ESPECIE":"SJA","NOMBRE_COMUN":"Acacia del Japón/Sophora japonica","NOMBRE_ESPECIE":"Styphnolobium japonicum","ALTURA":"5,5","MINTDISTRITO":"03","NOMBRE_DISTRITO":"RETIRO","MINTBARRIO":"035","NOMBRE_BARRIO":"LOS JERONIMOS","OBJECTID":51180341}},{"type":"Feature","id":51181423,"geometry":{"type":"Point","coordinates":[-3.6913551190910638,40.419478295242996]},"properties":{"ESA_ESPECIE":"PDA","NOMBRE_COMUN":"Plátano de sombra/Platanus x hybrida","NOMBRE_ESPECIE":"Platanus x hispanica","ALTURA":"7","MINTDISTRITO":"03","NOMBRE_DISTRITO":"RETIRO","MINTBARRIO":"035","NOMBRE_BARRIO":"LOS JERONIMOS","OBJECTID":51181423}},{"type":"Feature","id":51073766,"geometry":{"type":"Point","coordinates":[-3.6932714779004918,40.407399610682504]},"properties":{"ESA_ESPECIE":"QIL","NOMBRE_COMUN":"Encina","NOMBRE_ESPECIE":"Quercus ilex","ALTURA":"9","MINTDISTRITO":"01","NOMBRE_DISTRITO":"CENTRO","MINTBARRIO":"012","NOMBRE_BARRIO":"EMBAJADORES","OBJECTID":51073766}},{"type":"Feature","id":50604770,"geometry":{"type":"Point","coordinates":[-3.6919120752005119,40.405989799427864]},"properties":{"ESA_ESPECIE":"AII","NOMBRE_COMUN":"Arce de Freeman","NOMBRE_ESPECIE":"Acer x freemanii","ALTURA":"3,5","MINTDISTRITO":"02","NOMBRE_DISTRITO":"ARGANZUELA","MINTBARRIO":"026","NOMBRE_BARRIO":"PALOS DE LA FRONTERA","OBJECTID":50604770}},{"type":"Feature","id":51336396,"geometry":{"type":"Point","coordinates":[-3.6909757407110035,40.405459900106905]},"properties":{"ESA_ESPECIE":"SJA","NOMBRE_COMUN":"Acacia del Japón/Sophora japonica","NOMBRE_ESPECIE":"Styphnolobium japonicum","ALTURA":"6","MINTDISTRITO":"02","NOMBRE_DISTRITO":"ARGANZUELA","MINTBARRIO":"027","NOMBRE_BARRIO":"ATOCHA","OBJECTID":51336396}},{"type":"Feature","id":51346724,"geometry":{"type":"Point","coordinates":[-3.6893902015066673,40.409556973780028]},"properties":{"ESA_ESPECIE":"SJA","NOMBRE_COMUN":"Acacia del Japón/Sophora japonica","NOMBRE_ESPECIE":"Styphnolobium japonicum","ALTURA":"7","MINTDISTRITO":"03","NOMBRE_DISTRITO":"RETIRO","MINTBARRIO":"035","NOMBRE_BARRIO":"LOS JERONIMOS","OBJECTID":51346724}},{"type":"Feature","id":50984993,"geometry":{"type":"Point","coordinates":[-3.6956683336945955,40.417911975466332]},"properties":{"ESA_ESPECIE":"LJA","NOMBRE_COMUN":"Aligustre del Japón","NOMBRE_ESPECIE":"Ligustrum japonicum","ALTURA":"7","MINTDISTRITO":"01","NOMBRE_DISTRITO":"CENTRO","MINTBARRIO":"013","NOMBRE_BARRIO":"CORTES","OBJECTID":50984993}},{"type":"Feature","id":51310920,"geometry":{"type":"Point","coordinates":[-3.6956649780125095,40.413888573589539]},"properties":{"ESA_ESPECIE":"AJU","NOMBRE_COMUN":"Acacia de Constantinopla","NOMBRE_ESPECIE":"Albizia julibrissin","ALTURA":"6","MINTDISTRITO":"01","NOMBRE_DISTRITO":"CENTRO","MINTBARRIO":"013","NOMBRE_BARRIO":"CORTES","OBJECTID":51310920}},{"type":"Feature","id":51183687,"geometry":{"type":"Point","coordinates":[-3.6878672604091713,40.419881911628394]},"properties":{"ESA_ESPECIE":"PDA","NOMBRE_COMUN":"Plátano de sombra/Platanus x hybrida","NOMBRE_ESPECIE":"Platanus x hispanica","ALTURA":"6,5","MINTDISTRITO":"03","NOMBRE_DISTRITO":"RETIRO","MINTBARRIO":"035","NOMBRE_BARRIO":"LOS JERONIMOS","OBJECTID":51183687}},{"type":"Feature","id":51384053,"geometry":{"type":"Point","coordinates":[-3.6793223083282691,40.40764773362784]},"properties":{"ESA_ESPECIE":"SJA","NOMBRE_COMUN":"Acacia del Japón/Sophora japonica","NOMBRE_ESPECIE":"Styphnolobium japonicum","ALTURA":"3,5","MINTDISTRITO":"03","NOMBRE_DISTRITO":"RETIRO","MINTBARRIO":"035","NOMBRE_BARRIO":"LOS JERONIMOS","OBJECTID":51384053}},{"type":"Feature","id":51093291,"geometry":{"type":"Point","coordinates":[-3.6884649893703103,40.4080662980912]},"properties":{"ESA_ESPECIE":"PPI","NOMBRE_COMUN":"Pino piñonero","NOMBRE_ESPECIE":"Pinus pinea","ALTURA":"3","MINTDISTRITO":"03","NOMBRE_DISTRITO":"RETIRO","MINTBARRIO":"035","NOMBRE_BARRIO":"LOS JERONIMOS","OBJECTID":51093291}},{"type":"Feature","id":51270296,"geometry":{"type":"Point","coordinates":[-3.695980146658437,40.417615268891431]},"properties":{"ESA_ESPECIE":"PAR","NOMBRE_COMUN":"Peral de flor 'Chanticleer'","NOMBRE_ESPECIE":"Pyrus calleryana 'Chanticleer'","ALTURA":"3,1","MINTDISTRITO":"01","NOMBRE_DISTRITO":"CENTRO","MINTBARRIO":"013","NOMBRE_BARRIO":"CORTES","OBJECTID":51270296}},{"type":"Feature","id":51182556,"geometry":{"type":"Point","coordinates":[-3.6927521881361764,40.416995932090337]},"properties":{"ESA_ESPECIE":"PDA","NOMBRE_COMUN":"Plátano de sombra/Platanus x hybrida","NOMBRE_ESPECIE":"Platanus x hispanica","ALTURA":"13","MINTDISTRITO":"03","NOMBRE_DISTRITO":"RETIRO","MINTBARRIO":"035","NOMBRE_BARRIO":"LOS JERONIMOS","OBJECTID":51182556}},{"type":"Feature","id":50890171,"geometry":{"type":"Point","coordinates":[-3.6922199322306546,40.416725470276582]},"properties":{"ESA_ESPECIE":"PDA","NOMBRE_COMUN":"Plátano de sombra/Platanus x hybrida","NOMBRE_ESPECIE":"Platanus x hispanica","ALTURA":"4","MINTDISTRITO":"03","NOMBRE_DISTRITO":"RETIRO","MINTBARRIO":"035","NOMBRE_BARRIO":"LOS JERONIMOS","OBJECTID":50890171}},{"type":"Feature","id":51180982,"geometry":{"type":"Point","coordinates":[-3.6923995873562467,40.416877079815421]},"properties":{"ESA_ESPECIE":"PDA","NOMBRE_COMUN":"Plátano de sombra/Platanus x hybrida","NOMBRE_ESPECIE":"Platanus x hispanica","ALTURA":"6","MINTDISTRITO":"03","NOMBRE_DISTRITO":"RETIRO","MINTBARRIO":"035","NOMBRE_BARRIO":"LOS JERONIMOS","OBJECTID":51180982}},{"type":"Feature","id":50695264,"geometry":{"type":"Point","coordinates":[-3.6889716839017868,40.412016661495073]},"properties":{"ESA_ESPECIE":"PDA","NOMBRE_COMUN":"Plátano de sombra/Platanus x hybrida","NOMBRE_ESPECIE":"Platanus x hispanica","ALTURA":"15","MINTDISTRITO":"03","NOMBRE_DISTRITO":"RETIRO","MINTBARRIO":"035","NOMBRE_BARRIO":"LOS JERONIMOS","OBJECTID":50695264}},{"type":"Feature","id":51172867,"geometry":{"type":"Point","coordinates":[-3.6775600235064743,40.418300355355434]},"properties":{"ESA_ESPECIE":"SJA","NOMBRE_COMUN":"Acacia del Japón/Sophora japonica","NOMBRE_ESPECIE":"Styphnolobium japonicum","ALTURA":"2,5","MINTDISTRITO":"03","NOMBRE_DISTRITO":"RETIRO","MINTBARRIO":"034","NOMBRE_BARRIO":"IBIZA","OBJECTID":51172867}},{"type":"Feature","id":51185851,"geometry":{"type":"Point","coordinates":[-3.6893755745768373,40.420122892713636]},"properties":{"ESA_ESPECIE":"PDA","NOMBRE_COMUN":"Plátano de sombra/Platanus x hybrida","NOMBRE_ESPECIE":"Platanus x hispanica","ALTURA":"8","MINTDISTRITO":"04","NOMBRE_DISTRITO":"SALAMANCA","MINTBARRIO":"041","NOMBRE_BARRIO":"RECOLETOS","OBJECTID":51185851}},{"type":"Feature","id":50679034,"geometry":{"type":"Point","coordinates":[-3.6903859244142505,40.420577541188862]},"properties":{"ESA_ESPECIE":"MEA","NOMBRE_COMUN":"Cinamomo","NOMBRE_ESPECIE":"Melia azedarach","ALTURA":"10","MINTDISTRITO":"04","NOMBRE_DISTRITO":"SALAMANCA","MINTBARRIO":"041","NOMBRE_BARRIO":"RECOLETOS","OBJECTID":50679034}},{"type":"Feature","id":51228590,"geometry":{"type":"Point","coordinates":[-3.6937990045861069,40.418036758230734]},"properties":{"ESA_ESPECIE":"PDA","NOMBRE_COMUN":"Plátano de sombra/Platanus x hybrida","NOMBRE_ESPECIE":"Platanus x hispanica","ALTURA":"15","MINTDISTRITO":"01","NOMBRE_DISTRITO":"CENTRO","MINTBARRIO":"013","NOMBRE_BARRIO":"CORTES","OBJECTID":51228590}},{"type":"Feature","id":51172818,"geometry":{"type":"Point","coordinates":[-3.693342219316611,40.416098905065972]},"properties":{"ESA_ESPECIE":"LST","NOMBRE_COMUN":"Liquidambar","NOMBRE_ESPECIE":"Liquidambar styraciflua","ALTURA":"7","MINTDISTRITO":"03","NOMBRE_DISTRITO":"RETIRO","MINTBARRIO":"035","NOMBRE_BARRIO":"LOS JERONIMOS","OBJECTID":51172818}},{"type":"Feature","id":51228639,"geometry":{"type":"Point","coordinates":[-3.6933505434662619,40.412903534590072]},"properties":{"ESA_ESPECIE":"PDA","NOMBRE_COMUN":"Plátano de sombra/Platanus x hybrida","NOMBRE_ESPECIE":"Platanus x hispanica","ALTURA":"12","MINTDISTRITO":"01","NOMBRE_DISTRITO":"CENTRO","MINTBARRIO":"013","NOMBRE_BARRIO":"CORTES","OBJECTID":51228639}},{"type":"Feature","id":51261640,"geometry":{"type":"Point","coordinates":[-3.6949699983001461,40.412930559525435]},"properties":{"ESA_ESPECIE":"PAR","NOMBRE_COMUN":"Peral de flor 'Chanticleer'","NOMBRE_ESPECIE":"Pyrus calleryana 'Chanticleer'","ALTURA":"3,4","MINTDISTRITO":"01","NOMBRE_DISTRITO":"CENTRO","MINTBARRIO":"013","NOMBRE_BARRIO":"CORTES","OBJECTID":51261640}},{"type":"Feature","id":51011079,"geometry":{"type":"Point","coordinates":[-3.6936026230553614,40.408963281973968]},"properties":{"ESA_ESPECIE":"LST","NOMBRE_COMUN":"Liquidambar","NOMBRE_ESPECIE":"Liquidambar styraciflua","ALTURA":"6","MINTDISTRITO":"01","NOMBRE_DISTRITO":"CENTRO","MINTBARRIO":"012","NOMBRE_BARRIO":"EMBAJADORES","OBJECTID":51011079}},{"type":"Feature","id":51003917,"geometry":{"type":"Point","coordinates":[-3.6932981098656383,40.408506493208925]},"properties":{"ESA_ESPECIE":"LST","NOMBRE_COMUN":"Liquidambar","NOMBRE_ESPECIE":"Liquidambar styraciflua","ALTURA":"7,5","MINTDISTRITO":"01","NOMBRE_DISTRITO":"CENTRO","MINTBARRIO":"012","NOMBRE_BARRIO":"EMBAJADORES","OBJECTID":51003917}},{"type":"Feature","id":50981364,"geometry":{"type":"Point","coordinates":[-3.6950730774888094,40.408680359938515]},"properties":{"ESA_ESPECIE":"RPS","NOMBRE_COMUN":"Falsa acacia","NOMBRE_ESPECIE":"Robinia pseudoacacia","ALTURA":"9","MINTDISTRITO":"01","NOMBRE_DISTRITO":"CENTRO","MINTBARRIO":"012","NOMBRE_BARRIO":"EMBAJADORES","OBJECTID":50981364}},{"type":"Feature","id":50585464,"geometry":{"type":"Point","coordinates":[-3.6920745333126987,40.405492815148335]},"properties":{"ESA_ESPECIE":"AII","NOMBRE_COMUN":"Arce de Freeman","NOMBRE_ESPECIE":"Acer x freemanii","ALTURA":"4.5","MINTDISTRITO":"02","NOMBRE_DISTRITO":"ARGANZUELA","MINTBARRIO":"026","NOMBRE_BARRIO":"PALOS DE LA FRONTERA","OBJECTID":50585464}},{"type":"Feature","id":51268625,"geometry":{"type":"Point","coordinates":[-3.692913765492452,40.405173237364146]},"properties":{"ESA_ESPECIE":"UPU","NOMBRE_COMUN":"Olmo de Siberia","NOMBRE_ESPECIE":"Ulmus pumila","ALTURA":"16","MINTDISTRITO":"02","NOMBRE_DISTRITO":"ARGANZUELA","MINTBARRIO":"026","NOMBRE_BARRIO":"PALOS DE LA FRONTERA","OBJECTID":51268625}},{"type":"Feature","id":51277376,"geometry":{"type":"Point","coordinates":[-3.6931062664317964,40.407688656854894]},"properties":{"ESA_ESPECIE":"HSY","NOMBRE_COMUN":"Rosa\u00A0de\u00A0Siria","NOMBRE_ESPECIE":"Hibiscus syriacus","ALTURA":"6","MINTDISTRITO":"01","NOMBRE_DISTRITO":"CENTRO","MINTBARRIO":"012","NOMBRE_BARRIO":"EMBAJADORES","OBJECTID":51277376}},{"type":"Feature","id":50699415,"geometry":{"type":"Point","coordinates":[-3.6888999284404149,40.410352215574179]},"properties":{"ESA_ESPECIE":"PDA","NOMBRE_COMUN":"Plátano de sombra/Platanus x hybrida","NOMBRE_ESPECIE":"Platanus x hispanica","ALTURA":"12","MINTDISTRITO":"03","NOMBRE_DISTRITO":"RETIRO","MINTBARRIO":"035","NOMBRE_BARRIO":"LOS JERONIMOS","OBJECTID":50699415}},{"type":"Feature","id":50696498,"geometry":{"type":"Point","coordinates":[-3.6902668438406945,40.41303218470447]},"properties":{"ESA_ESPECIE":"SJA","NOMBRE_COMUN":"Acacia del Japón/Sophora japonica","NOMBRE_ESPECIE":"Styphnolobium japonicum","ALTURA":"9","MINTDISTRITO":"03","NOMBRE_DISTRITO":"RETIRO","MINTBARRIO":"035","NOMBRE_BARRIO":"LOS JERONIMOS","OBJECTID":50696498}},{"type":"Feature","id":50698419,"geometry":{"type":"Point","coordinates":[-3.6830974754984944,40.405468325125867]},"properties":{"ESA_ESPECIE":"SJA","NOMBRE_COMUN":"Acacia del Japón/Sophora japonica","NOMBRE_ESPECIE":"Styphnolobium japonicum","ALTURA":"8","MINTDISTRITO":"03","NOMBRE_DISTRITO":"RETIRO","MINTBARRIO":"031","NOMBRE_BARRIO":"PACIFICO","OBJECTID":50698419}},{"type":"Feature","id":50643898,"geometry":{"type":"Point","coordinates":[-3.6819263303623022,40.404551718746724]},"properties":{"ESA_ESPECIE":"PDA","NOMBRE_COMUN":"Plátano de sombra/Platanus x hybrida","NOMBRE_ESPECIE":"Platanus x hispanica","ALTURA":"17","MINTDISTRITO":"03","NOMBRE_DISTRITO":"RETIRO","MINTBARRIO":"031","NOMBRE_BARRIO":"PACIFICO","OBJECTID":50643898}},{"type":"Feature","id":51032636,"geometry":{"type":"Point","coordinates":[-3.6871182217410539,40.406471966694376]},"properties":{"ESA_ESPECIE":"APS","NOMBRE_COMUN":"Falso plátano","NOMBRE_ESPECIE":"Acer pseudoplatanus","ALTURA":"3","MINTDISTRITO":"03","NOMBRE_DISTRITO":"RETIRO","MINTBARRIO":"031","NOMBRE_BARRIO":"PACIFICO","OBJECTID":51032636}},{"type":"Feature","id":50703328,"geometry":{"type":"Point","coordinates":[-3.6821622775066012,40.407209974365777]},"properties":{"ESA_ESPECIE":"SJA","NOMBRE_COMUN":"Acacia del Japón/Sophora japonica","NOMBRE_ESPECIE":"Styphnolobium japonicum","ALTURA":"10","MINTDISTRITO":"03","NOMBRE_DISTRITO":"RETIRO","MINTBARRIO":"035","NOMBRE_BARRIO":"LOS JERONIMOS","OBJECTID":50703328}},{"type":"Feature","id":50563646,"geometry":{"type":"Point","coordinates":[-3.6891428196624991,40.419453684156053]},"properties":{"ESA_ESPECIE":"PDA","NOMBRE_COMUN":"Plátano de sombra","NOMBRE_ESPECIE":"Platanus x hybrida","ALTURA":"12","MINTDISTRITO":"03","NOMBRE_DISTRITO":"RETIRO","MINTBARRIO":"035","NOMBRE_BARRIO":"LOS JERONIMOS","OBJECTID":50563646}},{"type":"Feature","id":51412813,"geometry":{"type":"Point","coordinates":[-3.6929108933347283,40.413488587424183]},"properties":{"ESA_ESPECIE":"SJA","NOMBRE_COMUN":"Acacia del Japón/Sophora japonica","NOMBRE_ESPECIE":"Styphnolobium japonicum","ALTURA":"10","MINTDISTRITO":"03","NOMBRE_DISTRITO":"RETIRO","MINTBARRIO":"035","NOMBRE_BARRIO":"LOS JERONIMOS","OBJECTID":51412813}},{"type":"Feature","id":51216357,"geometry":{"type":"Point","coordinates":[-3.6901298629368458,40.416420333087949]},"properties":{"ESA_ESPECIE":"PDA","NOMBRE_COMUN":"Plátano de sombra/Platanus x hybrida","NOMBRE_ESPECIE":"Platanus x hispanica","ALTURA":"15","MINTDISTRITO":"03","NOMBRE_DISTRITO":"RETIRO","MINTBARRIO":"035","NOMBRE_BARRIO":"LOS JERONIMOS","OBJECTID":51216357}},{"type":"Feature","id":51182468,"geometry":{"type":"Point","coordinates":[-3.6919999809082076,40.415099194434774]},"properties":{"ESA_ESPECIE":"SJA","NOMBRE_COMUN":"Acacia del Japón/Sophora japonica","NOMBRE_ESPECIE":"Styphnolobium japonicum","ALTURA":"3","MINTDISTRITO":"03","NOMBRE_DISTRITO":"RETIRO","MINTBARRIO":"035","NOMBRE_BARRIO":"LOS JERONIMOS","OBJECTID":51182468}},{"type":"Feature","id":50693842,"geometry":{"type":"Point","coordinates":[-3.692383796457881,40.415851791723888]},"properties":{"ESA_ESPECIE":"PDA","NOMBRE_COMUN":"Plátano de sombra/Platanus x hybrida","NOMBRE_ESPECIE":"Platanus x hispanica","ALTURA":"6","MINTDISTRITO":"03","NOMBRE_DISTRITO":"RETIRO","MINTBARRIO":"035","NOMBRE_BARRIO":"LOS JERONIMOS","OBJECTID":50693842}},{"type":"Feature","id":51412884,"geometry":{"type":"Point","coordinates":[-3.6921595985621658,40.41012674652589]},"properties":{"ESA_ESPECIE":"SJA","NOMBRE_COMUN":"Acacia del Japón/Sophora japonica","NOMBRE_ESPECIE":"Styphnolobium japonicum","ALTURA":"8,5","MINTDISTRITO":"03","NOMBRE_DISTRITO":"RETIRO","MINTBARRIO":"035","NOMBRE_BARRIO":"LOS JERONIMOS","OBJECTID":51412884}},{"type":"Feature","id":51227432,"geometry":{"type":"Point","coordinates":[-3.6925850186676006,40.420783857674046]},"properties":{"ESA_ESPECIE":"SJA","NOMBRE_COMUN":"Acacia del Japón/Sophora japonica","NOMBRE_ESPECIE":"Styphnolobium japonicum","ALTURA":"10","MINTDISTRITO":"01","NOMBRE_DISTRITO":"CENTRO","MINTBARRIO":"014","NOMBRE_BARRIO":"JUSTICIA","OBJECTID":51227432}},{"type":"Feature","id":50576310,"geometry":{"type":"Point","coordinates":[-3.6904655550057637,40.420696795799756]},"properties":{"ESA_ESPECIE":"TIE","NOMBRE_COMUN":"Tilo","NOMBRE_ESPECIE":"Tilia x europaea","ALTURA":"4.5","MINTDISTRITO":"04","NOMBRE_DISTRITO":"SALAMANCA","MINTBARRIO":"041","NOMBRE_BARRIO":"RECOLETOS","OBJECTID":50576310}},{"type":"Feature","id":50984945,"geometry":{"type":"Point","coordinates":[-3.6946376562080765,40.417480278948169]},"properties":{"ESA_ESPECIE":"PCY","NOMBRE_COMUN":"Peral de flor","NOMBRE_ESPECIE":"Pyrus calleryana","ALTURA":"5","MINTDISTRITO":"01","NOMBRE_DISTRITO":"CENTRO","MINTBARRIO":"013","NOMBRE_BARRIO":"CORTES","OBJECTID":50984945}},{"type":"Feature","id":50605100,"geometry":{"type":"Point","coordinates":[-3.6953835633178813,40.416878222404257]},"properties":{"ESA_ESPECIE":"MFL","NOMBRE_COMUN":"Manzano japonés","NOMBRE_ESPECIE":"Malus floribunda","ALTURA":"4.00","MINTDISTRITO":"01","NOMBRE_DISTRITO":"CENTRO","MINTBARRIO":"013","NOMBRE_BARRIO":"CORTES","OBJECTID":50605100}},{"type":"Feature","id":51228760,"geometry":{"type":"Point","coordinates":[-3.6934757901309405,40.414476943820794]},"properties":{"ESA_ESPECIE":"PDA","NOMBRE_COMUN":"Plátano de sombra/Platanus x hybrida","NOMBRE_ESPECIE":"Platanus x hispanica","ALTURA":"10","MINTDISTRITO":"01","NOMBRE_DISTRITO":"CENTRO","MINTBARRIO":"013","NOMBRE_BARRIO":"CORTES","OBJECTID":51228760}},{"type":"Feature","id":51004510,"geometry":{"type":"Point","coordinates":[-3.6812546012160068,40.405346043997589]},"properties":{"ESA_ESPECIE":"SJA","NOMBRE_COMUN":"Acacia del Japón/Sophora japonica","NOMBRE_ESPECIE":"Styphnolobium japonicum","ALTURA":"3","MINTDISTRITO":"03","NOMBRE_DISTRITO":"RETIRO","MINTBARRIO":"031","NOMBRE_BARRIO":"PACIFICO","OBJECTID":51004510}},{"type":"Feature","id":51256128,"geometry":{"type":"Point","coordinates":[-3.6959087899674441,40.40455759766791]},"properties":{"ESA_ESPECIE":"PDA","NOMBRE_COMUN":"Plátano de sombra/Platanus x hybrida","NOMBRE_ESPECIE":"Platanus x hispanica","ALTURA":"5","MINTDISTRITO":"02","NOMBRE_DISTRITO":"ARGANZUELA","MINTBARRIO":"026","NOMBRE_BARRIO":"PALOS DE LA FRONTERA","OBJECTID":51256128}},{"type":"Feature","id":51014351,"geometry":{"type":"Point","coordinates":[-3.6940882215553397,40.409437856929955]},"properties":{"ESA_ESPECIE":"LJV","NOMBRE_COMUN":"Aligustre variegado","NOMBRE_ESPECIE":"Ligustrum japonicum 'Variegatum'","ALTURA":"5,5","MINTDISTRITO":"01","NOMBRE_DISTRITO":"CENTRO","MINTBARRIO":"012","NOMBRE_BARRIO":"EMBAJADORES","OBJECTID":51014351}},{"type":"Feature","id":50983262,"geometry":{"type":"Point","coordinates":[-3.6951176118556588,40.409092418740428]},"properties":{"ESA_ESPECIE":"AJU","NOMBRE_COMUN":"Acacia de Constantinopla","NOMBRE_ESPECIE":"Albizia julibrissin","ALTURA":"4","MINTDISTRITO":"01","NOMBRE_DISTRITO":"CENTRO","MINTBARRIO":"012","NOMBRE_BARRIO":"EMBAJADORES","OBJECTID":50983262}},{"type":"Feature","id":51356348,"geometry":{"type":"Point","coordinates":[-3.6919196591849284,40.405945519545405]},"properties":{"ESA_ESPECIE":"AUM","NOMBRE_COMUN":"Arce tridente","NOMBRE_ESPECIE":"Acer buergerianum","ALTURA":"6","MINTDISTRITO":"02","NOMBRE_DISTRITO":"ARGANZUELA","MINTBARRIO":"026","NOMBRE_BARRIO":"PALOS DE LA FRONTERA","OBJECTID":51356348}},{"type":"Feature","id":51304412,"geometry":{"type":"Point","coordinates":[-3.6920444456567094,40.404451412271236]},"properties":{"ESA_ESPECIE":"UPU","NOMBRE_COMUN":"Olmo de Siberia","NOMBRE_ESPECIE":"Ulmus pumila","ALTURA":"14","MINTDISTRITO":"02","NOMBRE_DISTRITO":"ARGANZUELA","MINTBARRIO":"026","NOMBRE_BARRIO":"PALOS DE LA FRONTERA","OBJECTID":51304412}},{"type":"Feature","id":51073996,"geometry":{"type":"Point","coordinates":[-3.6924272532774687,40.4083109269164]},"properties":{"ESA_ESPECIE":"LST","NOMBRE_COMUN":"Liquidambar","NOMBRE_ESPECIE":"Liquidambar styraciflua","ALTURA":"7","MINTDISTRITO":"01","NOMBRE_DISTRITO":"CENTRO","MINTBARRIO":"012","NOMBRE_BARRIO":"EMBAJADORES","OBJECTID":51073996}},{"type":"Feature","id":51179171,"geometry":{"type":"Point","coordinates":[-3.6880807008773018,40.407892674753079]},"properties":{"ESA_ESPECIE":"PHA","NOMBRE_COMUN":"Pino carrasco","NOMBRE_ESPECIE":"Pinus halepensis","ALTURA":"18","MINTDISTRITO":"03","NOMBRE_DISTRITO":"RETIRO","MINTBARRIO":"035","NOMBRE_BARRIO":"LOS JERONIMOS","OBJECTID":51179171}},{"type":"Feature","id":50705226,"geometry":{"type":"Point","coordinates":[-3.6885097732791188,40.407766687355746]},"properties":{"ESA_ESPECIE":"PDA","NOMBRE_COMUN":"Plátano de sombra/Platanus x hybrida","NOMBRE_ESPECIE":"Platanus x hispanica","ALTURA":"16","MINTDISTRITO":"03","NOMBRE_DISTRITO":"RETIRO","MINTBARRIO":"035","NOMBRE_BARRIO":"LOS JERONIMOS","OBJECTID":50705226}},{"type":"Feature","id":51206184,"geometry":{"type":"Point","coordinates":[-3.695980146658437,40.417615268891431]},"properties":{"ESA_ESPECIE":"CBI","NOMBRE_COMUN":"Catalpa","NOMBRE_ESPECIE":"Catalpa bignonioides","ALTURA":"4","MINTDISTRITO":"01","NOMBRE_DISTRITO":"CENTRO","MINTBARRIO":"013","NOMBRE_BARRIO":"CORTES","OBJECTID":51206184}},{"type":"Feature","id":50636974,"geometry":{"type":"Point","coordinates":[-3.683669237348322,40.405200529689495]},"properties":{"ESA_ESPECIE":"LJA","NOMBRE_COMUN":"Aligustre del Japón","NOMBRE_ESPECIE":"Ligustrum japonicum","ALTURA":"3,75","MINTDISTRITO":"03","NOMBRE_DISTRITO":"RETIRO","MINTBARRIO":"031","NOMBRE_BARRIO":"PACIFICO","OBJECTID":50636974}},{"type":"Feature","id":50696736,"geometry":{"type":"Point","coordinates":[-3.6804088584897894,40.406857520034528]},"properties":{"ESA_ESPECIE":"SJA","NOMBRE_COMUN":"Acacia del Japón/Sophora japonica","NOMBRE_ESPECIE":"Styphnolobium japonicum","ALTURA":"5","MINTDISTRITO":"03","NOMBRE_DISTRITO":"RETIRO","MINTBARRIO":"031","NOMBRE_BARRIO":"PACIFICO","OBJECTID":50696736}},{"type":"Feature","id":50605006,"geometry":{"type":"Point","coordinates":[-3.681344285409712,40.406986958304856]},"properties":{"ESA_ESPECIE":"PDA","NOMBRE_COMUN":"Plátano de sombra/Platanus x hybrida","NOMBRE_ESPECIE":"Platanus x hispanica","ALTURA":"4","MINTDISTRITO":"03","NOMBRE_DISTRITO":"RETIRO","MINTBARRIO":"031","NOMBRE_BARRIO":"PACIFICO","OBJECTID":50605006}},{"type":"Feature","id":50564880,"geometry":{"type":"Point","coordinates":[-3.6831506527265554,40.408555146852819]},"properties":{"ESA_ESPECIE":"LJA","NOMBRE_COMUN":"Aligustre del Japón","NOMBRE_ESPECIE":"Ligustrum japonicum","ALTURA":"3","MINTDISTRITO":"03","NOMBRE_DISTRITO":"RETIRO","MINTBARRIO":"035","NOMBRE_BARRIO":"LOS JERONIMOS","OBJECTID":50564880}},{"type":"Feature","id":50591346,"geometry":{"type":"Point","coordinates":[-3.6839663879355764,40.408449152454686]},"properties":{"ESA_ESPECIE":"LJA","NOMBRE_COMUN":"Aligustre del Japón","NOMBRE_ESPECIE":"Ligustrum japonicum","ALTURA":"6","MINTDISTRITO":"03","NOMBRE_DISTRITO":"RETIRO","MINTBARRIO":"035","NOMBRE_BARRIO":"LOS JERONIMOS","OBJECTID":50591346}},{"type":"Feature","id":51093300,"geometry":{"type":"Point","coordinates":[-3.6882814087799192,40.407987759977345]},"properties":{"ESA_ESPECIE":"PHA","NOMBRE_COMUN":"Pino carrasco","NOMBRE_ESPECIE":"Pinus halepensis","ALTURA":"3","MINTDISTRITO":"03","NOMBRE_DISTRITO":"RETIRO","MINTBARRIO":"035","NOMBRE_BARRIO":"LOS JERONIMOS","OBJECTID":51093300}},{"type":"Feature","id":51182823,"geometry":{"type":"Point","coordinates":[-3.6926700507116976,40.417347083283204]},"properties":{"ESA_ESPECIE":"SJA","NOMBRE_COMUN":"Acacia del Japón/Sophora japonica","NOMBRE_ESPECIE":"Styphnolobium japonicum","ALTURA":"7","MINTDISTRITO":"03","NOMBRE_DISTRITO":"RETIRO","MINTBARRIO":"035","NOMBRE_BARRIO":"LOS JERONIMOS","OBJECTID":51182823}},{"type":"Feature","id":50703566,"geometry":{"type":"Point","coordinates":[-3.6914623366823625,40.416693165683661]},"properties":{"ESA_ESPECIE":"RPS","NOMBRE_COMUN":"Falsa acacia","NOMBRE_ESPECIE":"Robinia pseudoacacia","ALTURA":"6","MINTDISTRITO":"03","NOMBRE_DISTRITO":"RETIRO","MINTBARRIO":"035","NOMBRE_BARRIO":"LOS JERONIMOS","OBJECTID":50703566}},{"type":"Feature","id":51182706,"geometry":{"type":"Point","coordinates":[-3.6905757220423783,40.418648310476669]},"properties":{"ESA_ESPECIE":"SJA","NOMBRE_COMUN":"Acacia del Japón/Sophora japonica","NOMBRE_ESPECIE":"Styphnolobium japonicum","ALTURA":"7","MINTDISTRITO":"03","NOMBRE_DISTRITO":"RETIRO","MINTBARRIO":"035","NOMBRE_BARRIO":"LOS JERONIMOS","OBJECTID":51182706}},{"type":"Feature","id":51066170,"geometry":{"type":"Point","coordinates":[-3.6872590259389955,40.420910586619108]},"properties":{"ESA_ESPECIE":"TIP","NOMBRE_COMUN":"Tilo de hojas grandes","NOMBRE_ESPECIE":"Tilia platyphyllos","ALTURA":"5,5","MINTDISTRITO":"04","NOMBRE_DISTRITO":"SALAMANCA","MINTBARRIO":"041","NOMBRE_BARRIO":"RECOLETOS","OBJECTID":51066170}},{"type":"Feature","id":50696072,"geometry":{"type":"Point","coordinates":[-3.6790488204454861,40.419469004070294]},"properties":{"ESA_ESPECIE":"PDA","NOMBRE_COMUN":"Plátano de sombra/Platanus x hybrida","NOMBRE_ESPECIE":"Platanus x hispanica","ALTURA":"12","MINTDISTRITO":"03","NOMBRE_DISTRITO":"RETIRO","MINTBARRIO":"034","NOMBRE_BARRIO":"IBIZA","OBJECTID":50696072}},{"type":"Feature","id":50563669,"geometry":{"type":"Point","coordinates":[-3.6782388836233237,40.405898919038741]},"properties":{"ESA_ESPECIE":"LJA","NOMBRE_COMUN":"Aligustre del Japón","NOMBRE_ESPECIE":"Ligustrum japonicum","ALTURA":"6.5","MINTDISTRITO":"03","NOMBRE_DISTRITO":"RETIRO","MINTBARRIO":"031","NOMBRE_BARRIO":"PACIFICO","OBJECTID":50563669}},{"type":"Feature","id":50703234,"geometry":{"type":"Point","coordinates":[-3.6888455168452148,40.409088028389249]},"properties":{"ESA_ESPECIE":"PDA","NOMBRE_COMUN":"Plátano de sombra/Platanus x hybrida","NOMBRE_ESPECIE":"Platanus x hispanica","ALTURA":"12","MINTDISTRITO":"03","NOMBRE_DISTRITO":"RETIRO","MINTBARRIO":"035","NOMBRE_BARRIO":"LOS JERONIMOS","OBJECTID":50703234}},{"type":"Feature","id":51185694,"geometry":{"type":"Point","coordinates":[-3.6920697316384148,40.420353563470847]},"properties":{"ESA_ESPECIE":"CSE","NOMBRE_COMUN":"Ciprés común","NOMBRE_ESPECIE":"Cupressus sempervirens","ALTURA":"12","MINTDISTRITO":"04","NOMBRE_DISTRITO":"SALAMANCA","MINTBARRIO":"041","NOMBRE_BARRIO":"RECOLETOS","OBJECTID":51185694}},{"type":"Feature","id":51412907,"geometry":{"type":"Point","coordinates":[-3.6935215389975862,40.415943405494943]},"properties":{"ESA_ESPECIE":"PDA","NOMBRE_COMUN":"Plátano de sombra/Platanus x hybrida","NOMBRE_ESPECIE":"Platanus x hispanica","ALTURA":"15","MINTDISTRITO":"03","NOMBRE_DISTRITO":"RETIRO","MINTBARRIO":"035","NOMBRE_BARRIO":"LOS JERONIMOS","OBJECTID":51412907}},{"type":"Feature","id":51228783,"geometry":{"type":"Point","coordinates":[-3.693499956763362,40.414765502849804]},"properties":{"ESA_ESPECIE":"PDA","NOMBRE_COMUN":"Plátano de sombra/Platanus x hybrida","NOMBRE_ESPECIE":"Platanus x hispanica","ALTURA":"20","MINTDISTRITO":"01","NOMBRE_DISTRITO":"CENTRO","MINTBARRIO":"013","NOMBRE_BARRIO":"CORTES","OBJECTID":51228783}},{"type":"Feature","id":51412790,"geometry":{"type":"Point","coordinates":[-3.6932499050476886,40.414703614774986]},"properties":{"ESA_ESPECIE":"PDA","NOMBRE_COMUN":"Plátano de sombra/Platanus x hybrida","NOMBRE_ESPECIE":"Platanus x hispanica","ALTURA":"11","MINTDISTRITO":"03","NOMBRE_DISTRITO":"RETIRO","MINTBARRIO":"035","NOMBRE_BARRIO":"LOS JERONIMOS","OBJECTID":51412790}},{"type":"Feature","id":51072453,"geometry":{"type":"Point","coordinates":[-3.6935815158219785,40.414284119581623]},"properties":{"ESA_ESPECIE":"PDA","NOMBRE_COMUN":"Plátano de sombra/Platanus x hybrida","NOMBRE_ESPECIE":"Platanus x hispanica","ALTURA":"20","MINTDISTRITO":"01","NOMBRE_DISTRITO":"CENTRO","MINTBARRIO":"013","NOMBRE_BARRIO":"CORTES","OBJECTID":51072453}},{"type":"Feature","id":51335764,"geometry":{"type":"Point","coordinates":[-3.6908961378281457,40.405209103986245]},"properties":{"ESA_ESPECIE":"SJA","NOMBRE_COMUN":"Acacia del Japón/Sophora japonica","NOMBRE_ESPECIE":"Styphnolobium japonicum","ALTURA":"9","MINTDISTRITO":"02","NOMBRE_DISTRITO":"ARGANZUELA","MINTBARRIO":"026","NOMBRE_BARRIO":"PALOS DE LA FRONTERA","OBJECTID":51335764}},{"type":"Feature","id":51176941,"geometry":{"type":"Point","coordinates":[-3.6900006659213882,40.407712925618675]},"properties":{"ESA_ESPECIE":"PYSP","NOMBRE_COMUN":"Perales","NOMBRE_ESPECIE":"Pyrus sp","ALTURA":"5","MINTDISTRITO":"03","NOMBRE_DISTRITO":"RETIRO","MINTBARRIO":"035","NOMBRE_BARRIO":"LOS JERONIMOS","OBJECTID":51176941}},{"type":"Feature","id":50702215,"geometry":{"type":"Point","coordinates":[-3.6888413305612069,40.408999944733289]},"properties":{"ESA_ESPECIE":"PDA","NOMBRE_COMUN":"Plátano de sombra/Platanus x hybrida","NOMBRE_ESPECIE":"Platanus x hispanica","ALTURA":"9","MINTDISTRITO":"03","NOMBRE_DISTRITO":"RETIRO","MINTBARRIO":"035","NOMBRE_BARRIO":"LOS JERONIMOS","OBJECTID":50702215}},{"type":"Feature","id":51228474,"geometry":{"type":"Point","coordinates":[-3.6930345422615449,40.420404901378753]},"properties":{"ESA_ESPECIE":"SJA","NOMBRE_COMUN":"Acacia del Japón/Sophora japonica","NOMBRE_ESPECIE":"Styphnolobium japonicum","ALTURA":"17","MINTDISTRITO":"01","NOMBRE_DISTRITO":"CENTRO","MINTBARRIO":"014","NOMBRE_BARRIO":"JUSTICIA","OBJECTID":51228474}},{"type":"Feature","id":51006124,"geometry":{"type":"Point","coordinates":[-3.6950237710073806,40.41887017093245]},"properties":{"ESA_ESPECIE":"SJA","NOMBRE_COMUN":"Acacia del Japón/Sophora japonica","NOMBRE_ESPECIE":"Styphnolobium japonicum","ALTURA":"5","MINTDISTRITO":"01","NOMBRE_DISTRITO":"CENTRO","MINTBARRIO":"013","NOMBRE_BARRIO":"CORTES","OBJECTID":51006124}},{"type":"Feature","id":50998129,"geometry":{"type":"Point","coordinates":[-3.6953454744148604,40.417587105619091]},"properties":{"ESA_ESPECIE":"PAR","NOMBRE_COMUN":"Peral de flor 'Chanticleer'","NOMBRE_ESPECIE":"Pyrus calleryana 'Chanticleer'","ALTURA":"5","MINTDISTRITO":"01","NOMBRE_DISTRITO":"CENTRO","MINTBARRIO":"013","NOMBRE_BARRIO":"CORTES","OBJECTID":50998129}},{"type":"Feature","id":51336428,"geometry":{"type":"Point","coordinates":[-3.6893459663340531,40.403982015339608]},"properties":{"ESA_ESPECIE":"SJA","NOMBRE_COMUN":"Acacia del Japón/Sophora japonica","NOMBRE_ESPECIE":"Styphnolobium japonicum","ALTURA":"4,5","MINTDISTRITO":"02","NOMBRE_DISTRITO":"ARGANZUELA","MINTBARRIO":"027","NOMBRE_BARRIO":"ATOCHA","OBJECTID":51336428}},{"type":"Feature","id":51183679,"geometry":{"type":"Point","coordinates":[-3.6880406633711735,40.419578473271841]},"properties":{"ESA_ESPECIE":"PDA","NOMBRE_COMUN":"Plátano de sombra/Platanus x hybrida","NOMBRE_ESPECIE":"Platanus x hispanica","ALTURA":"8","MINTDISTRITO":"03","NOMBRE_DISTRITO":"RETIRO","MINTBARRIO":"035","NOMBRE_BARRIO":"LOS JERONIMOS","OBJECTID":51183679}},{"type":"Feature","id":50591323,"geometry":{"type":"Point","coordinates":[-3.6833560172413176,40.408558798169736]},"properties":{"ESA_ESPECIE":"PPI","NOMBRE_COMUN":"Pino piñonero","NOMBRE_ESPECIE":"Pinus pinea","ALTURA":"8","MINTDISTRITO":"03","NOMBRE_DISTRITO":"RETIRO","MINTBARRIO":"035","NOMBRE_BARRIO":"LOS JERONIMOS","OBJECTID":50591323}},{"type":"Feature","id":51179194,"geometry":{"type":"Point","coordinates":[-3.6883500374379037,40.408080505108387]},"properties":{"ESA_ESPECIE":"CAR","NOMBRE_COMUN":"Ciprés de Arizona","NOMBRE_ESPECIE":"Cupressus arizonica","ALTURA":"2","MINTDISTRITO":"03","NOMBRE_DISTRITO":"RETIRO","MINTBARRIO":"035","NOMBRE_BARRIO":"LOS JERONIMOS","OBJECTID":51179194}},{"type":"Feature","id":51179265,"geometry":{"type":"Point","coordinates":[-3.6875673837266718,40.407682736193138]},"properties":{"ESA_ESPECIE":"PPI","NOMBRE_COMUN":"Pino piñonero","NOMBRE_ESPECIE":"Pinus pinea","ALTURA":"6","MINTDISTRITO":"03","NOMBRE_DISTRITO":"RETIRO","MINTBARRIO":"035","NOMBRE_BARRIO":"LOS JERONIMOS","OBJECTID":51179265}},{"type":"Feature","id":51314370,"geometry":{"type":"Point","coordinates":[-3.6846989194829676,40.407828425825684]},"properties":{"ESA_ESPECIE":"UPU","NOMBRE_COMUN":"Olmo de Siberia","NOMBRE_ESPECIE":"Ulmus pumila","ALTURA":"12","MINTDISTRITO":"03","NOMBRE_DISTRITO":"RETIRO","MINTBARRIO":"035","NOMBRE_BARRIO":"LOS JERONIMOS","OBJECTID":51314370}},{"type":"Feature","id":50707456,"geometry":{"type":"Point","coordinates":[-3.684099905678869,40.407932323491671]},"properties":{"ESA_ESPECIE":"CAU","NOMBRE_COMUN":"Almez","NOMBRE_ESPECIE":"Celtis australis","ALTURA":"4","MINTDISTRITO":"03","NOMBRE_DISTRITO":"RETIRO","MINTBARRIO":"035","NOMBRE_BARRIO":"LOS JERONIMOS","OBJECTID":50707456}},{"type":"Feature","id":50689382,"geometry":{"type":"Point","coordinates":[-3.6864185197355313,40.420619813056462]},"properties":{"ESA_ESPECIE":"SJA","NOMBRE_COMUN":"Acacia del Japón/Sophora japonica","NOMBRE_ESPECIE":"Styphnolobium japonicum","ALTURA":"8,5","MINTDISTRITO":"04","NOMBRE_DISTRITO":"SALAMANCA","MINTBARRIO":"041","NOMBRE_BARRIO":"RECOLETOS","OBJECTID":50689382}},{"type":"Feature","id":51179929,"geometry":{"type":"Point","coordinates":[-3.6791096137622148,40.407823227391894]},"properties":{"ESA_ESPECIE":"PDA","NOMBRE_COMUN":"Plátano de sombra/Platanus x hybrida","NOMBRE_ESPECIE":"Platanus x hispanica","ALTURA":"15","MINTDISTRITO":"03","NOMBRE_DISTRITO":"RETIRO","MINTBARRIO":"035","NOMBRE_BARRIO":"LOS JERONIMOS","OBJECTID":51179929}},{"type":"Feature","id":51182514,"geometry":{"type":"Point","coordinates":[-3.6833227852924217,40.406258836600628]},"properties":{"ESA_ESPECIE":"SJA","NOMBRE_COMUN":"Acacia del Japón/Sophora japonica","NOMBRE_ESPECIE":"Styphnolobium japonicum","ALTURA":"5,5","MINTDISTRITO":"03","NOMBRE_DISTRITO":"RETIRO","MINTBARRIO":"031","NOMBRE_BARRIO":"PACIFICO","OBJECTID":51182514}},{"type":"Feature","id":51346507,"geometry":{"type":"Point","coordinates":[-3.6820591075493172,40.404605170170399]},"properties":{"ESA_ESPECIE":"PDA","NOMBRE_COMUN":"Plátano de sombra/Platanus x hybrida","NOMBRE_ESPECIE":"Platanus x hispanica","ALTURA":"3","MINTDISTRITO":"03","NOMBRE_DISTRITO":"RETIRO","MINTBARRIO":"031","NOMBRE_BARRIO":"PACIFICO","OBJECTID":51346507}},{"type":"Feature","id":51171940,"geometry":{"type":"Point","coordinates":[-3.6825427434550471,40.405001607107899]},"properties":{"ESA_ESPECIE":"PDA","NOMBRE_COMUN":"Plátano de sombra/Platanus x hybrida","NOMBRE_ESPECIE":"Platanus x hispanica","ALTURA":"5","MINTDISTRITO":"03","NOMBRE_DISTRITO":"RETIRO","MINTBARRIO":"031","NOMBRE_BARRIO":"PACIFICO","OBJECTID":51171940}},{"type":"Feature","id":51215647,"geometry":{"type":"Point","coordinates":[-3.6862248947341989,40.406009034954607]},"properties":{"ESA_ESPECIE":"PDA","NOMBRE_COMUN":"Plátano de sombra/Platanus x hybrida","NOMBRE_ESPECIE":"Platanus x hispanica","ALTURA":"17","MINTDISTRITO":"03","NOMBRE_DISTRITO":"RETIRO","MINTBARRIO":"031","NOMBRE_BARRIO":"PACIFICO","OBJECTID":51215647}},{"type":"Feature","id":51412930,"geometry":{"type":"Point","coordinates":[-3.6929479040722657,40.417843086926474]},"properties":{"ESA_ESPECIE":"PDA","NOMBRE_COMUN":"Plátano de sombra/Platanus x hybrida","NOMBRE_ESPECIE":"Platanus x hispanica","ALTURA":"20","MINTDISTRITO":"03","NOMBRE_DISTRITO":"RETIRO","MINTBARRIO":"035","NOMBRE_BARRIO":"LOS JERONIMOS","OBJECTID":51412930}},{"type":"Feature","id":51407689,"geometry":{"type":"Point","coordinates":[-3.6907965532460318,40.419556039694022]},"properties":{"ESA_ESPECIE":"PDA","NOMBRE_COMUN":"Plátano de sombra/Platanus x hybrida","NOMBRE_ESPECIE":"Platanus x hispanica","ALTURA":"15","MINTDISTRITO":"03","NOMBRE_DISTRITO":"RETIRO","MINTBARRIO":"035","NOMBRE_BARRIO":"LOS JERONIMOS","OBJECTID":51407689}},{"type":"Feature","id":50699129,"geometry":{"type":"Point","coordinates":[-3.6914518985950284,40.416012054072297]},"properties":{"ESA_ESPECIE":"SJA","NOMBRE_COMUN":"Acacia del Japón/Sophora japonica","NOMBRE_ESPECIE":"Styphnolobium japonicum","ALTURA":"6","MINTDISTRITO":"03","NOMBRE_DISTRITO":"RETIRO","MINTBARRIO":"035","NOMBRE_BARRIO":"LOS JERONIMOS","OBJECTID":50699129}},{"type":"Feature","id":50703543,"geometry":{"type":"Point","coordinates":[-3.6923505016614731,40.415939468957816]},"properties":{"ESA_ESPECIE":"PDA","NOMBRE_COMUN":"Plátano de sombra/Platanus x hybrida","NOMBRE_ESPECIE":"Platanus x hispanica","ALTURA":"9","MINTDISTRITO":"03","NOMBRE_DISTRITO":"RETIRO","MINTBARRIO":"035","NOMBRE_BARRIO":"LOS JERONIMOS","OBJECTID":50703543}},{"type":"Feature","id":50684141,"geometry":{"type":"Point","coordinates":[-3.6856016905408326,40.42079583160578]},"properties":{"ESA_ESPECIE":"SJA","NOMBRE_COMUN":"Acacia del Japón/Sophora japonica","NOMBRE_ESPECIE":"Styphnolobium japonicum","ALTURA":"7","MINTDISTRITO":"04","NOMBRE_DISTRITO":"SALAMANCA","MINTBARRIO":"041","NOMBRE_BARRIO":"RECOLETOS","OBJECTID":50684141}},{"type":"Feature","id":51074044,"geometry":{"type":"Point","coordinates":[-3.6942090311733056,40.416404650869595]},"properties":{"ESA_ESPECIE":"AMO","NOMBRE_COMUN":"Arce de Montpellier","NOMBRE_ESPECIE":"Acer monspessulanum","ALTURA":"5","MINTDISTRITO":"01","NOMBRE_DISTRITO":"CENTRO","MINTBARRIO":"013","NOMBRE_BARRIO":"CORTES","OBJECTID":51074044}},{"type":"Feature","id":51228806,"geometry":{"type":"Point","coordinates":[-3.6937518013354533,40.414751730642948]},"properties":{"ESA_ESPECIE":"PDA","NOMBRE_COMUN":"Plátano de sombra/Platanus x hybrida","NOMBRE_ESPECIE":"Platanus x hispanica","ALTURA":"20","MINTDISTRITO":"01","NOMBRE_DISTRITO":"CENTRO","MINTBARRIO":"013","NOMBRE_BARRIO":"CORTES","OBJECTID":51228806}},{"type":"Feature","id":51228877,"geometry":{"type":"Point","coordinates":[-3.6940487540158609,40.414600389211948]},"properties":{"ESA_ESPECIE":"PDA","NOMBRE_COMUN":"Plátano de sombra/Platanus x hybrida","NOMBRE_ESPECIE":"Platanus x hispanica","ALTURA":"20","MINTDISTRITO":"01","NOMBRE_DISTRITO":"CENTRO","MINTBARRIO":"013","NOMBRE_BARRIO":"CORTES","OBJECTID":51228877}},{"type":"Feature","id":51080705,"geometry":{"type":"Point","coordinates":[-3.6949435166383013,40.414819943441152]},"properties":{"ESA_ESPECIE":"PAR","NOMBRE_COMUN":"Peral de flor 'Chanticleer'","NOMBRE_ESPECIE":"Pyrus calleryana 'Chanticleer'","ALTURA":"3,4","MINTDISTRITO":"01","NOMBRE_DISTRITO":"CENTRO","MINTBARRIO":"013","NOMBRE_BARRIO":"CORTES","OBJECTID":51080705}},{"type":"Feature","id":50706199,"geometry":{"type":"Point","coordinates":[-3.6799939941871229,40.405460456283755]},"properties":{"ESA_ESPECIE":"PDA","NOMBRE_COMUN":"Plátano de sombra/Platanus x hybrida","NOMBRE_ESPECIE":"Platanus x hispanica","ALTURA":"10","MINTDISTRITO":"03","NOMBRE_DISTRITO":"RETIRO","MINTBARRIO":"031","NOMBRE_BARRIO":"PACIFICO","OBJECTID":50706199}},{"type":"Feature","id":51362986,"geometry":{"type":"Point","coordinates":[-3.6927816333432846,40.417040872956058]},"properties":{"ESA_ESPECIE":"PDA","NOMBRE_COMUN":"Plátano de sombra/Platanus x hybrida","NOMBRE_ESPECIE":"Platanus x hispanica","ALTURA":"4,5","MINTDISTRITO":"03","NOMBRE_DISTRITO":"RETIRO","MINTBARRIO":"035","NOMBRE_BARRIO":"LOS JERONIMOS","OBJECTID":51362986}},{"type":"Feature","id":51017176,"geometry":{"type":"Point","coordinates":[-3.6939511340516091,40.409128407877631]},"properties":{"ESA_ESPECIE":"LST","NOMBRE_COMUN":"Liquidambar","NOMBRE_ESPECIE":"Liquidambar styraciflua","ALTURA":"6","MINTDISTRITO":"01","NOMBRE_DISTRITO":"CENTRO","MINTBARRIO":"012","NOMBRE_BARRIO":"EMBAJADORES","OBJECTID":51017176}},{"type":"Feature","id":50585558,"geometry":{"type":"Point","coordinates":[-3.6920300924498619,40.404611427099319]},"properties":{"ESA_ESPECIE":"AII","NOMBRE_COMUN":"Arce de Freeman","NOMBRE_ESPECIE":"Acer x freemanii","ALTURA":"4.5","MINTDISTRITO":"02","NOMBRE_DISTRITO":"ARGANZUELA","MINTBARRIO":"026","NOMBRE_BARRIO":"PALOS DE LA FRONTERA","OBJECTID":50585558}},{"type":"Feature","id":51259826,"geometry":{"type":"Point","coordinates":[-3.6950126881924725,40.405323451621946]},"properties":{"ESA_ESPECIE":"APS","NOMBRE_COMUN":"Falso plátano","NOMBRE_ESPECIE":"Acer pseudoplatanus","ALTURA":"6","MINTDISTRITO":"02","NOMBRE_DISTRITO":"ARGANZUELA","MINTBARRIO":"026","NOMBRE_BARRIO":"PALOS DE LA FRONTERA","OBJECTID":51259826}},{"type":"Feature","id":50663818,"geometry":{"type":"Point","coordinates":[-3.6906680547849549,40.420792433445484]},"properties":{"ESA_ESPECIE":"MEA","NOMBRE_COMUN":"Cinamomo","NOMBRE_ESPECIE":"Melia azedarach","ALTURA":"10","MINTDISTRITO":"04","NOMBRE_DISTRITO":"SALAMANCA","MINTBARRIO":"041","NOMBRE_BARRIO":"RECOLETOS","OBJECTID":50663818}},{"type":"Feature","id":50984876,"geometry":{"type":"Point","coordinates":[-3.6956266068699817,40.418051569402209]},"properties":{"ESA_ESPECIE":"LJA","NOMBRE_COMUN":"Aligustre del Japón","NOMBRE_ESPECIE":"Ligustrum japonicum","ALTURA":"6","MINTDISTRITO":"01","NOMBRE_DISTRITO":"CENTRO","MINTBARRIO":"013","NOMBRE_BARRIO":"CORTES","OBJECTID":50984876}},{"type":"Feature","id":51384403,"geometry":{"type":"Point","coordinates":[-3.6889514527176468,40.420467809478765]},"properties":{"ESA_ESPECIE":"PDA","NOMBRE_COMUN":"Plátano de sombra/Platanus x hybrida","NOMBRE_ESPECIE":"Platanus x hispanica","ALTURA":"4","MINTDISTRITO":"04","NOMBRE_DISTRITO":"SALAMANCA","MINTBARRIO":"041","NOMBRE_BARRIO":"RECOLETOS","OBJECTID":51384403}},{"type":"Feature","id":50710799,"geometry":{"type":"Point","coordinates":[-3.6828912432749528,40.404875305303882]},"properties":{"ESA_ESPECIE":"PDA","NOMBRE_COMUN":"Plátano de sombra/Platanus x hybrida","NOMBRE_ESPECIE":"Platanus x hispanica","ALTURA":"17","MINTDISTRITO":"03","NOMBRE_DISTRITO":"RETIRO","MINTBARRIO":"031","NOMBRE_BARRIO":"PACIFICO","OBJECTID":50710799}},{"type":"Feature","id":51215624,"geometry":{"type":"Point","coordinates":[-3.6821399925160576,40.406859878475423]},"properties":{"ESA_ESPECIE":"PDA","NOMBRE_COMUN":"Plátano de sombra/Platanus x hybrida","NOMBRE_ESPECIE":"Platanus x hispanica","ALTURA":"17,5","MINTDISTRITO":"03","NOMBRE_DISTRITO":"RETIRO","MINTBARRIO":"031","NOMBRE_BARRIO":"PACIFICO","OBJECTID":51215624}},{"type":"Feature","id":50704184,"geometry":{"type":"Point","coordinates":[-3.6830108769916707,40.408207808430376]},"properties":{"ESA_ESPECIE":"RPS","NOMBRE_COMUN":"Falsa acacia","NOMBRE_ESPECIE":"Robinia pseudoacacia","ALTURA":"9,5","MINTDISTRITO":"03","NOMBRE_DISTRITO":"RETIRO","MINTBARRIO":"035","NOMBRE_BARRIO":"LOS JERONIMOS","OBJECTID":50704184}},{"type":"Feature","id":51179242,"geometry":{"type":"Point","coordinates":[-3.6880135905792599,40.407943191520509]},"properties":{"ESA_ESPECIE":"PHA","NOMBRE_COMUN":"Pino carrasco","NOMBRE_ESPECIE":"Pinus halepensis","ALTURA":"2,5","MINTDISTRITO":"03","NOMBRE_DISTRITO":"RETIRO","MINTBARRIO":"035","NOMBRE_BARRIO":"LOS JERONIMOS","OBJECTID":51179242}},{"type":"Feature","id":51066001,"geometry":{"type":"Point","coordinates":[-3.6846119019103041,40.407930193947003]},"properties":{"ESA_ESPECIE":"UPU","NOMBRE_COMUN":"Olmo de Siberia","NOMBRE_ESPECIE":"Ulmus pumila","ALTURA":"4","MINTDISTRITO":"03","NOMBRE_DISTRITO":"RETIRO","MINTBARRIO":"035","NOMBRE_BARRIO":"LOS JERONIMOS","OBJECTID":51066001}},{"type":"Feature","id":51212845,"geometry":{"type":"Point","coordinates":[-3.6844310386094898,40.40796003065153]},"properties":{"ESA_ESPECIE":"UPU","NOMBRE_COMUN":"Olmo de Siberia","NOMBRE_ESPECIE":"Ulmus pumila","ALTURA":"14","MINTDISTRITO":"03","NOMBRE_DISTRITO":"RETIRO","MINTBARRIO":"035","NOMBRE_BARRIO":"LOS JERONIMOS","OBJECTID":51212845}},{"type":"Feature","id":50699106,"geometry":{"type":"Point","coordinates":[-3.688941969584596,40.411313862003077]},"properties":{"ESA_ESPECIE":"PDA","NOMBRE_COMUN":"Plátano de sombra/Platanus x hybrida","NOMBRE_ESPECIE":"Platanus x hispanica","ALTURA":"12","MINTDISTRITO":"03","NOMBRE_DISTRITO":"RETIRO","MINTBARRIO":"035","NOMBRE_BARRIO":"LOS JERONIMOS","OBJECTID":50699106}},{"type":"Feature","id":51182660,"geometry":{"type":"Point","coordinates":[-3.6776855849028793,40.404412362514947]},"properties":{"ESA_ESPECIE":"SJA","NOMBRE_COMUN":"Acacia del Japón/Sophora japonica","NOMBRE_ESPECIE":"Styphnolobium japonicum","ALTURA":"5","MINTDISTRITO":"03","NOMBRE_DISTRITO":"RETIRO","MINTBARRIO":"031","NOMBRE_BARRIO":"PACIFICO","OBJECTID":51182660}},{"type":"Feature","id":51182537,"geometry":{"type":"Point","coordinates":[-3.677507936331907,40.419547107321108]},"properties":{"ESA_ESPECIE":"LJA","NOMBRE_COMUN":"Aligustre del Japón","NOMBRE_ESPECIE":"Ligustrum japonicum","ALTURA":"9","MINTDISTRITO":"03","NOMBRE_DISTRITO":"RETIRO","MINTBARRIO":"034","NOMBRE_BARRIO":"IBIZA","OBJECTID":51182537}},{"type":"Feature","id":50664150,"geometry":{"type":"Point","coordinates":[-3.6884775462903918,40.420737480344712]},"properties":{"ESA_ESPECIE":"PDA","NOMBRE_COMUN":"Plátano de sombra/Platanus x hybrida","NOMBRE_ESPECIE":"Platanus x hispanica","ALTURA":"9","MINTDISTRITO":"04","NOMBRE_DISTRITO":"SALAMANCA","MINTBARRIO":"041","NOMBRE_BARRIO":"RECOLETOS","OBJECTID":50664150}},{"type":"Feature","id":51183656,"geometry":{"type":"Point","coordinates":[-3.6890114585096083,40.41952570068365]},"properties":{"ESA_ESPECIE":"PDA","NOMBRE_COMUN":"Plátano de sombra/Platanus x hybrida","NOMBRE_ESPECIE":"Platanus x hispanica","ALTURA":"5","MINTDISTRITO":"03","NOMBRE_DISTRITO":"RETIRO","MINTBARRIO":"035","NOMBRE_BARRIO":"LOS JERONIMOS","OBJECTID":51183656}},{"type":"Feature","id":51228522,"geometry":{"type":"Point","coordinates":[-3.6931305658873841,40.419827386777023]},"properties":{"ESA_ESPECIE":"SJA","NOMBRE_COMUN":"Acacia del Japón/Sophora japonica","NOMBRE_ESPECIE":"Styphnolobium japonicum","ALTURA":"7","MINTDISTRITO":"01","NOMBRE_DISTRITO":"CENTRO","MINTBARRIO":"014","NOMBRE_BARRIO":"JUSTICIA","OBJECTID":51228522}},{"type":"Feature","id":51182869,"geometry":{"type":"Point","coordinates":[-3.6904831986969899,40.414992883910344]},"properties":{"ESA_ESPECIE":"SJA","NOMBRE_COMUN":"Acacia del Japón/Sophora japonica","NOMBRE_ESPECIE":"Styphnolobium japonicum","ALTURA":"7,5","MINTDISTRITO":"03","NOMBRE_DISTRITO":"RETIRO","MINTBARRIO":"035","NOMBRE_BARRIO":"LOS JERONIMOS","OBJECTID":51182869}},{"type":"Feature","id":51031168,"geometry":{"type":"Point","coordinates":[-3.6910744656425329,40.416407681747501]},"properties":{"ESA_ESPECIE":"PDA","NOMBRE_COMUN":"Plátano de sombra/Platanus x hybrida","NOMBRE_ESPECIE":"Platanus x hispanica","ALTURA":"5","MINTDISTRITO":"03","NOMBRE_DISTRITO":"RETIRO","MINTBARRIO":"035","NOMBRE_BARRIO":"LOS JERONIMOS","OBJECTID":51031168}},{"type":"Feature","id":50698774,"geometry":{"type":"Point","coordinates":[-3.6912035144926785,40.415113625450388]},"properties":{"ESA_ESPECIE":"SJA","NOMBRE_COMUN":"Acacia del Japón/Sophora japonica","NOMBRE_ESPECIE":"Styphnolobium japonicum","ALTURA":"4,5","MINTDISTRITO":"03","NOMBRE_DISTRITO":"RETIRO","MINTBARRIO":"035","NOMBRE_BARRIO":"LOS JERONIMOS","OBJECTID":50698774}},{"type":"Feature","id":50698110,"geometry":{"type":"Point","coordinates":[-3.6927845523330451,40.41510641488842]},"properties":{"ESA_ESPECIE":"SJA","NOMBRE_COMUN":"Acacia del Japón/Sophora japonica","NOMBRE_ESPECIE":"Styphnolobium japonicum","ALTURA":"7","MINTDISTRITO":"03","NOMBRE_DISTRITO":"RETIRO","MINTBARRIO":"035","NOMBRE_BARRIO":"LOS JERONIMOS","OBJECTID":50698110}},{"type":"Feature","id":51010770,"geometry":{"type":"Point","coordinates":[-3.6948317997759164,40.419239965791832]},"properties":{"ESA_ESPECIE":"SJA","NOMBRE_COMUN":"Acacia del Japón/Sophora japonica","NOMBRE_ESPECIE":"Styphnolobium japonicum","ALTURA":"8","MINTDISTRITO":"01","NOMBRE_DISTRITO":"CENTRO","MINTBARRIO":"014","NOMBRE_BARRIO":"JUSTICIA","OBJECTID":51010770}},{"type":"Feature","id":50998204,"geometry":{"type":"Point","coordinates":[-3.6951710956149393,40.417559586570604]},"properties":{"ESA_ESPECIE":"PAR","NOMBRE_COMUN":"Peral de flor 'Chanticleer'","NOMBRE_ESPECIE":"Pyrus calleryana 'Chanticleer'","ALTURA":"5,5","MINTDISTRITO":"01","NOMBRE_DISTRITO":"CENTRO","MINTBARRIO":"013","NOMBRE_BARRIO":"CORTES","OBJECTID":50998204}},{"type":"Feature","id":50966777,"geometry":{"type":"Point","coordinates":[-3.6937230946161965,40.413861682686282]},"properties":{"ESA_ESPECIE":"SJA","NOMBRE_COMUN":"Acacia del Japón/Sophora japonica","NOMBRE_ESPECIE":"Styphnolobium japonicum","ALTURA":"10","MINTDISTRITO":"01","NOMBRE_DISTRITO":"CENTRO","MINTBARRIO":"013","NOMBRE_BARRIO":"CORTES","OBJECTID":50966777}},{"type":"Feature","id":51181332,"geometry":{"type":"Point","coordinates":[-3.6805723492617295,40.405051573380312]},"properties":{"ESA_ESPECIE":"PDA","NOMBRE_COMUN":"Plátano de sombra/Platanus x hybrida","NOMBRE_ESPECIE":"Platanus x hispanica","ALTURA":"13","MINTDISTRITO":"03","NOMBRE_DISTRITO":"RETIRO","MINTBARRIO":"031","NOMBRE_BARRIO":"PACIFICO","OBJECTID":51181332}},{"type":"Feature","id":51412953,"geometry":{"type":"Point","coordinates":[-3.693063587515498,40.417539113045926]},"properties":{"ESA_ESPECIE":"MGR","NOMBRE_COMUN":"Magnolio","NOMBRE_ESPECIE":"Magnolia grandiflora","ALTURA":"7,5","MINTDISTRITO":"03","NOMBRE_DISTRITO":"RETIRO","MINTBARRIO":"035","NOMBRE_BARRIO":"LOS JERONIMOS","OBJECTID":51412953}},{"type":"Feature","id":50696450,"geometry":{"type":"Point","coordinates":[-3.688998769594507,40.418406708938079]},"properties":{"ESA_ESPECIE":"PDA","NOMBRE_COMUN":"Plátano de sombra/Platanus x hybrida","NOMBRE_ESPECIE":"Platanus x hispanica","ALTURA":"11","MINTDISTRITO":"03","NOMBRE_DISTRITO":"RETIRO","MINTBARRIO":"035","NOMBRE_BARRIO":"LOS JERONIMOS","OBJECTID":50696450}},{"type":"Feature","id":51335647,"geometry":{"type":"Point","coordinates":[-3.6932054425135585,40.404065824564817]},"properties":{"ESA_ESPECIE":"CAU","NOMBRE_COMUN":"Almez","NOMBRE_ESPECIE":"Celtis australis","ALTURA":"4,5","MINTDISTRITO":"02","NOMBRE_DISTRITO":"ARGANZUELA","MINTBARRIO":"026","NOMBRE_BARRIO":"PALOS DE LA FRONTERA","OBJECTID":51335647}},{"type":"Feature","id":51098988,"geometry":{"type":"Point","coordinates":[-3.6912990266980579,40.405161569470167]},"properties":{"ESA_ESPECIE":"APL","NOMBRE_COMUN":"Arce real","NOMBRE_ESPECIE":"Acer platanoides","ALTURA":"5","MINTDISTRITO":"02","NOMBRE_DISTRITO":"ARGANZUELA","MINTBARRIO":"026","NOMBRE_BARRIO":"PALOS DE LA FRONTERA","OBJECTID":51098988}},{"type":"Feature","id":51336305,"geometry":{"type":"Point","coordinates":[-3.6903275440998975,40.404695262709652]},"properties":{"ESA_ESPECIE":"SJA","NOMBRE_COMUN":"Acacia del Japón/Sophora japonica","NOMBRE_ESPECIE":"Styphnolobium japonicum","ALTURA":"7","MINTDISTRITO":"02","NOMBRE_DISTRITO":"ARGANZUELA","MINTBARRIO":"026","NOMBRE_BARRIO":"PALOS DE LA FRONTERA","OBJECTID":51336305}},{"type":"Feature","id":51384998,"geometry":{"type":"Point","coordinates":[-3.6935487640049605,40.405667171913812]},"properties":{"ESA_ESPECIE":"PDA","NOMBRE_COMUN":"Plátano de sombra/Platanus x hybrida","NOMBRE_ESPECIE":"Platanus x hispanica","ALTURA":"12","MINTDISTRITO":"02","NOMBRE_DISTRITO":"ARGANZUELA","MINTBARRIO":"026","NOMBRE_BARRIO":"PALOS DE LA FRONTERA","OBJECTID":51384998}},{"type":"Feature","id":51350297,"geometry":{"type":"Point","coordinates":[-3.6947171725781951,40.405812149395267]},"properties":{"ESA_ESPECIE":"PDA","NOMBRE_COMUN":"Plátano de sombra/Platanus x hybrida","NOMBRE_ESPECIE":"Platanus x hispanica","ALTURA":"15","MINTDISTRITO":"02","NOMBRE_DISTRITO":"ARGANZUELA","MINTBARRIO":"026","NOMBRE_BARRIO":"PALOS DE LA FRONTERA","OBJECTID":51350297}},{"type":"Feature","id":51346716,"geometry":{"type":"Point","coordinates":[-3.6919859974307188,40.409643846153081]},"properties":{"ESA_ESPECIE":"PDA","NOMBRE_COMUN":"Plátano de sombra/Platanus x hybrida","NOMBRE_ESPECIE":"Platanus x hispanica","ALTURA":"24","MINTDISTRITO":"03","NOMBRE_DISTRITO":"RETIRO","MINTBARRIO":"035","NOMBRE_BARRIO":"LOS JERONIMOS","OBJECTID":51346716}},{"type":"Feature","id":51259563,"geometry":{"type":"Point","coordinates":[-3.6836817400516777,40.408477863134742]},"properties":{"ESA_ESPECIE":"CTK","NOMBRE_COMUN":"Chitalpa 'Minsum'","NOMBRE_ESPECIE":"x Chitalpa tashkentensis  'Summer Bells'","ALTURA":"2,6","MINTDISTRITO":"03","NOMBRE_DISTRITO":"RETIRO","MINTBARRIO":"035","NOMBRE_BARRIO":"LOS JERONIMOS","OBJECTID":51259563}},{"type":"Feature","id":51012499,"geometry":{"type":"Point","coordinates":[-3.6960801846711067,40.417861697314898]},"properties":{"ESA_ESPECIE":"LJA","NOMBRE_COMUN":"Aligustre del Japón","NOMBRE_ESPECIE":"Ligustrum japonicum","ALTURA":"3","MINTDISTRITO":"01","NOMBRE_DISTRITO":"CENTRO","MINTBARRIO":"013","NOMBRE_BARRIO":"CORTES","OBJECTID":51012499}},{"type":"Feature","id":50707404,"geometry":{"type":"Point","coordinates":[-3.67918837641415,40.404452608152596]},"properties":{"ESA_ESPECIE":"SJA","NOMBRE_COMUN":"Acacia del Japón/Sophora japonica","NOMBRE_ESPECIE":"Styphnolobium japonicum","ALTURA":"5,5","MINTDISTRITO":"03","NOMBRE_DISTRITO":"RETIRO","MINTBARRIO":"031","NOMBRE_BARRIO":"PACIFICO","OBJECTID":50707404}},{"type":"Feature","id":50709070,"geometry":{"type":"Point","coordinates":[-3.6782964419748447,40.404356311797372]},"properties":{"ESA_ESPECIE":"SJA","NOMBRE_COMUN":"Acacia del Japón/Sophora japonica","NOMBRE_ESPECIE":"Styphnolobium japonicum","ALTURA":"5,5","MINTDISTRITO":"03","NOMBRE_DISTRITO":"RETIRO","MINTBARRIO":"031","NOMBRE_BARRIO":"PACIFICO","OBJECTID":50709070}},{"type":"Feature","id":50710321,"geometry":{"type":"Point","coordinates":[-3.6838237980768977,40.406567732357374]},"properties":{"ESA_ESPECIE":"PDA","NOMBRE_COMUN":"Plátano de sombra/Platanus x hybrida","NOMBRE_ESPECIE":"Platanus x hispanica","ALTURA":"15","MINTDISTRITO":"03","NOMBRE_DISTRITO":"RETIRO","MINTBARRIO":"031","NOMBRE_BARRIO":"PACIFICO","OBJECTID":50710321}},{"type":"Feature","id":51179317,"geometry":{"type":"Point","coordinates":[-3.6836009676479535,40.405181942226598]},"properties":{"ESA_ESPECIE":"LJA","NOMBRE_COMUN":"Aligustre del Japón","NOMBRE_ESPECIE":"Ligustrum japonicum","ALTURA":"3,75","MINTDISTRITO":"03","NOMBRE_DISTRITO":"RETIRO","MINTBARRIO":"031","NOMBRE_BARRIO":"PACIFICO","OBJECTID":51179317}},{"type":"Feature","id":51182892,"geometry":{"type":"Point","coordinates":[-3.6829867747493705,40.405528529012599]},"properties":{"ESA_ESPECIE":"SJA","NOMBRE_COMUN":"Acacia del Japón/Sophora japonica","NOMBRE_ESPECIE":"Styphnolobium japonicum","ALTURA":"6,5","MINTDISTRITO":"03","NOMBRE_DISTRITO":"RETIRO","MINTBARRIO":"031","NOMBRE_BARRIO":"PACIFICO","OBJECTID":51182892}},{"type":"Feature","id":51335641,"geometry":{"type":"Point","coordinates":[-3.6884198767259031,40.419362143014446]},"properties":{"ESA_ESPECIE":"PDA","NOMBRE_COMUN":"Plátano de sombra/Platanus x hybrida","NOMBRE_ESPECIE":"Platanus x hispanica","ALTURA":"4","MINTDISTRITO":"03","NOMBRE_DISTRITO":"RETIRO","MINTBARRIO":"035","NOMBRE_BARRIO":"LOS JERONIMOS","OBJECTID":51335641}},{"type":"Feature","id":50692351,"geometry":{"type":"Point","coordinates":[-3.6899628983513768,40.417324648680015]},"properties":{"ESA_ESPECIE":"SJA","NOMBRE_COMUN":"Acacia del Japón/Sophora japonica","NOMBRE_ESPECIE":"Styphnolobium japonicum","ALTURA":"5,5","MINTDISTRITO":"03","NOMBRE_DISTRITO":"RETIRO","MINTBARRIO":"035","NOMBRE_BARRIO":"LOS JERONIMOS","OBJECTID":50692351}},{"type":"Feature","id":50573556,"geometry":{"type":"Point","coordinates":[-3.6912652637972494,40.415294338154098]},"properties":{"ESA_ESPECIE":"SJA","NOMBRE_COMUN":"Acacia del Japón/Sophora japonica","NOMBRE_ESPECIE":"SJA","ALTURA":"5","MINTDISTRITO":"03","NOMBRE_DISTRITO":"RETIRO","MINTBARRIO":"035","NOMBRE_BARRIO":"LOS JERONIMOS","OBJECTID":50573556}},{"type":"Feature","id":50887212,"geometry":{"type":"Point","coordinates":[-3.6916340647025017,40.412494281772105]},"properties":{"ESA_ESPECIE":"TFO","NOMBRE_COMUN":"Palma de Fortune","NOMBRE_ESPECIE":"Trachycarpus fortunei","ALTURA":"10","MINTDISTRITO":"03","NOMBRE_DISTRITO":"RETIRO","MINTBARRIO":"035","NOMBRE_BARRIO":"LOS JERONIMOS","OBJECTID":50887212}},{"type":"Feature","id":50706076,"geometry":{"type":"Point","coordinates":[-3.6777427915403385,40.407278316015272]},"properties":{"ESA_ESPECIE":"PDA","NOMBRE_COMUN":"Plátano de sombra/Platanus x hybrida","NOMBRE_ESPECIE":"Platanus x hispanica","ALTURA":"15","MINTDISTRITO":"03","NOMBRE_DISTRITO":"RETIRO","MINTBARRIO":"031","NOMBRE_BARRIO":"PACIFICO","OBJECTID":50706076}},{"type":"Feature","id":50703420,"geometry":{"type":"Point","coordinates":[-3.678850279066169,40.419611521934399]},"properties":{"ESA_ESPECIE":"LJA","NOMBRE_COMUN":"Aligustre del Japón","NOMBRE_ESPECIE":"Ligustrum japonicum","ALTURA":"6","MINTDISTRITO":"03","NOMBRE_DISTRITO":"RETIRO","MINTBARRIO":"034","NOMBRE_BARRIO":"IBIZA","OBJECTID":50703420}},{"type":"Feature","id":51021985,"geometry":{"type":"Point","coordinates":[-3.6786623012758737,40.405337243522204]},"properties":{"ESA_ESPECIE":"LJA","NOMBRE_COMUN":"Aligustre del Japón","NOMBRE_ESPECIE":"Ligustrum japonicum","ALTURA":"4,5","MINTDISTRITO":"03","NOMBRE_DISTRITO":"RETIRO","MINTBARRIO":"031","NOMBRE_BARRIO":"PACIFICO","OBJECTID":51021985}},{"type":"Feature","id":50974703,"geometry":{"type":"Point","coordinates":[-3.6935578631975932,40.413803421452528]},"properties":{"ESA_ESPECIE":"PDA","NOMBRE_COMUN":"Plátano de sombra/Platanus x hybrida","NOMBRE_ESPECIE":"Platanus x hispanica","ALTURA":"6","MINTDISTRITO":"01","NOMBRE_DISTRITO":"CENTRO","MINTBARRIO":"013","NOMBRE_BARRIO":"CORTES","OBJECTID":50974703}},{"type":"Feature","id":51002165,"geometry":{"type":"Point","coordinates":[-3.695480734366213,40.410653585509309]},"properties":{"ESA_ESPECIE":"PDA","NOMBRE_COMUN":"Plátano de sombra/Platanus x hybrida","NOMBRE_ESPECIE":"Platanus x hispanica","ALTURA":"14","MINTDISTRITO":"01","NOMBRE_DISTRITO":"CENTRO","MINTBARRIO":"013","NOMBRE_BARRIO":"CORTES","OBJECTID":51002165}},{"type":"Feature","id":51181309,"geometry":{"type":"Point","coordinates":[-3.6803417554682669,40.405377139752865]},"properties":{"ESA_ESPECIE":"PDA","NOMBRE_COMUN":"Plátano de sombra/Platanus x hybrida","NOMBRE_ESPECIE":"Platanus x hispanica","ALTURA":"14","MINTDISTRITO":"03","NOMBRE_DISTRITO":"RETIRO","MINTBARRIO":"031","NOMBRE_BARRIO":"PACIFICO","OBJECTID":51181309}},{"type":"Feature","id":50695001,"geometry":{"type":"Point","coordinates":[-3.6797776866125007,40.404969058331908]},"properties":{"ESA_ESPECIE":"SJA","NOMBRE_COMUN":"Acacia del Japón/Sophora japonica","NOMBRE_ESPECIE":"Styphnolobium japonicum","ALTURA":"6,5","MINTDISTRITO":"03","NOMBRE_DISTRITO":"RETIRO","MINTBARRIO":"031","NOMBRE_BARRIO":"PACIFICO","OBJECTID":50695001}},{"type":"Feature","id":50696258,"geometry":{"type":"Point","coordinates":[-3.6925925808037552,40.418097153941908]},"properties":{"ESA_ESPECIE":"SJA","NOMBRE_COMUN":"Acacia del Japón/Sophora japonica","NOMBRE_ESPECIE":"Styphnolobium japonicum","ALTURA":"8","MINTDISTRITO":"03","NOMBRE_DISTRITO":"RETIRO","MINTBARRIO":"035","NOMBRE_BARRIO":"LOS JERONIMOS","OBJECTID":50696258}},{"type":"Feature","id":51091162,"geometry":{"type":"Point","coordinates":[-3.6923371677022456,40.418087161138033]},"properties":{"ESA_ESPECIE":"AJU","NOMBRE_COMUN":"Acacia de Constantinopla","NOMBRE_ESPECIE":"Albizia julibrissin","ALTURA":"3,5","MINTDISTRITO":"03","NOMBRE_DISTRITO":"RETIRO","MINTBARRIO":"035","NOMBRE_BARRIO":"LOS JERONIMOS","OBJECTID":51091162}},{"type":"Feature","id":50708406,"geometry":{"type":"Point","coordinates":[-3.6887302651422695,40.420861471076364]},"properties":{"ESA_ESPECIE":"PDA","NOMBRE_COMUN":"Plátano de sombra/Platanus x hybrida","NOMBRE_ESPECIE":"Platanus x hispanica","ALTURA":"7","MINTDISTRITO":"04","NOMBRE_DISTRITO":"SALAMANCA","MINTBARRIO":"041","NOMBRE_BARRIO":"RECOLETOS","OBJECTID":50708406}},{"type":"Feature","id":50995851,"geometry":{"type":"Point","coordinates":[-3.6956676432064577,40.413509898184977]},"properties":{"ESA_ESPECIE":"LJA","NOMBRE_COMUN":"Aligustre del Japón","NOMBRE_ESPECIE":"Ligustrum japonicum","ALTURA":"4","MINTDISTRITO":"01","NOMBRE_DISTRITO":"CENTRO","MINTBARRIO":"013","NOMBRE_BARRIO":"CORTES","OBJECTID":50995851}},{"type":"Feature","id":50691420,"geometry":{"type":"Point","coordinates":[-3.6904749453708083,40.420718271325441]},"properties":{"ESA_ESPECIE":"MEA","NOMBRE_COMUN":"Cinamomo","NOMBRE_ESPECIE":"Melia azedarach","ALTURA":"10","MINTDISTRITO":"04","NOMBRE_DISTRITO":"SALAMANCA","MINTBARRIO":"041","NOMBRE_BARRIO":"RECOLETOS","OBJECTID":50691420}},{"type":"Feature","id":51228597,"geometry":{"type":"Point","coordinates":[-3.6939608179090677,40.418025174437368]},"properties":{"ESA_ESPECIE":"PDA","NOMBRE_COMUN":"Plátano de sombra/Platanus x hybrida","NOMBRE_ESPECIE":"Platanus x hispanica","ALTURA":"20","MINTDISTRITO":"01","NOMBRE_DISTRITO":"CENTRO","MINTBARRIO":"013","NOMBRE_BARRIO":"CORTES","OBJECTID":51228597}},{"type":"Feature","id":50995928,"geometry":{"type":"Point","coordinates":[-3.6950699514395908,40.415580465948942]},"properties":{"ESA_ESPECIE":"SJA","NOMBRE_COMUN":"Acacia del Japón/Sophora japonica","NOMBRE_ESPECIE":"Styphnolobium japonicum","ALTURA":"7","MINTDISTRITO":"01","NOMBRE_DISTRITO":"CENTRO","MINTBARRIO":"013","NOMBRE_BARRIO":"CORTES","OBJECTID":50995928}},{"type":"Feature","id":50585604,"geometry":{"type":"Point","coordinates":[-3.694594476845722,40.40413820074027]},"properties":{"ESA_ESPECIE":"AII","NOMBRE_COMUN":"Arce de Freeman","NOMBRE_ESPECIE":"Acer x freemanii","ALTURA":"4","MINTDISTRITO":"02","NOMBRE_DISTRITO":"ARGANZUELA","MINTBARRIO":"026","NOMBRE_BARRIO":"PALOS DE LA FRONTERA","OBJECTID":50585604}},{"type":"Feature","id":51280510,"geometry":{"type":"Point","coordinates":[-3.6917295184197543,40.405094769202009]},"properties":{"ESA_ESPECIE":"UPU","NOMBRE_COMUN":"Olmo de Siberia","NOMBRE_ESPECIE":"Ulmus pumila","ALTURA":"11,5","MINTDISTRITO":"02","NOMBRE_DISTRITO":"ARGANZUELA","MINTBARRIO":"026","NOMBRE_BARRIO":"PALOS DE LA FRONTERA","OBJECTID":51280510}},{"type":"Feature","id":51033446,"geometry":{"type":"Point","coordinates":[-3.6919484663841051,40.405566191723153]},"properties":{"ESA_ESPECIE":"AUM","NOMBRE_COMUN":"Arce tridente","NOMBRE_ESPECIE":"Acer buergerianum","ALTURA":"4,5","MINTDISTRITO":"02","NOMBRE_DISTRITO":"ARGANZUELA","MINTBARRIO":"026","NOMBRE_BARRIO":"PALOS DE LA FRONTERA","OBJECTID":51033446}},{"type":"Feature","id":51386226,"geometry":{"type":"Point","coordinates":[-3.6907350031011723,40.404901380126823]},"properties":{"ESA_ESPECIE":"SJA","NOMBRE_COMUN":"Acacia del Japón/Sophora japonica","NOMBRE_ESPECIE":"Styphnolobium japonicum","ALTURA":"4,5","MINTDISTRITO":"02","NOMBRE_DISTRITO":"ARGANZUELA","MINTBARRIO":"026","NOMBRE_BARRIO":"PALOS DE LA FRONTERA","OBJECTID":51386226}},{"type":"Feature","id":51385021,"geometry":{"type":"Point","coordinates":[-3.6936422826481499,40.404810047193443]},"properties":{"ESA_ESPECIE":"PDA","NOMBRE_COMUN":"Plátano de sombra/Platanus x hybrida","NOMBRE_ESPECIE":"Platanus x hispanica","ALTURA":"11,5","MINTDISTRITO":"02","NOMBRE_DISTRITO":"ARGANZUELA","MINTBARRIO":"026","NOMBRE_BARRIO":"PALOS DE LA FRONTERA","OBJECTID":51385021}},{"type":"Feature","id":51336282,"geometry":{"type":"Point","coordinates":[-3.692510952749771,40.406686119100776]},"properties":{"ESA_ESPECIE":"SJA","NOMBRE_COMUN":"Acacia del Japón/Sophora japonica","NOMBRE_ESPECIE":"Styphnolobium japonicum","ALTURA":"4,5","MINTDISTRITO":"02","NOMBRE_DISTRITO":"ARGANZUELA","MINTBARRIO":"026","NOMBRE_BARRIO":"PALOS DE LA FRONTERA","OBJECTID":51336282}},{"type":"Feature","id":51180284,"geometry":{"type":"Point","coordinates":[-3.6776234287313732,40.419722043808548]},"properties":{"ESA_ESPECIE":"LJA","NOMBRE_COMUN":"Aligustre del Japón","NOMBRE_ESPECIE":"Ligustrum japonicum","ALTURA":"8","MINTDISTRITO":"03","NOMBRE_DISTRITO":"RETIRO","MINTBARRIO":"034","NOMBRE_BARRIO":"IBIZA","OBJECTID":51180284}},{"type":"Feature","id":50693773,"geometry":{"type":"Point","coordinates":[-3.6792049676249263,40.404615394658123]},"properties":{"ESA_ESPECIE":"SJA","NOMBRE_COMUN":"Acacia del Japón/Sophora japonica","NOMBRE_ESPECIE":"Styphnolobium japonicum","ALTURA":"4","MINTDISTRITO":"03","NOMBRE_DISTRITO":"RETIRO","MINTBARRIO":"031","NOMBRE_BARRIO":"PACIFICO","OBJECTID":50693773}},{"type":"Feature","id":50701476,"geometry":{"type":"Point","coordinates":[-3.6791735678194653,40.404821256139222]},"properties":{"ESA_ESPECIE":"SJA","NOMBRE_COMUN":"Acacia del Japón/Sophora japonica","NOMBRE_ESPECIE":"Styphnolobium japonicum","ALTURA":"7","MINTDISTRITO":"03","NOMBRE_DISTRITO":"RETIRO","MINTBARRIO":"031","NOMBRE_BARRIO":"PACIFICO","OBJECTID":50701476}},{"type":"Feature","id":50888114,"geometry":{"type":"Point","coordinates":[-3.6871631219599901,40.406213428018674]},"properties":{"ESA_ESPECIE":"APS","NOMBRE_COMUN":"Falso plátano","NOMBRE_ESPECIE":"Acer pseudoplatanus","ALTURA":"6","MINTDISTRITO":"03","NOMBRE_DISTRITO":"RETIRO","MINTBARRIO":"031","NOMBRE_BARRIO":"PACIFICO","OBJECTID":50888114}},{"type":"Feature","id":51335624,"geometry":{"type":"Point","coordinates":[-3.6883759361705386,40.419435287805861]},"properties":{"ESA_ESPECIE":"PDA","NOMBRE_COMUN":"Plátano de sombra/Platanus x hybrida","NOMBRE_ESPECIE":"Platanus x hispanica","ALTURA":"4,5","MINTDISTRITO":"03","NOMBRE_DISTRITO":"RETIRO","MINTBARRIO":"035","NOMBRE_BARRIO":"LOS JERONIMOS","OBJECTID":51335624}},{"type":"Feature","id":50700148,"geometry":{"type":"Point","coordinates":[-3.6779903199622987,40.416531149235432]},"properties":{"ESA_ESPECIE":"PDA","NOMBRE_COMUN":"Plátano de sombra/Platanus x hybrida","NOMBRE_ESPECIE":"Platanus x hispanica","ALTURA":"10","MINTDISTRITO":"03","NOMBRE_DISTRITO":"RETIRO","MINTBARRIO":"034","NOMBRE_BARRIO":"IBIZA","OBJECTID":50700148}},{"type":"Feature","id":51227246,"geometry":{"type":"Point","coordinates":[-3.6941138848520865,40.417475658859061]},"properties":{"ESA_ESPECIE":"PDA","NOMBRE_COMUN":"Plátano de sombra/Platanus x hybrida","NOMBRE_ESPECIE":"Platanus x hispanica","ALTURA":"20","MINTDISTRITO":"01","NOMBRE_DISTRITO":"CENTRO","MINTBARRIO":"013","NOMBRE_BARRIO":"CORTES","OBJECTID":51227246}},{"type":"Feature","id":50674469,"geometry":{"type":"Point","coordinates":[-3.691585933588021,40.419752708582756]},"properties":{"ESA_ESPECIE":"SJA","NOMBRE_COMUN":"Acacia del Japón/Sophora japonica","NOMBRE_ESPECIE":"Styphnolobium japonicum","ALTURA":"9,5","MINTDISTRITO":"04","NOMBRE_DISTRITO":"SALAMANCA","MINTBARRIO":"041","NOMBRE_BARRIO":"RECOLETOS","OBJECTID":50674469}},{"type":"Feature","id":51228574,"geometry":{"type":"Point","coordinates":[-3.6927166175810187,40.411373687284474]},"properties":{"ESA_ESPECIE":"SJA","NOMBRE_COMUN":"Acacia del Japón/Sophora japonica","NOMBRE_ESPECIE":"Styphnolobium japonicum","ALTURA":"18","MINTDISTRITO":"01","NOMBRE_DISTRITO":"CENTRO","MINTBARRIO":"013","NOMBRE_BARRIO":"CORTES","OBJECTID":51228574}},{"type":"Feature","id":51182614,"geometry":{"type":"Point","coordinates":[-3.6894999039201366,40.412659921262531]},"properties":{"ESA_ESPECIE":"SJA","NOMBRE_COMUN":"Acacia del Japón/Sophora japonica","NOMBRE_ESPECIE":"Styphnolobium japonicum","ALTURA":"8","MINTDISTRITO":"03","NOMBRE_DISTRITO":"RETIRO","MINTBARRIO":"035","NOMBRE_BARRIO":"LOS JERONIMOS","OBJECTID":51182614}},{"type":"Feature","id":50707427,"geometry":{"type":"Point","coordinates":[-3.6777636354590459,40.406944227781977]},"properties":{"ESA_ESPECIE":"SJA","NOMBRE_COMUN":"Acacia del Japón/Sophora japonica","NOMBRE_ESPECIE":"Styphnolobium japonicum","ALTURA":"7","MINTDISTRITO":"03","NOMBRE_DISTRITO":"RETIRO","MINTBARRIO":"031","NOMBRE_BARRIO":"PACIFICO","OBJECTID":50707427}},{"type":"Feature","id":51307609,"geometry":{"type":"Point","coordinates":[-3.6898153628415251,40.407458831636674]},"properties":{"ESA_ESPECIE":"PYSP","NOMBRE_COMUN":"Peral","NOMBRE_ESPECIE":"Pyrus sp","ALTURA":"6","MINTDISTRITO":"03","NOMBRE_DISTRITO":"RETIRO","MINTBARRIO":"035","NOMBRE_BARRIO":"LOS JERONIMOS","OBJECTID":51307609}},{"type":"Feature","id":51176964,"geometry":{"type":"Point","coordinates":[-3.6894302776942154,40.407375758586973]},"properties":{"ESA_ESPECIE":"CAU","NOMBRE_COMUN":"Almez","NOMBRE_ESPECIE":"Celtis australis","ALTURA":"13","MINTDISTRITO":"03","NOMBRE_DISTRITO":"RETIRO","MINTBARRIO":"035","NOMBRE_BARRIO":"LOS JERONIMOS","OBJECTID":51176964}},{"type":"Feature","id":51178292,"geometry":{"type":"Point","coordinates":[-3.6895229952175299,40.407407169846387]},"properties":{"ESA_ESPECIE":"PYSP","NOMBRE_COMUN":"Perales","NOMBRE_ESPECIE":"Pyrus sp","ALTURA":"7","MINTDISTRITO":"03","NOMBRE_DISTRITO":"RETIRO","MINTBARRIO":"035","NOMBRE_BARRIO":"LOS JERONIMOS","OBJECTID":51178292}},{"type":"Feature","id":51346739,"geometry":{"type":"Point","coordinates":[-3.6900994905958799,40.409688671136607]},"properties":{"ESA_ESPECIE":"SJA","NOMBRE_COMUN":"Acacia del Japón/Sophora japonica","NOMBRE_ESPECIE":"Styphnolobium japonicum","ALTURA":"8","MINTDISTRITO":"03","NOMBRE_DISTRITO":"RETIRO","MINTBARRIO":"035","NOMBRE_BARRIO":"LOS JERONIMOS","OBJECTID":51346739}},{"type":"Feature","id":50652196,"geometry":{"type":"Point","coordinates":[-3.6908197987142382,40.420850175692394]},"properties":{"ESA_ESPECIE":"MEA","NOMBRE_COMUN":"Cinamomo","NOMBRE_ESPECIE":"Melia azedarach","ALTURA":"11,5","MINTDISTRITO":"04","NOMBRE_DISTRITO":"SALAMANCA","MINTBARRIO":"041","NOMBRE_BARRIO":"RECOLETOS","OBJECTID":50652196}},{"type":"Feature","id":50988666,"geometry":{"type":"Point","coordinates":[-3.6958183443296244,40.418594561782591]},"properties":{"ESA_ESPECIE":"LJA","NOMBRE_COMUN":"Aligustre del Japón","NOMBRE_ESPECIE":"Ligustrum japonicum","ALTURA":"7","MINTDISTRITO":"01","NOMBRE_DISTRITO":"CENTRO","MINTBARRIO":"013","NOMBRE_BARRIO":"CORTES","OBJECTID":50988666}},{"type":"Feature","id":50998135,"geometry":{"type":"Point","coordinates":[-3.6942610616499709,40.409908371247298]},"properties":{"ESA_ESPECIE":"SJA","NOMBRE_COMUN":"Acacia del Japón/Sophora japonica","NOMBRE_ESPECIE":"Styphnolobium japonicum","ALTURA":"11","MINTDISTRITO":"01","NOMBRE_DISTRITO":"CENTRO","MINTBARRIO":"012","NOMBRE_BARRIO":"EMBAJADORES","OBJECTID":50998135}},{"type":"Feature","id":51331513,"geometry":{"type":"Point","coordinates":[-3.6951518550827029,40.404166301687539]},"properties":{"ESA_ESPECIE":"AUM","NOMBRE_COMUN":"Arce tridente","NOMBRE_ESPECIE":"Acer buergerianum","ALTURA":"5","MINTDISTRITO":"02","NOMBRE_DISTRITO":"ARGANZUELA","MINTBARRIO":"026","NOMBRE_BARRIO":"PALOS DE LA FRONTERA","OBJECTID":51331513}},{"type":"Feature","id":50692794,"geometry":{"type":"Point","coordinates":[-3.688777696981937,40.407537252452357]},"properties":{"ESA_ESPECIE":"PDA","NOMBRE_COMUN":"Plátano de sombra/Platanus x hybrida","NOMBRE_ESPECIE":"Platanus x hispanica","ALTURA":"12","MINTDISTRITO":"03","NOMBRE_DISTRITO":"RETIRO","MINTBARRIO":"035","NOMBRE_BARRIO":"LOS JERONIMOS","OBJECTID":50692794}},{"type":"Feature","id":50982646,"geometry":{"type":"Point","coordinates":[-3.695705217106084,40.420759042925361]},"properties":{"ESA_ESPECIE":"LJV","NOMBRE_COMUN":"Aligustre variegado","NOMBRE_ESPECIE":"Ligustrum japonicum 'Variegatum'","ALTURA":"9","MINTDISTRITO":"01","NOMBRE_DISTRITO":"CENTRO","MINTBARRIO":"014","NOMBRE_BARRIO":"JUSTICIA","OBJECTID":50982646}},{"type":"Feature","id":50570353,"geometry":{"type":"Point","coordinates":[-3.6893025053812072,40.420494479268505]},"properties":{"ESA_ESPECIE":"PDA","NOMBRE_COMUN":"Plátano de sombra","NOMBRE_ESPECIE":"Platanus x hybrida","ALTURA":"16","MINTDISTRITO":"04","NOMBRE_DISTRITO":"SALAMANCA","MINTBARRIO":"041","NOMBRE_BARRIO":"RECOLETOS","OBJECTID":50570353}},{"type":"Feature","id":51179935,"geometry":{"type":"Point","coordinates":[-3.6791428894862697,40.407851915000272]},"properties":{"ESA_ESPECIE":"RPS","NOMBRE_COMUN":"Falsa acacia","NOMBRE_ESPECIE":"Robinia pseudoacacia","ALTURA":"7,5","MINTDISTRITO":"03","NOMBRE_DISTRITO":"RETIRO","MINTBARRIO":"035","NOMBRE_BARRIO":"LOS JERONIMOS","OBJECTID":51179935}},{"type":"Feature","id":51215570,"geometry":{"type":"Point","coordinates":[-3.6832040732862659,40.406678387550237]},"properties":{"ESA_ESPECIE":"PDA","NOMBRE_COMUN":"Plátano de sombra/Platanus x hybrida","NOMBRE_ESPECIE":"Platanus x hispanica","ALTURA":"17","MINTDISTRITO":"03","NOMBRE_DISTRITO":"RETIRO","MINTBARRIO":"031","NOMBRE_BARRIO":"PACIFICO","OBJECTID":51215570}},{"type":"Feature","id":51216234,"geometry":{"type":"Point","coordinates":[-3.6846305981899667,40.405588204140308]},"properties":{"ESA_ESPECIE":"PDA","NOMBRE_COMUN":"Plátano de sombra/Platanus x hybrida","NOMBRE_ESPECIE":"Platanus x hispanica","ALTURA":"17","MINTDISTRITO":"03","NOMBRE_DISTRITO":"RETIRO","MINTBARRIO":"031","NOMBRE_BARRIO":"PACIFICO","OBJECTID":51216234}},{"type":"Feature","id":51179271,"geometry":{"type":"Point","coordinates":[-3.687589988574274,40.407622565381679]},"properties":{"ESA_ESPECIE":"PPI","NOMBRE_COMUN":"Pino piñonero","NOMBRE_ESPECIE":"Pinus pinea","ALTURA":"5","MINTDISTRITO":"03","NOMBRE_DISTRITO":"RETIRO","MINTBARRIO":"035","NOMBRE_BARRIO":"LOS JERONIMOS","OBJECTID":51179271}},{"type":"Feature","id":51407695,"geometry":{"type":"Point","coordinates":[-3.690083461993404,40.419641640848226]},"properties":{"ESA_ESPECIE":"PDA","NOMBRE_COMUN":"Plátano de sombra/Platanus x hybrida","NOMBRE_ESPECIE":"Platanus x hispanica","ALTURA":"13","MINTDISTRITO":"03","NOMBRE_DISTRITO":"RETIRO","MINTBARRIO":"035","NOMBRE_BARRIO":"LOS JERONIMOS","OBJECTID":51407695}},{"type":"Feature","id":50702209,"geometry":{"type":"Point","coordinates":[-3.6902801210874681,40.413349944795812]},"properties":{"ESA_ESPECIE":"SJA","NOMBRE_COMUN":"Acacia del Japón/Sophora japonica","NOMBRE_ESPECIE":"Styphnolobium japonicum","ALTURA":"10","MINTDISTRITO":"03","NOMBRE_DISTRITO":"RETIRO","MINTBARRIO":"035","NOMBRE_BARRIO":"LOS JERONIMOS","OBJECTID":50702209}},{"type":"Feature","id":51215641,"geometry":{"type":"Point","coordinates":[-3.6892651123606961,40.416529636237939]},"properties":{"ESA_ESPECIE":"PDA","NOMBRE_COMUN":"Plátano de sombra/Platanus x hybrida","NOMBRE_ESPECIE":"Platanus x hispanica","ALTURA":"13","MINTDISTRITO":"03","NOMBRE_DISTRITO":"RETIRO","MINTBARRIO":"035","NOMBRE_BARRIO":"LOS JERONIMOS","OBJECTID":51215641}},{"type":"Feature","id":51404772,"geometry":{"type":"Point","coordinates":[-3.6924432227791115,40.415115684900329]},"properties":{"ESA_ESPECIE":"SJA","NOMBRE_COMUN":"Acacia del Japón/Sophora japonica","NOMBRE_ESPECIE":"Styphnolobium japonicum","ALTURA":"5","MINTDISTRITO":"03","NOMBRE_DISTRITO":"RETIRO","MINTBARRIO":"035","NOMBRE_BARRIO":"LOS JERONIMOS","OBJECTID":51404772}},{"type":"Feature","id":51185840,"geometry":{"type":"Point","coordinates":[-3.6883707261901835,40.420477250605302]},"properties":{"ESA_ESPECIE":"PDA","NOMBRE_COMUN":"Plátano de sombra/Platanus x hybrida","NOMBRE_ESPECIE":"Platanus x hispanica","ALTURA":"9","MINTDISTRITO":"04","NOMBRE_DISTRITO":"SALAMANCA","MINTBARRIO":"041","NOMBRE_BARRIO":"RECOLETOS","OBJECTID":51185840}},{"type":"Feature","id":51228551,"geometry":{"type":"Point","coordinates":[-3.6934108094037756,40.418494079828754]},"properties":{"ESA_ESPECIE":"LNO","NOMBRE_COMUN":"Laurel","NOMBRE_ESPECIE":"Laurus nobilis","ALTURA":"7","MINTDISTRITO":"01","NOMBRE_DISTRITO":"CENTRO","MINTBARRIO":"013","NOMBRE_BARRIO":"CORTES","OBJECTID":51228551}},{"type":"Feature","id":51016775,"geometry":{"type":"Point","coordinates":[-3.6946243132556025,40.412859023917797]},"properties":{"ESA_ESPECIE":"PCP","NOMBRE_COMUN":"Ciruelo púrpura","NOMBRE_ESPECIE":"Prunus cerasifera  subsp. pissardii","ALTURA":"7","MINTDISTRITO":"01","NOMBRE_DISTRITO":"CENTRO","MINTBARRIO":"013","NOMBRE_BARRIO":"CORTES","OBJECTID":51016775}},{"type":"Feature","id":50707450,"geometry":{"type":"Point","coordinates":[-3.6808296095796416,40.405492061697409]},"properties":{"ESA_ESPECIE":"SJA","NOMBRE_COMUN":"Acacia del Japón/Sophora japonica","NOMBRE_ESPECIE":"Styphnolobium japonicum","ALTURA":"7,5","MINTDISTRITO":"03","NOMBRE_DISTRITO":"RETIRO","MINTBARRIO":"031","NOMBRE_BARRIO":"PACIFICO","OBJECTID":50707450}},{"type":"Feature","id":51412936,"geometry":{"type":"Point","coordinates":[-3.6930163858641372,40.417818811499906]},"properties":{"ESA_ESPECIE":"MGR","NOMBRE_COMUN":"Magnolio","NOMBRE_ESPECIE":"Magnolia grandiflora","ALTURA":"8","MINTDISTRITO":"03","NOMBRE_DISTRITO":"RETIRO","MINTBARRIO":"035","NOMBRE_BARRIO":"LOS JERONIMOS","OBJECTID":51412936}},{"type":"Feature","id":51182520,"geometry":{"type":"Point","coordinates":[-3.6902567951274139,40.417963419520717]},"properties":{"ESA_ESPECIE":"SJA","NOMBRE_COMUN":"Acacia del Japón/Sophora japonica","NOMBRE_ESPECIE":"Styphnolobium japonicum","ALTURA":"5","MINTDISTRITO":"03","NOMBRE_DISTRITO":"RETIRO","MINTBARRIO":"035","NOMBRE_BARRIO":"LOS JERONIMOS","OBJECTID":51182520}},{"type":"Feature","id":50561107,"geometry":{"type":"Point","coordinates":[-3.6896402484357358,40.419702348738745]},"properties":{"ESA_ESPECIE":"SJA","NOMBRE_COMUN":"Acacia del Japón/Sophora japonica","NOMBRE_ESPECIE":"Styphnolobium japonicum","ALTURA":"15","MINTDISTRITO":"03","NOMBRE_DISTRITO":"RETIRO","MINTBARRIO":"035","NOMBRE_BARRIO":"LOS JERONIMOS","OBJECTID":50561107}},{"type":"Feature","id":51333580,"geometry":{"type":"Point","coordinates":[-3.6937957928365805,40.404097319978234]},"properties":{"ESA_ESPECIE":"CAU","NOMBRE_COMUN":"Almez","NOMBRE_ESPECIE":"Celtis australis","ALTURA":"5","MINTDISTRITO":"02","NOMBRE_DISTRITO":"ARGANZUELA","MINTBARRIO":"026","NOMBRE_BARRIO":"PALOS DE LA FRONTERA","OBJECTID":51333580}},{"type":"Feature","id":51004063,"geometry":{"type":"Point","coordinates":[-3.6932210406455441,40.408000736293495]},"properties":{"ESA_ESPECIE":"PDA","NOMBRE_COMUN":"Plátano de sombra/Platanus x hybrida","NOMBRE_ESPECIE":"Platanus x hispanica","ALTURA":"18","MINTDISTRITO":"01","NOMBRE_DISTRITO":"CENTRO","MINTBARRIO":"012","NOMBRE_BARRIO":"EMBAJADORES","OBJECTID":51004063}},{"type":"Feature","id":51350351,"geometry":{"type":"Point","coordinates":[-3.6937603139005764,40.406855972803889]},"properties":{"ESA_ESPECIE":"PDA","NOMBRE_COMUN":"Plátano de sombra/Platanus x hybrida","NOMBRE_ESPECIE":"Platanus x hispanica","ALTURA":"14,5","MINTDISTRITO":"02","NOMBRE_DISTRITO":"ARGANZUELA","MINTBARRIO":"026","NOMBRE_BARRIO":"PALOS DE LA FRONTERA","OBJECTID":51350351}},{"type":"Feature","id":51336334,"geometry":{"type":"Point","coordinates":[-3.690352803668703,40.404890653653368]},"properties":{"ESA_ESPECIE":"SJA","NOMBRE_COMUN":"Acacia del Japón/Sophora japonica","NOMBRE_ESPECIE":"Styphnolobium japonicum","ALTURA":"5,5","MINTDISTRITO":"02","NOMBRE_DISTRITO":"ARGANZUELA","MINTBARRIO":"027","NOMBRE_BARRIO":"ATOCHA","OBJECTID":51336334}},{"type":"Feature","id":50697022,"geometry":{"type":"Point","coordinates":[-3.6889401945084757,40.407462229835652]},"properties":{"ESA_ESPECIE":"PDA","NOMBRE_COMUN":"Plátano de sombra/Platanus x hybrida","NOMBRE_ESPECIE":"Platanus x hispanica","ALTURA":"14","MINTDISTRITO":"03","NOMBRE_DISTRITO":"RETIRO","MINTBARRIO":"035","NOMBRE_BARRIO":"LOS JERONIMOS","OBJECTID":50697022}},{"type":"Feature","id":51412959,"geometry":{"type":"Point","coordinates":[-3.6915239941023983,40.409375266494784]},"properties":{"ESA_ESPECIE":"PDA","NOMBRE_COMUN":"Plátano de sombra/Platanus x hybrida","NOMBRE_ESPECIE":"Platanus x hispanica","ALTURA":"8","MINTDISTRITO":"03","NOMBRE_DISTRITO":"RETIRO","MINTBARRIO":"035","NOMBRE_BARRIO":"LOS JERONIMOS","OBJECTID":51412959}},{"type":"Feature","id":51175830,"geometry":{"type":"Point","coordinates":[-3.6796186859727906,40.407535153412496]},"properties":{"ESA_ESPECIE":"LJA","NOMBRE_COMUN":"Aligustre del Japón","NOMBRE_ESPECIE":"Ligustrum japonicum","ALTURA":"7,5","MINTDISTRITO":"03","NOMBRE_DISTRITO":"RETIRO","MINTBARRIO":"035","NOMBRE_BARRIO":"LOS JERONIMOS","OBJECTID":51175830}},{"type":"Feature","id":50636922,"geometry":{"type":"Point","coordinates":[-3.6882370600221814,40.408095339901415]},"properties":{"ESA_ESPECIE":"PHA","NOMBRE_COMUN":"Pino carrasco","NOMBRE_ESPECIE":"Pinus halepensis","ALTURA":"4","MINTDISTRITO":"03","NOMBRE_DISTRITO":"RETIRO","MINTBARRIO":"035","NOMBRE_BARRIO":"LOS JERONIMOS","OBJECTID":50636922}},{"type":"Feature","id":51179248,"geometry":{"type":"Point","coordinates":[-3.6879944740154555,40.407988269495576]},"properties":{"ESA_ESPECIE":"PPI","NOMBRE_COMUN":"Pino piñonero","NOMBRE_ESPECIE":"Pinus pinea","ALTURA":"1,5","MINTDISTRITO":"03","NOMBRE_DISTRITO":"RETIRO","MINTBARRIO":"035","NOMBRE_BARRIO":"LOS JERONIMOS","OBJECTID":51179248}},{"type":"Feature","id":50693579,"geometry":{"type":"Point","coordinates":[-3.6848270149017694,40.407708648471747]},"properties":{"ESA_ESPECIE":"LJA","NOMBRE_COMUN":"Aligustre del Japón","NOMBRE_ESPECIE":"Ligustrum japonicum","ALTURA":"4,5","MINTDISTRITO":"03","NOMBRE_DISTRITO":"RETIRO","MINTBARRIO":"035","NOMBRE_BARRIO":"LOS JERONIMOS","OBJECTID":50693579}},{"type":"Feature","id":51216257,"geometry":{"type":"Point","coordinates":[-3.6844607407568439,40.407871899351768]},"properties":{"ESA_ESPECIE":"SJA","NOMBRE_COMUN":"Acacia del Japón/Sophora japonica","NOMBRE_ESPECIE":"Styphnolobium japonicum","ALTURA":"5","MINTDISTRITO":"03","NOMBRE_DISTRITO":"RETIRO","MINTBARRIO":"035","NOMBRE_BARRIO":"LOS JERONIMOS","OBJECTID":51216257}},{"type":"Feature","id":50707473,"geometry":{"type":"Point","coordinates":[-3.6787387153621074,40.404539483419903]},"properties":{"ESA_ESPECIE":"SJA","NOMBRE_COMUN":"Acacia del Japón/Sophora japonica","NOMBRE_ESPECIE":"Styphnolobium japonicum","ALTURA":"6,5","MINTDISTRITO":"03","NOMBRE_DISTRITO":"RETIRO","MINTBARRIO":"031","NOMBRE_BARRIO":"PACIFICO","OBJECTID":50707473}},{"type":"Feature","id":51302276,"geometry":{"type":"Point","coordinates":[-3.6861053760152411,40.406216177935953]},"properties":{"ESA_ESPECIE":"SJA","NOMBRE_COMUN":"Acacia del Japón/Sophora japonica","NOMBRE_ESPECIE":"Styphnolobium japonicum","ALTURA":"9","MINTDISTRITO":"03","NOMBRE_DISTRITO":"RETIRO","MINTBARRIO":"031","NOMBRE_BARRIO":"PACIFICO","OBJECTID":51302276}},{"type":"Feature","id":51216380,"geometry":{"type":"Point","coordinates":[-3.6875110187422644,40.406127710746127]},"properties":{"ESA_ESPECIE":"PDA","NOMBRE_COMUN":"Plátano de sombra/Platanus x hybrida","NOMBRE_ESPECIE":"Platanus x hispanica","ALTURA":"12","MINTDISTRITO":"03","NOMBRE_DISTRITO":"RETIRO","MINTBARRIO":"031","NOMBRE_BARRIO":"PACIFICO","OBJECTID":51216380}},{"type":"Feature","id":50692940,"geometry":{"type":"Point","coordinates":[-3.6794885203423822,40.408058164856264]},"properties":{"ESA_ESPECIE":"SJA","NOMBRE_COMUN":"Acacia del Japón/Sophora japonica","NOMBRE_ESPECIE":"Styphnolobium japonicum","ALTURA":"7","MINTDISTRITO":"03","NOMBRE_DISTRITO":"RETIRO","MINTBARRIO":"035","NOMBRE_BARRIO":"LOS JERONIMOS","OBJECTID":50692940}},{"type":"Feature","id":51384065,"geometry":{"type":"Point","coordinates":[-3.6911746414377022,40.420314449412878]},"properties":{"ESA_ESPECIE":"ANP","NOMBRE_COMUN":"Arce real 'Crimson King'","NOMBRE_ESPECIE":"Acer platanoides 'Crimson King'","ALTURA":"3,75","MINTDISTRITO":"04","NOMBRE_DISTRITO":"SALAMANCA","MINTBARRIO":"041","NOMBRE_BARRIO":"RECOLETOS","OBJECTID":51384065}},{"type":"Feature","id":51228528,"geometry":{"type":"Point","coordinates":[-3.6935370992040504,40.418844278596318]},"properties":{"ESA_ESPECIE":"SJA","NOMBRE_COMUN":"Acacia del Japón/Sophora japonica","NOMBRE_ESPECIE":"Styphnolobium japonicum","ALTURA":"20","MINTDISTRITO":"01","NOMBRE_DISTRITO":"CENTRO","MINTBARRIO":"013","NOMBRE_BARRIO":"CORTES","OBJECTID":51228528}},{"type":"Feature","id":51178338,"geometry":{"type":"Point","coordinates":[-3.6902055725744565,40.415450498575893]},"properties":{"ESA_ESPECIE":"LTU","NOMBRE_COMUN":"Árbol de las tulipas","NOMBRE_ESPECIE":"Liriodendron tulipifera","ALTURA":"15","MINTDISTRITO":"03","NOMBRE_DISTRITO":"RETIRO","MINTBARRIO":"035","NOMBRE_BARRIO":"LOS JERONIMOS","OBJECTID":51178338}},{"type":"Feature","id":51182543,"geometry":{"type":"Point","coordinates":[-3.6922286493588654,40.415272393903393]},"properties":{"ESA_ESPECIE":"SJA","NOMBRE_COMUN":"Acacia del Japón/Sophora japonica","NOMBRE_ESPECIE":"Styphnolobium japonicum","ALTURA":"5,5","MINTDISTRITO":"03","NOMBRE_DISTRITO":"RETIRO","MINTBARRIO":"035","NOMBRE_BARRIO":"LOS JERONIMOS","OBJECTID":51182543}},{"type":"Feature","id":50699112,"geometry":{"type":"Point","coordinates":[-3.6889785588292741,40.412246982042802]},"properties":{"ESA_ESPECIE":"PDA","NOMBRE_COMUN":"Plátano de sombra/Platanus x hybrida","NOMBRE_ESPECIE":"Platanus x hispanica","ALTURA":"15","MINTDISTRITO":"03","NOMBRE_DISTRITO":"RETIRO","MINTBARRIO":"035","NOMBRE_BARRIO":"LOS JERONIMOS","OBJECTID":50699112}},{"type":"Feature","id":51073827,"geometry":{"type":"Point","coordinates":[-3.6931932952360786,40.41322671323065]},"properties":{"ESA_ESPECIE":"PDA","NOMBRE_COMUN":"Plátano de sombra/Platanus x hybrida","NOMBRE_ESPECIE":"Platanus x hispanica","ALTURA":"15","MINTDISTRITO":"01","NOMBRE_DISTRITO":"CENTRO","MINTBARRIO":"013","NOMBRE_BARRIO":"CORTES","OBJECTID":51073827}},{"type":"Feature","id":51214110,"geometry":{"type":"Point","coordinates":[-3.6920335769373493,40.40456847805001]},"properties":{"ESA_ESPECIE":"UPU","NOMBRE_COMUN":"Olmo de Siberia","NOMBRE_ESPECIE":"Ulmus pumila","ALTURA":"13,5","MINTDISTRITO":"02","NOMBRE_DISTRITO":"ARGANZUELA","MINTBARRIO":"026","NOMBRE_BARRIO":"PALOS DE LA FRONTERA","OBJECTID":51214110}},{"type":"Feature","id":50652050,"geometry":{"type":"Point","coordinates":[-3.6903187368095849,40.420656140851172]},"properties":{"ESA_ESPECIE":"MEA","NOMBRE_COMUN":"Cinamomo","NOMBRE_ESPECIE":"Melia azedarach","ALTURA":"11","MINTDISTRITO":"04","NOMBRE_DISTRITO":"SALAMANCA","MINTBARRIO":"041","NOMBRE_BARRIO":"RECOLETOS","OBJECTID":50652050}},{"type":"Feature","id":50574644,"geometry":{"type":"Point","coordinates":[-3.6913866105631241,40.420342551480481]},"properties":{"ESA_ESPECIE":"CBU","NOMBRE_COMUN":"Catalpa de Bunge","NOMBRE_ESPECIE":"Catalpa bungei","ALTURA":"3,5","MINTDISTRITO":"04","NOMBRE_DISTRITO":"SALAMANCA","MINTBARRIO":"041","NOMBRE_BARRIO":"RECOLETOS","OBJECTID":50574644}},{"type":"Feature","id":51227426,"geometry":{"type":"Point","coordinates":[-3.6926408368537467,40.420663531880514]},"properties":{"ESA_ESPECIE":"SJA","NOMBRE_COMUN":"Acacia del Japón/Sophora japonica","NOMBRE_ESPECIE":"Styphnolobium japonicum","ALTURA":"8","MINTDISTRITO":"01","NOMBRE_DISTRITO":"CENTRO","MINTBARRIO":"014","NOMBRE_BARRIO":"JUSTICIA","OBJECTID":51227426}},{"type":"Feature","id":51412890,"geometry":{"type":"Point","coordinates":[-3.6933060117842755,40.416815602627217]},"properties":{"ESA_ESPECIE":"SJA","NOMBRE_COMUN":"Acacia del Japón/Sophora japonica","NOMBRE_ESPECIE":"Styphnolobium japonicum","ALTURA":"17","MINTDISTRITO":"03","NOMBRE_DISTRITO":"RETIRO","MINTBARRIO":"035","NOMBRE_BARRIO":"LOS JERONIMOS","OBJECTID":51412890}},{"type":"Feature","id":51228754,"geometry":{"type":"Point","coordinates":[-3.6936676318597952,40.414264963224568]},"properties":{"ESA_ESPECIE":"PDA","NOMBRE_COMUN":"Plátano de sombra/Platanus x hybrida","NOMBRE_ESPECIE":"Platanus x hispanica","ALTURA":"20","MINTDISTRITO":"01","NOMBRE_DISTRITO":"CENTRO","MINTBARRIO":"013","NOMBRE_BARRIO":"CORTES","OBJECTID":51228754}},{"type":"Feature","id":50705575,"geometry":{"type":"Point","coordinates":[-3.6829587246921593,40.405432748144442]},"properties":{"ESA_ESPECIE":"RPS","NOMBRE_COMUN":"Falsa acacia","NOMBRE_ESPECIE":"Robinia pseudoacacia","ALTURA":"14","MINTDISTRITO":"03","NOMBRE_DISTRITO":"RETIRO","MINTBARRIO":"031","NOMBRE_BARRIO":"PACIFICO","OBJECTID":50705575}},{"type":"Feature","id":50705658,"geometry":{"type":"Point","coordinates":[-3.6835620695567908,40.408025865338281]},"properties":{"ESA_ESPECIE":"SJA","NOMBRE_COMUN":"Acacia del Japón/Sophora japonica","NOMBRE_ESPECIE":"Styphnolobium japonicum","ALTURA":"7","MINTDISTRITO":"03","NOMBRE_DISTRITO":"RETIRO","MINTBARRIO":"035","NOMBRE_BARRIO":"LOS JERONIMOS","OBJECTID":50705658}},{"type":"Feature","id":51179225,"geometry":{"type":"Point","coordinates":[-3.6880733530560015,40.407991655987438]},"properties":{"ESA_ESPECIE":"PHA","NOMBRE_COMUN":"Pino carrasco","NOMBRE_ESPECIE":"Pinus halepensis","ALTURA":"2","MINTDISTRITO":"03","NOMBRE_DISTRITO":"RETIRO","MINTBARRIO":"035","NOMBRE_BARRIO":"LOS JERONIMOS","OBJECTID":51179225}},{"type":"Feature","id":50569818,"geometry":{"type":"Point","coordinates":[-3.6910744656425329,40.416407681747501]},"properties":{"ESA_ESPECIE":"PDA","NOMBRE_COMUN":"Plátano de sombra/Platanus x hybrida","NOMBRE_ESPECIE":"Platanus x hispanica","ALTURA":"5.5","MINTDISTRITO":"03","NOMBRE_DISTRITO":"RETIRO","MINTBARRIO":"035","NOMBRE_BARRIO":"LOS JERONIMOS","OBJECTID":50569818}},{"type":"Feature","id":50706168,"geometry":{"type":"Point","coordinates":[-3.677672301004193,40.408955946592293]},"properties":{"ESA_ESPECIE":"PDA","NOMBRE_COMUN":"Plátano de sombra/Platanus x hybrida","NOMBRE_ESPECIE":"Platanus x hispanica","ALTURA":"10","MINTDISTRITO":"03","NOMBRE_DISTRITO":"RETIRO","MINTBARRIO":"036","NOMBRE_BARRIO":"NIÑO JESUS","OBJECTID":50706168}},{"type":"Feature","id":51180221,"geometry":{"type":"Point","coordinates":[-3.678266087536473,40.419487814969372]},"properties":{"ESA_ESPECIE":"LJA","NOMBRE_COMUN":"Aligustre del Japón","NOMBRE_ESPECIE":"Ligustrum japonicum","ALTURA":"8","MINTDISTRITO":"03","NOMBRE_DISTRITO":"RETIRO","MINTBARRIO":"034","NOMBRE_BARRIO":"IBIZA","OBJECTID":51180221}},{"type":"Feature","id":50706251,"geometry":{"type":"Point","coordinates":[-3.6789148742453746,40.421073670932579]},"properties":{"ESA_ESPECIE":"LJA","NOMBRE_COMUN":"Aligustre del Japón","NOMBRE_ESPECIE":"Ligustrum japonicum","ALTURA":"8","MINTDISTRITO":"03","NOMBRE_DISTRITO":"RETIRO","MINTBARRIO":"034","NOMBRE_BARRIO":"IBIZA","OBJECTID":50706251}},{"type":"Feature","id":50701330,"geometry":{"type":"Point","coordinates":[-3.6816909298562912,40.406049422769165]},"properties":{"ESA_ESPECIE":"SJA","NOMBRE_COMUN":"Acacia del Japón/Sophora japonica","NOMBRE_ESPECIE":"Styphnolobium japonicum","ALTURA":"5,5","MINTDISTRITO":"03","NOMBRE_DISTRITO":"RETIRO","MINTBARRIO":"031","NOMBRE_BARRIO":"PACIFICO","OBJECTID":50701330}},{"type":"Feature","id":51261469,"geometry":{"type":"Point","coordinates":[-3.6948896363257573,40.41127346699016]},"properties":{"ESA_ESPECIE":"LJA","NOMBRE_COMUN":"Aligustre del Japón","NOMBRE_ESPECIE":"Ligustrum japonicum","ALTURA":"4","MINTDISTRITO":"01","NOMBRE_DISTRITO":"CENTRO","MINTBARRIO":"013","NOMBRE_BARRIO":"CORTES","OBJECTID":51261469}},{"type":"Feature","id":50698496,"geometry":{"type":"Point","coordinates":[-3.6891397928924956,40.416783699667405]},"properties":{"ESA_ESPECIE":"PDA","NOMBRE_COMUN":"Plátano de sombra/Platanus x hybrida","NOMBRE_ESPECIE":"Platanus x hispanica","ALTURA":"6","MINTDISTRITO":"03","NOMBRE_DISTRITO":"RETIRO","MINTBARRIO":"035","NOMBRE_BARRIO":"LOS JERONIMOS","OBJECTID":50698496}},{"type":"Feature","id":50704247,"geometry":{"type":"Point","coordinates":[-3.6890526137129758,40.417792061271172]},"properties":{"ESA_ESPECIE":"PDA","NOMBRE_COMUN":"Plátano de sombra/Platanus x hybrida","NOMBRE_ESPECIE":"Platanus x hispanica","ALTURA":"10","MINTDISTRITO":"03","NOMBRE_DISTRITO":"RETIRO","MINTBARRIO":"035","NOMBRE_BARRIO":"LOS JERONIMOS","OBJECTID":50704247}},{"type":"Feature","id":51276706,"geometry":{"type":"Point","coordinates":[-3.6904381223615412,40.419130773757935]},"properties":{"ESA_ESPECIE":"SJA","NOMBRE_COMUN":"Acacia del Japón/Sophora japonica","NOMBRE_ESPECIE":"Styphnolobium japonicum","ALTURA":"12","MINTDISTRITO":"03","NOMBRE_DISTRITO":"RETIRO","MINTBARRIO":"035","NOMBRE_BARRIO":"LOS JERONIMOS","OBJECTID":51276706}},{"type":"Feature","id":50643904,"geometry":{"type":"Point","coordinates":[-3.691280690625415,40.419488406989743]},"properties":{"ESA_ESPECIE":"PDA","NOMBRE_COMUN":"Plátano de sombra/Platanus x hybrida","NOMBRE_ESPECIE":"Platanus x hispanica","ALTURA":"12","MINTDISTRITO":"03","NOMBRE_DISTRITO":"RETIRO","MINTBARRIO":"035","NOMBRE_BARRIO":"LOS JERONIMOS","OBJECTID":50643904}},{"type":"Feature","id":51412807,"geometry":{"type":"Point","coordinates":[-3.69298083554555,40.413504843987212]},"properties":{"ESA_ESPECIE":"PDA","NOMBRE_COMUN":"Plátano de sombra/Platanus x hybrida","NOMBRE_ESPECIE":"Platanus x hispanica","ALTURA":"11","MINTDISTRITO":"03","NOMBRE_DISTRITO":"RETIRO","MINTBARRIO":"035","NOMBRE_BARRIO":"LOS JERONIMOS","OBJECTID":51412807}},{"type":"Feature","id":51386447,"geometry":{"type":"Point","coordinates":[-3.6908969568185248,40.404042109837931]},"properties":{"ESA_ESPECIE":"UPU","NOMBRE_COMUN":"Olmo de Siberia","NOMBRE_ESPECIE":"Ulmus pumila","ALTURA":"10","MINTDISTRITO":"02","NOMBRE_DISTRITO":"ARGANZUELA","MINTBARRIO":"026","NOMBRE_BARRIO":"PALOS DE LA FRONTERA","OBJECTID":51386447}},{"type":"Feature","id":51335495,"geometry":{"type":"Point","coordinates":[-3.6927266321275991,40.404039766081091]},"properties":{"ESA_ESPECIE":"UPU","NOMBRE_COMUN":"Olmo de Siberia","NOMBRE_ESPECIE":"Ulmus pumila","ALTURA":"14","MINTDISTRITO":"02","NOMBRE_DISTRITO":"ARGANZUELA","MINTBARRIO":"026","NOMBRE_BARRIO":"PALOS DE LA FRONTERA","OBJECTID":51335495}},{"type":"Feature","id":51338495,"geometry":{"type":"Point","coordinates":[-3.6934485369973942,40.40890116984248]},"properties":{"ESA_ESPECIE":"LST","NOMBRE_COMUN":"Liquidambar","NOMBRE_ESPECIE":"Liquidambar styraciflua","ALTURA":"4,38","MINTDISTRITO":"01","NOMBRE_DISTRITO":"CENTRO","MINTBARRIO":"012","NOMBRE_BARRIO":"EMBAJADORES","OBJECTID":51338495}},{"type":"Feature","id":51268608,"geometry":{"type":"Point","coordinates":[-3.6923375222118815,40.405134616924535]},"properties":{"ESA_ESPECIE":"UPU","NOMBRE_COMUN":"Olmo de Siberia","NOMBRE_ESPECIE":"Ulmus pumila","ALTURA":"10","MINTDISTRITO":"02","NOMBRE_DISTRITO":"ARGANZUELA","MINTBARRIO":"026","NOMBRE_BARRIO":"PALOS DE LA FRONTERA","OBJECTID":51268608}},{"type":"Feature","id":51331204,"geometry":{"type":"Point","coordinates":[-3.6939811337968611,40.404204244413179]},"properties":{"ESA_ESPECIE":"UPU","NOMBRE_COMUN":"Olmo de Siberia","NOMBRE_ESPECIE":"Ulmus pumila","ALTURA":"9,5","MINTDISTRITO":"02","NOMBRE_DISTRITO":"ARGANZUELA","MINTBARRIO":"026","NOMBRE_BARRIO":"PALOS DE LA FRONTERA","OBJECTID":51331204}},{"type":"Feature","id":51073990,"geometry":{"type":"Point","coordinates":[-3.6926300225111004,40.408193657711905]},"properties":{"ESA_ESPECIE":"LST","NOMBRE_COMUN":"Liquidambar","NOMBRE_ESPECIE":"Liquidambar styraciflua","ALTURA":"7","MINTDISTRITO":"01","NOMBRE_DISTRITO":"CENTRO","MINTBARRIO":"012","NOMBRE_BARRIO":"EMBAJADORES","OBJECTID":51073990}},{"type":"Feature","id":50568206,"geometry":{"type":"Point","coordinates":[-3.696038742439657,40.409587907776753]},"properties":{"ESA_ESPECIE":"PDA","NOMBRE_COMUN":"Plátano de sombra","NOMBRE_ESPECIE":"Platanus x hybrida","ALTURA":null,"MINTDISTRITO":"01","NOMBRE_DISTRITO":"CENTRO","MINTBARRIO":"012","NOMBRE_BARRIO":"EMBAJADORES","OBJECTID":50568206}},{"type":"Feature","id":51021507,"geometry":{"type":"Point","coordinates":[-3.6784784284005885,40.417891084806108]},"properties":{"ESA_ESPECIE":"PDA","NOMBRE_COMUN":"Plátano de sombra/Platanus x hybrida","NOMBRE_ESPECIE":"Platanus x hispanica","ALTURA":"6","MINTDISTRITO":"03","NOMBRE_DISTRITO":"RETIRO","MINTBARRIO":"034","NOMBRE_BARRIO":"IBIZA","OBJECTID":51021507}},{"type":"Feature","id":50564671,"geometry":{"type":"Point","coordinates":[-3.6858381946338765,40.406116248936449]},"properties":{"ESA_ESPECIE":"PPI","NOMBRE_COMUN":"Pino piñonero","NOMBRE_ESPECIE":"Pinus pinea","ALTURA":"11","MINTDISTRITO":"03","NOMBRE_DISTRITO":"RETIRO","MINTBARRIO":"031","NOMBRE_BARRIO":"PACIFICO","OBJECTID":50564671}},{"type":"Feature","id":51143582,"geometry":{"type":"Point","coordinates":[-3.685544765515818,40.406276197263686]},"properties":{"ESA_ESPECIE":"PDA","NOMBRE_COMUN":"Plátano de sombra/Platanus x hybrida","NOMBRE_ESPECIE":"Platanus x hispanica","ALTURA":"10","MINTDISTRITO":"03","NOMBRE_DISTRITO":"RETIRO","MINTBARRIO":"031","NOMBRE_BARRIO":"PACIFICO","OBJECTID":51143582}},{"type":"Feature","id":50590676,"geometry":{"type":"Point","coordinates":[-3.6837600163074327,40.408550914195061]},"properties":{"ESA_ESPECIE":"LJA","NOMBRE_COMUN":"Aligustre del Japón","NOMBRE_ESPECIE":"Ligustrum japonicum","ALTURA":"5","MINTDISTRITO":"03","NOMBRE_DISTRITO":"RETIRO","MINTBARRIO":"035","NOMBRE_BARRIO":"LOS JERONIMOS","OBJECTID":50590676}},{"type":"Feature","id":50590688,"geometry":{"type":"Point","coordinates":[-3.6827498508653962,40.408563370181184]},"properties":{"ESA_ESPECIE":"LJA","NOMBRE_COMUN":"Aligustre del Japón","NOMBRE_ESPECIE":"Ligustrum japonicum","ALTURA":"5","MINTDISTRITO":"03","NOMBRE_DISTRITO":"RETIRO","MINTBARRIO":"035","NOMBRE_BARRIO":"LOS JERONIMOS","OBJECTID":50590688}},{"type":"Feature","id":50591315,"geometry":{"type":"Point","coordinates":[-3.6826703849089228,40.408631407363643]},"properties":{"ESA_ESPECIE":"PPI","NOMBRE_COMUN":"Pino piñonero","NOMBRE_ESPECIE":"Pinus pinea","ALTURA":"8","MINTDISTRITO":"03","NOMBRE_DISTRITO":"RETIRO","MINTBARRIO":"035","NOMBRE_BARRIO":"LOS JERONIMOS","OBJECTID":50591315}},{"type":"Feature","id":50638093,"geometry":{"type":"Point","coordinates":[-3.6892274982262023,40.419501385870475]},"properties":{"ESA_ESPECIE":"PDA","NOMBRE_COMUN":"Plátano de sombra/Platanus x hybrida","NOMBRE_ESPECIE":"Platanus x hispanica","ALTURA":"15","MINTDISTRITO":"03","NOMBRE_DISTRITO":"RETIRO","MINTBARRIO":"035","NOMBRE_BARRIO":"LOS JERONIMOS","OBJECTID":50638093}},{"type":"Feature","id":50699183,"geometry":{"type":"Point","coordinates":[-3.6889473633639009,40.411479866752714]},"properties":{"ESA_ESPECIE":"PDA","NOMBRE_COMUN":"Plátano de sombra/Platanus x hybrida","NOMBRE_ESPECIE":"Platanus x hispanica","ALTURA":"12","MINTDISTRITO":"03","NOMBRE_DISTRITO":"RETIRO","MINTBARRIO":"035","NOMBRE_BARRIO":"LOS JERONIMOS","OBJECTID":50699183}},{"type":"Feature","id":50701236,"geometry":{"type":"Point","coordinates":[-3.688989851928568,40.412493312368049]},"properties":{"ESA_ESPECIE":"PDA","NOMBRE_COMUN":"Plátano de sombra/Platanus x hybrida","NOMBRE_ESPECIE":"Platanus x hispanica","ALTURA":"11","MINTDISTRITO":"03","NOMBRE_DISTRITO":"RETIRO","MINTBARRIO":"035","NOMBRE_BARRIO":"LOS JERONIMOS","OBJECTID":50701236}},{"type":"Feature","id":51093306,"geometry":{"type":"Point","coordinates":[-3.6890014586207855,40.413031534130369]},"properties":{"ESA_ESPECIE":"PDA","NOMBRE_COMUN":"Plátano de sombra/Platanus x hybrida","NOMBRE_ESPECIE":"Platanus x hispanica","ALTURA":"9","MINTDISTRITO":"03","NOMBRE_DISTRITO":"RETIRO","MINTBARRIO":"035","NOMBRE_BARRIO":"LOS JERONIMOS","OBJECTID":51093306}},{"type":"Feature","id":51216328,"geometry":{"type":"Point","coordinates":[-3.6775240380813599,40.420758495318964]},"properties":{"ESA_ESPECIE":"LJA","NOMBRE_COMUN":"Aligustre del Japón","NOMBRE_ESPECIE":"Ligustrum japonicum","ALTURA":"6","MINTDISTRITO":"03","NOMBRE_DISTRITO":"RETIRO","MINTBARRIO":"034","NOMBRE_BARRIO":"IBIZA","OBJECTID":51216328}},{"type":"Feature","id":51066164,"geometry":{"type":"Point","coordinates":[-3.6814175107430414,40.405103550933084]},"properties":{"ESA_ESPECIE":"SJA","NOMBRE_COMUN":"Acacia del Japón/Sophora japonica","NOMBRE_ESPECIE":"Styphnolobium japonicum","ALTURA":"5","MINTDISTRITO":"03","NOMBRE_DISTRITO":"RETIRO","MINTBARRIO":"031","NOMBRE_BARRIO":"PACIFICO","OBJECTID":51066164}},{"type":"Feature","id":51177327,"geometry":{"type":"Point","coordinates":[-3.6926724293581898,40.416679093351902]},"properties":{"ESA_ESPECIE":"GBI","NOMBRE_COMUN":"Gingo","NOMBRE_ESPECIE":"Ginkgo biloba","ALTURA":"22","MINTDISTRITO":"03","NOMBRE_DISTRITO":"RETIRO","MINTBARRIO":"035","NOMBRE_BARRIO":"LOS JERONIMOS","OBJECTID":51177327}},{"type":"Feature","id":51180161,"geometry":{"type":"Point","coordinates":[-3.6917893314008698,40.416610416452286]},"properties":{"ESA_ESPECIE":"PDA","NOMBRE_COMUN":"Plátano de sombra/Platanus x hybrida","NOMBRE_ESPECIE":"Platanus x hispanica","ALTURA":"5,5","MINTDISTRITO":"03","NOMBRE_DISTRITO":"RETIRO","MINTBARRIO":"035","NOMBRE_BARRIO":"LOS JERONIMOS","OBJECTID":51180161}},{"type":"Feature","id":51180376,"geometry":{"type":"Point","coordinates":[-3.6903930215130201,40.41704919703124]},"properties":{"ESA_ESPECIE":"SJA","NOMBRE_COMUN":"Acacia del Japón/Sophora japonica","NOMBRE_ESPECIE":"Styphnolobium japonicum","ALTURA":"8,5","MINTDISTRITO":"03","NOMBRE_DISTRITO":"RETIRO","MINTBARRIO":"035","NOMBRE_BARRIO":"LOS JERONIMOS","OBJECTID":51180376}},{"type":"Feature","id":50709216,"geometry":{"type":"Point","coordinates":[-3.6900904431772688,40.417953079187747]},"properties":{"ESA_ESPECIE":"SJA","NOMBRE_COMUN":"Acacia del Japón/Sophora japonica","NOMBRE_ESPECIE":"Styphnolobium japonicum","ALTURA":"6","MINTDISTRITO":"03","NOMBRE_DISTRITO":"RETIRO","MINTBARRIO":"035","NOMBRE_BARRIO":"LOS JERONIMOS","OBJECTID":50709216}},{"type":"Feature","id":50574489,"geometry":{"type":"Point","coordinates":[-3.690573291097305,40.418603081579413]},"properties":{"ESA_ESPECIE":"RPS","NOMBRE_COMUN":"Falsa acacia","NOMBRE_ESPECIE":"Robinia pseudoacacia","ALTURA":"11","MINTDISTRITO":"03","NOMBRE_DISTRITO":"RETIRO","MINTBARRIO":"035","NOMBRE_BARRIO":"LOS JERONIMOS","OBJECTID":50574489}},{"type":"Feature","id":50568833,"geometry":{"type":"Point","coordinates":[-3.6915471683724874,40.408998426743949]},"properties":{"ESA_ESPECIE":"RPS","NOMBRE_COMUN":"Falsa acacia","NOMBRE_ESPECIE":"Robinia pseudoacacia","ALTURA":"11","MINTDISTRITO":"03","NOMBRE_DISTRITO":"RETIRO","MINTBARRIO":"035","NOMBRE_BARRIO":"LOS JERONIMOS","OBJECTID":50568833}},{"type":"Feature","id":51356674,"geometry":{"type":"Point","coordinates":[-3.6915771457195459,40.420450808681728]},"properties":{"ESA_ESPECIE":"ANP","NOMBRE_COMUN":"Arce real 'Crimson King'","NOMBRE_ESPECIE":"Acer platanoides 'Crimson King'","ALTURA":"4","MINTDISTRITO":"04","NOMBRE_DISTRITO":"SALAMANCA","MINTBARRIO":"041","NOMBRE_BARRIO":"RECOLETOS","OBJECTID":51356674}},{"type":"Feature","id":51187987,"geometry":{"type":"Point","coordinates":[-3.6923489496169051,40.420191963238842]},"properties":{"ESA_ESPECIE":"PDA","NOMBRE_COMUN":"Plátano de sombra/Platanus x hybrida","NOMBRE_ESPECIE":"Platanus x hispanica","ALTURA":"23","MINTDISTRITO":"04","NOMBRE_DISTRITO":"SALAMANCA","MINTBARRIO":"041","NOMBRE_BARRIO":"RECOLETOS","OBJECTID":51187987}},{"type":"Feature","id":51413245,"geometry":{"type":"Point","coordinates":[-3.692253956829179,40.420470560058199]},"properties":{"ESA_ESPECIE":"CDE","NOMBRE_COMUN":"Cedro llorón","NOMBRE_ESPECIE":"Cedrus deodara","ALTURA":"11","MINTDISTRITO":"04","NOMBRE_DISTRITO":"SALAMANCA","MINTBARRIO":"041","NOMBRE_BARRIO":"RECOLETOS","OBJECTID":51413245}},{"type":"Feature","id":51228660,"geometry":{"type":"Point","coordinates":[-3.6933283911830785,40.413327849604755]},"properties":{"ESA_ESPECIE":"PDA","NOMBRE_COMUN":"Plátano de sombra/Platanus x hybrida","NOMBRE_ESPECIE":"Platanus x hispanica","ALTURA":"20","MINTDISTRITO":"01","NOMBRE_DISTRITO":"CENTRO","MINTBARRIO":"013","NOMBRE_BARRIO":"CORTES","OBJECTID":51228660}},{"type":"Feature","id":50590344,"geometry":{"type":"Point","coordinates":[-3.6810364674139135,40.406403642048282]},"properties":{"ESA_ESPECIE":"UPU","NOMBRE_COMUN":"Olmo de Siberia","NOMBRE_ESPECIE":"Ulmus pumila","ALTURA":"12","MINTDISTRITO":"03","NOMBRE_DISTRITO":"RETIRO","MINTBARRIO":"031","NOMBRE_BARRIO":"PACIFICO","OBJECTID":50590344}},{"type":"Feature","id":51186519,"geometry":{"type":"Point","coordinates":[-3.6957090315770387,40.408672904426126]},"properties":{"ESA_ESPECIE":"LJV","NOMBRE_COMUN":"Aligustre variegado","NOMBRE_ESPECIE":"Ligustrum japonicum 'Variegatum'","ALTURA":"8","MINTDISTRITO":"01","NOMBRE_DISTRITO":"CENTRO","MINTBARRIO":"012","NOMBRE_BARRIO":"EMBAJADORES","OBJECTID":51186519}},{"type":"Feature","id":51014276,"geometry":{"type":"Point","coordinates":[-3.6897654986202841,40.407424155945421]},"properties":{"ESA_ESPECIE":"PYSP","NOMBRE_COMUN":"Perales","NOMBRE_ESPECIE":"Pyrus sp","ALTURA":"4","MINTDISTRITO":"03","NOMBRE_DISTRITO":"RETIRO","MINTBARRIO":"035","NOMBRE_BARRIO":"LOS JERONIMOS","OBJECTID":51014276}},{"type":"Feature","id":50696218,"geometry":{"type":"Point","coordinates":[-3.6911445205947091,40.408807460296728]},"properties":{"ESA_ESPECIE":"PDA","NOMBRE_COMUN":"Plátano de sombra/Platanus x hybrida","NOMBRE_ESPECIE":"Platanus x hispanica","ALTURA":"13,5","MINTDISTRITO":"03","NOMBRE_DISTRITO":"RETIRO","MINTBARRIO":"035","NOMBRE_BARRIO":"LOS JERONIMOS","OBJECTID":50696218}},{"type":"Feature","id":50663079,"geometry":{"type":"Point","coordinates":[-3.6911389922535269,40.420939529572422]},"properties":{"ESA_ESPECIE":"TIE","NOMBRE_COMUN":"Tilo","NOMBRE_ESPECIE":"Tilia x europaea","ALTURA":"7","MINTDISTRITO":"04","NOMBRE_DISTRITO":"SALAMANCA","MINTBARRIO":"041","NOMBRE_BARRIO":"RECOLETOS","OBJECTID":50663079}},{"type":"Feature","id":50711526,"geometry":{"type":"Point","coordinates":[-3.6902055207399207,40.419940318738988]},"properties":{"ESA_ESPECIE":"SJA","NOMBRE_COMUN":"Acacia del Japón/Sophora japonica","NOMBRE_ESPECIE":"Styphnolobium japonicum","ALTURA":"5","MINTDISTRITO":"04","NOMBRE_DISTRITO":"SALAMANCA","MINTBARRIO":"041","NOMBRE_BARRIO":"RECOLETOS","OBJECTID":50711526}},{"type":"Feature","id":51034588,"geometry":{"type":"Point","coordinates":[-3.6799873285789197,40.40402987345805]},"properties":{"ESA_ESPECIE":"PDA","NOMBRE_COMUN":"Plátano de sombra/Platanus x hybrida","NOMBRE_ESPECIE":"Platanus x hispanica","ALTURA":"4,5","MINTDISTRITO":"03","NOMBRE_DISTRITO":"RETIRO","MINTBARRIO":"031","NOMBRE_BARRIO":"PACIFICO","OBJECTID":51034588}},{"type":"Feature","id":51172109,"geometry":{"type":"Point","coordinates":[-3.6789187892638093,40.421010503556644]},"properties":{"ESA_ESPECIE":"LJA","NOMBRE_COMUN":"Aligustre del Japón","NOMBRE_ESPECIE":"Ligustrum japonicum","ALTURA":"6,5","MINTDISTRITO":"03","NOMBRE_DISTRITO":"RETIRO","MINTBARRIO":"034","NOMBRE_BARRIO":"IBIZA","OBJECTID":51172109}},{"type":"Feature","id":50696719,"geometry":{"type":"Point","coordinates":[-3.6790342813023256,40.421076933661226]},"properties":{"ESA_ESPECIE":"LJA","NOMBRE_COMUN":"Aligustre del Japón","NOMBRE_ESPECIE":"Ligustrum japonicum","ALTURA":"8","MINTDISTRITO":"03","NOMBRE_DISTRITO":"RETIRO","MINTBARRIO":"034","NOMBRE_BARRIO":"IBIZA","OBJECTID":50696719}},{"type":"Feature","id":51288562,"geometry":{"type":"Point","coordinates":[-3.6793600976736593,40.420329719405721]},"properties":{"ESA_ESPECIE":"PDA","NOMBRE_COMUN":"Plátano de sombra/Platanus x hybrida","NOMBRE_ESPECIE":"Platanus x hispanica","ALTURA":"4,5","MINTDISTRITO":"03","NOMBRE_DISTRITO":"RETIRO","MINTBARRIO":"034","NOMBRE_BARRIO":"IBIZA","OBJECTID":51288562}},{"type":"Feature","id":50692637,"geometry":{"type":"Point","coordinates":[-3.6788124795198152,40.418826064942721]},"properties":{"ESA_ESPECIE":"PDA","NOMBRE_COMUN":"Plátano de sombra/Platanus x hybrida","NOMBRE_ESPECIE":"Platanus x hispanica","ALTURA":"11","MINTDISTRITO":"03","NOMBRE_DISTRITO":"RETIRO","MINTBARRIO":"034","NOMBRE_BARRIO":"IBIZA","OBJECTID":50692637}},{"type":"Feature","id":50701296,"geometry":{"type":"Point","coordinates":[-3.678505834386435,40.417955699032397]},"properties":{"ESA_ESPECIE":"PDA","NOMBRE_COMUN":"Plátano de sombra/Platanus x hybrida","NOMBRE_ESPECIE":"Platanus x hispanica","ALTURA":"10","MINTDISTRITO":"03","NOMBRE_DISTRITO":"RETIRO","MINTBARRIO":"034","NOMBRE_BARRIO":"IBIZA","OBJECTID":50701296}},{"type":"Feature","id":51370557,"geometry":{"type":"Point","coordinates":[-3.6881415917178799,40.419494430831797]},"properties":{"ESA_ESPECIE":"PDA","NOMBRE_COMUN":"Plátano de sombra/Platanus x hybrida","NOMBRE_ESPECIE":"Platanus x hispanica","ALTURA":"4,5","MINTDISTRITO":"03","NOMBRE_DISTRITO":"RETIRO","MINTBARRIO":"035","NOMBRE_BARRIO":"LOS JERONIMOS","OBJECTID":51370557}},{"type":"Feature","id":51171863,"geometry":{"type":"Point","coordinates":[-3.6893099683341997,40.417919680864536]},"properties":{"ESA_ESPECIE":"SJA","NOMBRE_COMUN":"Acacia del Japón/Sophora japonica","NOMBRE_ESPECIE":"Styphnolobium japonicum","ALTURA":"10","MINTDISTRITO":"03","NOMBRE_DISTRITO":"RETIRO","MINTBARRIO":"035","NOMBRE_BARRIO":"LOS JERONIMOS","OBJECTID":51171863}},{"type":"Feature","id":51176191,"geometry":{"type":"Point","coordinates":[-3.6931642560667157,40.414327297787779]},"properties":{"ESA_ESPECIE":"SJA","NOMBRE_COMUN":"Acacia del Japón/Sophora japonica","NOMBRE_ESPECIE":"Styphnolobium japonicum","ALTURA":"9","MINTDISTRITO":"03","NOMBRE_DISTRITO":"RETIRO","MINTBARRIO":"035","NOMBRE_BARRIO":"LOS JERONIMOS","OBJECTID":51176191}},{"type":"Feature","id":51412853,"geometry":{"type":"Point","coordinates":[-3.6922644623948502,40.410555147976105]},"properties":{"ESA_ESPECIE":"SJA","NOMBRE_COMUN":"Acacia del Japón/Sophora japonica","NOMBRE_ESPECIE":"Styphnolobium japonicum","ALTURA":"11","MINTDISTRITO":"03","NOMBRE_DISTRITO":"RETIRO","MINTBARRIO":"035","NOMBRE_BARRIO":"LOS JERONIMOS","OBJECTID":51412853}},{"type":"Feature","id":51073798,"geometry":{"type":"Point","coordinates":[-3.6926617104513206,40.411140726774299]},"properties":{"ESA_ESPECIE":"SJA","NOMBRE_COMUN":"Acacia del Japón/Sophora japonica","NOMBRE_ESPECIE":"Styphnolobium japonicum","ALTURA":"7","MINTDISTRITO":"01","NOMBRE_DISTRITO":"CENTRO","MINTBARRIO":"013","NOMBRE_BARRIO":"CORTES","OBJECTID":51073798}},{"type":"Feature","id":51412844,"geometry":{"type":"Point","coordinates":[-3.692563639173029,40.412663979427947]},"properties":{"ESA_ESPECIE":"PDA","NOMBRE_COMUN":"Plátano de sombra/Platanus x hybrida","NOMBRE_ESPECIE":"Platanus x hispanica","ALTURA":"18","MINTDISTRITO":"03","NOMBRE_DISTRITO":"RETIRO","MINTBARRIO":"035","NOMBRE_BARRIO":"LOS JERONIMOS","OBJECTID":51412844}},{"type":"Feature","id":51185686,"geometry":{"type":"Point","coordinates":[-3.6921741487649151,40.420131856521216]},"properties":{"ESA_ESPECIE":"LJA","NOMBRE_COMUN":"Aligustre del Japón","NOMBRE_ESPECIE":"Ligustrum japonicum","ALTURA":"8","MINTDISTRITO":"04","NOMBRE_DISTRITO":"SALAMANCA","MINTBARRIO":"041","NOMBRE_BARRIO":"RECOLETOS","OBJECTID":51185686}},{"type":"Feature","id":51228459,"geometry":{"type":"Point","coordinates":[-3.6929414241760159,40.420528207697494]},"properties":{"ESA_ESPECIE":"AHI","NOMBRE_COMUN":"Castaño de indias","NOMBRE_ESPECIE":"Aesculus hippocastanum","ALTURA":"16","MINTDISTRITO":"01","NOMBRE_DISTRITO":"CENTRO","MINTBARRIO":"014","NOMBRE_BARRIO":"JUSTICIA","OBJECTID":51228459}},{"type":"Feature","id":51227392,"geometry":{"type":"Point","coordinates":[-3.6942623861562573,40.416142779864003]},"properties":{"ESA_ESPECIE":"PDA","NOMBRE_COMUN":"Plátano de sombra/Platanus x hybrida","NOMBRE_ESPECIE":"Platanus x hispanica","ALTURA":"8","MINTDISTRITO":"01","NOMBRE_DISTRITO":"CENTRO","MINTBARRIO":"013","NOMBRE_BARRIO":"CORTES","OBJECTID":51227392}},{"type":"Feature","id":51228720,"geometry":{"type":"Point","coordinates":[-3.6935732571270536,40.414196087647262]},"properties":{"ESA_ESPECIE":"PDA","NOMBRE_COMUN":"Plátano de sombra/Platanus x hybrida","NOMBRE_ESPECIE":"Platanus x hispanica","ALTURA":"20","MINTDISTRITO":"01","NOMBRE_DISTRITO":"CENTRO","MINTBARRIO":"013","NOMBRE_BARRIO":"CORTES","OBJECTID":51228720}},{"type":"Feature","id":50890089,"geometry":{"type":"Point","coordinates":[-3.6811740081068405,40.406724725730854]},"properties":{"ESA_ESPECIE":"TIC","NOMBRE_COMUN":"Tilo de hoja pequeña","NOMBRE_ESPECIE":"Tilia cordata","ALTURA":"3","MINTDISTRITO":"03","NOMBRE_DISTRITO":"RETIRO","MINTBARRIO":"031","NOMBRE_BARRIO":"PACIFICO","OBJECTID":50890089}},{"type":"Feature","id":50698047,"geometry":{"type":"Point","coordinates":[-3.6915946282271777,40.417189944027228]},"properties":{"ESA_ESPECIE":"SJA","NOMBRE_COMUN":"Acacia del Japón/Sophora japonica","NOMBRE_ESPECIE":"Styphnolobium japonicum","ALTURA":"7","MINTDISTRITO":"03","NOMBRE_DISTRITO":"RETIRO","MINTBARRIO":"035","NOMBRE_BARRIO":"LOS JERONIMOS","OBJECTID":50698047}},{"type":"Feature","id":51338541,"geometry":{"type":"Point","coordinates":[-3.6918341437254663,40.406079896922876]},"properties":{"ESA_ESPECIE":"SJA","NOMBRE_COMUN":"Acacia del Japón/Sophora japonica","NOMBRE_ESPECIE":"Styphnolobium japonicum","ALTURA":"5","MINTDISTRITO":"02","NOMBRE_DISTRITO":"ARGANZUELA","MINTBARRIO":"026","NOMBRE_BARRIO":"PALOS DE LA FRONTERA","OBJECTID":51338541}},{"type":"Feature","id":51309229,"geometry":{"type":"Point","coordinates":[-3.6917485515902508,40.405193818101438]},"properties":{"ESA_ESPECIE":"UPU","NOMBRE_COMUN":"Olmo de Siberia","NOMBRE_ESPECIE":"Ulmus pumila","ALTURA":"10,5","MINTDISTRITO":"02","NOMBRE_DISTRITO":"ARGANZUELA","MINTBARRIO":"026","NOMBRE_BARRIO":"PALOS DE LA FRONTERA","OBJECTID":51309229}},{"type":"Feature","id":51385854,"geometry":{"type":"Point","coordinates":[-3.6933607958503938,40.404980682498888]},"properties":{"ESA_ESPECIE":"APS","NOMBRE_COMUN":"Falso plátano","NOMBRE_ESPECIE":"Acer pseudoplatanus","ALTURA":"4,5","MINTDISTRITO":"02","NOMBRE_DISTRITO":"ARGANZUELA","MINTBARRIO":"026","NOMBRE_BARRIO":"PALOS DE LA FRONTERA","OBJECTID":51385854}},{"type":"Feature","id":51336328,"geometry":{"type":"Point","coordinates":[-3.6927345502628084,40.407076628784921]},"properties":{"ESA_ESPECIE":"SJA","NOMBRE_COMUN":"Acacia del Japón/Sophora japonica","NOMBRE_ESPECIE":"Styphnolobium japonicum","ALTURA":"8","MINTDISTRITO":"02","NOMBRE_DISTRITO":"ARGANZUELA","MINTBARRIO":"027","NOMBRE_BARRIO":"ATOCHA","OBJECTID":51336328}},{"type":"Feature","id":51346902,"geometry":{"type":"Point","coordinates":[-3.6907209933684508,40.409534778956278]},"properties":{"ESA_ESPECIE":"MEA","NOMBRE_COMUN":"Cinamomo","NOMBRE_ESPECIE":"Melia azedarach","ALTURA":"5","MINTDISTRITO":"03","NOMBRE_DISTRITO":"RETIRO","MINTBARRIO":"035","NOMBRE_BARRIO":"LOS JERONIMOS","OBJECTID":51346902}},{"type":"Feature","id":50705266,"geometry":{"type":"Point","coordinates":[-3.684805198268831,40.407814273806913]},"properties":{"ESA_ESPECIE":"LJA","NOMBRE_COMUN":"Aligustre del Japón","NOMBRE_ESPECIE":"Ligustrum japonicum","ALTURA":"4","MINTDISTRITO":"03","NOMBRE_DISTRITO":"RETIRO","MINTBARRIO":"035","NOMBRE_BARRIO":"LOS JERONIMOS","OBJECTID":50705266}},{"type":"Feature","id":51216374,"geometry":{"type":"Point","coordinates":[-3.6870574238583917,40.406012027885637]},"properties":{"ESA_ESPECIE":"PDA","NOMBRE_COMUN":"Plátano de sombra/Platanus x hybrida","NOMBRE_ESPECIE":"Platanus x hispanica","ALTURA":"16","MINTDISTRITO":"03","NOMBRE_DISTRITO":"RETIRO","MINTBARRIO":"031","NOMBRE_BARRIO":"PACIFICO","OBJECTID":51216374}},{"type":"Feature","id":50644084,"geometry":{"type":"Point","coordinates":[-3.6804384743056731,40.407350141579258]},"properties":{"ESA_ESPECIE":"PDA","NOMBRE_COMUN":"Plátano de sombra/Platanus x hybrida","NOMBRE_ESPECIE":"Platanus x hispanica","ALTURA":"16","MINTDISTRITO":"03","NOMBRE_DISTRITO":"RETIRO","MINTBARRIO":"035","NOMBRE_BARRIO":"LOS JERONIMOS","OBJECTID":50644084}},{"type":"Feature","id":50709262,"geometry":{"type":"Point","coordinates":[-3.6823135962896028,40.40702981013866]},"properties":{"ESA_ESPECIE":"PDA","NOMBRE_COMUN":"Plátano de sombra/Platanus x hybrida","NOMBRE_ESPECIE":"Platanus x hispanica","ALTURA":"17","MINTDISTRITO":"03","NOMBRE_DISTRITO":"RETIRO","MINTBARRIO":"035","NOMBRE_BARRIO":"LOS JERONIMOS","OBJECTID":50709262}},{"type":"Feature","id":50564705,"geometry":{"type":"Point","coordinates":[-3.688382110711641,40.407997719089252]},"properties":{"ESA_ESPECIE":"PHA","NOMBRE_COMUN":"Pino carrasco","NOMBRE_ESPECIE":"Pinus halepensis","ALTURA":"3","MINTDISTRITO":"03","NOMBRE_DISTRITO":"RETIRO","MINTBARRIO":"035","NOMBRE_BARRIO":"LOS JERONIMOS","OBJECTID":50564705}},{"type":"Feature","id":50564717,"geometry":{"type":"Point","coordinates":[-3.6874457622593244,40.407754910237379]},"properties":{"ESA_ESPECIE":"PPI","NOMBRE_COMUN":"Pino piñonero","NOMBRE_ESPECIE":"Pinus pinea","ALTURA":"4","MINTDISTRITO":"03","NOMBRE_DISTRITO":"RETIRO","MINTBARRIO":"035","NOMBRE_BARRIO":"LOS JERONIMOS","OBJECTID":50564717}},{"type":"Feature","id":50692577,"geometry":{"type":"Point","coordinates":[-3.687528605211801,40.40675459193988]},"properties":{"ESA_ESPECIE":"PDA","NOMBRE_COMUN":"Plátano de sombra/Platanus x hybrida","NOMBRE_ESPECIE":"Platanus x hispanica","ALTURA":"10","MINTDISTRITO":"03","NOMBRE_DISTRITO":"RETIRO","MINTBARRIO":"035","NOMBRE_BARRIO":"LOS JERONIMOS","OBJECTID":50692577}},{"type":"Feature","id":50703311,"geometry":{"type":"Point","coordinates":[-3.6904182586645673,40.413272813318741]},"properties":{"ESA_ESPECIE":"SJA","NOMBRE_COMUN":"Acacia del Japón/Sophora japonica","NOMBRE_ESPECIE":"Styphnolobium japonicum","ALTURA":"9,5","MINTDISTRITO":"03","NOMBRE_DISTRITO":"RETIRO","MINTBARRIO":"035","NOMBRE_BARRIO":"LOS JERONIMOS","OBJECTID":50703311}},{"type":"Feature","id":50687622,"geometry":{"type":"Point","coordinates":[-3.6910554643414941,40.412838463883894]},"properties":{"ESA_ESPECIE":"SJA","NOMBRE_COMUN":"Acacia del Japón/Sophora japonica","NOMBRE_ESPECIE":"Styphnolobium japonicum","ALTURA":"8","MINTDISTRITO":"03","NOMBRE_DISTRITO":"RETIRO","MINTBARRIO":"035","NOMBRE_BARRIO":"LOS JERONIMOS","OBJECTID":50687622}},{"type":"Feature","id":50710344,"geometry":{"type":"Point","coordinates":[-3.6775982653135881,40.419970219327787]},"properties":{"ESA_ESPECIE":"LJA","NOMBRE_COMUN":"Aligustre del Japón","NOMBRE_ESPECIE":"Ligustrum japonicum","ALTURA":"8","MINTDISTRITO":"03","NOMBRE_DISTRITO":"RETIRO","MINTBARRIO":"034","NOMBRE_BARRIO":"IBIZA","OBJECTID":50710344}},{"type":"Feature","id":51185832,"geometry":{"type":"Point","coordinates":[-3.6881286380560483,40.420305456889331]},"properties":{"ESA_ESPECIE":"PDA","NOMBRE_COMUN":"Plátano de sombra/Platanus x hybrida","NOMBRE_ESPECIE":"Platanus x hispanica","ALTURA":"12","MINTDISTRITO":"04","NOMBRE_DISTRITO":"SALAMANCA","MINTBARRIO":"041","NOMBRE_BARRIO":"RECOLETOS","OBJECTID":51185832}},{"type":"Feature","id":50696659,"geometry":{"type":"Point","coordinates":[-3.6861822734894663,40.406268352555628]},"properties":{"ESA_ESPECIE":"PDA","NOMBRE_COMUN":"Plátano de sombra/Platanus x hybrida","NOMBRE_ESPECIE":"Platanus x hispanica","ALTURA":"10","MINTDISTRITO":"03","NOMBRE_DISTRITO":"RETIRO","MINTBARRIO":"031","NOMBRE_BARRIO":"PACIFICO","OBJECTID":50696659}},{"type":"Feature","id":50679052,"geometry":{"type":"Point","coordinates":[-3.6903023767789436,40.420542093987905]},"properties":{"ESA_ESPECIE":"ASA","NOMBRE_COMUN":"Arce del azúcar","NOMBRE_ESPECIE":"Acer saccharinum","ALTURA":"8","MINTDISTRITO":"04","NOMBRE_DISTRITO":"SALAMANCA","MINTBARRIO":"041","NOMBRE_BARRIO":"RECOLETOS","OBJECTID":50679052}},{"type":"Feature","id":51002274,"geometry":{"type":"Point","coordinates":[-3.6943847874200593,40.410177719743949]},"properties":{"ESA_ESPECIE":"PDA","NOMBRE_COMUN":"Plátano de sombra/Platanus x hybrida","NOMBRE_ESPECIE":"Platanus x hispanica","ALTURA":"16","MINTDISTRITO":"01","NOMBRE_DISTRITO":"CENTRO","MINTBARRIO":"013","NOMBRE_BARRIO":"CORTES","OBJECTID":51002274}},{"type":"Feature","id":50643998,"geometry":{"type":"Point","coordinates":[-3.6815031855013234,40.406324405110773]},"properties":{"ESA_ESPECIE":"SJA","NOMBRE_COMUN":"Acacia del Japón/Sophora japonica","NOMBRE_ESPECIE":"Styphnolobium japonicum","ALTURA":"5","MINTDISTRITO":"03","NOMBRE_DISTRITO":"RETIRO","MINTBARRIO":"031","NOMBRE_BARRIO":"PACIFICO","OBJECTID":50643998}},{"type":"Feature","id":50692282,"geometry":{"type":"Point","coordinates":[-3.6797275557229354,40.404948181740501]},"properties":{"ESA_ESPECIE":"SJA","NOMBRE_COMUN":"Acacia del Japón/Sophora japonica","NOMBRE_ESPECIE":"Styphnolobium japonicum","ALTURA":"4","MINTDISTRITO":"03","NOMBRE_DISTRITO":"RETIRO","MINTBARRIO":"031","NOMBRE_BARRIO":"PACIFICO","OBJECTID":50692282}},{"type":"Feature","id":51172836,"geometry":{"type":"Point","coordinates":[-3.6923034738359757,40.410470058097758]},"properties":{"ESA_ESPECIE":"PDA","NOMBRE_COMUN":"Plátano de sombra/Platanus x hybrida","NOMBRE_ESPECIE":"Platanus x hispanica","ALTURA":"7","MINTDISTRITO":"03","NOMBRE_DISTRITO":"RETIRO","MINTBARRIO":"035","NOMBRE_BARRIO":"LOS JERONIMOS","OBJECTID":51172836}},{"type":"Feature","id":51002088,"geometry":{"type":"Point","coordinates":[-3.6938030839921749,40.409066994232454]},"properties":{"ESA_ESPECIE":"LST","NOMBRE_COMUN":"Liquidambar","NOMBRE_ESPECIE":"Liquidambar styraciflua","ALTURA":"4","MINTDISTRITO":"01","NOMBRE_DISTRITO":"CENTRO","MINTBARRIO":"012","NOMBRE_BARRIO":"EMBAJADORES","OBJECTID":51002088}},{"type":"Feature","id":51016738,"geometry":{"type":"Point","coordinates":[-3.693650560955418,40.408987958487572]},"properties":{"ESA_ESPECIE":"LST","NOMBRE_COMUN":"Liquidambar","NOMBRE_ESPECIE":"Liquidambar styraciflua","ALTURA":"14","MINTDISTRITO":"01","NOMBRE_DISTRITO":"CENTRO","MINTBARRIO":"012","NOMBRE_BARRIO":"EMBAJADORES","OBJECTID":51016738}},{"type":"Feature","id":51350291,"geometry":{"type":"Point","coordinates":[-3.6944379469650381,40.406119224962318]},"properties":{"ESA_ESPECIE":"PDA","NOMBRE_COMUN":"Plátano de sombra/Platanus x hybrida","NOMBRE_ESPECIE":"Platanus x hispanica","ALTURA":"15","MINTDISTRITO":"02","NOMBRE_DISTRITO":"ARGANZUELA","MINTBARRIO":"026","NOMBRE_BARRIO":"PALOS DE LA FRONTERA","OBJECTID":51350291}},{"type":"Feature","id":50568398,"geometry":{"type":"Point","coordinates":[-3.6949562739659814,40.405318907801146]},"properties":{"ESA_ESPECIE":"UAM","NOMBRE_COMUN":"Olmo americana","NOMBRE_ESPECIE":"Ulmus americana","ALTURA":"6","MINTDISTRITO":"02","NOMBRE_DISTRITO":"ARGANZUELA","MINTBARRIO":"026","NOMBRE_BARRIO":"PALOS DE LA FRONTERA","OBJECTID":50568398}},{"type":"Feature","id":51346799,"geometry":{"type":"Point","coordinates":[-3.6895999415233107,40.4096633542311]},"properties":{"ESA_ESPECIE":"MEA","NOMBRE_COMUN":"Cinamomo","NOMBRE_ESPECIE":"Melia azedarach","ALTURA":"5,5","MINTDISTRITO":"03","NOMBRE_DISTRITO":"RETIRO","MINTBARRIO":"035","NOMBRE_BARRIO":"LOS JERONIMOS","OBJECTID":51346799}},{"type":"Feature","id":51346793,"geometry":{"type":"Point","coordinates":[-3.6916024139422721,40.409613384311726]},"properties":{"ESA_ESPECIE":"PDA","NOMBRE_COMUN":"Plátano de sombra/Platanus x hybrida","NOMBRE_ESPECIE":"Platanus x hispanica","ALTURA":"20","MINTDISTRITO":"03","NOMBRE_DISTRITO":"RETIRO","MINTBARRIO":"035","NOMBRE_BARRIO":"LOS JERONIMOS","OBJECTID":51346793}},{"type":"Feature","id":51354619,"geometry":{"type":"Point","coordinates":[-3.6834873378107584,40.408494165728591]},"properties":{"ESA_ESPECIE":"RTY","NOMBRE_COMUN":"Zumaque de Virginia","NOMBRE_ESPECIE":"Rhus typhina","ALTURA":"3","MINTDISTRITO":"03","NOMBRE_DISTRITO":"RETIRO","MINTBARRIO":"035","NOMBRE_BARRIO":"LOS JERONIMOS","OBJECTID":51354619}},{"type":"Feature","id":51179234,"geometry":{"type":"Point","coordinates":[-3.6879690278568877,40.407941835052817]},"properties":{"ESA_ESPECIE":"PHA","NOMBRE_COMUN":"Pino carrasco","NOMBRE_ESPECIE":"Pinus halepensis","ALTURA":"2","MINTDISTRITO":"03","NOMBRE_DISTRITO":"RETIRO","MINTBARRIO":"035","NOMBRE_BARRIO":"LOS JERONIMOS","OBJECTID":51179234}},{"type":"Feature","id":51085002,"geometry":{"type":"Point","coordinates":[-3.6879716288411912,40.406940318222361]},"properties":{"ESA_ESPECIE":"PDA","NOMBRE_COMUN":"Plátano de sombra/Platanus x hybrida","NOMBRE_ESPECIE":"Platanus x hispanica","ALTURA":"14,5","MINTDISTRITO":"03","NOMBRE_DISTRITO":"RETIRO","MINTBARRIO":"035","NOMBRE_BARRIO":"LOS JERONIMOS","OBJECTID":51085002}},{"type":"Feature","id":50985363,"geometry":{"type":"Point","coordinates":[-3.6958927409528211,40.419060845435936]},"properties":{"ESA_ESPECIE":"SJA","NOMBRE_COMUN":"Acacia del Japón/Sophora japonica","NOMBRE_ESPECIE":"Styphnolobium japonicum","ALTURA":"12","MINTDISTRITO":"01","NOMBRE_DISTRITO":"CENTRO","MINTBARRIO":"014","NOMBRE_BARRIO":"JUSTICIA","OBJECTID":50985363}},{"type":"Feature","id":51177313,"geometry":{"type":"Point","coordinates":[-3.6916100339224989,40.412639462261112]},"properties":{"ESA_ESPECIE":"MGR","NOMBRE_COMUN":"Magnolio","NOMBRE_ESPECIE":"Magnolia grandiflora","ALTURA":"10","MINTDISTRITO":"03","NOMBRE_DISTRITO":"RETIRO","MINTBARRIO":"035","NOMBRE_BARRIO":"LOS JERONIMOS","OBJECTID":51177313}},{"type":"Feature","id":50696667,"geometry":{"type":"Point","coordinates":[-3.6791247536015237,40.406780438337805]},"properties":{"ESA_ESPECIE":"PDA","NOMBRE_COMUN":"Plátano de sombra/Platanus x hybrida","NOMBRE_ESPECIE":"Platanus x hispanica","ALTURA":"12","MINTDISTRITO":"03","NOMBRE_DISTRITO":"RETIRO","MINTBARRIO":"031","NOMBRE_BARRIO":"PACIFICO","OBJECTID":50696667}},{"type":"Feature","id":50633911,"geometry":{"type":"Point","coordinates":[-3.6852420718931524,40.406186306326383]},"properties":{"ESA_ESPECIE":"CDE","NOMBRE_COMUN":"Cedro llorón","NOMBRE_ESPECIE":"Cedrus deodara","ALTURA":"13","MINTDISTRITO":"03","NOMBRE_DISTRITO":"RETIRO","MINTBARRIO":"031","NOMBRE_BARRIO":"PACIFICO","OBJECTID":50633911}},{"type":"Feature","id":51182975,"geometry":{"type":"Point","coordinates":[-3.6866518835605935,40.406306231551532]},"properties":{"ESA_ESPECIE":"PDA","NOMBRE_COMUN":"Plátano de sombra/Platanus x hybrida","NOMBRE_ESPECIE":"Platanus x hispanica","ALTURA":"15","MINTDISTRITO":"03","NOMBRE_DISTRITO":"RETIRO","MINTBARRIO":"031","NOMBRE_BARRIO":"PACIFICO","OBJECTID":51182975}},{"type":"Feature","id":51177319,"geometry":{"type":"Point","coordinates":[-3.6824664903509423,40.407974084645787]},"properties":{"ESA_ESPECIE":"CAU","NOMBRE_COMUN":"Almez","NOMBRE_ESPECIE":"Celtis australis","ALTURA":"7","MINTDISTRITO":"03","NOMBRE_DISTRITO":"RETIRO","MINTBARRIO":"035","NOMBRE_BARRIO":"LOS JERONIMOS","OBJECTID":51177319}},{"type":"Feature","id":51017817,"geometry":{"type":"Point","coordinates":[-3.6926321294959186,40.418061781748527]},"properties":{"ESA_ESPECIE":"PCY","NOMBRE_COMUN":"Peral de flor","NOMBRE_ESPECIE":"Pyrus calleryana","ALTURA":"4","MINTDISTRITO":"03","NOMBRE_DISTRITO":"RETIRO","MINTBARRIO":"035","NOMBRE_BARRIO":"LOS JERONIMOS","OBJECTID":51017817}},{"type":"Feature","id":50697005,"geometry":{"type":"Point","coordinates":[-3.691143678286847,40.41799840963882]},"properties":{"ESA_ESPECIE":"LJA","NOMBRE_COMUN":"Aligustre del Japón","NOMBRE_ESPECIE":"LJA","ALTURA":"5,5","MINTDISTRITO":"03","NOMBRE_DISTRITO":"RETIRO","MINTBARRIO":"035","NOMBRE_BARRIO":"LOS JERONIMOS","OBJECTID":50697005}},{"type":"Feature","id":51215530,"geometry":{"type":"Point","coordinates":[-3.691042703241183,40.416659151928457]},"properties":{"ESA_ESPECIE":"PDA","NOMBRE_COMUN":"Plátano de sombra/Platanus x hybrida","NOMBRE_ESPECIE":"Platanus x hispanica","ALTURA":"15,5","MINTDISTRITO":"03","NOMBRE_DISTRITO":"RETIRO","MINTBARRIO":"035","NOMBRE_BARRIO":"LOS JERONIMOS","OBJECTID":51215530}},{"type":"Feature","id":51172149,"geometry":{"type":"Point","coordinates":[-3.6904074346150693,40.417746582267213]},"properties":{"ESA_ESPECIE":"SJA","NOMBRE_COMUN":"Acacia del Japón/Sophora japonica","NOMBRE_ESPECIE":"Styphnolobium japonicum","ALTURA":"4,5","MINTDISTRITO":"03","NOMBRE_DISTRITO":"RETIRO","MINTBARRIO":"035","NOMBRE_BARRIO":"LOS JERONIMOS","OBJECTID":51172149}},{"type":"Feature","id":50703497,"geometry":{"type":"Point","coordinates":[-3.6920933655462234,40.416300019008339]},"properties":{"ESA_ESPECIE":"PDA","NOMBRE_COMUN":"Plátano de sombra/Platanus x hybrida","NOMBRE_ESPECIE":"Platanus x hispanica","ALTURA":"12","MINTDISTRITO":"03","NOMBRE_DISTRITO":"RETIRO","MINTBARRIO":"035","NOMBRE_BARRIO":"LOS JERONIMOS","OBJECTID":50703497}},{"type":"Feature","id":51228514,"geometry":{"type":"Point","coordinates":[-3.6924645068507975,40.410192065296435]},"properties":{"ESA_ESPECIE":"PDA","NOMBRE_COMUN":"Plátano de sombra/Platanus x hybrida","NOMBRE_ESPECIE":"Platanus x hispanica","ALTURA":"18","MINTDISTRITO":"01","NOMBRE_DISTRITO":"CENTRO","MINTBARRIO":"013","NOMBRE_BARRIO":"CORTES","OBJECTID":51228514}},{"type":"Feature","id":50995934,"geometry":{"type":"Point","coordinates":[-3.6957313665310907,40.413906435459765]},"properties":{"ESA_ESPECIE":"LJA","NOMBRE_COMUN":"Aligustre del Japón","NOMBRE_ESPECIE":"Ligustrum japonicum","ALTURA":"6","MINTDISTRITO":"01","NOMBRE_DISTRITO":"CENTRO","MINTBARRIO":"013","NOMBRE_BARRIO":"CORTES","OBJECTID":50995934}},{"type":"Feature","id":51227340,"geometry":{"type":"Point","coordinates":[-3.6941433598628195,40.416718271671115]},"properties":{"ESA_ESPECIE":"PDA","NOMBRE_COMUN":"Plátano de sombra/Platanus x hybrida","NOMBRE_ESPECIE":"Platanus x hispanica","ALTURA":"7","MINTDISTRITO":"01","NOMBRE_DISTRITO":"CENTRO","MINTBARRIO":"013","NOMBRE_BARRIO":"CORTES","OBJECTID":51227340}},{"type":"Feature","id":50572969,"geometry":{"type":"Point","coordinates":[-3.6948126019595069,40.415042172657721]},"properties":{"ESA_ESPECIE":"TFO","NOMBRE_COMUN":"Palma de Fortune","NOMBRE_ESPECIE":"Trachycarpus fortunei","ALTURA":"3","MINTDISTRITO":"01","NOMBRE_DISTRITO":"CENTRO","MINTBARRIO":"013","NOMBRE_BARRIO":"CORTES","OBJECTID":50572969}},{"type":"Feature","id":51073844,"geometry":{"type":"Point","coordinates":[-3.6933875170579498,40.414101138223607]},"properties":{"ESA_ESPECIE":"SJA","NOMBRE_COMUN":"Acacia del Japón/Sophora japonica","NOMBRE_ESPECIE":"Styphnolobium japonicum","ALTURA":"7","MINTDISTRITO":"01","NOMBRE_DISTRITO":"CENTRO","MINTBARRIO":"013","NOMBRE_BARRIO":"CORTES","OBJECTID":51073844}},{"type":"Feature","id":51228668,"geometry":{"type":"Point","coordinates":[-3.6933637294873556,40.413494620444546]},"properties":{"ESA_ESPECIE":"PDA","NOMBRE_COMUN":"Plátano de sombra/Platanus x hybrida","NOMBRE_ESPECIE":"Platanus x hispanica","ALTURA":"6","MINTDISTRITO":"01","NOMBRE_DISTRITO":"CENTRO","MINTBARRIO":"013","NOMBRE_BARRIO":"CORTES","OBJECTID":51228668}},{"type":"Feature","id":51004495,"geometry":{"type":"Point","coordinates":[-3.6794715254194874,40.404844730953627]},"properties":{"ESA_ESPECIE":"SJA","NOMBRE_COMUN":"Acacia del Japón/Sophora japonica","NOMBRE_ESPECIE":"Styphnolobium japonicum","ALTURA":"5","MINTDISTRITO":"03","NOMBRE_DISTRITO":"RETIRO","MINTBARRIO":"031","NOMBRE_BARRIO":"PACIFICO","OBJECTID":51004495}},{"type":"Feature","id":50681963,"geometry":{"type":"Point","coordinates":[-3.6898422213306916,40.40398430792515]},"properties":{"ESA_ESPECIE":"AII","NOMBRE_COMUN":"Arce de Freeman","NOMBRE_ESPECIE":"Acer freemanii","ALTURA":"4,5","MINTDISTRITO":"02","NOMBRE_DISTRITO":"ARGANZUELA","MINTBARRIO":"026","NOMBRE_BARRIO":"PALOS DE LA FRONTERA","OBJECTID":50681963}},{"type":"Feature","id":51013595,"geometry":{"type":"Point","coordinates":[-3.6953997907298546,40.408275600425874]},"properties":{"ESA_ESPECIE":"RGE","NOMBRE_COMUN":"Falsa acacia 'Casque Rouge'","NOMBRE_ESPECIE":"Robinia x margaretta 'Casque Rouge'","ALTURA":"6","MINTDISTRITO":"01","NOMBRE_DISTRITO":"CENTRO","MINTBARRIO":"012","NOMBRE_BARRIO":"EMBAJADORES","OBJECTID":51013595}},{"type":"Feature","id":51385900,"geometry":{"type":"Point","coordinates":[-3.6932817622702392,40.405402978784721]},"properties":{"ESA_ESPECIE":"PDA","NOMBRE_COMUN":"Plátano de sombra/Platanus x hybrida","NOMBRE_ESPECIE":"Platanus x hispanica","ALTURA":"11","MINTDISTRITO":"02","NOMBRE_DISTRITO":"ARGANZUELA","MINTBARRIO":"026","NOMBRE_BARRIO":"PALOS DE LA FRONTERA","OBJECTID":51385900}},{"type":"Feature","id":51351276,"geometry":{"type":"Point","coordinates":[-3.6927077149818759,40.407659405495281]},"properties":{"ESA_ESPECIE":"AII","NOMBRE_COMUN":"Arce de Freeman","NOMBRE_ESPECIE":"Acer x freemanii","ALTURA":"9","MINTDISTRITO":"02","NOMBRE_DISTRITO":"ARGANZUELA","MINTBARRIO":"027","NOMBRE_BARRIO":"ATOCHA","OBJECTID":51351276}},{"type":"Feature","id":50984676,"geometry":{"type":"Point","coordinates":[-3.6955684743870774,40.410480155926194]},"properties":{"ESA_ESPECIE":"SJA","NOMBRE_COMUN":"Acacia del Japón/Sophora japonica","NOMBRE_ESPECIE":"Styphnolobium japonicum","ALTURA":"13","MINTDISTRITO":"01","NOMBRE_DISTRITO":"CENTRO","MINTBARRIO":"012","NOMBRE_BARRIO":"EMBAJADORES","OBJECTID":50984676}},{"type":"Feature","id":50699269,"geometry":{"type":"Point","coordinates":[-3.6774420172434477,40.415003545115972]},"properties":{"ESA_ESPECIE":"PDA","NOMBRE_COMUN":"Plátano de sombra/Platanus x hybrida","NOMBRE_ESPECIE":"Platanus x hispanica","ALTURA":"10","MINTDISTRITO":"03","NOMBRE_DISTRITO":"RETIRO","MINTBARRIO":"036","NOMBRE_BARRIO":"NIÑO JESUS","OBJECTID":50699269}},{"type":"Feature","id":51215578,"geometry":{"type":"Point","coordinates":[-3.6807625726968114,40.407295359612242]},"properties":{"ESA_ESPECIE":"PDA","NOMBRE_COMUN":"Plátano de sombra/Platanus x hybrida","NOMBRE_ESPECIE":"Platanus x hispanica","ALTURA":"16","MINTDISTRITO":"03","NOMBRE_DISTRITO":"RETIRO","MINTBARRIO":"035","NOMBRE_BARRIO":"LOS JERONIMOS","OBJECTID":51215578}},{"type":"Feature","id":50706105,"geometry":{"type":"Point","coordinates":[-3.6833236065098376,40.408067004857216]},"properties":{"ESA_ESPECIE":"SJA","NOMBRE_COMUN":"Acacia del Japón/Sophora japonica","NOMBRE_ESPECIE":"Styphnolobium japonicum","ALTURA":"9","MINTDISTRITO":"03","NOMBRE_DISTRITO":"RETIRO","MINTBARRIO":"035","NOMBRE_BARRIO":"LOS JERONIMOS","OBJECTID":50706105}},{"type":"Feature","id":51380730,"geometry":{"type":"Point","coordinates":[-3.6829226132603456,40.408225068631495]},"properties":{"ESA_ESPECIE":"UPU","NOMBRE_COMUN":"Olmo de Siberia","NOMBRE_ESPECIE":"Ulmus pumila","ALTURA":"13","MINTDISTRITO":"03","NOMBRE_DISTRITO":"RETIRO","MINTBARRIO":"035","NOMBRE_BARRIO":"LOS JERONIMOS","OBJECTID":51380730}},{"type":"Feature","id":51215584,"geometry":{"type":"Point","coordinates":[-3.6894373820032209,40.41671591619879]},"properties":{"ESA_ESPECIE":"PDA","NOMBRE_COMUN":"Plátano de sombra/Platanus x hybrida","NOMBRE_ESPECIE":"Platanus x hispanica","ALTURA":"7","MINTDISTRITO":"03","NOMBRE_DISTRITO":"RETIRO","MINTBARRIO":"035","NOMBRE_BARRIO":"LOS JERONIMOS","OBJECTID":51215584}},{"type":"Feature","id":51412993,"geometry":{"type":"Point","coordinates":[-3.6925474831459133,40.419034013226735]},"properties":{"ESA_ESPECIE":"AJU","NOMBRE_COMUN":"Acacia de Constantinopla","NOMBRE_ESPECIE":"Albizia julibrissin","ALTURA":"5","MINTDISTRITO":"03","NOMBRE_DISTRITO":"RETIRO","MINTBARRIO":"035","NOMBRE_BARRIO":"LOS JERONIMOS","OBJECTID":51412993}},{"type":"Feature","id":51228568,"geometry":{"type":"Point","coordinates":[-3.692653556793104,40.411069676162128]},"properties":{"ESA_ESPECIE":"SJA","NOMBRE_COMUN":"Acacia del Japón/Sophora japonica","NOMBRE_ESPECIE":"Styphnolobium japonicum","ALTURA":"16","MINTDISTRITO":"01","NOMBRE_DISTRITO":"CENTRO","MINTBARRIO":"013","NOMBRE_BARRIO":"CORTES","OBJECTID":51228568}},{"type":"Feature","id":50707433,"geometry":{"type":"Point","coordinates":[-3.6904174254609039,40.412862636143238]},"properties":{"ESA_ESPECIE":"UPU","NOMBRE_COMUN":"Olmo de Siberia","NOMBRE_ESPECIE":"Ulmus pumila","ALTURA":"13","MINTDISTRITO":"03","NOMBRE_DISTRITO":"RETIRO","MINTBARRIO":"035","NOMBRE_BARRIO":"LOS JERONIMOS","OBJECTID":50707433}},{"type":"Feature","id":51029917,"geometry":{"type":"Point","coordinates":[-3.6856646792719481,40.420781448999719]},"properties":{"ESA_ESPECIE":"SJA","NOMBRE_COMUN":"Acacia del Japón/Sophora japonica","NOMBRE_ESPECIE":"Styphnolobium japonicum","ALTURA":"4,5","MINTDISTRITO":"04","NOMBRE_DISTRITO":"SALAMANCA","MINTBARRIO":"041","NOMBRE_BARRIO":"RECOLETOS","OBJECTID":51029917}},{"type":"Feature","id":51179921,"geometry":{"type":"Point","coordinates":[-3.6788407962018645,40.40712254040065]},"properties":{"ESA_ESPECIE":"PDA","NOMBRE_COMUN":"Plátano de sombra/Platanus x hybrida","NOMBRE_ESPECIE":"Platanus x hispanica","ALTURA":"22","MINTDISTRITO":"03","NOMBRE_DISTRITO":"RETIRO","MINTBARRIO":"031","NOMBRE_BARRIO":"PACIFICO","OBJECTID":51179921}},{"type":"Feature","id":50699275,"geometry":{"type":"Point","coordinates":[-3.677466022974353,40.41507016154037]},"properties":{"ESA_ESPECIE":"PDA","NOMBRE_COMUN":"Plátano de sombra/Platanus x hybrida","NOMBRE_ESPECIE":"Platanus x hispanica","ALTURA":"10","MINTDISTRITO":"03","NOMBRE_DISTRITO":"RETIRO","MINTBARRIO":"036","NOMBRE_BARRIO":"NIÑO JESUS","OBJECTID":50699275}},{"type":"Feature","id":51228906,"geometry":{"type":"Point","coordinates":[-3.6954115667737186,40.413098373732581]},"properties":{"ESA_ESPECIE":"PCA","NOMBRE_COMUN":"Álamo\u00A0gris","NOMBRE_ESPECIE":"Populus x canescens","ALTURA":"12","MINTDISTRITO":"01","NOMBRE_DISTRITO":"CENTRO","MINTBARRIO":"013","NOMBRE_BARRIO":"CORTES","OBJECTID":51228906}},{"type":"Feature","id":51023081,"geometry":{"type":"Point","coordinates":[-3.6943879231809951,40.409963366467451]},"properties":{"ESA_ESPECIE":"RPS","NOMBRE_COMUN":"Falsa acacia","NOMBRE_ESPECIE":"Robinia pseudoacacia","ALTURA":"14","MINTDISTRITO":"01","NOMBRE_DISTRITO":"CENTRO","MINTBARRIO":"012","NOMBRE_BARRIO":"EMBAJADORES","OBJECTID":51023081}},{"type":"Feature","id":51172796,"geometry":{"type":"Point","coordinates":[-3.6815550871722076,40.404526285853905]},"properties":{"ESA_ESPECIE":"LJA","NOMBRE_COMUN":"Aligustre del Japón","NOMBRE_ESPECIE":"Ligustrum japonicum","ALTURA":"5","MINTDISTRITO":"03","NOMBRE_DISTRITO":"RETIRO","MINTBARRIO":"031","NOMBRE_BARRIO":"PACIFICO","OBJECTID":51172796}},{"type":"Feature","id":51180960,"geometry":{"type":"Point","coordinates":[-3.6909732202498833,40.416662711366051]},"properties":{"ESA_ESPECIE":"PDA","NOMBRE_COMUN":"Plátano de sombra/Platanus x hybrida","NOMBRE_ESPECIE":"Platanus x hispanica","ALTURA":"5","MINTDISTRITO":"03","NOMBRE_DISTRITO":"RETIRO","MINTBARRIO":"035","NOMBRE_BARRIO":"LOS JERONIMOS","OBJECTID":51180960}},{"type":"Feature","id":51216420,"geometry":{"type":"Point","coordinates":[-3.6905407191338764,40.417001395861021]},"properties":{"ESA_ESPECIE":"SJA","NOMBRE_COMUN":"Acacia del Japón/Sophora japonica","NOMBRE_ESPECIE":"Styphnolobium japonicum","ALTURA":"8","MINTDISTRITO":"03","NOMBRE_DISTRITO":"RETIRO","MINTBARRIO":"035","NOMBRE_BARRIO":"LOS JERONIMOS","OBJECTID":51216420}},{"type":"Feature","id":51077379,"geometry":{"type":"Point","coordinates":[-3.6894080988276237,40.404048185859146]},"properties":{"ESA_ESPECIE":"SJA","NOMBRE_COMUN":"Acacia del Japón/Sophora japonica","NOMBRE_ESPECIE":"Styphnolobium japonicum","ALTURA":"6,5","MINTDISTRITO":"02","NOMBRE_DISTRITO":"ARGANZUELA","MINTBARRIO":"027","NOMBRE_BARRIO":"ATOCHA","OBJECTID":51077379}},{"type":"Feature","id":51329435,"geometry":{"type":"Point","coordinates":[-3.6924370866442784,40.40412887035157]},"properties":{"ESA_ESPECIE":"CAU","NOMBRE_COMUN":"Almez","NOMBRE_ESPECIE":"Celtis australis","ALTURA":"5","MINTDISTRITO":"02","NOMBRE_DISTRITO":"ARGANZUELA","MINTBARRIO":"026","NOMBRE_BARRIO":"PALOS DE LA FRONTERA","OBJECTID":51329435}},{"type":"Feature","id":51259354,"geometry":{"type":"Point","coordinates":[-3.6897415198076731,40.407901364799649]},"properties":{"ESA_ESPECIE":"PDA","NOMBRE_COMUN":"Plátano de sombra/Platanus x hybrida","NOMBRE_ESPECIE":"Platanus x hispanica","ALTURA":"6","MINTDISTRITO":"03","NOMBRE_DISTRITO":"RETIRO","MINTBARRIO":"035","NOMBRE_BARRIO":"LOS JERONIMOS","OBJECTID":51259354}},{"type":"Feature","id":51346747,"geometry":{"type":"Point","coordinates":[-3.6905811711118472,40.409676921238265]},"properties":{"ESA_ESPECIE":"UPU","NOMBRE_COMUN":"Olmo de Siberia","NOMBRE_ESPECIE":"Ulmus pumila","ALTURA":"14","MINTDISTRITO":"03","NOMBRE_DISTRITO":"RETIRO","MINTBARRIO":"035","NOMBRE_BARRIO":"LOS JERONIMOS","OBJECTID":51346747}},{"type":"Feature","id":51381964,"geometry":{"type":"Point","coordinates":[-3.6956281206308628,40.416875573754865]},"properties":{"ESA_ESPECIE":"PAR","NOMBRE_COMUN":"Peral de flor 'Chanticleer'","NOMBRE_ESPECIE":"Pyrus calleryana 'Chanticleer'","ALTURA":"5","MINTDISTRITO":"01","NOMBRE_DISTRITO":"CENTRO","MINTBARRIO":"013","NOMBRE_BARRIO":"CORTES","OBJECTID":51381964}},{"type":"Feature","id":51180267,"geometry":{"type":"Point","coordinates":[-3.6805107145845666,40.404233669504436]},"properties":{"ESA_ESPECIE":"PDA","NOMBRE_COMUN":"Plátano de sombra/Platanus x hybrida","NOMBRE_ESPECIE":"Platanus x hispanica","ALTURA":"6,5","MINTDISTRITO":"03","NOMBRE_DISTRITO":"RETIRO","MINTBARRIO":"031","NOMBRE_BARRIO":"PACIFICO","OBJECTID":51180267}},{"type":"Feature","id":50699123,"geometry":{"type":"Point","coordinates":[-3.6826822034077522,40.407541781584875]},"properties":{"ESA_ESPECIE":"SJA","NOMBRE_COMUN":"Acacia del Japón/Sophora japonica","NOMBRE_ESPECIE":"Styphnolobium japonicum","ALTURA":"11","MINTDISTRITO":"03","NOMBRE_DISTRITO":"RETIRO","MINTBARRIO":"035","NOMBRE_BARRIO":"LOS JERONIMOS","OBJECTID":50699123}},{"type":"Feature","id":51179188,"geometry":{"type":"Point","coordinates":[-3.6884091330082884,40.40804728821788]},"properties":{"ESA_ESPECIE":"CAR","NOMBRE_COMUN":"Ciprés de Arizona","NOMBRE_ESPECIE":"Cupressus arizonica","ALTURA":"4","MINTDISTRITO":"03","NOMBRE_DISTRITO":"RETIRO","MINTBARRIO":"035","NOMBRE_BARRIO":"LOS JERONIMOS","OBJECTID":51179188}},{"type":"Feature","id":51407683,"geometry":{"type":"Point","coordinates":[-3.691854797527323,40.419408981610964]},"properties":{"ESA_ESPECIE":"PDA","NOMBRE_COMUN":"Plátano de sombra/Platanus x hybrida","NOMBRE_ESPECIE":"Platanus x hispanica","ALTURA":"19","MINTDISTRITO":"03","NOMBRE_DISTRITO":"RETIRO","MINTBARRIO":"035","NOMBRE_BARRIO":"LOS JERONIMOS","OBJECTID":51407683}},{"type":"Feature","id":50701290,"geometry":{"type":"Point","coordinates":[-3.6891118491909007,40.412671054655419]},"properties":{"ESA_ESPECIE":"SJA","NOMBRE_COMUN":"Acacia del Japón/Sophora japonica","NOMBRE_ESPECIE":"Styphnolobium japonicum","ALTURA":"6","MINTDISTRITO":"03","NOMBRE_DISTRITO":"RETIRO","MINTBARRIO":"035","NOMBRE_BARRIO":"LOS JERONIMOS","OBJECTID":50701290}},{"type":"Feature","id":50708615,"geometry":{"type":"Point","coordinates":[-3.6872497670061777,40.420969110334788]},"properties":{"ESA_ESPECIE":"TIP","NOMBRE_COMUN":"Tilo de hojas grandes","NOMBRE_ESPECIE":"Tilia platyphyllos","ALTURA":"7","MINTDISTRITO":"04","NOMBRE_DISTRITO":"SALAMANCA","MINTBARRIO":"041","NOMBRE_BARRIO":"RECOLETOS","OBJECTID":50708615}},{"type":"Feature","id":51171857,"geometry":{"type":"Point","coordinates":[-3.6823801651963763,40.406816830395023]},"properties":{"ESA_ESPECIE":"PDA","NOMBRE_COMUN":"Plátano de sombra/Platanus x hybrida","NOMBRE_ESPECIE":"Platanus x hispanica","ALTURA":"16","MINTDISTRITO":"03","NOMBRE_DISTRITO":"RETIRO","MINTBARRIO":"031","NOMBRE_BARRIO":"PACIFICO","OBJECTID":51171857}},{"type":"Feature","id":50563775,"geometry":{"type":"Point","coordinates":[-3.6894768393576403,40.420225217157167]},"properties":{"ESA_ESPECIE":"PDA","NOMBRE_COMUN":"Plátano de sombra","NOMBRE_ESPECIE":"Platanus x hybrida","ALTURA":"5.5","MINTDISTRITO":"04","NOMBRE_DISTRITO":"SALAMANCA","MINTBARRIO":"041","NOMBRE_BARRIO":"RECOLETOS","OBJECTID":50563775}},{"type":"Feature","id":51228468,"geometry":{"type":"Point","coordinates":[-3.6926886746047094,40.420552398047832]},"properties":{"ESA_ESPECIE":"SJA","NOMBRE_COMUN":"Acacia del Japón/Sophora japonica","NOMBRE_ESPECIE":"Styphnolobium japonicum","ALTURA":"9","MINTDISTRITO":"01","NOMBRE_DISTRITO":"CENTRO","MINTBARRIO":"014","NOMBRE_BARRIO":"JUSTICIA","OBJECTID":51228468}},{"type":"Feature","id":51228714,"geometry":{"type":"Point","coordinates":[-3.6936470868143125,40.414093833462054]},"properties":{"ESA_ESPECIE":"SJA","NOMBRE_COMUN":"Acacia del Japón/Sophora japonica","NOMBRE_ESPECIE":"Styphnolobium japonicum","ALTURA":"6","MINTDISTRITO":"01","NOMBRE_DISTRITO":"CENTRO","MINTBARRIO":"013","NOMBRE_BARRIO":"CORTES","OBJECTID":51228714}},{"type":"Feature","id":51272089,"geometry":{"type":"Point","coordinates":[-3.6955223951448417,40.413689196273303]},"properties":{"ESA_ESPECIE":"LJA","NOMBRE_COMUN":"Aligustre del Japón","NOMBRE_ESPECIE":"Ligustrum japonicum","ALTURA":"5","MINTDISTRITO":"01","NOMBRE_DISTRITO":"CENTRO","MINTBARRIO":"013","NOMBRE_BARRIO":"CORTES","OBJECTID":51272089}},{"type":"Feature","id":51172201,"geometry":{"type":"Point","coordinates":[-3.6810108642473005,40.405561183910542]},"properties":{"ESA_ESPECIE":"SJA","NOMBRE_COMUN":"Acacia del Japón/Sophora japonica","NOMBRE_ESPECIE":"Styphnolobium japonicum","ALTURA":"5,5","MINTDISTRITO":"03","NOMBRE_DISTRITO":"RETIRO","MINTBARRIO":"031","NOMBRE_BARRIO":"PACIFICO","OBJECTID":51172201}},{"type":"Feature","id":51383292,"geometry":{"type":"Point","coordinates":[-3.6903894786369977,40.417093506657949]},"properties":{"ESA_ESPECIE":"SJA","NOMBRE_COMUN":"Acacia del Japón/Sophora japonica","NOMBRE_ESPECIE":"Styphnolobium japonicum","ALTURA":"4,5","MINTDISTRITO":"03","NOMBRE_DISTRITO":"RETIRO","MINTBARRIO":"035","NOMBRE_BARRIO":"LOS JERONIMOS","OBJECTID":51383292}},{"type":"Feature","id":51336322,"geometry":{"type":"Point","coordinates":[-3.6895225000411433,40.404142387176599]},"properties":{"ESA_ESPECIE":"SJA","NOMBRE_COMUN":"Acacia del Japón/Sophora japonica","NOMBRE_ESPECIE":"Styphnolobium japonicum","ALTURA":"3,5","MINTDISTRITO":"02","NOMBRE_DISTRITO":"ARGANZUELA","MINTBARRIO":"027","NOMBRE_BARRIO":"ATOCHA","OBJECTID":51336322}},{"type":"Feature","id":51362044,"geometry":{"type":"Point","coordinates":[-3.6923213717842032,40.404018418429537]},"properties":{"ESA_ESPECIE":"AII","NOMBRE_COMUN":"Arce de Freeman","NOMBRE_ESPECIE":"Acer x freemanii","ALTURA":"4,5","MINTDISTRITO":"02","NOMBRE_DISTRITO":"ARGANZUELA","MINTBARRIO":"026","NOMBRE_BARRIO":"PALOS DE LA FRONTERA","OBJECTID":51362044}},{"type":"Feature","id":51002280,"geometry":{"type":"Point","coordinates":[-3.6938307330802731,40.409943296923842]},"properties":{"ESA_ESPECIE":"SJA","NOMBRE_COMUN":"Acacia del Japón/Sophora japonica","NOMBRE_ESPECIE":"Styphnolobium japonicum","ALTURA":"8","MINTDISTRITO":"01","NOMBRE_DISTRITO":"CENTRO","MINTBARRIO":"013","NOMBRE_BARRIO":"CORTES","OBJECTID":51002280}},{"type":"Feature","id":51329289,"geometry":{"type":"Point","coordinates":[-3.6890072422721909,40.407492371028013]},"properties":{"ESA_ESPECIE":"PDA","NOMBRE_COMUN":"Plátano de sombra/Platanus x hybrida","NOMBRE_ESPECIE":"Platanus x hispanica","ALTURA":"10","MINTDISTRITO":"03","NOMBRE_DISTRITO":"RETIRO","MINTBARRIO":"035","NOMBRE_BARRIO":"LOS JERONIMOS","OBJECTID":51329289}},{"type":"Feature","id":51356929,"geometry":{"type":"Point","coordinates":[-3.688801025036974,40.40800822430591]},"properties":{"ESA_ESPECIE":"PDA","NOMBRE_COMUN":"Plátano de sombra/Platanus x hybrida","NOMBRE_ESPECIE":"Platanus x hispanica","ALTURA":"4,5","MINTDISTRITO":"03","NOMBRE_DISTRITO":"RETIRO","MINTBARRIO":"035","NOMBRE_BARRIO":"LOS JERONIMOS","OBJECTID":51356929}},{"type":"Feature","id":51172842,"geometry":{"type":"Point","coordinates":[-3.6921361701458282,40.409968165220889]},"properties":{"ESA_ESPECIE":"PYSP","NOMBRE_COMUN":"Perales","NOMBRE_ESPECIE":"Pyrus sp","ALTURA":"4,5","MINTDISTRITO":"03","NOMBRE_DISTRITO":"RETIRO","MINTBARRIO":"035","NOMBRE_BARRIO":"LOS JERONIMOS","OBJECTID":51172842}},{"type":"Feature","id":50564711,"geometry":{"type":"Point","coordinates":[-3.688209403622245,40.408063342175438]},"properties":{"ESA_ESPECIE":"PHA","NOMBRE_COMUN":"Pino carrasco","NOMBRE_ESPECIE":"Pinus halepensis","ALTURA":"1,5","MINTDISTRITO":"03","NOMBRE_DISTRITO":"RETIRO","MINTBARRIO":"035","NOMBRE_BARRIO":"LOS JERONIMOS","OBJECTID":50564711}},{"type":"Feature","id":51179334,"geometry":{"type":"Point","coordinates":[-3.6880495047272639,40.407992185297182]},"properties":{"ESA_ESPECIE":"PHA","NOMBRE_COMUN":"Pino carrasco","NOMBRE_ESPECIE":"Pinus halepensis","ALTURA":"1,5","MINTDISTRITO":"03","NOMBRE_DISTRITO":"RETIRO","MINTBARRIO":"035","NOMBRE_BARRIO":"LOS JERONIMOS","OBJECTID":51179334}},{"type":"Feature","id":51412947,"geometry":{"type":"Point","coordinates":[-3.6930727817435232,40.414207926707441]},"properties":{"ESA_ESPECIE":"SJA","NOMBRE_COMUN":"Acacia del Japón/Sophora japonica","NOMBRE_ESPECIE":"Styphnolobium japonicum","ALTURA":"11","MINTDISTRITO":"03","NOMBRE_DISTRITO":"RETIRO","MINTBARRIO":"035","NOMBRE_BARRIO":"LOS JERONIMOS","OBJECTID":51412947}},{"type":"Feature","id":50693911,"geometry":{"type":"Point","coordinates":[-3.6929028651640978,40.415283184143831]},"properties":{"ESA_ESPECIE":"SJA","NOMBRE_COMUN":"Acacia del Japón/Sophora japonica","NOMBRE_ESPECIE":"Styphnolobium japonicum","ALTURA":"8","MINTDISTRITO":"03","NOMBRE_DISTRITO":"RETIRO","MINTBARRIO":"035","NOMBRE_BARRIO":"LOS JERONIMOS","OBJECTID":50693911}},{"type":"Feature","id":51176924,"geometry":{"type":"Point","coordinates":[-3.677497013930624,40.418297328191336]},"properties":{"ESA_ESPECIE":"SJA","NOMBRE_COMUN":"Acacia del Japón/Sophora japonica","NOMBRE_ESPECIE":"Styphnolobium japonicum","ALTURA":"8,5","MINTDISTRITO":"03","NOMBRE_DISTRITO":"RETIRO","MINTBARRIO":"034","NOMBRE_BARRIO":"IBIZA","OBJECTID":51176924}},{"type":"Feature","id":50708469,"geometry":{"type":"Point","coordinates":[-3.6871310470593999,40.420956933058122]},"properties":{"ESA_ESPECIE":"TIP","NOMBRE_COMUN":"Tilo de hojas grandes","NOMBRE_ESPECIE":"Tilia platyphyllos","ALTURA":"5,5","MINTDISTRITO":"04","NOMBRE_DISTRITO":"SALAMANCA","MINTBARRIO":"041","NOMBRE_BARRIO":"RECOLETOS","OBJECTID":50708469}},{"type":"Feature","id":51182531,"geometry":{"type":"Point","coordinates":[-3.6792434002768792,40.420472675899383]},"properties":{"ESA_ESPECIE":"LJA","NOMBRE_COMUN":"Aligustre del Japón","NOMBRE_ESPECIE":"Ligustrum japonicum","ALTURA":"6,5","MINTDISTRITO":"03","NOMBRE_DISTRITO":"RETIRO","MINTBARRIO":"034","NOMBRE_BARRIO":"IBIZA","OBJECTID":51182531}},{"type":"Feature","id":51183662,"geometry":{"type":"Point","coordinates":[-3.6884669749913415,40.419405664529798]},"properties":{"ESA_ESPECIE":"PDA","NOMBRE_COMUN":"Plátano de sombra/Platanus x hybrida","NOMBRE_ESPECIE":"Platanus x hispanica","ALTURA":"16","MINTDISTRITO":"03","NOMBRE_DISTRITO":"RETIRO","MINTBARRIO":"035","NOMBRE_BARRIO":"LOS JERONIMOS","OBJECTID":51183662}},{"type":"Feature","id":51228614,"geometry":{"type":"Point","coordinates":[-3.693236324823578,40.412552316908354]},"properties":{"ESA_ESPECIE":"SJA","NOMBRE_COMUN":"Acacia del Japón/Sophora japonica","NOMBRE_ESPECIE":"Styphnolobium japonicum","ALTURA":"6","MINTDISTRITO":"01","NOMBRE_DISTRITO":"CENTRO","MINTBARRIO":"013","NOMBRE_BARRIO":"CORTES","OBJECTID":51228614}},{"type":"Feature","id":51286501,"geometry":{"type":"Point","coordinates":[-3.6948973093215103,40.412916527890296]},"properties":{"ESA_ESPECIE":"LJA","NOMBRE_COMUN":"Aligustre del Japón","NOMBRE_ESPECIE":"Ligustrum japonicum","ALTURA":"8","MINTDISTRITO":"01","NOMBRE_DISTRITO":"CENTRO","MINTBARRIO":"013","NOMBRE_BARRIO":"CORTES","OBJECTID":51286501}},{"type":"Feature","id":50712797,"geometry":{"type":"Point","coordinates":[-3.6800533251531475,40.405815776290154]},"properties":{"ESA_ESPECIE":"PDA","NOMBRE_COMUN":"Plátano de sombra/Platanus x hybrida","NOMBRE_ESPECIE":"Platanus x hispanica","ALTURA":null,"MINTDISTRITO":"03","NOMBRE_DISTRITO":"RETIRO","MINTBARRIO":"031","NOMBRE_BARRIO":"PACIFICO","OBJECTID":50712797}},{"type":"Feature","id":50706059,"geometry":{"type":"Point","coordinates":[-3.6911702792816516,40.417370410273904]},"properties":{"ESA_ESPECIE":"SJA","NOMBRE_COMUN":"Acacia del Japón/Sophora japonica","NOMBRE_ESPECIE":"Styphnolobium japonicum","ALTURA":"6","MINTDISTRITO":"03","NOMBRE_DISTRITO":"RETIRO","MINTBARRIO":"035","NOMBRE_BARRIO":"LOS JERONIMOS","OBJECTID":50706059}},{"type":"Feature","id":50702223,"geometry":{"type":"Point","coordinates":[-3.6916727357875621,40.417362090086549]},"properties":{"ESA_ESPECIE":"SJA","NOMBRE_COMUN":"Acacia del Japón/Sophora japonica","NOMBRE_ESPECIE":"Styphnolobium japonicum","ALTURA":"7","MINTDISTRITO":"03","NOMBRE_DISTRITO":"RETIRO","MINTBARRIO":"035","NOMBRE_BARRIO":"LOS JERONIMOS","OBJECTID":50702223}},{"type":"Feature","id":51182875,"geometry":{"type":"Point","coordinates":[-3.6915896305889082,40.416782449730782]},"properties":{"ESA_ESPECIE":"SJA","NOMBRE_COMUN":"Acacia del Japón/Sophora japonica","NOMBRE_ESPECIE":"Styphnolobium japonicum","ALTURA":"11","MINTDISTRITO":"03","NOMBRE_DISTRITO":"RETIRO","MINTBARRIO":"035","NOMBRE_BARRIO":"LOS JERONIMOS","OBJECTID":51182875}},{"type":"Feature","id":51006018,"geometry":{"type":"Point","coordinates":[-3.6957312204861879,40.414099383145754]},"properties":{"ESA_ESPECIE":"AJU","NOMBRE_COMUN":"Acacia de Constantinopla","NOMBRE_ESPECIE":"Albizia julibrissin","ALTURA":"3,5","MINTDISTRITO":"01","NOMBRE_DISTRITO":"CENTRO","MINTBARRIO":"013","NOMBRE_BARRIO":"CORTES","OBJECTID":51006018}},{"type":"Feature","id":51020379,"geometry":{"type":"Point","coordinates":[-3.6795398386527975,40.404167027695635]},"properties":{"ESA_ESPECIE":"SJA","NOMBRE_COMUN":"Acacia del Japón/Sophora japonica","NOMBRE_ESPECIE":"Styphnolobium japonicum","ALTURA":"4,5","MINTDISTRITO":"03","NOMBRE_DISTRITO":"RETIRO","MINTBARRIO":"031","NOMBRE_BARRIO":"PACIFICO","OBJECTID":51020379}},{"type":"Feature","id":51185826,"geometry":{"type":"Point","coordinates":[-3.6890089403132365,40.420450421786505]},"properties":{"ESA_ESPECIE":"PDA","NOMBRE_COMUN":"Plátano de sombra/Platanus x hybrida","NOMBRE_ESPECIE":"Platanus x hispanica","ALTURA":"7","MINTDISTRITO":"04","NOMBRE_DISTRITO":"SALAMANCA","MINTBARRIO":"041","NOMBRE_BARRIO":"RECOLETOS","OBJECTID":51185826}},{"type":"Feature","id":50612663,"geometry":{"type":"Point","coordinates":[-3.6920567418145125,40.420258100351518]},"properties":{"ESA_ESPECIE":"IAQ","NOMBRE_COMUN":"Acebo","NOMBRE_ESPECIE":"Ilex aquifolium","ALTURA":"4,5","MINTDISTRITO":"04","NOMBRE_DISTRITO":"SALAMANCA","MINTBARRIO":"041","NOMBRE_BARRIO":"RECOLETOS","OBJECTID":50612663}},{"type":"Feature","id":51226991,"geometry":{"type":"Point","coordinates":[-3.6930107216542796,40.420354566513474]},"properties":{"ESA_ESPECIE":"AHI","NOMBRE_COMUN":"Castaño de indias","NOMBRE_ESPECIE":"Aesculus hippocastanum","ALTURA":"16","MINTDISTRITO":"01","NOMBRE_DISTRITO":"CENTRO","MINTBARRIO":"014","NOMBRE_BARRIO":"JUSTICIA","OBJECTID":51226991}},{"type":"Feature","id":51227286,"geometry":{"type":"Point","coordinates":[-3.6941916741359186,40.417201037581151]},"properties":{"ESA_ESPECIE":"PDA","NOMBRE_COMUN":"Plátano de sombra/Platanus x hybrida","NOMBRE_ESPECIE":"Platanus x hispanica","ALTURA":"20","MINTDISTRITO":"01","NOMBRE_DISTRITO":"CENTRO","MINTBARRIO":"013","NOMBRE_BARRIO":"CORTES","OBJECTID":51227286}},{"type":"Feature","id":50682020,"geometry":{"type":"Point","coordinates":[-3.6902400190347717,40.404006618734861]},"properties":{"ESA_ESPECIE":"APS","NOMBRE_COMUN":"Falso plátano","NOMBRE_ESPECIE":"Acer pseudoplatanus","ALTURA":"4","MINTDISTRITO":"02","NOMBRE_DISTRITO":"ARGANZUELA","MINTBARRIO":"026","NOMBRE_BARRIO":"PALOS DE LA FRONTERA","OBJECTID":50682020}},{"type":"Feature","id":51336391,"geometry":{"type":"Point","coordinates":[-3.6906082063278975,40.405124769542894]},"properties":{"ESA_ESPECIE":"SJA","NOMBRE_COMUN":"Acacia del Japón/Sophora japonica","NOMBRE_ESPECIE":"Styphnolobium japonicum","ALTURA":"7,5","MINTDISTRITO":"02","NOMBRE_DISTRITO":"ARGANZUELA","MINTBARRIO":"027","NOMBRE_BARRIO":"ATOCHA","OBJECTID":51336391}},{"type":"Feature","id":51355197,"geometry":{"type":"Point","coordinates":[-3.6925510822208234,40.40514892364483]},"properties":{"ESA_ESPECIE":"CAU","NOMBRE_COMUN":"Almez","NOMBRE_ESPECIE":"Celtis australis","ALTURA":"6","MINTDISTRITO":"02","NOMBRE_DISTRITO":"ARGANZUELA","MINTBARRIO":"026","NOMBRE_BARRIO":"PALOS DE LA FRONTERA","OBJECTID":51355197}},{"type":"Feature","id":50984696,"geometry":{"type":"Point","coordinates":[-3.6926305218073656,40.408761982179037]},"properties":{"ESA_ESPECIE":"PDA","NOMBRE_COMUN":"Plátano de sombra/Platanus x hybrida","NOMBRE_ESPECIE":"Platanus x hispanica","ALTURA":"14","MINTDISTRITO":"01","NOMBRE_DISTRITO":"CENTRO","MINTBARRIO":"012","NOMBRE_BARRIO":"EMBAJADORES","OBJECTID":50984696}},{"type":"Feature","id":51316660,"geometry":{"type":"Point","coordinates":[-3.6908934369978619,40.420117435787937]},"properties":{"ESA_ESPECIE":"PCP","NOMBRE_COMUN":"Ciruelo púrpura","NOMBRE_ESPECIE":"Prunus cerasifera  subsp. pissardii","ALTURA":"5,5","MINTDISTRITO":"04","NOMBRE_DISTRITO":"SALAMANCA","MINTBARRIO":"041","NOMBRE_BARRIO":"RECOLETOS","OBJECTID":51316660}},{"type":"Feature","id":51412896,"geometry":{"type":"Point","coordinates":[-3.6934399529343587,40.416189319306675]},"properties":{"ESA_ESPECIE":"PDA","NOMBRE_COMUN":"Plátano de sombra/Platanus x hybrida","NOMBRE_ESPECIE":"Platanus x hispanica","ALTURA":"18","MINTDISTRITO":"03","NOMBRE_DISTRITO":"RETIRO","MINTBARRIO":"035","NOMBRE_BARRIO":"LOS JERONIMOS","OBJECTID":51412896}},{"type":"Feature","id":51177974,"geometry":{"type":"Point","coordinates":[-3.6860848781144862,40.406171722718327]},"properties":{"ESA_ESPECIE":"PCP","NOMBRE_COMUN":"Ciruelo púrpura","NOMBRE_ESPECIE":"Prunus cerasifera  subsp. pissardii","ALTURA":"11","MINTDISTRITO":"03","NOMBRE_DISTRITO":"RETIRO","MINTBARRIO":"031","NOMBRE_BARRIO":"PACIFICO","OBJECTID":51177974}},{"type":"Feature","id":50638076,"geometry":{"type":"Point","coordinates":[-3.6837545803195071,40.407563102688627]},"properties":{"ESA_ESPECIE":"CLE","NOMBRE_COMUN":"Ciprés de Leyland/x Cupressocyparis leylandii","NOMBRE_ESPECIE":"Cupressus x leylandii","ALTURA":"4,5","MINTDISTRITO":"03","NOMBRE_DISTRITO":"RETIRO","MINTBARRIO":"035","NOMBRE_BARRIO":"LOS JERONIMOS","OBJECTID":50638076}},{"type":"Feature","id":51048371,"geometry":{"type":"Point","coordinates":[-3.6829058497147638,40.408565079545319]},"properties":{"ESA_ESPECIE":"PPI","NOMBRE_COMUN":"Pino piñonero","NOMBRE_ESPECIE":"Pinus pinea","ALTURA":"10","MINTDISTRITO":"03","NOMBRE_DISTRITO":"RETIRO","MINTBARRIO":"035","NOMBRE_BARRIO":"LOS JERONIMOS","OBJECTID":51048371}},{"type":"Feature","id":51354628,"geometry":{"type":"Point","coordinates":[-3.6826640051772532,40.408562219402654]},"properties":{"ESA_ESPECIE":"RTY","NOMBRE_COMUN":"Zumaque de Virginia","NOMBRE_ESPECIE":"Rhus typhina","ALTURA":"3","MINTDISTRITO":"03","NOMBRE_DISTRITO":"RETIRO","MINTBARRIO":"035","NOMBRE_BARRIO":"LOS JERONIMOS","OBJECTID":51354628}},{"type":"Feature","id":50564725,"geometry":{"type":"Point","coordinates":[-3.6818326837152924,40.408766080886167]},"properties":{"ESA_ESPECIE":"SJA","NOMBRE_COMUN":"Acacia del Japón/Sophora japonica","NOMBRE_ESPECIE":"Styphnolobium japonicum","ALTURA":"16","MINTDISTRITO":"03","NOMBRE_DISTRITO":"RETIRO","MINTBARRIO":"035","NOMBRE_BARRIO":"LOS JERONIMOS","OBJECTID":50564725}},{"type":"Feature","id":51179231,"geometry":{"type":"Point","coordinates":[-3.6881105593566796,40.407931452237648]},"properties":{"ESA_ESPECIE":"CAR","NOMBRE_COMUN":"Ciprés de Arizona","NOMBRE_ESPECIE":"Cupressus arizonica","ALTURA":"6","MINTDISTRITO":"03","NOMBRE_DISTRITO":"RETIRO","MINTBARRIO":"035","NOMBRE_BARRIO":"LOS JERONIMOS","OBJECTID":51179231}},{"type":"Feature","id":50699332,"geometry":{"type":"Point","coordinates":[-3.6894232574817654,40.41288622627242]},"properties":{"ESA_ESPECIE":"SJA","NOMBRE_COMUN":"Acacia del Japón/Sophora japonica","NOMBRE_ESPECIE":"Styphnolobium japonicum","ALTURA":"7","MINTDISTRITO":"03","NOMBRE_DISTRITO":"RETIRO","MINTBARRIO":"035","NOMBRE_BARRIO":"LOS JERONIMOS","OBJECTID":50699332}},{"type":"Feature","id":51177310,"geometry":{"type":"Point","coordinates":[-3.6916405122427602,40.41274988407951]},"properties":{"ESA_ESPECIE":"MGR","NOMBRE_COMUN":"Magnolio","NOMBRE_ESPECIE":"Magnolia grandiflora","ALTURA":"8","MINTDISTRITO":"03","NOMBRE_DISTRITO":"RETIRO","MINTBARRIO":"035","NOMBRE_BARRIO":"LOS JERONIMOS","OBJECTID":51177310}},{"type":"Feature","id":51151840,"geometry":{"type":"Point","coordinates":[-3.6775937717614093,40.407556200151454]},"properties":{"ESA_ESPECIE":"PDA","NOMBRE_COMUN":"Plátano de sombra/Platanus x hybrida","NOMBRE_ESPECIE":"Platanus x hispanica","ALTURA":"15","MINTDISTRITO":"03","NOMBRE_DISTRITO":"RETIRO","MINTBARRIO":"036","NOMBRE_BARRIO":"NIÑO JESUS","OBJECTID":51151840}},{"type":"Feature","id":51025818,"geometry":{"type":"Point","coordinates":[-3.6780824809484711,40.404268620229281]},"properties":{"ESA_ESPECIE":"SJA","NOMBRE_COMUN":"Acacia del Japón/Sophora japonica","NOMBRE_ESPECIE":"Styphnolobium japonicum","ALTURA":"4,5","MINTDISTRITO":"03","NOMBRE_DISTRITO":"RETIRO","MINTBARRIO":"031","NOMBRE_BARRIO":"PACIFICO","OBJECTID":51025818}},{"type":"Feature","id":51181389,"geometry":{"type":"Point","coordinates":[-3.6779121343386585,40.420505940076858]},"properties":{"ESA_ESPECIE":"LJA","NOMBRE_COMUN":"Aligustre del Japón","NOMBRE_ESPECIE":"Ligustrum japonicum","ALTURA":"6,5","MINTDISTRITO":"03","NOMBRE_DISTRITO":"RETIRO","MINTBARRIO":"034","NOMBRE_BARRIO":"IBIZA","OBJECTID":51181389}},{"type":"Feature","id":50692597,"geometry":{"type":"Point","coordinates":[-3.6788171185913781,40.420551810482834]},"properties":{"ESA_ESPECIE":"LJA","NOMBRE_COMUN":"Aligustre del Japón","NOMBRE_ESPECIE":"Ligustrum japonicum","ALTURA":"3,5","MINTDISTRITO":"03","NOMBRE_DISTRITO":"RETIRO","MINTBARRIO":"034","NOMBRE_BARRIO":"IBIZA","OBJECTID":50692597}},{"type":"Feature","id":51030893,"geometry":{"type":"Point","coordinates":[-3.6904028310707555,40.417529158432039]},"properties":{"ESA_ESPECIE":"SJA","NOMBRE_COMUN":"Acacia del Japón/Sophora japonica","NOMBRE_ESPECIE":"Styphnolobium japonicum","ALTURA":"4,5","MINTDISTRITO":"03","NOMBRE_DISTRITO":"RETIRO","MINTBARRIO":"035","NOMBRE_BARRIO":"LOS JERONIMOS","OBJECTID":51030893}},{"type":"Feature","id":51228511,"geometry":{"type":"Point","coordinates":[-3.6930728701454796,40.419831228167176]},"properties":{"ESA_ESPECIE":"SJA","NOMBRE_COMUN":"Acacia del Japón/Sophora japonica","NOMBRE_ESPECIE":"Styphnolobium japonicum","ALTURA":"10","MINTDISTRITO":"01","NOMBRE_DISTRITO":"CENTRO","MINTBARRIO":"014","NOMBRE_BARRIO":"JUSTICIA","OBJECTID":51228511}},{"type":"Feature","id":51412801,"geometry":{"type":"Point","coordinates":[-3.6927057162178372,40.413558736123242]},"properties":{"ESA_ESPECIE":"CLI","NOMBRE_COMUN":"Cedro del Líbano","NOMBRE_ESPECIE":"Cedrus libani","ALTURA":"12","MINTDISTRITO":"03","NOMBRE_DISTRITO":"RETIRO","MINTBARRIO":"035","NOMBRE_BARRIO":"LOS JERONIMOS","OBJECTID":51412801}},{"type":"Feature","id":51172235,"geometry":{"type":"Point","coordinates":[-3.6916335409052268,40.41656987987507]},"properties":{"ESA_ESPECIE":"PDA","NOMBRE_COMUN":"Plátano de sombra/Platanus x hybrida","NOMBRE_ESPECIE":"Platanus x hispanica","ALTURA":"12","MINTDISTRITO":"03","NOMBRE_DISTRITO":"RETIRO","MINTBARRIO":"035","NOMBRE_BARRIO":"LOS JERONIMOS","OBJECTID":51172235}},{"type":"Feature","id":50709245,"geometry":{"type":"Point","coordinates":[-3.6916882338207238,40.416571183319554]},"properties":{"ESA_ESPECIE":"PDA","NOMBRE_COMUN":"Plátano de sombra/Platanus x hybrida","NOMBRE_ESPECIE":"Platanus x hispanica","ALTURA":"12","MINTDISTRITO":"03","NOMBRE_DISTRITO":"RETIRO","MINTBARRIO":"035","NOMBRE_BARRIO":"LOS JERONIMOS","OBJECTID":50709245}},{"type":"Feature","id":51176314,"geometry":{"type":"Point","coordinates":[-3.6929374646567537,40.415020615276724]},"properties":{"ESA_ESPECIE":"SJA","NOMBRE_COMUN":"Acacia del Japón/Sophora japonica","NOMBRE_ESPECIE":"Styphnolobium japonicum","ALTURA":"10","MINTDISTRITO":"03","NOMBRE_DISTRITO":"RETIRO","MINTBARRIO":"035","NOMBRE_BARRIO":"LOS JERONIMOS","OBJECTID":51176314}},{"type":"Feature","id":51228677,"geometry":{"type":"Point","coordinates":[-3.6933113374970148,40.413774674655151]},"properties":{"ESA_ESPECIE":"PDA","NOMBRE_COMUN":"Plátano de sombra/Platanus x hybrida","NOMBRE_ESPECIE":"Platanus x hispanica","ALTURA":"8","MINTDISTRITO":"01","NOMBRE_DISTRITO":"CENTRO","MINTBARRIO":"013","NOMBRE_BARRIO":"CORTES","OBJECTID":51228677}},{"type":"Feature","id":50704668,"geometry":{"type":"Point","coordinates":[-3.6807961190913052,40.406282993652006]},"properties":{"ESA_ESPECIE":"SJA","NOMBRE_COMUN":"Acacia del Japón/Sophora japonica","NOMBRE_ESPECIE":"Styphnolobium japonicum","ALTURA":"5","MINTDISTRITO":"03","NOMBRE_DISTRITO":"RETIRO","MINTBARRIO":"031","NOMBRE_BARRIO":"PACIFICO","OBJECTID":50704668}},{"type":"Feature","id":50707490,"geometry":{"type":"Point","coordinates":[-3.6814206098281375,40.405442408725818]},"properties":{"ESA_ESPECIE":"ADE","NOMBRE_COMUN":"Mimosa plateada","NOMBRE_ESPECIE":"Acacia dealbata","ALTURA":"5","MINTDISTRITO":"03","NOMBRE_DISTRITO":"RETIRO","MINTBARRIO":"031","NOMBRE_BARRIO":"PACIFICO","OBJECTID":50707490}},{"type":"Feature","id":50701253,"geometry":{"type":"Point","coordinates":[-3.6810097979639456,40.405718479484634]},"properties":{"ESA_ESPECIE":"SJA","NOMBRE_COMUN":"Acacia del Japón/Sophora japonica","NOMBRE_ESPECIE":"Styphnolobium japonicum","ALTURA":"5","MINTDISTRITO":"03","NOMBRE_DISTRITO":"RETIRO","MINTBARRIO":"031","NOMBRE_BARRIO":"PACIFICO","OBJECTID":50701253}},{"type":"Feature","id":50695253,"geometry":{"type":"Point","coordinates":[-3.6813738440646584,40.405619757531966]},"properties":{"ESA_ESPECIE":"UPU","NOMBRE_COMUN":"Olmo de Siberia","NOMBRE_ESPECIE":"Ulmus pumila","ALTURA":"12","MINTDISTRITO":"03","NOMBRE_DISTRITO":"RETIRO","MINTBARRIO":"031","NOMBRE_BARRIO":"PACIFICO","OBJECTID":50695253}},{"type":"Feature","id":50703245,"geometry":{"type":"Point","coordinates":[-3.6916019378836182,40.417670118448001]},"properties":{"ESA_ESPECIE":"SJA","NOMBRE_COMUN":"Acacia del Japón/Sophora japonica","NOMBRE_ESPECIE":"Styphnolobium japonicum","ALTURA":"11","MINTDISTRITO":"03","NOMBRE_DISTRITO":"RETIRO","MINTBARRIO":"035","NOMBRE_BARRIO":"LOS JERONIMOS","OBJECTID":50703245}},{"type":"Feature","id":50585524,"geometry":{"type":"Point","coordinates":[-3.6916797374691712,40.40523450930359]},"properties":{"ESA_ESPECIE":"SJA","NOMBRE_COMUN":"Acacia del Japón","NOMBRE_ESPECIE":"Sophora japonica","ALTURA":"6","MINTDISTRITO":"02","NOMBRE_DISTRITO":"ARGANZUELA","MINTBARRIO":"026","NOMBRE_BARRIO":"PALOS DE LA FRONTERA","OBJECTID":50585524}},{"type":"Feature","id":51214662,"geometry":{"type":"Point","coordinates":[-3.692079864318079,40.40537586361242]},"properties":{"ESA_ESPECIE":"UPU","NOMBRE_COMUN":"Olmo de Siberia","NOMBRE_ESPECIE":"Ulmus pumila","ALTURA":"12,5","MINTDISTRITO":"02","NOMBRE_DISTRITO":"ARGANZUELA","MINTBARRIO":"026","NOMBRE_BARRIO":"PALOS DE LA FRONTERA","OBJECTID":51214662}},{"type":"Feature","id":50585475,"geometry":{"type":"Point","coordinates":[-3.694463788041181,40.405284118862944]},"properties":{"ESA_ESPECIE":"UPU","NOMBRE_COMUN":"Olmo de Siberia","NOMBRE_ESPECIE":"Ulmus pumila","ALTURA":"13","MINTDISTRITO":"02","NOMBRE_DISTRITO":"ARGANZUELA","MINTBARRIO":"026","NOMBRE_BARRIO":"PALOS DE LA FRONTERA","OBJECTID":50585475}},{"type":"Feature","id":50667768,"geometry":{"type":"Point","coordinates":[-3.6899014558247307,40.420998993186473]},"properties":{"ESA_ESPECIE":"PCY","NOMBRE_COMUN":"Peral de flor","NOMBRE_ESPECIE":"Pyrus calleryana","ALTURA":"6,5","MINTDISTRITO":"04","NOMBRE_DISTRITO":"SALAMANCA","MINTBARRIO":"041","NOMBRE_BARRIO":"RECOLETOS","OBJECTID":50667768}},{"type":"Feature","id":50995865,"geometry":{"type":"Point","coordinates":[-3.6956673120108086,40.413377025697798]},"properties":{"ESA_ESPECIE":"LJA","NOMBRE_COMUN":"Aligustre del Japón","NOMBRE_ESPECIE":"Ligustrum japonicum","ALTURA":"7","MINTDISTRITO":"01","NOMBRE_DISTRITO":"CENTRO","MINTBARRIO":"013","NOMBRE_BARRIO":"CORTES","OBJECTID":50995865}},{"type":"Feature","id":50978055,"geometry":{"type":"Point","coordinates":[-3.695784811873331,40.409297658955261]},"properties":{"ESA_ESPECIE":"AJU","NOMBRE_COMUN":"Acacia de Constantinopla","NOMBRE_ESPECIE":"Albizia julibrissin","ALTURA":"9","MINTDISTRITO":"01","NOMBRE_DISTRITO":"CENTRO","MINTBARRIO":"012","NOMBRE_BARRIO":"EMBAJADORES","OBJECTID":50978055}},{"type":"Feature","id":50701347,"geometry":{"type":"Point","coordinates":[-3.6889107152257994,40.410620621193637]},"properties":{"ESA_ESPECIE":"PDA","NOMBRE_COMUN":"Plátano de sombra/Platanus x hybrida","NOMBRE_ESPECIE":"Platanus x hispanica","ALTURA":"12","MINTDISTRITO":"03","NOMBRE_DISTRITO":"RETIRO","MINTBARRIO":"035","NOMBRE_BARRIO":"LOS JERONIMOS","OBJECTID":50701347}},{"type":"Feature","id":51179325,"geometry":{"type":"Point","coordinates":[-3.6826091797099818,40.404908745842555]},"properties":{"ESA_ESPECIE":"LJA","NOMBRE_COMUN":"Aligustre del Japón","NOMBRE_ESPECIE":"Ligustrum japonicum","ALTURA":"6,5","MINTDISTRITO":"03","NOMBRE_DISTRITO":"RETIRO","MINTBARRIO":"031","NOMBRE_BARRIO":"PACIFICO","OBJECTID":51179325}},{"type":"Feature","id":50591309,"geometry":{"type":"Point","coordinates":[-3.6833259545785242,40.408620778005023]},"properties":{"ESA_ESPECIE":"PCP","NOMBRE_COMUN":"Ciruelo púrpura","NOMBRE_ESPECIE":"Prunus cerasifera  subsp. pissardii","ALTURA":"4,5","MINTDISTRITO":"03","NOMBRE_DISTRITO":"RETIRO","MINTBARRIO":"035","NOMBRE_BARRIO":"LOS JERONIMOS","OBJECTID":50591309}},{"type":"Feature","id":51177333,"geometry":{"type":"Point","coordinates":[-3.6930868265082357,40.416767871541495]},"properties":{"ESA_ESPECIE":"LJA","NOMBRE_COMUN":"Aligustre del Japón","NOMBRE_ESPECIE":"Ligustrum japonicum","ALTURA":"7,5","MINTDISTRITO":"03","NOMBRE_DISTRITO":"RETIRO","MINTBARRIO":"035","NOMBRE_BARRIO":"LOS JERONIMOS","OBJECTID":51177333}},{"type":"Feature","id":50700185,"geometry":{"type":"Point","coordinates":[-3.692290286631704,40.417260015170164]},"properties":{"ESA_ESPECIE":"SJA","NOMBRE_COMUN":"Acacia del Japón/Sophora japonica","NOMBRE_ESPECIE":"Styphnolobium japonicum","ALTURA":"6","MINTDISTRITO":"03","NOMBRE_DISTRITO":"RETIRO","MINTBARRIO":"035","NOMBRE_BARRIO":"LOS JERONIMOS","OBJECTID":50700185}},{"type":"Feature","id":50707396,"geometry":{"type":"Point","coordinates":[-3.6895618559456236,40.417378969426551]},"properties":{"ESA_ESPECIE":"SJA","NOMBRE_COMUN":"Acacia del Japón/Sophora japonica","NOMBRE_ESPECIE":"Styphnolobium japonicum","ALTURA":"4","MINTDISTRITO":"03","NOMBRE_DISTRITO":"RETIRO","MINTBARRIO":"035","NOMBRE_BARRIO":"LOS JERONIMOS","OBJECTID":50707396}},{"type":"Feature","id":51182835,"geometry":{"type":"Point","coordinates":[-3.6912847873135677,40.416395793728022]},"properties":{"ESA_ESPECIE":"PDA","NOMBRE_COMUN":"Plátano de sombra/Platanus x hybrida","NOMBRE_ESPECIE":"Platanus x hispanica","ALTURA":"6","MINTDISTRITO":"03","NOMBRE_DISTRITO":"RETIRO","MINTBARRIO":"035","NOMBRE_BARRIO":"LOS JERONIMOS","OBJECTID":51182835}},{"type":"Feature","id":51066324,"geometry":{"type":"Point","coordinates":[-3.6930691967314102,40.415102600821321]},"properties":{"ESA_ESPECIE":"SJA","NOMBRE_COMUN":"Acacia del Japón/Sophora japonica","NOMBRE_ESPECIE":"Styphnolobium japonicum","ALTURA":"4","MINTDISTRITO":"03","NOMBRE_DISTRITO":"RETIRO","MINTBARRIO":"035","NOMBRE_BARRIO":"LOS JERONIMOS","OBJECTID":51066324}},{"type":"Feature","id":51353182,"geometry":{"type":"Point","coordinates":[-3.6929604197457611,40.415075243702042]},"properties":{"ESA_ESPECIE":"SJA","NOMBRE_COMUN":"Acacia del Japón/Sophora japonica","NOMBRE_ESPECIE":"Styphnolobium japonicum","ALTURA":"5","MINTDISTRITO":"03","NOMBRE_DISTRITO":"RETIRO","MINTBARRIO":"035","NOMBRE_BARRIO":"LOS JERONIMOS","OBJECTID":51353182}},{"type":"Feature","id":51185823,"geometry":{"type":"Point","coordinates":[-3.6892069189794858,40.420551476352514]},"properties":{"ESA_ESPECIE":"PDA","NOMBRE_COMUN":"Plátano de sombra/Platanus x hybrida","NOMBRE_ESPECIE":"Platanus x hispanica","ALTURA":"17","MINTDISTRITO":"04","NOMBRE_DISTRITO":"SALAMANCA","MINTBARRIO":"041","NOMBRE_BARRIO":"RECOLETOS","OBJECTID":51185823}},{"type":"Feature","id":50623277,"geometry":{"type":"Point","coordinates":[-3.6893671694975598,40.420359565307109]},"properties":{"ESA_ESPECIE":"PDA","NOMBRE_COMUN":"Plátano de sombra/Platanus x hybrida","NOMBRE_ESPECIE":"Platanus x hispanica","ALTURA":"15","MINTDISTRITO":"04","NOMBRE_DISTRITO":"SALAMANCA","MINTBARRIO":"041","NOMBRE_BARRIO":"RECOLETOS","OBJECTID":50623277}},{"type":"Feature","id":51228654,"geometry":{"type":"Point","coordinates":[-3.6933068135094484,40.412953788051603]},"properties":{"ESA_ESPECIE":"PDA","NOMBRE_COMUN":"Plátano de sombra/Platanus x hybrida","NOMBRE_ESPECIE":"Platanus x hispanica","ALTURA":"20","MINTDISTRITO":"01","NOMBRE_DISTRITO":"CENTRO","MINTBARRIO":"013","NOMBRE_BARRIO":"CORTES","OBJECTID":51228654}},{"type":"Feature","id":51228605,"geometry":{"type":"Point","coordinates":[-3.693230452556953,40.412413081177476]},"properties":{"ESA_ESPECIE":"SJA","NOMBRE_COMUN":"Acacia del Japón/Sophora japonica","NOMBRE_ESPECIE":"Styphnolobium japonicum","ALTURA":"16","MINTDISTRITO":"01","NOMBRE_DISTRITO":"CENTRO","MINTBARRIO":"013","NOMBRE_BARRIO":"CORTES","OBJECTID":51228605}},{"type":"Feature","id":50998072,"geometry":{"type":"Point","coordinates":[-3.6948048085702458,40.41195377291011]},"properties":{"ESA_ESPECIE":"LJA","NOMBRE_COMUN":"Aligustre del Japón","NOMBRE_ESPECIE":"Ligustrum japonicum","ALTURA":"7","MINTDISTRITO":"01","NOMBRE_DISTRITO":"CENTRO","MINTBARRIO":"013","NOMBRE_BARRIO":"CORTES","OBJECTID":50998072}},{"type":"Feature","id":50706185,"geometry":{"type":"Point","coordinates":[-3.6806433183442429,40.404943965741808]},"properties":{"ESA_ESPECIE":"PDA","NOMBRE_COMUN":"Plátano de sombra/Platanus x hybrida","NOMBRE_ESPECIE":"Platanus x hispanica","ALTURA":"10","MINTDISTRITO":"03","NOMBRE_DISTRITO":"RETIRO","MINTBARRIO":"031","NOMBRE_BARRIO":"PACIFICO","OBJECTID":50706185}},{"type":"Feature","id":51329444,"geometry":{"type":"Point","coordinates":[-3.6916635757248311,40.40408218442488]},"properties":{"ESA_ESPECIE":"AII","NOMBRE_COMUN":"Arce de Freeman","NOMBRE_ESPECIE":"Acer x freemanii","ALTURA":"4,5","MINTDISTRITO":"02","NOMBRE_DISTRITO":"ARGANZUELA","MINTBARRIO":"026","NOMBRE_BARRIO":"PALOS DE LA FRONTERA","OBJECTID":51329444}},{"type":"Feature","id":51256188,"geometry":{"type":"Point","coordinates":[-3.6925627866796744,40.405627433007638]},"properties":{"ESA_ESPECIE":"PDA","NOMBRE_COMUN":"Plátano de sombra/Platanus x hybrida","NOMBRE_ESPECIE":"Platanus x hispanica","ALTURA":"17","MINTDISTRITO":"02","NOMBRE_DISTRITO":"ARGANZUELA","MINTBARRIO":"026","NOMBRE_BARRIO":"PALOS DE LA FRONTERA","OBJECTID":51256188}},{"type":"Feature","id":51362408,"geometry":{"type":"Point","coordinates":[-3.6905154536693314,40.404254732493506]},"properties":{"ESA_ESPECIE":"SJA","NOMBRE_COMUN":"Acacia del Japón/Sophora japonica","NOMBRE_ESPECIE":"Styphnolobium japonicum","ALTURA":"5,5","MINTDISTRITO":"02","NOMBRE_DISTRITO":"ARGANZUELA","MINTBARRIO":"026","NOMBRE_BARRIO":"PALOS DE LA FRONTERA","OBJECTID":51362408}},{"type":"Feature","id":51331436,"geometry":{"type":"Point","coordinates":[-3.6950911642725699,40.404164080952299]},"properties":{"ESA_ESPECIE":"CAU","NOMBRE_COMUN":"Almez","NOMBRE_ESPECIE":"Celtis australis","ALTURA":"5,5","MINTDISTRITO":"02","NOMBRE_DISTRITO":"ARGANZUELA","MINTBARRIO":"026","NOMBRE_BARRIO":"PALOS DE LA FRONTERA","OBJECTID":51331436}},{"type":"Feature","id":50697386,"geometry":{"type":"Point","coordinates":[-3.688819338096045,40.408390702970337]},"properties":{"ESA_ESPECIE":"PDA","NOMBRE_COMUN":"Plátano de sombra/Platanus x hybrida","NOMBRE_ESPECIE":"Platanus x hispanica","ALTURA":"14","MINTDISTRITO":"03","NOMBRE_DISTRITO":"RETIRO","MINTBARRIO":"035","NOMBRE_BARRIO":"LOS JERONIMOS","OBJECTID":50697386}},{"type":"Feature","id":51346756,"geometry":{"type":"Point","coordinates":[-3.6906999607010427,40.409656292645096]},"properties":{"ESA_ESPECIE":"CSE","NOMBRE_COMUN":"Ciprés común","NOMBRE_ESPECIE":"Cupressus sempervirens","ALTURA":"8","MINTDISTRITO":"03","NOMBRE_DISTRITO":"RETIRO","MINTBARRIO":"035","NOMBRE_BARRIO":"LOS JERONIMOS","OBJECTID":51346756}},{"type":"Feature","id":50710785,"geometry":{"type":"Point","coordinates":[-3.6827898955200773,40.404852209984995]},"properties":{"ESA_ESPECIE":"PDA","NOMBRE_COMUN":"Plátano de sombra/Platanus x hybrida","NOMBRE_ESPECIE":"Platanus x hispanica","ALTURA":"17","MINTDISTRITO":"03","NOMBRE_DISTRITO":"RETIRO","MINTBARRIO":"031","NOMBRE_BARRIO":"PACIFICO","OBJECTID":50710785}},{"type":"Feature","id":50564937,"geometry":{"type":"Point","coordinates":[-3.6824098610138272,40.408779162358293]},"properties":{"ESA_ESPECIE":"THX","NOMBRE_COMUN":"Tuya","NOMBRE_ESPECIE":"Thuja sp","ALTURA":"5","MINTDISTRITO":"03","NOMBRE_DISTRITO":"RETIRO","MINTBARRIO":"035","NOMBRE_BARRIO":"LOS JERONIMOS","OBJECTID":50564937}},{"type":"Feature","id":50701465,"geometry":{"type":"Point","coordinates":[-3.6839943029989475,40.407623306785759]},"properties":{"ESA_ESPECIE":"CAU","NOMBRE_COMUN":"Almez","NOMBRE_ESPECIE":"Celtis australis","ALTURA":"4","MINTDISTRITO":"03","NOMBRE_DISTRITO":"RETIRO","MINTBARRIO":"035","NOMBRE_BARRIO":"LOS JERONIMOS","OBJECTID":50701465}},{"type":"Feature","id":51307718,"geometry":{"type":"Point","coordinates":[-3.6960387424303764,40.409587906875899]},"properties":{"ESA_ESPECIE":"PDA","NOMBRE_COMUN":"Plátano de sombra/Platanus x hybrida","NOMBRE_ESPECIE":"Platanus x hispanica","ALTURA":"4,2","MINTDISTRITO":"01","NOMBRE_DISTRITO":"CENTRO","MINTBARRIO":"012","NOMBRE_BARRIO":"EMBAJADORES","OBJECTID":51307718}},{"type":"Feature","id":50567691,"geometry":{"type":"Point","coordinates":[-3.6959203205942153,40.415226694129366]},"properties":{"ESA_ESPECIE":"AMO","NOMBRE_COMUN":"Arce de Montpellier","NOMBRE_ESPECIE":"Acer monspessulanum","ALTURA":"5","MINTDISTRITO":"01","NOMBRE_DISTRITO":"CENTRO","MINTBARRIO":"013","NOMBRE_BARRIO":"CORTES","OBJECTID":50567691}},{"type":"Feature","id":51093286,"geometry":{"type":"Point","coordinates":[-3.6922129907770387,40.410325986485084]},"properties":{"ESA_ESPECIE":"SJA","NOMBRE_COMUN":"Acacia del Japón/Sophora japonica","NOMBRE_ESPECIE":"Styphnolobium japonicum","ALTURA":"18","MINTDISTRITO":"03","NOMBRE_DISTRITO":"RETIRO","MINTBARRIO":"035","NOMBRE_BARRIO":"LOS JERONIMOS","OBJECTID":51093286}},{"type":"Feature","id":50696129,"geometry":{"type":"Point","coordinates":[-3.677952977672061,40.41947255226362]},"properties":{"ESA_ESPECIE":"LJA","NOMBRE_COMUN":"Aligustre del Japón","NOMBRE_ESPECIE":"Ligustrum japonicum","ALTURA":"9,5","MINTDISTRITO":"03","NOMBRE_DISTRITO":"RETIRO","MINTBARRIO":"034","NOMBRE_BARRIO":"IBIZA","OBJECTID":50696129}},{"type":"Feature","id":51021527,"geometry":{"type":"Point","coordinates":[-3.6776688506131463,40.419243226050988]},"properties":{"ESA_ESPECIE":"LJA","NOMBRE_COMUN":"Aligustre del Japón","NOMBRE_ESPECIE":"Ligustrum japonicum","ALTURA":"4","MINTDISTRITO":"03","NOMBRE_DISTRITO":"RETIRO","MINTBARRIO":"034","NOMBRE_BARRIO":"IBIZA","OBJECTID":51021527}},{"type":"Feature","id":50692883,"geometry":{"type":"Point","coordinates":[-3.6783566424027421,40.407956882547431]},"properties":{"ESA_ESPECIE":"PDA","NOMBRE_COMUN":"Plátano de sombra/Platanus x hybrida","NOMBRE_ESPECIE":"Platanus x hispanica","ALTURA":"13","MINTDISTRITO":"03","NOMBRE_DISTRITO":"RETIRO","MINTBARRIO":"036","NOMBRE_BARRIO":"NIÑO JESUS","OBJECTID":50692883}},{"type":"Feature","id":50710358,"geometry":{"type":"Point","coordinates":[-3.6820150518757671,40.406235881913645]},"properties":{"ESA_ESPECIE":"UPU","NOMBRE_COMUN":"Olmo de Siberia","NOMBRE_ESPECIE":"Ulmus pumila","ALTURA":"13","MINTDISTRITO":"03","NOMBRE_DISTRITO":"RETIRO","MINTBARRIO":"031","NOMBRE_BARRIO":"PACIFICO","OBJECTID":50710358}},{"type":"Feature","id":51171949,"geometry":{"type":"Point","coordinates":[-3.6832740402411441,40.405203964867027]},"properties":{"ESA_ESPECIE":"PDA","NOMBRE_COMUN":"Plátano de sombra/Platanus x hybrida","NOMBRE_ESPECIE":"Platanus x hispanica","ALTURA":"17","MINTDISTRITO":"03","NOMBRE_DISTRITO":"RETIRO","MINTBARRIO":"031","NOMBRE_BARRIO":"PACIFICO","OBJECTID":51171949}},{"type":"Feature","id":51227303,"geometry":{"type":"Point","coordinates":[-3.6940359470088548,40.416914583968364]},"properties":{"ESA_ESPECIE":"SJA","NOMBRE_COMUN":"Acacia del Japón/Sophora japonica","NOMBRE_ESPECIE":"Styphnolobium japonicum","ALTURA":"6","MINTDISTRITO":"01","NOMBRE_DISTRITO":"CENTRO","MINTBARRIO":"013","NOMBRE_BARRIO":"CORTES","OBJECTID":51227303}},{"type":"Feature","id":51228889,"geometry":{"type":"Point","coordinates":[-3.6938206687194453,40.41441534293002]},"properties":{"ESA_ESPECIE":"PDA","NOMBRE_COMUN":"Plátano de sombra/Platanus x hybrida","NOMBRE_ESPECIE":"Platanus x hispanica","ALTURA":"18","MINTDISTRITO":"01","NOMBRE_DISTRITO":"CENTRO","MINTBARRIO":"013","NOMBRE_BARRIO":"CORTES","OBJECTID":51228889}},{"type":"Feature","id":51216228,"geometry":{"type":"Point","coordinates":[-3.6921859618716533,40.416686331154573]},"properties":{"ESA_ESPECIE":"PDA","NOMBRE_COMUN":"Plátano de sombra/Platanus x hybrida","NOMBRE_ESPECIE":"Platanus x hispanica","ALTURA":"14","MINTDISTRITO":"03","NOMBRE_DISTRITO":"RETIRO","MINTBARRIO":"035","NOMBRE_BARRIO":"LOS JERONIMOS","OBJECTID":51216228}},{"type":"Feature","id":50692809,"geometry":{"type":"Point","coordinates":[-3.6907352528766206,40.417376073182616]},"properties":{"ESA_ESPECIE":"SJA","NOMBRE_COMUN":"Acacia del Japón/Sophora japonica","NOMBRE_ESPECIE":"Styphnolobium japonicum","ALTURA":"6,5","MINTDISTRITO":"03","NOMBRE_DISTRITO":"RETIRO","MINTBARRIO":"035","NOMBRE_BARRIO":"LOS JERONIMOS","OBJECTID":50692809}},{"type":"Feature","id":51180940,"geometry":{"type":"Point","coordinates":[-3.6905938626814798,40.419473673704125]},"properties":{"ESA_ESPECIE":"SJA","NOMBRE_COMUN":"Acacia del Japón/Sophora japonica","NOMBRE_ESPECIE":"Styphnolobium japonicum","ALTURA":"8","MINTDISTRITO":"03","NOMBRE_DISTRITO":"RETIRO","MINTBARRIO":"035","NOMBRE_BARRIO":"LOS JERONIMOS","OBJECTID":51180940}},{"type":"Feature","id":50562945,"geometry":{"type":"Point","coordinates":[-3.6921012380011295,40.41512198484083]},"properties":{"ESA_ESPECIE":"SJA","NOMBRE_COMUN":"Acacia del Japón/Sophora japonica","NOMBRE_ESPECIE":"Styphnolobium japonicum","ALTURA":"7","MINTDISTRITO":"03","NOMBRE_DISTRITO":"RETIRO","MINTBARRIO":"035","NOMBRE_BARRIO":"LOS JERONIMOS","OBJECTID":50562945}},{"type":"Feature","id":51204154,"geometry":{"type":"Point","coordinates":[-3.6956801341517216,40.417959039775418]},"properties":{"ESA_ESPECIE":"LJA","NOMBRE_COMUN":"Aligustre del Japón","NOMBRE_ESPECIE":"Ligustrum japonicum","ALTURA":"5","MINTDISTRITO":"01","NOMBRE_DISTRITO":"CENTRO","MINTBARRIO":"013","NOMBRE_BARRIO":"CORTES","OBJECTID":51204154}},{"type":"Feature","id":50998141,"geometry":{"type":"Point","coordinates":[-3.695749647894607,40.415822045429785]},"properties":{"ESA_ESPECIE":"SJA","NOMBRE_COMUN":"Acacia del Japón/Sophora japonica","NOMBRE_ESPECIE":"Styphnolobium japonicum","ALTURA":"10","MINTDISTRITO":"01","NOMBRE_DISTRITO":"CENTRO","MINTBARRIO":"013","NOMBRE_BARRIO":"CORTES","OBJECTID":50998141}},{"type":"Feature","id":51185846,"geometry":{"type":"Point","coordinates":[-3.6894765359538768,40.420226903657344]},"properties":{"ESA_ESPECIE":"PDA","NOMBRE_COMUN":"Plátano de sombra/Platanus x hybrida","NOMBRE_ESPECIE":"Platanus x hispanica","ALTURA":"8,5","MINTDISTRITO":"04","NOMBRE_DISTRITO":"SALAMANCA","MINTBARRIO":"041","NOMBRE_BARRIO":"RECOLETOS","OBJECTID":51185846}},{"type":"Feature","id":50570347,"geometry":{"type":"Point","coordinates":[-3.6891105145218845,40.420593703405885]},"properties":{"ESA_ESPECIE":"PDA","NOMBRE_COMUN":"Plátano de sombra","NOMBRE_ESPECIE":"Platanus x hybrida","ALTURA":"12","MINTDISTRITO":"04","NOMBRE_DISTRITO":"SALAMANCA","MINTBARRIO":"041","NOMBRE_BARRIO":"RECOLETOS","OBJECTID":50570347}},{"type":"Feature","id":51185683,"geometry":{"type":"Point","coordinates":[-3.6919499844603627,40.42021349593935]},"properties":{"ESA_ESPECIE":"PCP","NOMBRE_COMUN":"Ciruelo púrpura","NOMBRE_ESPECIE":"Prunus cerasifera  subsp. pissardii","ALTURA":"5","MINTDISTRITO":"04","NOMBRE_DISTRITO":"SALAMANCA","MINTBARRIO":"041","NOMBRE_BARRIO":"RECOLETOS","OBJECTID":51185683}},{"type":"Feature","id":51228462,"geometry":{"type":"Point","coordinates":[-3.6926584800545177,40.420624173792149]},"properties":{"ESA_ESPECIE":"SJA","NOMBRE_COMUN":"Acacia del Japón/Sophora japonica","NOMBRE_ESPECIE":"Styphnolobium japonicum","ALTURA":"7","MINTDISTRITO":"01","NOMBRE_DISTRITO":"CENTRO","MINTBARRIO":"014","NOMBRE_BARRIO":"JUSTICIA","OBJECTID":51228462}},{"type":"Feature","id":51290122,"geometry":{"type":"Point","coordinates":[-3.6957147326396247,40.406826481527389]},"properties":{"ESA_ESPECIE":"AUM","NOMBRE_COMUN":"Arce tridente","NOMBRE_ESPECIE":"Acer buergerianum","ALTURA":"5","MINTDISTRITO":"02","NOMBRE_DISTRITO":"ARGANZUELA","MINTBARRIO":"026","NOMBRE_BARRIO":"PALOS DE LA FRONTERA","OBJECTID":51290122}},{"type":"Feature","id":51384981,"geometry":{"type":"Point","coordinates":[-3.6933958872133323,40.406783266539335]},"properties":{"ESA_ESPECIE":"PDA","NOMBRE_COMUN":"Plátano de sombra/Platanus x hybrida","NOMBRE_ESPECIE":"Platanus x hispanica","ALTURA":"15","MINTDISTRITO":"02","NOMBRE_DISTRITO":"ARGANZUELA","MINTBARRIO":"026","NOMBRE_BARRIO":"PALOS DE LA FRONTERA","OBJECTID":51384981}},{"type":"Feature","id":51335750,"geometry":{"type":"Point","coordinates":[-3.6914565069947627,40.405726838456474]},"properties":{"ESA_ESPECIE":"SJA","NOMBRE_COMUN":"Acacia del Japón/Sophora japonica","NOMBRE_ESPECIE":"Styphnolobium japonicum","ALTURA":"9","MINTDISTRITO":"02","NOMBRE_DISTRITO":"ARGANZUELA","MINTBARRIO":"026","NOMBRE_BARRIO":"PALOS DE LA FRONTERA","OBJECTID":51335750}},{"type":"Feature","id":51033455,"geometry":{"type":"Point","coordinates":[-3.6920484543325993,40.404412469116899]},"properties":{"ESA_ESPECIE":"AUM","NOMBRE_COMUN":"Arce tridente","NOMBRE_ESPECIE":"Acer buergerianum","ALTURA":"4,5","MINTDISTRITO":"02","NOMBRE_DISTRITO":"ARGANZUELA","MINTBARRIO":"026","NOMBRE_BARRIO":"PALOS DE LA FRONTERA","OBJECTID":51033455}},{"type":"Feature","id":51176955,"geometry":{"type":"Point","coordinates":[-3.6896599056630408,40.40738294774922]},"properties":{"ESA_ESPECIE":"CAU","NOMBRE_COMUN":"Almez","NOMBRE_ESPECIE":"Celtis australis","ALTURA":"10","MINTDISTRITO":"03","NOMBRE_DISTRITO":"RETIRO","MINTBARRIO":"035","NOMBRE_BARRIO":"LOS JERONIMOS","OBJECTID":51176955}},{"type":"Feature","id":50586308,"geometry":{"type":"Point","coordinates":[-3.6910172731157251,40.409631468590064]},"properties":{"ESA_ESPECIE":"AHI","NOMBRE_COMUN":"Castaño de indias","NOMBRE_ESPECIE":"Aesculus hippocastanum","ALTURA":"4","MINTDISTRITO":"03","NOMBRE_DISTRITO":"RETIRO","MINTBARRIO":"035","NOMBRE_BARRIO":"LOS JERONIMOS","OBJECTID":50586308}},{"type":"Feature","id":51035705,"geometry":{"type":"Point","coordinates":[-3.6839552795303558,40.408526515912527]},"properties":{"ESA_ESPECIE":"PPI","NOMBRE_COMUN":"Pino piñonero","NOMBRE_ESPECIE":"Pinus pinea","ALTURA":"3","MINTDISTRITO":"03","NOMBRE_DISTRITO":"RETIRO","MINTBARRIO":"035","NOMBRE_BARRIO":"LOS JERONIMOS","OBJECTID":51035705}},{"type":"Feature","id":51179205,"geometry":{"type":"Point","coordinates":[-3.6882931447357534,40.408062726581079]},"properties":{"ESA_ESPECIE":"CAR","NOMBRE_COMUN":"Ciprés de Arizona","NOMBRE_ESPECIE":"Cupressus arizonica","ALTURA":"5","MINTDISTRITO":"03","NOMBRE_DISTRITO":"RETIRO","MINTBARRIO":"035","NOMBRE_BARRIO":"LOS JERONIMOS","OBJECTID":51179205}},{"type":"Feature","id":51065423,"geometry":{"type":"Point","coordinates":[-3.6885156254068332,40.407544128695243]},"properties":{"ESA_ESPECIE":"PDA","NOMBRE_COMUN":"Plátano de sombra/Platanus x hybrida","NOMBRE_ESPECIE":"Platanus x hispanica","ALTURA":"8","MINTDISTRITO":"03","NOMBRE_DISTRITO":"RETIRO","MINTBARRIO":"035","NOMBRE_BARRIO":"LOS JERONIMOS","OBJECTID":51065423}}],"exceededTransferLimit":true,"properties":{"exceededTransferLimit":true}}